2026-10-07T12:38:20.3472200Z Current runner version: '2.337.0'
2026-10-07T12:38:20.3479810Z Runner name: 'wgpu-imac-intel'
2026-10-07T12:38:20.3480640Z Runner group name: 'wgpu-hardware'
2026-10-07T12:38:20.3481510Z Machine name: 'Q-PC'
2026-10-07T12:38:20.3483960Z ##[group]GITHUB_TOKEN Permissions
2026-10-07T12:38:20.3486770Z Contents: read
2026-10-07T12:38:20.3487300Z Metadata: read
2026-10-07T12:38:20.3487790Z ##[endgroup]
2026-10-07T12:38:20.3490050Z Secret source: Actions
2026-10-07T12:38:20.3490800Z Cache mode: write
2026-10-07T12:38:20.3491430Z Prepare workflow directory
2026-10-07T12:38:20.4181040Z Prepare all required actions
2026-10-07T12:38:20.4235150Z Getting action download info
2026-10-07T12:38:20.7867800Z Download action repository 'actions/checkout@v7' (SHA:3d3c42e5aac5ba805825da76410c181273ba90b1)
2026-10-07T12:38:21.3567990Z Download action repository 'dtolnay/rust-toolchain@1.97.1' (SHA:9ca9f0b320e19763058bc9531663c225d20db487)
2026-10-07T12:38:21.7969140Z Complete job name: Intel iMac WKWebView and ScreenCaptureKit battery
2026-10-07T12:38:21.8965390Z ##[group]Run actions/checkout@v7
2026-10-07T12:38:21.8966730Z with:
2026-10-07T12:38:21.8967300Z   repository: merely-made/wgpu-scry
2026-10-07T12:38:21.8972850Z   token: ***
2026-10-07T12:38:21.8973340Z   ssh-strict: true
2026-10-07T12:38:21.8973870Z   ssh-user: git
2026-10-07T12:38:21.8974410Z   persist-credentials: true
2026-10-07T12:38:21.8974990Z   clean: true
2026-10-07T12:38:21.8975530Z   sparse-checkout-cone-mode: true
2026-10-07T12:38:21.8976140Z   fetch-depth: 1
2026-10-07T12:38:21.8976640Z   fetch-tags: false
2026-10-07T12:38:21.8977190Z   show-progress: true
2026-10-07T12:38:21.8977710Z   lfs: false
2026-10-07T12:38:21.8978370Z   submodules: false
2026-10-07T12:38:21.8978920Z   set-safe-directory: true
2026-10-07T12:38:21.8979560Z   allow-unsafe-pr-checkout: false
2026-10-07T12:38:21.8980630Z env:
2026-10-07T12:38:21.8981180Z   CARGO_NET_GIT_FETCH_WITH_CLI: true
2026-10-07T12:38:21.8981870Z   RUSTFLAGS: -D warnings
2026-10-07T12:38:21.8982680Z   CARGO_TARGET_DIR: /Users/markik/Code/targets/wgpu-scry-hardware
2026-10-07T12:38:21.8983510Z   CAPTURE: 1
2026-10-07T12:38:21.8984030Z   TIMEOUT: 90
2026-10-07T12:38:21.8984520Z   VISIBLE: 1
2026-10-07T12:38:21.8985000Z ##[endgroup]
2026-10-07T12:38:22.3780010Z Syncing repository: merely-made/wgpu-scry
2026-10-07T12:38:22.3783600Z ##[group]Getting Git version info
2026-10-07T12:38:22.3785300Z Working directory is '/Users/markik/actions-runner-wgpu/_work/wgpu-scry/wgpu-scry'
2026-10-07T12:38:22.3787680Z [command]/usr/bin/git version
2026-10-07T12:38:22.4229800Z git version 2.39.5 (Apple Git-154)
2026-10-07T12:38:22.4257200Z ##[endgroup]
2026-10-07T12:38:22.4265270Z Copying '/Users/markik/.gitconfig' to '/Users/markik/actions-runner-wgpu/_work/_temp/bc013f16-b214-426e-869f-5879fa6e74b1/.gitconfig'
2026-10-07T12:38:22.4287820Z Temporarily overriding HOME='/Users/markik/actions-runner-wgpu/_work/_temp/bc013f16-b214-426e-869f-5879fa6e74b1' before making global git config changes
2026-10-07T12:38:22.4292360Z Adding repository directory to the temporary git global config as a safe directory
2026-10-07T12:38:22.4295910Z [command]/usr/bin/git config --global --add safe.directory /Users/markik/actions-runner-wgpu/_work/wgpu-scry/wgpu-scry
2026-10-07T12:38:22.4630180Z [command]/usr/bin/git config --local --get remote.origin.url
2026-10-07T12:38:22.4857200Z https://github.com/merely-made/wgpu-scry
2026-10-07T12:38:22.4876410Z ##[group]Removing previously created refs, to avoid conflicts
2026-10-07T12:38:22.4879610Z [command]/usr/bin/git rev-parse --symbolic-full-name --verify --quiet HEAD
2026-10-07T12:38:22.5160810Z refs/heads/main
2026-10-07T12:38:22.5169220Z [command]/usr/bin/git checkout --detach
2026-10-07T12:38:22.5742530Z HEAD is now at 6143ed7 Establish the Mac capture surface before attaching the browser
2026-10-07T12:38:22.5990680Z [command]/usr/bin/git branch --delete --force main
2026-10-07T12:38:22.6230350Z Deleted branch main (was 6143ed7).
2026-10-07T12:38:22.6500670Z ##[endgroup]
2026-10-07T12:38:22.6501910Z [command]/usr/bin/git submodule status
2026-10-07T12:38:22.8100740Z ##[group]Cleaning the repository
2026-10-07T12:38:22.8102210Z [command]/usr/bin/git clean -ffdx
2026-10-07T12:38:22.8450720Z Removing .host-hardware-lock/
2026-10-07T12:38:22.8460670Z [command]/usr/bin/git reset --hard HEAD
2026-10-07T12:38:22.8764230Z HEAD is now at 6143ed7 Establish the Mac capture surface before attaching the browser
2026-10-07T12:38:22.8771540Z ##[endgroup]
2026-10-07T12:38:22.8773550Z ##[group]Disabling automatic garbage collection
2026-10-07T12:38:22.8775690Z [command]/usr/bin/git config --local gc.auto 0
2026-10-07T12:38:22.8995480Z ##[endgroup]
2026-10-07T12:38:22.8997320Z ##[group]Setting up auth
2026-10-07T12:38:22.8998630Z Removing SSH command configuration
2026-10-07T12:38:22.9000510Z [command]/usr/bin/git config --local --name-only --get-regexp core\.sshCommand
2026-10-07T12:38:22.9231420Z [command]/usr/bin/git submodule foreach --recursive sh -c "git config --local --name-only --get-regexp 'core\.sshCommand' && git config --local --unset-all 'core.sshCommand' || :"
2026-10-07T12:38:23.0613190Z Removing HTTP extra header
2026-10-07T12:38:23.0617650Z [command]/usr/bin/git config --local --name-only --get-regexp http\.https\:\/\/github\.com\/\.extraheader
2026-10-07T12:38:23.0825380Z [command]/usr/bin/git submodule foreach --recursive sh -c "git config --local --name-only --get-regexp 'http\.https\:\/\/github\.com\/\.extraheader' && git config --local --unset-all 'http.https://github.com/.extraheader' || :"
2026-10-07T12:38:23.2121820Z Removing includeIf entries pointing to credentials config files
2026-10-07T12:38:23.2126100Z [command]/usr/bin/git config --local --name-only --get-regexp ^includeIf\.gitdir:
2026-10-07T12:38:23.2344220Z [command]/usr/bin/git submodule foreach --recursive git config --local --show-origin --name-only --get-regexp remote.origin.url
2026-10-07T12:38:23.3695410Z [command]/usr/bin/git config --file /Users/markik/actions-runner-wgpu/_work/_temp/git-credentials-83bdce0a-5c35-4716-a75e-47c787b465e5.config http.https://github.com/.extraheader AUTHORIZATION: basic ***
2026-10-07T12:38:23.3920670Z [command]/usr/bin/git config --local includeIf.gitdir:/Users/markik/actions-runner-wgpu/_work/wgpu-scry/wgpu-scry/.git.path /Users/markik/actions-runner-wgpu/_work/_temp/git-credentials-83bdce0a-5c35-4716-a75e-47c787b465e5.config
2026-10-07T12:38:23.4138630Z [command]/usr/bin/git config --local includeIf.gitdir:/Users/markik/actions-runner-wgpu/_work/wgpu-scry/wgpu-scry/.git/worktrees/*.path /Users/markik/actions-runner-wgpu/_work/_temp/git-credentials-83bdce0a-5c35-4716-a75e-47c787b465e5.config
2026-10-07T12:38:23.4354340Z [command]/usr/bin/git config --local includeIf.gitdir:/github/workspace/.git.path /github/runner_temp/git-credentials-83bdce0a-5c35-4716-a75e-47c787b465e5.config
2026-10-07T12:38:23.4615290Z [command]/usr/bin/git config --local includeIf.gitdir:/github/workspace/.git/worktrees/*.path /github/runner_temp/git-credentials-83bdce0a-5c35-4716-a75e-47c787b465e5.config
2026-10-07T12:38:23.4838620Z ##[endgroup]
2026-10-07T12:38:23.4840970Z ##[group]Fetching the repository
2026-10-07T12:38:23.4844280Z [command]/usr/bin/git -c protocol.version=2 fetch --no-tags --prune --no-recurse-submodules --depth=1 origin +4771072a6827695dfaba9db104cd48b87e6cd543:refs/remotes/origin/main
2026-10-07T12:38:24.1917630Z From https://github.com/merely-made/wgpu-scry
2026-10-07T12:38:24.1918420Z  + 6143ed7...4771072 4771072a6827695dfaba9db104cd48b87e6cd543 -> origin/main  (forced update)
2026-10-07T12:38:24.2023080Z [command]/usr/bin/git branch --list --remote origin/main
2026-10-07T12:38:24.2241410Z   origin/main
2026-10-07T12:38:24.2250280Z [command]/usr/bin/git rev-parse refs/remotes/origin/main
2026-10-07T12:38:24.2455370Z 4771072a6827695dfaba9db104cd48b87e6cd543
2026-10-07T12:38:24.2459040Z ##[endgroup]
2026-10-07T12:38:24.2459570Z ##[group]Determining the checkout info
2026-10-07T12:38:24.2460150Z ##[endgroup]
2026-10-07T12:38:24.2464470Z [command]/usr/bin/git sparse-checkout disable
2026-10-07T12:38:24.2720730Z [command]/usr/bin/git config --local --unset-all extensions.worktreeConfig
2026-10-07T12:38:24.2931290Z ##[group]Checking out the ref
2026-10-07T12:38:24.2935870Z [command]/usr/bin/git checkout --progress --force -B main refs/remotes/origin/main
2026-10-07T12:38:24.3479050Z Warning: you are leaving 1 commit behind, not connected to
2026-10-07T12:38:24.3479620Z any of your branches:
2026-10-07T12:38:24.3479860Z 
2026-10-07T12:38:24.3480140Z   6143ed7 Establish the Mac capture surface before attaching the browser
2026-10-07T12:38:24.3480560Z 
2026-10-07T12:38:24.3480800Z If you want to keep it by creating a new branch, this may be a good time
2026-10-07T12:38:24.3481320Z to do so with:
2026-10-07T12:38:24.3481500Z 
2026-10-07T12:38:24.3481700Z  git branch <new-branch-name> 6143ed7
2026-10-07T12:38:24.3481940Z 
2026-10-07T12:38:24.3502930Z Switched to a new branch 'main'
2026-10-07T12:38:24.3504410Z branch 'main' set up to track 'origin/main'.
2026-10-07T12:38:24.3511960Z ##[endgroup]
2026-10-07T12:38:24.3784230Z [command]/usr/bin/git log -1 --format=%H
2026-10-07T12:38:24.4085380Z 4771072a6827695dfaba9db104cd48b87e6cd543
2026-10-07T12:38:24.4474650Z ##[group]Run actions/checkout@v7
2026-10-07T12:38:24.4475410Z with:
2026-10-07T12:38:24.4475850Z   repository: merely-made/wgpu-graft
2026-10-07T12:38:24.4476460Z   ref: 781aa6aad3f63b83ad48b192a6a5d078be1d71b8
2026-10-07T12:38:24.4476970Z   path: .host-hardware-lock
2026-10-07T12:38:24.4477430Z   sparse-checkout: .github/actions/host-hardware-lock
2026-10-07T12:38:24.4478030Z   sparse-checkout-cone-mode: false
2026-10-07T12:38:24.4483870Z   token: ***
2026-10-07T12:38:24.4484210Z   ssh-strict: true
2026-10-07T12:38:24.4484540Z   ssh-user: git
2026-10-07T12:38:24.4484910Z   persist-credentials: true
2026-10-07T12:38:24.4485240Z   clean: true
2026-10-07T12:38:24.4485500Z   fetch-depth: 1
2026-10-07T12:38:24.4485840Z   fetch-tags: false
2026-10-07T12:38:24.4486230Z   show-progress: true
2026-10-07T12:38:24.4486930Z   lfs: false
2026-10-07T12:38:24.4487350Z   submodules: false
2026-10-07T12:38:24.4487660Z   set-safe-directory: true
2026-10-07T12:38:24.4488020Z   allow-unsafe-pr-checkout: false
2026-10-07T12:38:24.4488340Z env:
2026-10-07T12:38:24.4488570Z   CARGO_NET_GIT_FETCH_WITH_CLI: true
2026-10-07T12:38:24.4488910Z   RUSTFLAGS: -D warnings
2026-10-07T12:38:24.4489430Z   CARGO_TARGET_DIR: /Users/markik/Code/targets/wgpu-scry-hardware
2026-10-07T12:38:24.4490200Z   CAPTURE: 1
2026-10-07T12:38:24.4490600Z   TIMEOUT: 90
2026-10-07T12:38:24.4491010Z   VISIBLE: 1
2026-10-07T12:38:24.4491400Z ##[endgroup]
2026-10-07T12:38:24.5851250Z Syncing repository: merely-made/wgpu-graft
2026-10-07T12:38:24.5852250Z ##[group]Getting Git version info
2026-10-07T12:38:24.5852990Z Working directory is '/Users/markik/actions-runner-wgpu/_work/wgpu-scry/wgpu-scry/.host-hardware-lock'
2026-10-07T12:38:24.5873510Z [command]/usr/bin/git version
2026-10-07T12:38:24.6096420Z git version 2.39.5 (Apple Git-154)
2026-10-07T12:38:24.6115880Z ##[endgroup]
2026-10-07T12:38:24.6121430Z Copying '/Users/markik/.gitconfig' to '/Users/markik/actions-runner-wgpu/_work/_temp/f168b917-f664-43f1-ae67-7a1ae6400bf8/.gitconfig'
2026-10-07T12:38:24.6140090Z Temporarily overriding HOME='/Users/markik/actions-runner-wgpu/_work/_temp/f168b917-f664-43f1-ae67-7a1ae6400bf8' before making global git config changes
2026-10-07T12:38:24.6141240Z Adding repository directory to the temporary git global config as a safe directory
2026-10-07T12:38:24.6144050Z [command]/usr/bin/git config --global --add safe.directory /Users/markik/actions-runner-wgpu/_work/wgpu-scry/wgpu-scry/.host-hardware-lock
2026-10-07T12:38:24.6369040Z ##[group]Determining repository object format
2026-10-07T12:38:24.6371300Z ##[endgroup]
2026-10-07T12:38:24.6371870Z ##[group]Initializing the repository
2026-10-07T12:38:24.6375490Z [command]/usr/bin/git init /Users/markik/actions-runner-wgpu/_work/wgpu-scry/wgpu-scry/.host-hardware-lock
2026-10-07T12:38:24.6699270Z Initialized empty Git repository in /Users/markik/actions-runner-wgpu/_work/wgpu-scry/wgpu-scry/.host-hardware-lock/.git/
2026-10-07T12:38:24.6708780Z [command]/usr/bin/git remote add origin https://github.com/merely-made/wgpu-graft
2026-10-07T12:38:24.6946490Z ##[endgroup]
2026-10-07T12:38:24.6947100Z ##[group]Disabling automatic garbage collection
2026-10-07T12:38:24.6949560Z [command]/usr/bin/git config --local gc.auto 0
2026-10-07T12:38:24.7164690Z ##[endgroup]
2026-10-07T12:38:24.7165290Z ##[group]Setting up auth
2026-10-07T12:38:24.7165740Z Removing SSH command configuration
2026-10-07T12:38:24.7170130Z [command]/usr/bin/git config --local --name-only --get-regexp core\.sshCommand
2026-10-07T12:38:24.7429940Z [command]/usr/bin/git submodule foreach --recursive sh -c "git config --local --name-only --get-regexp 'core\.sshCommand' && git config --local --unset-all 'core.sshCommand' || :"
2026-10-07T12:38:24.8736550Z Removing HTTP extra header
2026-10-07T12:38:24.8740490Z [command]/usr/bin/git config --local --name-only --get-regexp http\.https\:\/\/github\.com\/\.extraheader
2026-10-07T12:38:24.8963070Z [command]/usr/bin/git submodule foreach --recursive sh -c "git config --local --name-only --get-regexp 'http\.https\:\/\/github\.com\/\.extraheader' && git config --local --unset-all 'http.https://github.com/.extraheader' || :"
2026-10-07T12:38:25.0279430Z Removing includeIf entries pointing to credentials config files
2026-10-07T12:38:25.0286650Z [command]/usr/bin/git config --local --name-only --get-regexp ^includeIf\.gitdir:
2026-10-07T12:38:25.0540960Z [command]/usr/bin/git submodule foreach --recursive git config --local --show-origin --name-only --get-regexp remote.origin.url
2026-10-07T12:38:25.1992120Z [command]/usr/bin/git config --file /Users/markik/actions-runner-wgpu/_work/_temp/git-credentials-31eba0be-4ade-4005-9cda-a4bf0210839e.config http.https://github.com/.extraheader AUTHORIZATION: basic ***
2026-10-07T12:38:25.2220030Z [command]/usr/bin/git config --local includeIf.gitdir:/Users/markik/actions-runner-wgpu/_work/wgpu-scry/wgpu-scry/.host-hardware-lock/.git.path /Users/markik/actions-runner-wgpu/_work/_temp/git-credentials-31eba0be-4ade-4005-9cda-a4bf0210839e.config
2026-10-07T12:38:25.2448030Z [command]/usr/bin/git config --local includeIf.gitdir:/Users/markik/actions-runner-wgpu/_work/wgpu-scry/wgpu-scry/.host-hardware-lock/.git/worktrees/*.path /Users/markik/actions-runner-wgpu/_work/_temp/git-credentials-31eba0be-4ade-4005-9cda-a4bf0210839e.config
2026-10-07T12:38:25.2669150Z [command]/usr/bin/git config --local includeIf.gitdir:/github/workspace/.host-hardware-lock/.git.path /github/runner_temp/git-credentials-31eba0be-4ade-4005-9cda-a4bf0210839e.config
2026-10-07T12:38:25.2923050Z [command]/usr/bin/git config --local includeIf.gitdir:/github/workspace/.host-hardware-lock/.git/worktrees/*.path /github/runner_temp/git-credentials-31eba0be-4ade-4005-9cda-a4bf0210839e.config
2026-10-07T12:38:25.3143880Z ##[endgroup]
2026-10-07T12:38:25.3144370Z ##[group]Fetching the repository
2026-10-07T12:38:25.3150770Z [command]/usr/bin/git -c protocol.version=2 fetch --no-tags --prune --no-recurse-submodules --filter=blob:none --depth=1 origin 781aa6aad3f63b83ad48b192a6a5d078be1d71b8
2026-10-07T12:38:25.7627210Z From https://github.com/merely-made/wgpu-graft
2026-10-07T12:38:25.7627800Z  * branch            781aa6aad3f63b83ad48b192a6a5d078be1d71b8 -> FETCH_HEAD
2026-10-07T12:38:25.7717840Z [command]/usr/bin/git rev-parse --verify --quiet 781aa6aad3f63b83ad48b192a6a5d078be1d71b8^{object}
2026-10-07T12:38:25.7941350Z 781aa6aad3f63b83ad48b192a6a5d078be1d71b8
2026-10-07T12:38:25.7948420Z ##[endgroup]
2026-10-07T12:38:25.7948970Z ##[group]Determining the checkout info
2026-10-07T12:38:25.7949510Z ##[endgroup]
2026-10-07T12:38:25.7949990Z ##[group]Setting up sparse checkout
2026-10-07T12:38:25.7952900Z [command]/usr/bin/git config core.sparseCheckout true
2026-10-07T12:38:25.8171460Z [command]/usr/bin/git rev-parse --git-path info/sparse-checkout
2026-10-07T12:38:25.8374310Z .git/info/sparse-checkout
2026-10-07T12:38:25.8381850Z ##[endgroup]
2026-10-07T12:38:25.8382420Z ##[group]Checking out the ref
2026-10-07T12:38:25.8385780Z [command]/usr/bin/git checkout --progress --force 781aa6aad3f63b83ad48b192a6a5d078be1d71b8
2026-10-07T12:38:26.6416140Z Note: switching to '781aa6aad3f63b83ad48b192a6a5d078be1d71b8'.
2026-10-07T12:38:26.6416550Z 
2026-10-07T12:38:26.6416810Z You are in 'detached HEAD' state. You can look around, make experimental
2026-10-07T12:38:26.6417440Z changes and commit them, and you can discard any commits you make in this
2026-10-07T12:38:26.6418110Z state without impacting any branches by switching back to a branch.
2026-10-07T12:38:26.6418460Z 
2026-10-07T12:38:26.6418740Z If you want to create a new branch to retain commits you create, you may
2026-10-07T12:38:26.6419330Z do so (now or later) by using -c with the switch command. Example:
2026-10-07T12:38:26.6419650Z 
2026-10-07T12:38:26.6419820Z   git switch -c <new-branch-name>
2026-10-07T12:38:26.6420080Z 
2026-10-07T12:38:26.6420310Z Or undo this operation with:
2026-10-07T12:38:26.6420570Z 
2026-10-07T12:38:26.6420720Z   git switch -
2026-10-07T12:38:26.6420950Z 
2026-10-07T12:38:26.6421780Z Turn off this advice by setting config variable advice.detachedHead to false
2026-10-07T12:38:26.6422250Z 
2026-10-07T12:38:26.6422450Z HEAD is now at 781aa6a Document-node24-host-lock
2026-10-07T12:38:26.6423520Z ##[endgroup]
2026-10-07T12:38:26.6669230Z [command]/usr/bin/git log -1 --format=%H
2026-10-07T12:38:26.6892860Z 781aa6aad3f63b83ad48b192a6a5d078be1d71b8
2026-10-07T12:38:26.7065440Z ##[group]Run ./.host-hardware-lock/.github/actions/host-hardware-lock
2026-10-07T12:38:26.7065940Z with:
2026-10-07T12:38:26.7066190Z   timeout_seconds: 7200
2026-10-07T12:38:26.7066490Z   stale_seconds: 14400
2026-10-07T12:38:26.7066780Z   poll_seconds: 5
2026-10-07T12:38:26.7067030Z env:
2026-10-07T12:38:26.7067300Z   CARGO_NET_GIT_FETCH_WITH_CLI: true
2026-10-07T12:38:26.7067660Z   RUSTFLAGS: -D warnings
2026-10-07T12:38:26.7068080Z   CARGO_TARGET_DIR: /Users/markik/Code/targets/wgpu-scry-hardware
2026-10-07T12:38:26.7068570Z   CAPTURE: 1
2026-10-07T12:38:26.7068820Z   TIMEOUT: 90
2026-10-07T12:38:26.7069070Z   VISIBLE: 1
2026-10-07T12:38:26.7069350Z ##[endgroup]
2026-10-07T12:38:26.7884500Z Acquired host hardware lock at /var/folders/nt/xlxwlg695b399ck_h55sfwtc0000gn/T/merely-wgpu-hardware-lock/host.lock
2026-10-07T12:38:26.8142880Z ##[group]Run dtolnay/rust-toolchain@1.97.1
2026-10-07T12:38:26.8143320Z with:
2026-10-07T12:38:26.8143570Z env:
2026-10-07T12:38:26.8143850Z   CARGO_NET_GIT_FETCH_WITH_CLI: true
2026-10-07T12:38:26.8144210Z   RUSTFLAGS: -D warnings
2026-10-07T12:38:26.8144600Z   CARGO_TARGET_DIR: /Users/markik/Code/targets/wgpu-scry-hardware
2026-10-07T12:38:26.8145080Z   CAPTURE: 1
2026-10-07T12:38:26.8145340Z   TIMEOUT: 90
2026-10-07T12:38:26.8145600Z   VISIBLE: 1
2026-10-07T12:38:26.8145860Z ##[endgroup]
2026-10-07T12:38:26.8231560Z ##[start-action display=Parse toolchain version;id=__dtolnay_rust-toolchain.parse]
2026-10-07T12:38:26.8314350Z ##[group]Run if [[ -z $toolchain ]]; then
2026-10-07T12:38:26.8315030Z [36;1mif [[ -z $toolchain ]]; then[0m
2026-10-07T12:38:26.8315720Z [36;1m  # GitHub does not enforce `required: true` inputs itself. https://github.com/actions/runner/issues/1070[0m
2026-10-07T12:38:26.8316440Z [36;1m  echo "'toolchain' is a required input" >&2[0m
2026-10-07T12:38:26.8316990Z [36;1m  exit 1[0m
2026-10-07T12:38:26.8317590Z [36;1melif [[ $toolchain =~ ^stable' '[0-9]+' '(year|month|week|day)s?' 'ago$ ]]; then[0m
2026-10-07T12:38:26.8318560Z [36;1m  if [[ macOS == macOS ]]; then[0m
2026-10-07T12:38:26.8319750Z [36;1m    echo "toolchain=1.$((($(date -v-$(sed 's/stable \([0-9]*\) \(.\).*/\1\2/' <<< $toolchain) +%s)/60/60/24-16569)/7/6))" >> $GITHUB_OUTPUT[0m
2026-10-07T12:38:26.8320460Z [36;1m  else[0m
2026-10-07T12:38:26.8321010Z [36;1m    echo "toolchain=1.$((($(date --date "${toolchain#stable }" +%s)/60/60/24-16569)/7/6))" >> $GITHUB_OUTPUT[0m
2026-10-07T12:38:26.8321660Z [36;1m  fi[0m
2026-10-07T12:38:26.8322080Z [36;1melif [[ $toolchain =~ ^stable' 'minus' '[0-9]+' 'releases?$ ]]; then[0m
2026-10-07T12:38:26.8322990Z [36;1m  echo "toolchain=1.$((($(date +%s)/60/60/24-16569)/7/6-${toolchain//[^0-9]/}))" >> $GITHUB_OUTPUT[0m
2026-10-07T12:38:26.8324390Z [36;1melif [[ $toolchain =~ ^1\.[0-9]+$ ]]; then[0m
2026-10-07T12:38:26.8325110Z [36;1m  echo "toolchain=1.$((i=${toolchain#1.}, c=($(date +%s)/60/60/24-16569)/7/6, i+9*i*(10*i<=c)+90*i*(100*i<=c)))" >> $GITHUB_OUTPUT[0m
2026-10-07T12:38:26.8325780Z [36;1melse[0m
2026-10-07T12:38:26.8326120Z [36;1m  echo "toolchain=$toolchain" >> $GITHUB_OUTPUT[0m
2026-10-07T12:38:26.8326530Z [36;1mfi[0m
2026-10-07T12:38:26.8356720Z shell: /bin/bash --noprofile --norc -e -o pipefail {0}
2026-10-07T12:38:26.8357200Z env:
2026-10-07T12:38:26.8357510Z   CARGO_NET_GIT_FETCH_WITH_CLI: true
2026-10-07T12:38:26.8357900Z   RUSTFLAGS: -D warnings
2026-10-07T12:38:26.8358320Z   CARGO_TARGET_DIR: /Users/markik/Code/targets/wgpu-scry-hardware
2026-10-07T12:38:26.8358790Z   CAPTURE: 1
2026-10-07T12:38:26.8359060Z   TIMEOUT: 90
2026-10-07T12:38:26.8359340Z   VISIBLE: 1
2026-10-07T12:38:26.8359670Z   toolchain: 1.97.1
2026-10-07T12:38:26.8360020Z ##[endgroup]
2026-10-07T12:38:26.8585090Z ##[end-action id=__dtolnay_rust-toolchain.parse;outcome=success;conclusion=success;duration_ms=35]
2026-10-07T12:38:26.8623200Z ##[start-action display=Construct rustup command line;id=__dtolnay_rust-toolchain.flags]
2026-10-07T12:38:26.8663400Z ##[group]Run echo "targets=$(for t in ${targets//,/ }; do echo -n ' --target' $t; done)" >> $GITHUB_OUTPUT
2026-10-07T12:38:26.8664240Z [36;1mecho "targets=$(for t in ${targets//,/ }; do echo -n ' --target' $t; done)" >> $GITHUB_OUTPUT[0m
2026-10-07T12:38:26.8665080Z [36;1mecho "components=$(for c in ${components//,/ }; do echo -n ' --component' $c; done)" >> $GITHUB_OUTPUT[0m
2026-10-07T12:38:26.8665720Z [36;1mecho "downgrade=" >> $GITHUB_OUTPUT[0m
2026-10-07T12:38:26.8683460Z shell: /bin/bash --noprofile --norc -e -o pipefail {0}
2026-10-07T12:38:26.8683890Z env:
2026-10-07T12:38:26.8684190Z   CARGO_NET_GIT_FETCH_WITH_CLI: true
2026-10-07T12:38:26.8684560Z   RUSTFLAGS: -D warnings
2026-10-07T12:38:26.8685090Z   CARGO_TARGET_DIR: /Users/markik/Code/targets/wgpu-scry-hardware
2026-10-07T12:38:26.8685560Z   CAPTURE: 1
2026-10-07T12:38:26.8685840Z   TIMEOUT: 90
2026-10-07T12:38:26.8686120Z   VISIBLE: 1
2026-10-07T12:38:26.8687050Z   targets: 
2026-10-07T12:38:26.8687340Z   components: 
2026-10-07T12:38:26.8687630Z ##[endgroup]
2026-10-07T12:38:26.8877130Z ##[end-action id=__dtolnay_rust-toolchain.flags;outcome=success;conclusion=success;duration_ms=25]
2026-10-07T12:38:26.8880720Z ##[start-action display=Set $CARGO_HOME;id=__dtolnay_rust-toolchain.__run]
2026-10-07T12:38:26.8915740Z ##[group]Run echo CARGO_HOME=${CARGO_HOME:-"$HOME/.cargo"} >> $GITHUB_ENV
2026-10-07T12:38:26.8916400Z [36;1mecho CARGO_HOME=${CARGO_HOME:-"$HOME/.cargo"} >> $GITHUB_ENV[0m
2026-10-07T12:38:26.8935760Z shell: /bin/bash --noprofile --norc -e -o pipefail {0}
2026-10-07T12:38:26.8936240Z env:
2026-10-07T12:38:26.8936540Z   CARGO_NET_GIT_FETCH_WITH_CLI: true
2026-10-07T12:38:26.8936910Z   RUSTFLAGS: -D warnings
2026-10-07T12:38:26.8937430Z   CARGO_TARGET_DIR: /Users/markik/Code/targets/wgpu-scry-hardware
2026-10-07T12:38:26.8937900Z   CAPTURE: 1
2026-10-07T12:38:26.8938180Z   TIMEOUT: 90
2026-10-07T12:38:26.8938450Z   VISIBLE: 1
2026-10-07T12:38:26.8938780Z ##[endgroup]
2026-10-07T12:38:26.9133590Z ##[end-action id=__dtolnay_rust-toolchain.__run;outcome=success;conclusion=success;duration_ms=25]
2026-10-07T12:38:26.9137200Z ##[start-action display=Install rustup if needed;id=__dtolnay_rust-toolchain.__run_2]
2026-10-07T12:38:26.9177470Z ##[group]Run if ! command -v rustup &>/dev/null; then
2026-10-07T12:38:26.9177990Z [36;1mif ! command -v rustup &>/dev/null; then[0m
2026-10-07T12:38:26.9179060Z [36;1m  curl --proto '=https' --tlsv1.2 --retry 10 --retry-connrefused --location --silent --show-error --fail https://sh.rustup.rs | sh -s -- --default-toolchain none -y[0m
2026-10-07T12:38:26.9180020Z [36;1m  echo "$CARGO_HOME/bin" >> $GITHUB_PATH[0m
2026-10-07T12:38:26.9180410Z [36;1mfi[0m
2026-10-07T12:38:26.9198750Z shell: /bin/bash --noprofile --norc -e -o pipefail {0}
2026-10-07T12:38:26.9199650Z env:
2026-10-07T12:38:26.9199980Z   CARGO_NET_GIT_FETCH_WITH_CLI: true
2026-10-07T12:38:26.9200360Z   RUSTFLAGS: -D warnings
2026-10-07T12:38:26.9200850Z   CARGO_TARGET_DIR: /Users/markik/Code/targets/wgpu-scry-hardware
2026-10-07T12:38:26.9201340Z   CAPTURE: 1
2026-10-07T12:38:26.9201620Z   TIMEOUT: 90
2026-10-07T12:38:26.9201910Z   VISIBLE: 1
2026-10-07T12:38:26.9202210Z   CARGO_HOME: /Users/markik/.cargo
2026-10-07T12:38:26.9202570Z ##[endgroup]
2026-10-07T12:38:27.5085010Z info: downloading installer
2026-10-07T12:38:29.1804820Z warn: it looks like you have an existing rustup settings file at:
2026-10-07T12:38:29.1805370Z warn: /Users/markik/.rustup/settings.toml
2026-10-07T12:38:29.1805930Z warn: rustup will install the default toolchain as specified in the settings file,
2026-10-07T12:38:29.1806570Z warn: instead of the one inferred from the default host tuple.
2026-10-07T12:38:29.2472930Z info: profile set to default
2026-10-07T12:38:29.2473380Z 
2026-10-07T12:38:29.2473620Z info: default host tuple is x86_64-apple-darwin
2026-10-07T12:38:29.2474070Z info: skipping toolchain installation
2026-10-07T12:38:29.2474750Z 
2026-10-07T12:38:29.2475070Z Rust is installed now. Great!
2026-10-07T12:38:29.2475320Z 
2026-10-07T12:38:29.2475510Z To get started you may need to restart your current shell.
2026-10-07T12:38:29.2476090Z This would reload your PATH environment variable to include
2026-10-07T12:38:29.2476570Z Cargo's bin directory ($HOME/.cargo/bin).
2026-10-07T12:38:29.2476810Z 
2026-10-07T12:38:29.2477020Z To configure your current shell, you need to source the
2026-10-07T12:38:29.2477470Z corresponding env file under $HOME/.cargo.
2026-10-07T12:38:29.2477740Z 
2026-10-07T12:38:29.2477980Z Consider running the right command for your shell (note the leading DOT):
2026-10-07T12:38:29.2478550Z . "$HOME/.cargo/env"           # For sh/ash/dash/pdksh/zsh
2026-10-07T12:38:29.2478980Z source "$HOME/.cargo/env.tcsh" # For tcsh
2026-10-07T12:38:29.2479440Z cargo:rerun-if-env-changed=CC_x86_64-apple-darwin
2026-10-07T12:38:29.2479850Z CC_x86_64-apple-darwin = None
2026-10-07T12:38:29.2480240Z cargo:rerun-if-env-changed=CC_x86_64_apple_darwin
2026-10-07T12:38:29.2481320Z CC_x86_64_apple_darwin = None
2026-10-07T12:38:29.2481710Z cargo:rerun-if-env-changed=HOST_CC
2026-10-07T12:38:29.2482070Z HOST_CC = None
2026-10-07T12:38:29.2482370Z cargo:rerun-if-env-changed=CC
2026-10-07T12:38:29.2482710Z CC = None
2026-10-07T12:38:29.2702990Z cargo:rerun-if-env-changed=CC_ENABLE_DEBUG_OUTPUT
2026-10-07T12:38:29.3705430Z cargo:rerun-if-env-changed=CRATE_CC_NO_DEFAULTS
2026-10-07T12:38:29.3706110Z CRATE_CC_NO_DEFAULTS = None
2026-10-07T12:38:29.3706520Z cargo:rerun-if-env-changed=MACOSX_DEPLOYMENT_TARGET
2026-10-07T12:38:29.3706980Z MACOSX_DEPLOYMENT_TARGET = None
2026-10-07T12:38:29.3833090Z cargo:rerun-if-env-changed=CFLAGS
2026-10-07T12:38:29.3833530Z CFLAGS = None
2026-10-07T12:38:29.3833880Z cargo:rerun-if-env-changed=HOST_CFLAGS
2026-10-07T12:38:29.3834290Z HOST_CFLAGS = None
2026-10-07T12:38:29.3834690Z cargo:rerun-if-env-changed=CFLAGS_x86_64_apple_darwin
2026-10-07T12:38:29.3835130Z CFLAGS_x86_64_apple_darwin = None
2026-10-07T12:38:29.3835570Z cargo:rerun-if-env-changed=CFLAGS_x86_64-apple-darwin
2026-10-07T12:38:29.3836010Z CFLAGS_x86_64-apple-darwin = None
2026-10-07T12:38:29.3954450Z ##[end-action id=__dtolnay_rust-toolchain.__run_2;outcome=success;conclusion=success;duration_ms=2481]
2026-10-07T12:38:29.3958130Z ##[start-action display=Install rustup if needed on windows;id=__dtolnay_rust-toolchain.__run_3]
2026-10-07T12:38:29.3968120Z ##[end-action id=__dtolnay_rust-toolchain.__run_3;outcome=skipped;conclusion=skipped;duration_ms=0]
2026-10-07T12:38:29.3981310Z ##[start-action display=rustup toolchain install 1.97.1;id=__dtolnay_rust-toolchain.__run_4]
2026-10-07T12:38:29.4010420Z ##[group]Run log=$(mktemp)
2026-10-07T12:38:29.4010770Z [36;1mlog=$(mktemp)[0m
2026-10-07T12:38:29.4011100Z [36;1mtrap 'rm -f "$log"' EXIT[0m
2026-10-07T12:38:29.4011860Z [36;1mfor attempt in 1 2 3 4 5; do[0m
2026-10-07T12:38:29.4012540Z [36;1m  if rustup toolchain install 1.97.1 --profile minimal --no-self-update --force-non-host 2>&1 | tee "$log"; then[0m
2026-10-07T12:38:29.4013220Z [36;1m    break[0m
2026-10-07T12:38:29.4013530Z [36;1m  else[0m
2026-10-07T12:38:29.4013830Z [36;1m    status=$?[0m
2026-10-07T12:38:29.4014130Z [36;1m  fi[0m
2026-10-07T12:38:29.4014520Z [36;1m  if [[ $attempt == 5 ]] || ! grep -Fq 'checksum failed for ' "$log" \[0m
2026-10-07T12:38:29.4015260Z [36;1m      || ! grep -Fq 'this is likely due to an ongoing update of the official release server' "$log"; then[0m
2026-10-07T12:38:29.4015850Z [36;1m    exit "$status"[0m
2026-10-07T12:38:29.4016150Z [36;1m  fi[0m
2026-10-07T12:38:29.4016590Z [36;1m  echo "Retrying rustup toolchain install in 30 seconds (retry $attempt of 4)" >&2[0m
2026-10-07T12:38:29.4017110Z [36;1m  sleep 30[0m
2026-10-07T12:38:29.4017400Z [36;1mdone[0m
2026-10-07T12:38:29.4038960Z shell: /bin/bash --noprofile --norc -e -o pipefail {0}
2026-10-07T12:38:29.4039410Z env:
2026-10-07T12:38:29.4039690Z   CARGO_NET_GIT_FETCH_WITH_CLI: true
2026-10-07T12:38:29.4040060Z   RUSTFLAGS: -D warnings
2026-10-07T12:38:29.4040460Z   CARGO_TARGET_DIR: /Users/markik/Code/targets/wgpu-scry-hardware
2026-10-07T12:38:29.4040890Z   CAPTURE: 1
2026-10-07T12:38:29.4041180Z   TIMEOUT: 90
2026-10-07T12:38:29.4041440Z   VISIBLE: 1
2026-10-07T12:38:29.4041720Z   CARGO_HOME: /Users/markik/.cargo
2026-10-07T12:38:29.4042080Z   RUSTUP_PERMIT_COPY_RENAME: 1
2026-10-07T12:38:29.4042400Z ##[endgroup]
2026-10-07T12:38:32.5503010Z info: syncing channel updates for 1.97.1-x86_64-apple-darwin
2026-10-07T12:38:32.7153920Z 
2026-10-07T12:38:32.7410420Z   1.97.1-x86_64-apple-darwin unchanged - rustc 1.97.1 (8bab26f4f 2026-07-14)
2026-10-07T12:38:32.7410870Z 
2026-10-07T12:38:32.7523260Z ##[end-action id=__dtolnay_rust-toolchain.__run_4;outcome=success;conclusion=success;duration_ms=3354]
2026-10-07T12:38:32.7529560Z ##[start-action display=rustup default 1.97.1;id=__dtolnay_rust-toolchain.__run_5]
2026-10-07T12:38:32.7557780Z ##[group]Run rustup default 1.97.1 --force-non-host
2026-10-07T12:38:32.7558350Z [36;1mrustup default 1.97.1 --force-non-host[0m
2026-10-07T12:38:32.7577960Z shell: /bin/bash --noprofile --norc -e -o pipefail {0}
2026-10-07T12:38:32.7578430Z env:
2026-10-07T12:38:32.7578730Z   CARGO_NET_GIT_FETCH_WITH_CLI: true
2026-10-07T12:38:32.7579100Z   RUSTFLAGS: -D warnings
2026-10-07T12:38:32.7579540Z   CARGO_TARGET_DIR: /Users/markik/Code/targets/wgpu-scry-hardware
2026-10-07T12:38:32.7580110Z   CAPTURE: 1
2026-10-07T12:38:32.7580430Z   TIMEOUT: 90
2026-10-07T12:38:32.7580700Z   VISIBLE: 1
2026-10-07T12:38:32.7581000Z   CARGO_HOME: /Users/markik/.cargo
2026-10-07T12:38:32.7581330Z ##[endgroup]
2026-10-07T12:38:32.7912120Z info: using existing install for 1.97.1-x86_64-apple-darwin
2026-10-07T12:38:32.8099950Z info: default toolchain set to 1.97.1-x86_64-apple-darwin
2026-10-07T12:38:32.8100410Z 
2026-10-07T12:38:32.8368170Z   1.97.1-x86_64-apple-darwin unchanged - rustc 1.97.1 (8bab26f4f 2026-07-14)
2026-10-07T12:38:32.8369000Z 
2026-10-07T12:38:32.8380700Z info: note that the toolchain '1.97.1-x86_64-apple-darwin' is currently in use (overridden by '/Users/markik/actions-runner-wgpu/_work/wgpu-scry/wgpu-scry/rust-toolchain.toml')
2026-10-07T12:38:32.8402160Z ##[end-action id=__dtolnay_rust-toolchain.__run_5;outcome=success;conclusion=success;duration_ms=87]
2026-10-07T12:38:32.8406030Z ##[start-action display=Create cachekey;id=__dtolnay_rust-toolchain.rustc-version]
2026-10-07T12:38:32.8437990Z ##[group]Run DATE=$(rustc +1.97.1 --version --verbose | sed -ne 's/^commit-date: \(20[0-9][0-9]\)-\([01][0-9]\)-\([0-3][0-9]\)$/\1\2\3/p')
2026-10-07T12:38:32.8439060Z [36;1mDATE=$(rustc +1.97.1 --version --verbose | sed -ne 's/^commit-date: \(20[0-9][0-9]\)-\([01][0-9]\)-\([0-3][0-9]\)$/\1\2\3/p')[0m
2026-10-07T12:38:32.8439920Z [36;1mHASH=$(rustc +1.97.1 --version --verbose | sed -ne 's/^commit-hash: //p')[0m
2026-10-07T12:38:32.8441090Z [36;1mecho "cachekey=$(echo $DATE$HASH | head -c12)" >> $GITHUB_OUTPUT[0m
2026-10-07T12:38:32.8461170Z shell: /bin/bash --noprofile --norc -e -o pipefail {0}
2026-10-07T12:38:32.8461620Z env:
2026-10-07T12:38:32.8461920Z   CARGO_NET_GIT_FETCH_WITH_CLI: true
2026-10-07T12:38:32.8462290Z   RUSTFLAGS: -D warnings
2026-10-07T12:38:32.8462710Z   CARGO_TARGET_DIR: /Users/markik/Code/targets/wgpu-scry-hardware
2026-10-07T12:38:32.8463170Z   CAPTURE: 1
2026-10-07T12:38:32.8463450Z   TIMEOUT: 90
2026-10-07T12:38:32.8463770Z   VISIBLE: 1
2026-10-07T12:38:32.8464070Z   CARGO_HOME: /Users/markik/.cargo
2026-10-07T12:38:32.8464420Z ##[endgroup]
2026-10-07T12:38:32.9610640Z ##[end-action id=__dtolnay_rust-toolchain.rustc-version;outcome=success;conclusion=success;duration_ms=120]
2026-10-07T12:38:32.9614200Z ##[start-action display=Disable incremental compilation;id=__dtolnay_rust-toolchain.__run_6]
2026-10-07T12:38:32.9642210Z ##[group]Run if [ -z "${CARGO_INCREMENTAL+set}" ]; then
2026-10-07T12:38:32.9642740Z [36;1mif [ -z "${CARGO_INCREMENTAL+set}" ]; then[0m
2026-10-07T12:38:32.9643260Z [36;1m  echo CARGO_INCREMENTAL=0 >> $GITHUB_ENV[0m
2026-10-07T12:38:32.9643660Z [36;1mfi[0m
2026-10-07T12:38:32.9662040Z shell: /bin/bash --noprofile --norc -e -o pipefail {0}
2026-10-07T12:38:32.9662590Z env:
2026-10-07T12:38:32.9662990Z   CARGO_NET_GIT_FETCH_WITH_CLI: true
2026-10-07T12:38:32.9663330Z   RUSTFLAGS: -D warnings
2026-10-07T12:38:32.9663720Z   CARGO_TARGET_DIR: /Users/markik/Code/targets/wgpu-scry-hardware
2026-10-07T12:38:32.9664160Z   CAPTURE: 1
2026-10-07T12:38:32.9664420Z   TIMEOUT: 90
2026-10-07T12:38:32.9664720Z   VISIBLE: 1
2026-10-07T12:38:32.9665000Z   CARGO_HOME: /Users/markik/.cargo
2026-10-07T12:38:32.9665320Z ##[endgroup]
2026-10-07T12:38:32.9871250Z ##[end-action id=__dtolnay_rust-toolchain.__run_6;outcome=success;conclusion=success;duration_ms=25]
2026-10-07T12:38:32.9874970Z ##[start-action display=Enable colors in Cargo output;id=__dtolnay_rust-toolchain.__run_7]
2026-10-07T12:38:32.9902690Z ##[group]Run if [ -z "${CARGO_TERM_COLOR+set}" ]; then
2026-10-07T12:38:32.9903260Z [36;1mif [ -z "${CARGO_TERM_COLOR+set}" ]; then[0m
2026-10-07T12:38:32.9903730Z [36;1m  echo CARGO_TERM_COLOR=always >> $GITHUB_ENV[0m
2026-10-07T12:38:32.9904580Z [36;1mfi[0m
2026-10-07T12:38:32.9923280Z shell: /bin/bash --noprofile --norc -e -o pipefail {0}
2026-10-07T12:38:32.9923710Z env:
2026-10-07T12:38:32.9924010Z   CARGO_NET_GIT_FETCH_WITH_CLI: true
2026-10-07T12:38:32.9924380Z   RUSTFLAGS: -D warnings
2026-10-07T12:38:32.9924800Z   CARGO_TARGET_DIR: /Users/markik/Code/targets/wgpu-scry-hardware
2026-10-07T12:38:32.9925260Z   CAPTURE: 1
2026-10-07T12:38:32.9925530Z   TIMEOUT: 90
2026-10-07T12:38:32.9925810Z   VISIBLE: 1
2026-10-07T12:38:32.9926130Z   CARGO_HOME: /Users/markik/.cargo
2026-10-07T12:38:32.9926490Z   CARGO_INCREMENTAL: 0
2026-10-07T12:38:32.9926790Z ##[endgroup]
2026-10-07T12:38:33.0114530Z ##[end-action id=__dtolnay_rust-toolchain.__run_7;outcome=success;conclusion=success;duration_ms=23]
2026-10-07T12:38:33.0118690Z ##[start-action display=Enable Cargo sparse registry;id=__dtolnay_rust-toolchain.__run_8]
2026-10-07T12:38:33.0147680Z ##[group]Run # implemented in 1.66, stabilized in 1.68, made default in 1.70
2026-10-07T12:38:33.0148430Z [36;1m# implemented in 1.66, stabilized in 1.68, made default in 1.70[0m
2026-10-07T12:38:33.0149480Z [36;1mif [ -z "${CARGO_REGISTRIES_CRATES_IO_PROTOCOL+set}" -o -f "/Users/markik/actions-runner-wgpu/_work/_temp"/.implicit_cargo_registries_crates_io_protocol ]; then[0m
2026-10-07T12:38:33.0150520Z [36;1m  if rustc +1.97.1 --version --verbose | grep -q '^release: 1\.6[89]\.'; then[0m
2026-10-07T12:38:33.0151380Z [36;1m    touch "/Users/markik/actions-runner-wgpu/_work/_temp"/.implicit_cargo_registries_crates_io_protocol || true[0m
2026-10-07T12:38:33.0152220Z [36;1m    echo CARGO_REGISTRIES_CRATES_IO_PROTOCOL=sparse >> $GITHUB_ENV[0m
2026-10-07T12:38:33.0152900Z [36;1m  elif rustc +1.97.1 --version --verbose | grep -q '^release: 1\.6[67]\.'; then[0m
2026-10-07T12:38:33.0154180Z [36;1m    touch "/Users/markik/actions-runner-wgpu/_work/_temp"/.implicit_cargo_registries_crates_io_protocol || true[0m
2026-10-07T12:38:33.0155000Z [36;1m    echo CARGO_REGISTRIES_CRATES_IO_PROTOCOL=git >> $GITHUB_ENV[0m
2026-10-07T12:38:33.0155500Z [36;1m  fi[0m
2026-10-07T12:38:33.0155780Z [36;1mfi[0m
2026-10-07T12:38:33.0175110Z shell: /bin/bash --noprofile --norc -e -o pipefail {0}
2026-10-07T12:38:33.0175530Z env:
2026-10-07T12:38:33.0175830Z   CARGO_NET_GIT_FETCH_WITH_CLI: true
2026-10-07T12:38:33.0176190Z   RUSTFLAGS: -D warnings
2026-10-07T12:38:33.0176600Z   CARGO_TARGET_DIR: /Users/markik/Code/targets/wgpu-scry-hardware
2026-10-07T12:38:33.0177050Z   CAPTURE: 1
2026-10-07T12:38:33.0177370Z   TIMEOUT: 90
2026-10-07T12:38:33.0177640Z   VISIBLE: 1
2026-10-07T12:38:33.0177920Z   CARGO_HOME: /Users/markik/.cargo
2026-10-07T12:38:33.0178260Z   CARGO_INCREMENTAL: 0
2026-10-07T12:38:33.0178570Z   CARGO_TERM_COLOR: always
2026-10-07T12:38:33.0178900Z ##[endgroup]
2026-10-07T12:38:33.1206930Z ##[end-action id=__dtolnay_rust-toolchain.__run_8;outcome=success;conclusion=success;duration_ms=108]
2026-10-07T12:38:33.1210800Z ##[start-action display=Work around spurious network errors in curl 8.0;id=__dtolnay_rust-toolchain.__run_9]
2026-10-07T12:38:33.1239610Z ##[group]Run # https://rust-lang.zulipchat.com/#narrow/stream/246057-t-cargo/topic/timeout.20investigation
2026-10-07T12:38:33.1240670Z [36;1m# https://rust-lang.zulipchat.com/#narrow/stream/246057-t-cargo/topic/timeout.20investigation[0m
2026-10-07T12:38:33.1241440Z [36;1mif rustc +1.97.1 --version --verbose | grep -q '^release: 1\.7[01]\.'; then[0m
2026-10-07T12:38:33.1242020Z [36;1m  echo CARGO_HTTP_MULTIPLEXING=false >> $GITHUB_ENV[0m
2026-10-07T12:38:33.1242490Z [36;1mfi[0m
2026-10-07T12:38:33.1259680Z shell: /bin/bash --noprofile --norc -e -o pipefail {0}
2026-10-07T12:38:33.1260080Z env:
2026-10-07T12:38:33.1260360Z   CARGO_NET_GIT_FETCH_WITH_CLI: true
2026-10-07T12:38:33.1260710Z   RUSTFLAGS: -D warnings
2026-10-07T12:38:33.1261170Z   CARGO_TARGET_DIR: /Users/markik/Code/targets/wgpu-scry-hardware
2026-10-07T12:38:33.1261630Z   CAPTURE: 1
2026-10-07T12:38:33.1261890Z   TIMEOUT: 90
2026-10-07T12:38:33.1262140Z   VISIBLE: 1
2026-10-07T12:38:33.1262790Z   CARGO_HOME: /Users/markik/.cargo
2026-10-07T12:38:33.1263130Z   CARGO_INCREMENTAL: 0
2026-10-07T12:38:33.1263640Z   CARGO_TERM_COLOR: always
2026-10-07T12:38:33.1263970Z ##[endgroup]
2026-10-07T12:38:33.1852730Z ##[end-action id=__dtolnay_rust-toolchain.__run_9;outcome=success;conclusion=success;duration_ms=64]
2026-10-07T12:38:33.1857630Z ##[start-action display=rustc +1.97.1 --version --verbose;id=__dtolnay_rust-toolchain.__run_10]
2026-10-07T12:38:33.1884470Z ##[group]Run rustc +1.97.1 --version --verbose
2026-10-07T12:38:33.1884940Z [36;1mrustc +1.97.1 --version --verbose[0m
2026-10-07T12:38:33.1903320Z shell: /bin/bash --noprofile --norc -e -o pipefail {0}
2026-10-07T12:38:33.1903760Z env:
2026-10-07T12:38:33.1904050Z   CARGO_NET_GIT_FETCH_WITH_CLI: true
2026-10-07T12:38:33.1904490Z   RUSTFLAGS: -D warnings
2026-10-07T12:38:33.1904930Z   CARGO_TARGET_DIR: /Users/markik/Code/targets/wgpu-scry-hardware
2026-10-07T12:38:33.1905410Z   CAPTURE: 1
2026-10-07T12:38:33.1905720Z   TIMEOUT: 90
2026-10-07T12:38:33.1906050Z   VISIBLE: 1
2026-10-07T12:38:33.1906340Z   CARGO_HOME: /Users/markik/.cargo
2026-10-07T12:38:33.1906690Z   CARGO_INCREMENTAL: 0
2026-10-07T12:38:33.1907030Z   CARGO_TERM_COLOR: always
2026-10-07T12:38:33.1907350Z ##[endgroup]
2026-10-07T12:38:33.2481130Z rustc 1.97.1 (8bab26f4f 2026-07-14)
2026-10-07T12:38:33.2482770Z binary: rustc
2026-10-07T12:38:33.2483490Z commit-hash: 8bab26f4f68e0e26f0bb7960be334d5b520ea452
2026-10-07T12:38:33.2484670Z commit-date: 2026-07-14
2026-10-07T12:38:33.2485570Z host: x86_64-apple-darwin
2026-10-07T12:38:33.2486140Z release: 1.97.1
2026-10-07T12:38:33.2502770Z LLVM version: 22.1.6
2026-10-07T12:38:33.2531740Z ##[end-action id=__dtolnay_rust-toolchain.__run_10;outcome=success;conclusion=success;duration_ms=67]
2026-10-07T12:38:33.2611360Z ##[group]Run cargo test --locked -p scrying --lib latest_image_sample
2026-10-07T12:38:33.2612030Z [36;1mcargo test --locked -p scrying --lib latest_image_sample[0m
2026-10-07T12:38:33.2631100Z shell: /bin/bash -e {0}
2026-10-07T12:38:33.2631440Z env:
2026-10-07T12:38:33.2631720Z   CARGO_NET_GIT_FETCH_WITH_CLI: true
2026-10-07T12:38:33.2632090Z   RUSTFLAGS: -D warnings
2026-10-07T12:38:33.2632520Z   CARGO_TARGET_DIR: /Users/markik/Code/targets/wgpu-scry-hardware
2026-10-07T12:38:33.2633000Z   CAPTURE: 1
2026-10-07T12:38:33.2633270Z   TIMEOUT: 90
2026-10-07T12:38:33.2633540Z   VISIBLE: 1
2026-10-07T12:38:33.2633820Z   CARGO_HOME: /Users/markik/.cargo
2026-10-07T12:38:33.2634190Z   CARGO_INCREMENTAL: 0
2026-10-07T12:38:33.2634500Z   CARGO_TERM_COLOR: always
2026-10-07T12:38:33.2634840Z ##[endgroup]
2026-10-07T12:38:34.3668910Z [1m[92m    Finished[0m `test` profile [unoptimized + debuginfo] target(s) in 0.60s
2026-10-07T12:38:34.3868910Z [1m[92m     Running[0m unittests src/lib.rs (/Users/markik/Code/targets/wgpu-scry-hardware/debug/deps/scrying-2c1bd3425851af4b)
2026-10-07T12:38:34.4359160Z 
2026-10-07T12:38:34.4359670Z running 2 tests
2026-10-07T12:38:34.4366510Z test latest_image_sample::tests::newer_image_replaces_only_one_pending_image ... ok
2026-10-07T12:38:34.4367370Z test latest_image_sample::tests::status_only_burst_preserves_pending_image_and_its_custody ... ok
2026-10-07T12:38:34.4367880Z 
2026-10-07T12:38:34.4368230Z test result: ok. 2 passed; 0 failed; 0 ignored; 0 measured; 18 filtered out; finished in 0.00s
2026-10-07T12:38:34.4368660Z 
2026-10-07T12:38:34.4518920Z ##[group]Run cargo test --locked -p demo-mac --bin demo-mac capture_size_tests
2026-10-07T12:38:34.4519680Z [36;1mcargo test --locked -p demo-mac --bin demo-mac capture_size_tests[0m
2026-10-07T12:38:34.4542850Z shell: /bin/bash -e {0}
2026-10-07T12:38:34.4543260Z env:
2026-10-07T12:38:34.4543560Z   CARGO_NET_GIT_FETCH_WITH_CLI: true
2026-10-07T12:38:34.4543970Z   RUSTFLAGS: -D warnings
2026-10-07T12:38:34.4544410Z   CARGO_TARGET_DIR: /Users/markik/Code/targets/wgpu-scry-hardware
2026-10-07T12:38:34.4544930Z   CAPTURE: 1
2026-10-07T12:38:34.4545230Z   TIMEOUT: 90
2026-10-07T12:38:34.4545510Z   VISIBLE: 1
2026-10-07T12:38:34.4545820Z   CARGO_HOME: /Users/markik/.cargo
2026-10-07T12:38:34.4546210Z   CARGO_INCREMENTAL: 0
2026-10-07T12:38:34.4546540Z   CARGO_TERM_COLOR: always
2026-10-07T12:38:34.4546890Z ##[endgroup]
2026-10-07T12:38:34.8552300Z [1m[92m   Compiling[0m demo-mac v0.1.0 (/Users/markik/actions-runner-wgpu/_work/wgpu-scry/wgpu-scry/demo-mac)
2026-10-07T12:38:37.7204460Z [1m[92m    Finished[0m `test` profile [unoptimized + debuginfo] target(s) in 3.21s
2026-10-07T12:38:37.7448440Z [1m[92m     Running[0m unittests src/main.rs (/Users/markik/Code/targets/wgpu-scry-hardware/debug/deps/demo_mac-3a4573aed02bca51)
2026-10-07T12:38:38.0040200Z 
2026-10-07T12:38:38.0040720Z running 1 test
2026-10-07T12:38:38.0042240Z test capture_size_tests::capture_resize_expectations_follow_display_scale ... ok
2026-10-07T12:38:38.0042820Z 
2026-10-07T12:38:38.0043150Z test result: ok. 1 passed; 0 failed; 0 ignored; 0 measured; 0 filtered out; finished in 0.00s
2026-10-07T12:38:38.0043630Z 
2026-10-07T12:38:38.0196480Z ##[group]Run bash scripts/test-mac.sh
2026-10-07T12:38:38.0196900Z [36;1mbash scripts/test-mac.sh[0m
2026-10-07T12:38:38.0214120Z shell: /bin/bash -e {0}
2026-10-07T12:38:38.0214440Z env:
2026-10-07T12:38:38.0214720Z   CARGO_NET_GIT_FETCH_WITH_CLI: true
2026-10-07T12:38:38.0215090Z   RUSTFLAGS: -D warnings
2026-10-07T12:38:38.0215500Z   CARGO_TARGET_DIR: /Users/markik/Code/targets/wgpu-scry-hardware
2026-10-07T12:38:38.0215950Z   CAPTURE: 1
2026-10-07T12:38:38.0216220Z   TIMEOUT: 90
2026-10-07T12:38:38.0216490Z   VISIBLE: 1
2026-10-07T12:38:38.0216770Z   CARGO_HOME: /Users/markik/.cargo
2026-10-07T12:38:38.0217100Z   CARGO_INCREMENTAL: 0
2026-10-07T12:38:38.0217440Z   CARGO_TERM_COLOR: always
2026-10-07T12:38:38.0217750Z ##[endgroup]
2026-10-07T12:38:40.0563790Z ==> ScreenCaptureKit display-awake hold active
2026-10-07T12:38:40.0565230Z ==> building demo-mac
2026-10-07T12:38:44.2305470Z ==> code-signing identity: -
2026-10-07T12:38:44.2443170Z Executable=/Users/markik/Code/targets/wgpu-scry-hardware/debug/scry-demo-mac-hardware.app/Contents/MacOS/demo-mac
2026-10-07T12:38:44.2444120Z designated => identifier "org.merely.scry.hardware-demo"
2026-10-07T12:38:44.2448630Z ==> LaunchServices app: /Users/markik/Code/targets/wgpu-scry-hardware/debug/scry-demo-mac-hardware.app
2026-10-07T12:38:44.2451490Z 
2026-10-07T12:38:44.2451740Z ==> --scripted
2026-10-07T12:38:49.7107200Z demo-mac: nav event: Starting { url: "about:blank" }
2026-10-07T12:38:49.7107840Z demo-mac: nav event: SourceChanged { url: "about:blank" }
2026-10-07T12:38:49.7108290Z demo-mac: js->host: ready
2026-10-07T12:38:49.7108640Z demo-mac: scripted: page ready
2026-10-07T12:38:49.7109130Z demo-mac: nav event: Completed { url: "about:blank", success: true }
2026-10-07T12:38:49.7109690Z demo-mac: nav event: TitleChanged { title: "scrying-test" }
2026-10-07T12:38:49.7110190Z demo-mac: js->host: echo:ping-from-host
2026-10-07T12:38:49.7110590Z demo-mac: scripted: JS echoed host message
2026-10-07T12:38:49.7111090Z demo-mac: scripted: 6 ScrollWheel events dispatched without error
2026-10-07T12:38:49.7111620Z demo-mac: cursor change: Default
2026-10-07T12:38:49.7112080Z demo-mac: scripted: 3 KeyDown/KeyUp pairs dispatched without error
2026-10-07T12:38:49.7113060Z demo-mac: scripted: PASS — slices E + G + I + cursor handler verified at runtime
2026-10-07T12:38:49.7113630Z   - cursor handler fired 1 time(s) over the run
2026-10-07T12:38:49.7144880Z   -> PASS
2026-10-07T12:38:49.7179580Z 
2026-10-07T12:38:49.7179960Z ==> --browser-test
2026-10-07T12:38:51.0641330Z demo-mac: nav event: Starting { url: "scrying-test://history-1" }
2026-10-07T12:38:51.0642230Z demo-mac: nav event: SourceChanged { url: "scrying-test://history-1" }
2026-10-07T12:38:51.0642790Z demo-mac: js->host: loaded:history-1
2026-10-07T12:38:51.0643190Z demo-mac: browser-test: history-1 loaded
2026-10-07T12:38:51.0643770Z demo-mac: nav event: Completed { url: "scrying-test://history-1", success: true }
2026-10-07T12:38:51.0644450Z demo-mac: nav event: Starting { url: "scrying-test://history-2" }
2026-10-07T12:38:51.0645050Z demo-mac: nav event: SourceChanged { url: "scrying-test://history-2" }
2026-10-07T12:38:51.0645570Z demo-mac: js->host: loaded:history-2
2026-10-07T12:38:51.0645950Z demo-mac: browser-test: history-2 loaded
2026-10-07T12:38:51.0646500Z demo-mac: nav event: Completed { url: "scrying-test://history-2", success: true }
2026-10-07T12:38:51.0647180Z demo-mac: nav event: Starting { url: "scrying-test://history-1" }
2026-10-07T12:38:51.0647780Z demo-mac: nav event: SourceChanged { url: "scrying-test://history-1" }
2026-10-07T12:38:51.0648450Z demo-mac: nav event: Completed { url: "scrying-test://history-1", success: true }
2026-10-07T12:38:51.0649050Z demo-mac: browser-test: go_back navigated to history-1
2026-10-07T12:38:51.0649580Z demo-mac: nav event: Starting { url: "scrying-test://history-2" }
2026-10-07T12:38:51.0650190Z demo-mac: nav event: SourceChanged { url: "scrying-test://history-2" }
2026-10-07T12:38:51.0651720Z demo-mac: nav event: Completed { url: "scrying-test://history-2", success: true }
2026-10-07T12:38:51.0652460Z demo-mac: browser-test: go_forward navigated to history-2
2026-10-07T12:38:51.0652930Z demo-mac: browser-test: apply_settings ok
2026-10-07T12:38:51.0653460Z demo-mac: nav event: Starting { url: "scrying-test://find-target" }
2026-10-07T12:38:51.0654090Z demo-mac: nav event: SourceChanged { url: "scrying-test://find-target" }
2026-10-07T12:38:51.0654630Z demo-mac: js->host: loaded:find-target
2026-10-07T12:38:51.0655190Z demo-mac: nav event: Completed { url: "scrying-test://find-target", success: true }
2026-10-07T12:38:51.0655780Z demo-mac: browser-test: find_in_page matched
2026-10-07T12:38:51.0656260Z demo-mac: browser-test: PDF rendered (12150 bytes)
2026-10-07T12:38:51.0657060Z demo-mac: browser-test: PASS — items 1, 3, 4, 9 verified at runtime
2026-10-07T12:38:51.0658280Z   - history controls (go_back/go_forward observed via SourceChanged events)
2026-10-07T12:38:51.0658900Z   - settings (apply_settings returned Ok)
2026-10-07T12:38:51.0659380Z   - URL schemes (scrying-test:// served 3 pages successfully)
2026-10-07T12:38:51.0659970Z   - find_in_page → Some(true), request_pdf → 12150 bytes
2026-10-07T12:38:51.0679910Z   -> PASS
2026-10-07T12:38:51.0713480Z 
2026-10-07T12:38:51.0714360Z ==> --interaction-state-test
2026-10-07T12:38:52.7146950Z demo-mac: nav event: Starting { url: "scrying-test://history-1" }
2026-10-07T12:38:52.7147640Z demo-mac: nav event: SourceChanged { url: "scrying-test://history-1" }
2026-10-07T12:38:52.7148330Z demo-mac: nav event: Completed { url: "scrying-test://history-1", success: true }
2026-10-07T12:38:52.7148900Z demo-mac: js->host: loaded:history-1
2026-10-07T12:38:52.7149370Z demo-mac: nav event: Starting { url: "scrying-test://history-2" }
2026-10-07T12:38:52.7149990Z demo-mac: nav event: SourceChanged { url: "scrying-test://history-2" }
2026-10-07T12:38:52.7150570Z demo-mac: js->host: loaded:history-2
2026-10-07T12:38:52.7151110Z demo-mac: nav event: Completed { url: "scrying-test://history-2", success: true }
2026-10-07T12:38:52.7151770Z demo-mac: nav event: Starting { url: "scrying-test://find-target" }
2026-10-07T12:38:52.7152390Z demo-mac: nav event: SourceChanged { url: "scrying-test://find-target" }
2026-10-07T12:38:52.7152920Z demo-mac: js->host: loaded:find-target
2026-10-07T12:38:52.7153460Z demo-mac: nav event: Completed { url: "scrying-test://find-target", success: true }
2026-10-07T12:38:52.7154100Z demo-mac: interaction-state-test: serialized 1024 bytes at C
2026-10-07T12:38:52.7154660Z demo-mac: nav event: Starting { url: "scrying-test://history-2" }
2026-10-07T12:38:52.7155280Z demo-mac: nav event: SourceChanged { url: "scrying-test://history-2" }
2026-10-07T12:38:52.7155940Z demo-mac: nav event: Completed { url: "scrying-test://history-2", success: true }
2026-10-07T12:38:52.7156580Z demo-mac: nav event: Starting { url: "scrying-test://history-1" }
2026-10-07T12:38:52.7157190Z demo-mac: nav event: SourceChanged { url: "scrying-test://history-1" }
2026-10-07T12:38:52.7157840Z demo-mac: nav event: Completed { url: "scrying-test://history-1", success: true }
2026-10-07T12:38:52.7158480Z demo-mac: interaction-state-test: restore_interaction_state ok
2026-10-07T12:38:52.7159070Z demo-mac: nav event: Starting { url: "scrying-test://find-target" }
2026-10-07T12:38:52.7159680Z demo-mac: nav event: SourceChanged { url: "scrying-test://find-target" }
2026-10-07T12:38:52.7160210Z demo-mac: js->host: loaded:find-target
2026-10-07T12:38:52.7160770Z demo-mac: nav event: Completed { url: "scrying-test://find-target", success: true }
2026-10-07T12:38:52.7161370Z demo-mac: interaction-state-test: restored to C
2026-10-07T12:38:52.7162180Z demo-mac: interaction-state-test: PASS — serialize/restore round-trip verified
2026-10-07T12:38:52.7162840Z   - serialized at C (1024 bytes), navigated back to A, restore landed on C
2026-10-07T12:38:52.7163430Z   - post-restore can_go_back == true, can_go_forward == false
2026-10-07T12:38:52.7186230Z   -> PASS
2026-10-07T12:38:52.7221800Z 
2026-10-07T12:38:52.7222920Z ==> --pointer-input-test
2026-10-07T12:38:54.0578030Z demo-mac: nav event: Starting { url: "scrying-test://pointer" }
2026-10-07T12:38:54.0578870Z demo-mac: nav event: SourceChanged { url: "scrying-test://pointer" }
2026-10-07T12:38:54.0579530Z demo-mac: nav event: Completed { url: "scrying-test://pointer", success: true }
2026-10-07T12:38:54.0580120Z demo-mac: js->host: ready
2026-10-07T12:38:54.0580490Z demo-mac: pointer-input-test: page ready
2026-10-07T12:38:54.0580900Z demo-mac: js->host: ptr:down:50,718:mouse
2026-10-07T12:38:54.0581310Z demo-mac: cursor change: Default
2026-10-07T12:38:54.0581680Z demo-mac: js->host: ptr:move:75,693:mouse
2026-10-07T12:38:54.0582060Z demo-mac: js->host: ptr:up:75,693:mouse
2026-10-07T12:38:54.0582850Z demo-mac: pointer-input-test: PASS — Down/Update/Up reached JS pointer listeners
2026-10-07T12:38:54.0583460Z   - JS observed: down=true move=true up=true leave=false
2026-10-07T12:38:54.0584820Z   - WebKit reported pointerType = Some("mouse") (macOS collapses every device to mouse)
2026-10-07T12:38:54.0615060Z   -> PASS
2026-10-07T12:38:54.0647680Z 
2026-10-07T12:38:54.0648210Z ==> --incognito-test
2026-10-07T12:38:55.0966160Z demo-mac: --incognito-test: spun up persistent comparison producer
2026-10-07T12:38:55.0967010Z demo-mac: incognito-test: set_cookie 'scrying-incognito-49742' on incognito producer
2026-10-07T12:38:55.0967700Z demo-mac: incognito-test: incognito store reports 1 cookie(s)
2026-10-07T12:38:55.0968260Z demo-mac: incognito-test: persistent store reports 0 cookie(s)
2026-10-07T12:38:55.0969180Z demo-mac: incognito-test: PASS — non_persistent stores stay isolated from persistent ones
2026-10-07T12:38:55.0969910Z   - set_cookie on incognito producer was visible to its own request_all_cookies
2026-10-07T12:38:55.0970540Z   - same cookie was absent from a separate persistent producer's store
2026-10-07T12:38:55.1003890Z   -> PASS
2026-10-07T12:38:55.1039010Z 
2026-10-07T12:38:55.1039710Z ==> --download-test
2026-10-07T12:39:02.6202040Z demo-mac: download-test: serving payload at http://127.0.0.1:55045/download
2026-10-07T12:39:02.6202940Z demo-mac: download-test: auth-required payload at http://127.0.0.1:55045/download-auth
2026-10-07T12:39:02.6203650Z demo-mac: nav event: Starting { url: "http://127.0.0.1:55045/download" }
2026-10-07T12:39:02.6205290Z demo-mac: nav event: DownloadStarted { id: DownloadId(1), url: "http://127.0.0.1:55045/download", suggested_filename: "scrying-download.bin", destination_path: "/Users/markik/Code/targets/wgpu-scry-hardware/demo-mac-download-test-49764/download-output/scrying-download.bin", total_bytes_expected: Some(262144) }
2026-10-07T12:39:02.6206930Z demo-mac: nav event: Completed { url: "", success: false }
2026-10-07T12:39:02.6207690Z demo-mac: nav event: DownloadProgress { id: DownloadId(1), bytes_written: 262144, total_bytes_expected: Some(262144) }
2026-10-07T12:39:02.6209100Z demo-mac: nav event: DownloadFinished { id: DownloadId(1), destination_path: "/Users/markik/Code/targets/wgpu-scry-hardware/demo-mac-download-test-49764/download-output/scrying-download.bin", error: None }
2026-10-07T12:39:02.6210860Z demo-mac: download-test: phase A: 262144 bytes landed at /Users/markik/Code/targets/wgpu-scry-hardware/demo-mac-download-test-49764/download-output/scrying-download.bin (matches served payload)
2026-10-07T12:39:02.6212030Z demo-mac: nav event: Starting { url: "http://127.0.0.1:55045/download" }
2026-10-07T12:39:02.6222870Z demo-mac: nav event: Completed { url: "", success: false }
2026-10-07T12:39:02.6223730Z demo-mac: nav event: DownloadCancelled { id: DownloadId(2), destination_path: "", resume_data: None }
2026-10-07T12:39:02.6224550Z demo-mac: download-test: phase B: DownloadCancelled fired for id 2 after host Cancel decision
2026-10-07T12:39:02.6225320Z demo-mac: download-test: phase C: cancel_download(unknown) returned Ok(false) as expected
2026-10-07T12:39:02.6226180Z demo-mac: download-test: auth challenge for host '127.0.0.1' method 'NSURLAuthenticationMethodHTTPBasic'
2026-10-07T12:39:02.6228000Z demo-mac: nav event: AuthChallenged { url: "http://127.0.0.1:55045/download-auth", host: "127.0.0.1", auth_method: "NSURLAuthenticationMethodHTTPBasic", source: Download }
2026-10-07T12:39:02.6230070Z demo-mac: nav event: DownloadStarted { id: DownloadId(3), url: "http://127.0.0.1:55045/download-auth", suggested_filename: "scrying-download.bin", destination_path: "/Users/markik/Code/targets/wgpu-scry-hardware/demo-mac-download-test-49764/download-output/scrying-download-1.bin", total_bytes_expected: Some(262144) }
2026-10-07T12:39:02.6231950Z demo-mac: nav event: DownloadProgress { id: DownloadId(3), bytes_written: 262144, total_bytes_expected: Some(262144) }
2026-10-07T12:39:02.6233430Z demo-mac: nav event: DownloadFinished { id: DownloadId(3), destination_path: "/Users/markik/Code/targets/wgpu-scry-hardware/demo-mac-download-test-49764/download-output/scrying-download-1.bin", error: None }
2026-10-07T12:39:02.6235860Z demo-mac: download-test: phase D: auth-protected download succeeded with 262144 bytes after credentials supplied
2026-10-07T12:39:02.6236680Z demo-mac: nav event: Starting { url: "http://127.0.0.1:55045/download-slow" }
2026-10-07T12:39:02.6237270Z demo-mac: nav event: Completed { url: "", success: false }
2026-10-07T12:39:02.6238890Z demo-mac: nav event: DownloadStarted { id: DownloadId(4), url: "http://127.0.0.1:55045/download-slow", suggested_filename: "scrying-download.bin", destination_path: "/Users/markik/Code/targets/wgpu-scry-hardware/demo-mac-download-test-49764/download-output/scrying-download-2.bin", total_bytes_expected: Some(262144) }
2026-10-07T12:39:02.6240620Z demo-mac: download-test: phase E: cancel_download(4) -> Ok(true), awaiting resume_data
2026-10-07T12:39:02.6359800Z demo-mac: nav event: DownloadCancelled { id: DownloadId(4), destination_path: "/Users/markik/Code/targets/wgpu-scry-hardware/demo-mac-download-test-49764/download-output/scrying-download-2.bin", resume_data: Some([98, 112, 108, 105, 115, 116, 48, 48, 212, 1, 2, 3, 4, 5, 6, 7, 10, 88, 36, 118, 101, 114, 115, 105, 111, 110, 89, 36, 97, 114, 99, 104, 105, 118, 101, 114, 84, 36, 116, 111, 112, 88, 36, 111, 98, 106, 101, 99, 116, 115, 18, 0, 1, 134, 160, 95, 16, 15, 78, 83, 75, 101, 121, 101, 100, 65, 114, 99, 104, 105, 118, 101, 114, 209, 8, 9, 95, 16, 27, 78, 83, 75, 101, 121, 101, 100, 65, 114, 99, 104, 105, 118, 101, 82, 111, 111, 116, 79, 98, 106, 101, 99, 116, 75, 101, 121, 128, 1, 175, 16, 24, 11, 12, 39, 40, 41, 42, 43, 44, 45, 46, 47, 48, 49, 50, 54, 61, 64, 67, 68, 69, 70, 71, 72, 73, 85, 36, 110, 117, 108, 108, 211, 13, 14, 15, 16, 27, 38, 87, 78, 83, 46, 107, 101, 121, 115, 90, 78, 83, 46, 111, 98, 106, 101, 99, 116, 115, 86, 36, 99, 108, 97, 115, 115, 170, 17, 18, 19, 20, 21, 22, 23, 24, 25, 26, 128, 2, 128, 3, 128, 4, 128, 5, 128, 6, 128, 7, 128, 8, 128, 9, 128, 10, 128, 11, 170, 28, 29, 30, 31, 32, 33, 34, 35, 36, 37, 128, 12, 128, 13, 128, 15, 128, 16, 128, 17, 128, 18, 128, 19, 128, 20, 128, 21, 128, 22, 128, 23, 95, 16, 31, 78, 83, 85, 82, 76, 83, 101, 115, 115, 105, 111, 110, 82, 101, 115, 117, 109, 101, 73, 110, 102, 111, 76, 111, 99, 97, 108, 80, 97, 116, 104, 95, 16, 26, 78, 83, 85, 82, 76, 83, 101, 115, 115, 105, 111, 110, 82, 101, 115, 117, 109, 101, 82, 101, 115, 112, 111, 110, 115, 101, 95, 16, 32, 78, 83, 85, 82, 76, 83, 101, 115, 115, 105, 111, 110, 82, 101, 115, 117, 109, 101, 67, 117, 114, 114, 101, 110, 116, 82, 101, 113, 117, 101, 115, 116, 95, 16, 33, 78, 83, 85, 82, 76, 83, 101, 115, 115, 105, 111, 110, 82, 101, 115, 117, 109, 101, 79, 114, 105, 103, 105, 110, 97, 108, 82, 101, 113, 117, 101, 115, 116, 95, 16, 23, 78, 83, 85, 82, 76, 83, 101, 115, 115, 105, 111, 110, 68, 111, 119, 110, 108, 111, 97, 100, 85, 82, 76, 95, 16, 34, 78, 83, 85, 82, 76, 83, 101, 115, 115, 105, 111, 110, 82, 101, 115, 117, 109, 101, 73, 110, 102, 111, 84, 101, 109, 112, 70, 105, 108, 101, 78, 97, 109, 101, 95, 16, 31, 78, 83, 85, 82, 76, 83, 101, 115, 115, 105, 111, 110, 82, 101, 115, 117, 109, 101, 66, 121, 116, 101, 115, 82, 101, 99, 101, 105, 118, 101, 100, 95, 16, 27, 78, 83, 85, 82, 76, 83, 101, 115, 115, 105, 111, 110, 82, 101, 115, 117, 109, 101, 69, 110, 116, 105, 116, 121, 84, 97, 103, 95, 16, 29, 78, 83, 85, 82, 76, 83, 101, 115, 115, 105, 111, 110, 82, 101, 115, 117, 109, 101, 73, 110, 102, 111, 86, 101, 114, 115, 105, 111, 110, 95, 16, 36, 78, 83, 85, 82, 76, 83, 101, 115, 115, 105, 111, 110, 82, 101, 115, 117, 109, 101, 83, 101, 114, 118, 101, 114, 68, 111, 119, 110, 108, 111, 97, 100, 68, 97, 116, 101, 95, 16, 113, 47, 85, 115, 101, 114, 115, 47, 109, 97, 114, 107, 105, 107, 47, 67, 111, 100, 101, 47, 116, 97, 114, 103, 101, 116, 115, 47, 119, 103, 112, 117, 45, 115, 99, 114, 121, 45, 104, 97, 114, 100, 119, 97, 114, 101, 47, 100, 101, 109, 111, 45, 109, 97, 99, 45, 100, 111, 119, 110, 108, 111, 97, 100, 45, 116, 101, 115, 116, 45, 52, 57, 55, 54, 52, 47, 100, 111, 119, 110, 108, 111, 97, 100, 45, 111, 117, 116, 112, 117, 116, 47, 115, 99, 114, 121, 105, 110, 103, 45, 100, 111, 119, 110, 108, 111, 97, 100, 45, 50, 46, 98, 105, 110, 210, 51, 15, 52, 53, 87, 78, 83, 46, 100, 97, 116, 97, 79, 17, 7, 36, 98, 112, 108, 105, 115, 116, 48, 48, 212, 1, 2, 3, 4, 5, 6, 7, 10, 88, 36, 118, 101, 114, 115, 105, 111, 110, 89, 36, 97, 114, 99, 104, 105, 118, 101, 114, 84, 36, 116, 111, 112, 88, 36, 111, 98, 106, 101, 99, 116, 115, 18, 0, 1, 134, 160, 95, 16, 15, 78, 83, 75, 101, 121, 101, 100, 65, 114, 99, 104, 105, 118, 101, 114, 209, 8, 9, 84, 114, 111, 111, 116, 128, 1, 175, 16, 29, 11, 12, 39, 45, 46, 52, 53, 54, 55, 77, 78, 79, 80, 81, 82, 83, 84, 85, 86, 87, 88, 89, 90, 91, 92, 93, 97, 101, 105, 85, 36, 110, 117, 108, 108, 221, 13, 14, 15, 16, 17, 18, 19, 20, 21, 22, 23, 24, 25, 26, 27, 28, 29, 30, 31, 32, 33, 34, 35, 36, 37, 38, 95, 16, 31, 95, 95, 110, 115, 117, 114, 108, 114, 101, 113, 117, 101, 115, 116, 95, 112, 114, 111, 116, 111, 95, 112, 114, 111, 112, 95, 111, 98, 106, 95, 54, 95, 16, 31, 95, 95, 110, 115, 117, 114, 108, 114, 101, 113, 117, 101, 115, 116, 95, 112, 114, 111, 116, 111, 95, 112, 114, 111, 112, 95, 111, 98, 106, 95, 51, 82, 36, 50, 95, 16, 31, 95, 95, 110, 115, 117, 114, 108, 114, 101, 113, 117, 101, 115, 116, 95, 112, 114, 111, 116, 111, 95, 112, 114, 111, 112, 95, 111, 98, 106, 95, 48, 82, 36, 51, 95, 16, 31, 95, 95, 110, 115, 117, 114, 108, 114, 101, 113, 117, 101, 115, 116, 95, 112, 114, 111, 116, 111, 95, 112, 114, 111, 112, 95, 111, 98, 106, 95, 52, 86, 36, 99, 108, 97, 115, 115, 95, 16, 31, 95, 95, 110, 115, 117, 114, 108, 114, 101, 113, 117, 101, 115, 116, 95, 112, 114, 111, 116, 111, 95, 112, 114, 111, 112, 95, 111, 98, 106, 95, 49, 82, 36, 52, 82, 36, 48, 95, 16, 31, 95, 95, 110, 115, 117, 114, 108, 114, 101, 113, 117, 101, 115, 116, 95, 112, 114, 111, 116, 111, 95, 112, 114, 111, 112, 95, 111, 98, 106, 95, 53, 95, 16, 31, 95, 95, 110, 115, 117, 114, 108, 114, 101, 113, 117, 101, 115, 116, 95, 112, 114, 111, 116, 111, 95, 112, 114, 111, 112, 95, 111, 98, 106, 95, 50, 82, 36, 49, 128, 26, 128, 7, 16, 7, 128, 2, 16, 9, 128, 8, 128, 28, 128, 5, 8, 16, 8, 128, 0, 128, 6, 16, 1, 211, 40, 19, 41, 36, 43, 44, 87, 78, 83, 46, 98, 97, 115, 101, 91, 78, 83, 46, 114, 101, 108, 97, 116, 105, 118, 101, 128, 0, 128, 4, 128, 3, 95, 16, 36, 104, 116, 116, 112, 58, 47, 47, 49, 50, 55, 46, 48, 46, 48, 46, 49, 58, 53, 53, 48, 52, 53, 47, 100, 111, 119, 110, 108, 111, 97, 100, 45, 115, 108, 111, 119, 210, 47, 48, 49, 50, 90, 36, 99, 108, 97, 115, 115, 110, 97, 109, 101, 88, 36, 99, 108, 97, 115, 115, 101, 115, 85, 78, 83, 85, 82, 76, 162, 49, 51, 88, 78, 83, 79, 98, 106, 101, 99, 116, 35, 65, 200, 59, 58, 112, 26, 148, 70, 16, 0, 16, 200, 211, 56, 57, 19, 58, 67, 76, 87, 78, 83, 46, 107, 101, 121, 115, 90, 78, 83, 46, 111, 98, 106, 101, 99, 116, 115, 168, 59, 60, 61, 62, 63, 64, 65, 66, 128, 9, 128, 10, 128, 11, 128, 12, 128, 13, 128, 14, 128, 15, 128, 16, 168, 68, 69, 70, 71, 72, 73, 74, 75, 128, 17, 128, 18, 128, 19, 128, 20, 128, 21, 128, 22, 128, 23, 128, 24, 128, 25, 84, 69, 116, 97, 103, 92, 67, 111, 110, 116, 101, 110, 116, 45, 84, 121, 112, 101, 88, 95, 95, 104, 104, 97, 97, 95, 95, 93, 76, 97, 115, 116, 45, 77, 111, 100, 105, 102, 105, 101, 100, 93, 65, 99, 99, 101, 112, 116, 45, 82, 97, 110, 103, 101, 115, 95, 16, 19, 67, 111, 110, 116, 101, 110, 116, 45, 68, 105, 115, 112, 111, 115, 105, 116, 105, 111, 110, 94, 67, 111, 110, 116, 101, 110, 116, 45, 76, 101, 110, 103, 116, 104, 90, 67, 111, 110, 110, 101, 99, 116, 105, 111, 110, 95, 16, 28, 34, 115, 99, 114, 121, 105, 110, 103, 45, 116, 101, 115, 116, 45, 101, 116, 97, 103, 45, 100, 101, 97, 100, 98, 101, 101, 102, 34, 95, 16, 24, 97, 112, 112, 108, 105, 99, 97, 116, 105, 111, 110, 47, 111, 99, 116, 101, 116, 45, 115, 116, 114, 101, 97, 109, 95, 17, 1, 232, 13, 10, 13, 10, 89, 110, 66, 115, 97, 88, 78, 48, 77, 68, 68, 88, 65, 81, 73, 68, 66, 65, 85, 71, 66, 119, 103, 75, 68, 65, 52, 81, 69, 104, 82, 97, 81, 50, 57, 117, 98, 109, 86, 106, 100, 71, 108, 118, 98, 108, 120, 68, 98, 50, 53, 48, 90, 87, 53, 48, 76, 86, 82, 53, 99, 71, 86, 100, 84, 71, 70, 122, 100, 67, 49, 78, 98, 50, 82, 112, 90, 109, 108, 108, 90, 70, 49, 66, 89, 50, 78, 108, 99, 72, 81, 116, 85, 109, 70, 117, 90, 50, 86, 122, 88, 120, 65, 84, 81, 50, 57, 117, 100, 71, 86, 117, 100, 67, 49, 69, 97, 88, 78, 119, 98, 51, 78, 112, 100, 71, 108, 118, 98, 108, 53, 68, 98, 50, 53, 48, 90, 87, 53, 48, 76, 85, 120, 108, 98, 109, 100, 48, 97, 70, 82, 70, 100, 71, 70, 110, 111, 81, 108, 86, 89, 50, 120, 118, 99, 50, 87, 104, 67, 49, 56, 81, 71, 71, 70, 119, 99, 71, 120, 112, 89, 50, 70, 48, 97, 87, 57, 117, 76, 50, 57, 106, 100, 71, 86, 48, 76, 88, 78, 48, 99, 109, 86, 104, 98, 97, 69, 78, 88, 120, 65, 100, 84, 87, 57, 117, 76, 67, 65, 119, 77, 83, 66, 75, 89, 87, 52, 103, 77, 106, 65, 121, 78, 67, 65, 119, 77, 68, 111, 119, 77, 68, 111, 119, 77, 67, 66, 72, 84, 86, 83, 104, 68, 49, 86, 105, 101, 88, 82, 108, 99, 54, 69, 82, 88, 120, 65, 114, 89, 88, 82, 48, 89, 87, 78, 111, 98, 87, 86, 117, 100, 68, 115, 103, 90, 109, 108, 115, 90, 87, 53, 104, 98, 87, 85, 57, 73, 110, 78, 106, 99, 110, 108, 112, 98, 109, 99, 116, 90, 71, 57, 51, 98, 109, 120, 118, 89, 87, 81, 117, 89, 109, 108, 117, 73, 113, 69, 84, 86, 106, 73, 50, 77, 106, 69, 48, 78, 75, 69, 86, 88, 120, 65, 99, 73, 110, 78, 106, 99, 110, 108, 112, 98, 109, 99, 116, 100, 71, 86, 122, 100, 67, 49, 108, 100, 71, 70, 110, 76, 87, 82, 108, 89, 87, 82, 105, 90, 87, 86, 109, 73, 103, 65, 73, 65, 66, 99, 65, 73, 103, 65, 118, 65, 68, 48, 65, 83, 119, 66, 104, 65, 72, 65, 65, 100, 81, 66, 51, 65, 72, 48, 65, 102, 119, 67, 97, 65, 74, 119, 65, 118, 65, 67, 43, 65, 77, 81, 65, 120, 103, 68, 48, 65, 80, 89, 65, 47, 81, 68, 47, 65, 65, 65, 65, 65, 65, 65, 65, 65, 103, 69, 65, 65, 65, 65, 65, 65, 65, 65, 65, 70, 103, 65, 65, 65, 65, 65, 65, 65, 65, 65, 65, 65, 65, 65, 65, 65, 65, 65, 65, 65, 82, 52, 61, 95, 16, 29, 77, 111, 110, 44, 32, 48, 49, 32, 74, 97, 110, 32, 50, 48, 50, 52, 32, 48, 48, 58, 48, 48, 58, 48, 48, 32, 71, 77, 84, 85, 98, 121, 116, 101, 115, 95, 16, 43, 97, 116, 116, 97, 99, 104, 109, 101, 110, 116, 59, 32, 102, 105, 108, 101, 110, 97, 109, 101, 61, 34, 115, 99, 114, 121, 105, 110, 103, 45, 100, 111, 119, 110, 108, 111, 97, 100, 46, 98, 105, 110, 34, 86, 50, 54, 50, 49, 52, 52, 85, 99, 108, 111, 115, 101, 210, 47, 48, 94, 95, 95, 16, 19, 78, 83, 77, 117, 116, 97, 98, 108, 101, 68, 105, 99, 116, 105, 111, 110, 97, 114, 121, 163, 94, 96, 51, 92, 78, 83, 68, 105, 99, 116, 105, 111, 110, 97, 114, 121, 210, 19, 98, 99, 100, 89, 78, 83, 46, 115, 116, 114, 105, 110, 103, 128, 27, 95, 16, 24, 97, 112, 112, 108, 105, 99, 97, 116, 105, 111, 110, 47, 111, 99, 116, 101, 116, 45, 115, 116, 114, 101, 97, 109, 210, 47, 48, 102, 103, 95, 16, 15, 78, 83, 77, 117, 116, 97, 98, 108, 101, 83, 116, 114, 105, 110, 103, 163, 102, 104, 51, 88, 78, 83, 83, 116, 114, 105, 110, 103, 210, 47, 48, 106, 107, 95, 16, 17, 78, 83, 72, 84, 84, 80, 85, 82, 76, 82, 101, 115, 112, 111, 110, 115, 101, 163, 108, 109, 51, 95, 16, 17, 78, 83, 72, 84, 84, 80, 85, 82, 76, 82, 101, 115, 112, 111, 110, 115, 101, 93, 78, 83, 85, 82, 76, 82, 101, 115, 112, 111, 110, 115, 101, 0, 8, 0, 17, 0, 26, 0, 36, 0, 41, 0, 50, 0, 55, 0, 73, 0, 76, 0, 81, 0, 83, 0, 115, 0, 121, 0, 148, 0, 182, 0, 216, 0, 219, 0, 253, 1, 0, 1, 34, 1, 41, 1, 75, 1, 78, 1, 81, 1, 115, 1, 149, 1, 152, 1, 154, 1, 156, 1, 158, 1, 160, 1, 162, 1, 164, 1, 166, 1, 168, 1, 169, 1, 171, 1, 173, 1, 175, 1, 177, 1, 184, 1, 192, 1, 204, 1, 206, 1, 208, 1, 210, 1, 249, 1, 254, 2, 9, 2, 18, 2, 24, 2, 27, 2, 36, 2, 45, 2, 47, 2, 49, 2, 56, 2, 64, 2, 75, 2, 84, 2, 86, 2, 88, 2, 90, 2, 92, 2, 94, 2, 96, 2, 98, 2, 100, 2, 109, 2, 111, 2, 113, 2, 115, 2, 117, 2, 119, 2, 121, 2, 123, 2, 125, 2, 127, 2, 132, 2, 145, 2, 154, 2, 168, 2, 182, 2, 204, 2, 219, 2, 230, 3, 5, 3, 32, 5, 12, 5, 44, 5, 50, 5, 96, 5, 103, 5, 109, 5, 114, 5, 136, 5, 140, 5, 153, 5, 158, 5, 168, 5, 170, 5, 197, 5, 202, 5, 220, 5, 224, 5, 233, 5, 238, 6, 2, 6, 6, 6, 26, 0, 0, 0, 0, 0, 0, 2, 1, 0, 0, 0, 0, 0, 0, 0, 110, 0, 0, 0, 0, 0, 0, 0, 0, 0, 0, 0, 0, 0, 0, 6, 40, 128, 14, 210, 55, 56, 57, 58, 90, 36, 99, 108, 97, 115, 115, 110, 97, 109, 101, 88, 36, 99, 108, 97, 115, 115, 101, 115, 93, 78, 83, 77, 117, 116, 97, 98, 108, 101, 68, 97, 116, 97, 163, 57, 59, 60, 86, 78, 83, 68, 97, 116, 97, 88, 78, 83, 79, 98, 106, 101, 99, 116, 210, 51, 15, 62, 53, 79, 17, 15, 254, 98, 112, 108, 105, 115, 116, 48, 48, 212, 1, 2, 3, 4, 5, 6, 7, 10, 88, 36, 118, 101, 114, 115, 105, 111, 110, 89, 36, 97, 114, 99, 104, 105, 118, 101, 114, 84, 36, 116, 111, 112, 88, 36, 111, 98, 106, 101, 99, 116, 115, 18, 0, 1, 134, 160, 95, 16, 15, 78, 83, 75, 101, 121, 101, 100, 65, 114, 99, 104, 105, 118, 101, 114, 209, 8, 9, 95, 16, 27, 78, 83, 75, 101, 121, 101, 100, 65, 114, 99, 104, 105, 118, 101, 82, 111, 111, 116, 79, 98, 106, 101, 99, 116, 75, 101, 121, 128, 1, 175, 16, 50, 11, 12, 70, 121, 127, 128, 134, 76, 135, 139, 89, 141, 94, 142, 110, 143, 144, 168, 169, 170, 171, 172, 173, 174, 175, 176, 177, 178, 179, 180, 181, 182, 183, 184, 185, 186, 190, 204, 205, 206, 207, 208, 209, 210, 211, 212, 218, 219, 220, 223, 85, 36, 110, 117, 108, 108, 223, 16, 56, 13, 14, 15, 16, 17, 18, 19, 20, 21, 22, 23, 24, 25, 26, 27, 28, 29, 30, 31, 32, 33, 34, 35, 36, 37, 38, 39, 40, 41, 42, 43, 44, 45, 46, 47, 48, 49, 50, 51, 52, 53, 54, 55, 56, 57, 58, 59, 60, 61, 62, 63, 64, 65, 66, 67, 68, 69, 70, 71, 69, 70, 69, 70, 74, 75, 76, 77, 78, 79, 78, 77, 75, 83, 78, 85, 86, 70, 88, 89, 70, 74, 70, 70, 94, 95, 96, 97, 78, 69, 70, 75, 89, 70, 103, 104, 78, 69, 71, 94, 70, 108, 78, 110, 70, 70, 70, 114, 70, 78, 117, 70, 78, 95, 16, 24, 114, 101, 113, 117, 105, 114, 101, 115, 68, 78, 83, 83, 69, 67, 86, 97, 108, 105, 100, 97, 116, 105, 111, 110, 95, 16, 18, 105, 115, 87, 101, 98, 83, 101, 97, 114, 99, 104, 67, 111, 110, 116, 101, 110, 116, 95, 16, 31, 95, 95, 110, 115, 117, 114, 108, 114, 101, 113, 117, 101, 115, 116, 95, 112, 114, 111, 116, 111, 95, 112, 114, 111, 112, 95, 111, 98, 106, 95, 57, 95, 16, 20, 97, 108, 108, 111, 119, 101, 100, 80, 114, 111, 116, 111, 99, 111, 108, 84, 121, 112, 101, 115, 93, 98, 108, 111, 99, 107, 84, 114, 97, 99, 107, 101, 114, 115, 95, 16, 30, 97, 108, 108, 111, 119, 115, 67, 111, 110, 115, 116, 114, 97, 105, 110, 101, 100, 78, 101, 116, 119, 111, 114, 107, 65, 99, 99, 101, 115, 115, 95, 16, 19, 97, 115, 115, 117, 109, 101, 115, 72, 84, 84, 80, 51, 67, 97, 112, 97, 98, 108, 101, 95, 16, 32, 95, 95, 110, 115, 117, 114, 108, 114, 101, 113, 117, 101, 115, 116, 95, 112, 114, 111, 116, 111, 95, 112, 114, 111, 112, 95, 111, 98, 106, 95, 49, 48, 95, 16, 32, 95, 95, 110, 115, 117, 114, 108, 114, 101, 113, 117, 101, 115, 116, 95, 112, 114, 111, 116, 111, 95, 112, 114, 111, 112, 95, 111, 98, 106, 95, 49, 49, 91, 97, 116, 116, 114, 105, 98, 117, 116, 105, 111, 110, 95, 16, 32, 95, 95, 110, 115, 117, 114, 108, 114, 101, 113, 117, 101, 115, 116, 95, 112, 114, 111, 116, 111, 95, 112, 114, 111, 112, 95, 111, 98, 106, 95, 49, 50, 95, 16, 32, 95, 95, 110, 115, 117, 114, 108, 114, 101, 113, 117, 101, 115, 116, 95, 112, 114, 111, 116, 111, 95, 112, 114, 111, 112, 95, 111, 98, 106, 95, 50, 48, 95, 16, 26, 95, 95, 110, 115, 117, 114, 108, 114, 101, 113, 117, 101, 115, 116, 95, 112, 114, 111, 116, 111, 95, 112, 114, 111, 112, 115, 95, 16, 32, 95, 95, 110, 115, 117, 114, 108, 114, 101, 113, 117, 101, 115, 116, 95, 112, 114, 111, 116, 111, 95, 112, 114, 111, 112, 95, 111, 98, 106, 95, 50, 49, 95, 16, 32, 95, 95, 110, 115, 117, 114, 108, 114, 101, 113, 117, 101, 115, 116, 95, 112, 114, 111, 116, 111, 95, 112, 114, 111, 112, 95, 111, 98, 106, 95, 49, 51, 95, 16, 32, 95, 95, 110, 115, 117, 114, 108, 114, 101, 113, 117, 101, 115, 116, 95, 112, 114, 111, 116, 111, 95, 112, 114, 111, 112, 95, 111, 98, 106, 95, 49, 52, 95, 16, 32, 95, 95, 110, 115, 117, 114, 108, 114, 101, 113, 117, 101, 115, 116, 95, 112, 114, 111, 116, 111, 95, 112, 114, 111, 112, 95, 111, 98, 106, 95, 49, 53, 95, 16, 32, 95, 95, 110, 115, 117, 114, 108, 114, 101, 113, 117, 101, 115, 116, 95, 112, 114, 111, 116, 111, 95, 112, 114, 111, 112, 95, 111, 98, 106, 95, 49, 54, 95, 16, 32, 95, 95, 110, 115, 117, 114, 108, 114, 101, 113, 117, 101, 115, 116, 95, 112, 114, 111, 116, 111, 95, 112, 114, 111, 112, 95, 111, 98, 106, 95, 49, 55, 95, 16, 32, 95, 95, 110, 115, 117, 114, 108, 114, 101, 113, 117, 101, 115, 116, 95, 112, 114, 111, 116, 111, 95, 112, 114, 111, 112, 95, 111, 98, 106, 95, 49, 56, 95, 16, 22, 117, 115, 101, 69, 110, 104, 97, 110, 99, 101, 100, 80, 114, 105, 118, 97, 99, 121, 77, 111, 100, 101, 95, 16, 32, 95, 95, 110, 115, 117, 114, 108, 114, 101, 113, 117, 101, 115, 116, 95, 112, 114, 111, 116, 111, 95, 112, 114, 111, 112, 95, 111, 98, 106, 95, 49, 57, 95, 16, 37, 97, 108, 108, 111, 119, 80, 114, 105, 118, 97, 116, 101, 65, 99, 99, 101, 115, 115, 84, 111, 107, 101, 110, 115, 70, 111, 114, 84, 104, 105, 114, 100, 80, 97, 114, 116, 121, 95, 16, 19, 97, 108, 108, 111, 119, 115, 80, 101, 114, 115, 105, 115, 116, 101, 110, 116, 68, 78, 83, 95, 16, 31, 95, 95, 110, 115, 117, 114, 108, 114, 101, 113, 117, 101, 115, 116, 95, 112, 114, 111, 116, 111, 95, 112, 114, 111, 112, 95, 111, 98, 106, 95, 48, 95, 16, 30, 114, 101, 113, 117, 105, 114, 101, 115, 83, 104, 111, 114, 116, 67, 111, 110, 110, 101, 99, 116, 105, 111, 110, 84, 105, 109, 101, 111, 117, 116, 95, 16, 22, 112, 114, 105, 118, 97, 99, 121, 80, 114, 111, 120, 121, 70, 97, 105, 108, 67, 108, 111, 115, 101, 100, 95, 16, 26, 112, 97, 121, 108, 111, 97, 100, 84, 114, 97, 110, 115, 109, 105, 115, 115, 105, 111, 110, 84, 105, 109, 101, 111, 117, 116, 95, 16, 31, 95, 95, 110, 115, 117, 114, 108, 114, 101, 113, 117, 101, 115, 116, 95, 112, 114, 111, 116, 111, 95, 112, 114, 111, 112, 95, 111, 98, 106, 95, 49, 95, 16, 39, 99, 111, 110, 116, 101, 110, 116, 68, 105, 115, 112, 111, 115, 105, 116, 105, 111, 110, 69, 110, 99, 111, 100, 105, 110, 103, 70, 97, 108, 108, 98, 97, 99, 107, 65, 114, 114, 97, 121, 95, 16, 31, 95, 95, 110, 115, 117, 114, 108, 114, 101, 113, 117, 101, 115, 116, 95, 112, 114, 111, 116, 111, 95, 112, 114, 111, 112, 95, 111, 98, 106, 95, 50, 94, 116, 114, 97, 99, 107, 101, 114, 67, 111, 110, 116, 101, 120, 116, 89, 97, 108, 108, 111, 119, 115, 85, 67, 65, 95, 16, 20, 112, 114, 111, 104, 105, 98, 105, 116, 80, 114, 105, 118, 97, 99, 121, 80, 114, 111, 120, 121, 95, 16, 31, 95, 95, 110, 115, 117, 114, 108, 114, 101, 113, 117, 101, 115, 116, 95, 112, 114, 111, 116, 111, 95, 112, 114, 111, 112, 95, 111, 98, 106, 95, 51, 95, 16, 48, 112, 114, 105, 118, 97, 99, 121, 80, 114, 111, 120, 121, 70, 97, 105, 108, 67, 108, 111, 115, 101, 100, 70, 111, 114, 85, 110, 114, 101, 97, 99, 104, 97, 98, 108, 101, 78, 111, 110, 77, 97, 105, 110, 72, 111, 115, 116, 115, 95, 16, 41, 112, 114, 105, 118, 97, 99, 121, 80, 114, 111, 120, 121, 70, 97, 105, 108, 67, 108, 111, 115, 101, 100, 70, 111, 114, 85, 110, 114, 101, 97, 99, 104, 97, 98, 108, 101, 72, 111, 115, 116, 115, 86, 36, 99, 108, 97, 115, 115, 95, 16, 31, 95, 95, 110, 115, 117, 114, 108, 114, 101, 113, 117, 101, 115, 116, 95, 112, 114, 111, 116, 111, 95, 112, 114, 111, 112, 95, 111, 98, 106, 95, 52, 95, 16, 24, 98, 111, 117, 110, 100, 73, 110, 116, 101, 114, 102, 97, 99, 101, 73, 100, 101, 110, 116, 105, 102, 105, 101, 114, 95, 16, 28, 97, 108, 108, 111, 119, 115, 69, 120, 112, 101, 110, 115, 105, 118, 101, 78, 101, 116, 119, 111, 114, 107, 65, 99, 99, 101, 115, 115, 95, 16, 31, 95, 95, 110, 115, 117, 114, 108, 114, 101, 113, 117, 101, 115, 116, 95, 112, 114, 111, 116, 111, 95, 112, 114, 111, 112, 95, 111, 98, 106, 95, 53, 95, 16, 16, 115, 116, 97, 114, 116, 84, 105, 109, 101, 111, 117, 116, 84, 105, 109, 101, 95, 16, 18, 112, 114, 101, 118, 101, 110, 116, 72, 83, 84, 83, 83, 116, 111, 114, 97, 103, 101, 95, 16, 31, 95, 95, 110, 115, 117, 114, 108, 114, 101, 113, 117, 101, 115, 116, 95, 112, 114, 111, 116, 111, 95, 112, 114, 111, 112, 95, 111, 98, 106, 95, 54, 95, 16, 25, 99, 111, 111, 107, 105, 101, 80, 97, 114, 116, 105, 116, 105, 111, 110, 73, 100, 101, 110, 116, 105, 102, 105, 101, 114, 82, 36, 48, 95, 16, 34, 102, 97, 105, 108, 73, 110, 115, 101, 99, 117, 114, 101, 76, 111, 97, 100, 87, 105, 116, 104, 72, 84, 84, 80, 83, 68, 78, 83, 82, 101, 99, 111, 114, 100, 92, 107, 110, 111, 119, 110, 84, 114, 97, 99, 107, 101, 114, 90, 105, 103, 110, 111, 114, 101, 72, 83, 84, 83, 82, 36, 49, 95, 16, 27, 97, 108, 108, 111, 119, 79, 110, 108, 121, 80, 97, 114, 116, 105, 116, 105, 111, 110, 101, 100, 67, 111, 111, 107, 105, 101, 115, 95, 16, 31, 95, 95, 110, 115, 117, 114, 108, 114, 101, 113, 117, 101, 115, 116, 95, 112, 114, 111, 116, 111, 95, 112, 114, 111, 112, 95, 111, 98, 106, 95, 55, 82, 36, 50, 95, 16, 33, 115, 99, 104, 101, 109, 101, 87, 97, 115, 85, 112, 103, 114, 97, 100, 101, 100, 68, 117, 101, 84, 111, 68, 121, 110, 97, 109, 105, 99, 72, 83, 84, 83, 95, 16, 31, 95, 95, 110, 115, 117, 114, 108, 114, 101, 113, 117, 101, 115, 116, 95, 112, 114, 111, 116, 111, 95, 112, 114, 111, 112, 95, 111, 98, 106, 95, 56, 16, 0, 8, 128, 10, 8, 8, 128, 2, 128, 7, 16, 0, 128, 12, 128, 0, 128, 36, 128, 0, 128, 12, 128, 7, 128, 13, 128, 0, 128, 14, 128, 15, 8, 128, 16, 9, 8, 128, 2, 8, 8, 35, 0, 0, 0, 0, 0, 0, 0, 0, 128, 3, 128, 45, 128, 6, 128, 0, 8, 128, 7, 9, 8, 128, 49, 128, 8, 128, 0, 128, 10, 8, 128, 11, 128, 0, 16, 2, 8, 8, 8, 16, 9, 8, 128, 0, 16, 22, 8, 128, 0, 8, 211, 122, 50, 123, 78, 125, 126, 87, 78, 83, 46, 98, 97, 115, 101, 91, 78, 83, 46, 114, 101, 108, 97, 116, 105, 118, 101, 128, 0, 128, 5, 128, 4, 95, 16, 36, 104, 116, 116, 112, 58, 47, 47, 49, 50, 55, 46, 48, 46, 48, 46, 49, 58, 53, 53, 48, 52, 53, 47, 100, 111, 119, 110, 108, 111, 97, 100, 45, 115, 108, 111, 119, 210, 129, 130, 131, 132, 90, 36, 99, 108, 97, 115, 115, 110, 97, 109, 101, 88, 36, 99, 108, 97, 115, 115, 101, 115, 85, 78, 83, 85, 82, 76, 162, 131, 133, 88, 78, 83, 79, 98, 106, 101, 99, 116, 35, 64, 78, 0, 0, 0, 0, 0, 0, 211, 122, 50, 123, 78, 125, 138, 128, 0, 128, 5, 128, 9, 95, 16, 36, 104, 116, 116, 112, 58, 47, 47, 49, 50, 55, 46, 48, 46, 48, 46, 49, 58, 53, 53, 48, 52, 53, 47, 100, 111, 119, 110, 108, 111, 97, 100, 45, 115, 108, 111, 119, 9, 17, 1, 134, 16, 4, 83, 71, 69, 84, 211, 145, 146, 50, 147, 157, 167, 87, 78, 83, 46, 107, 101, 121, 115, 90, 78, 83, 46, 111, 98, 106, 101, 99, 116, 115, 169, 148, 149, 150, 151, 152, 153, 154, 155, 156, 128, 17, 128, 18, 128, 19, 128, 20, 128, 21, 128, 22, 128, 23, 128, 24, 128, 25, 169, 158, 159, 160, 161, 162, 163, 164, 165, 166, 128, 26, 128, 27, 128, 28, 128, 29, 128, 30, 128, 31, 128, 32, 128, 33, 128, 34, 128, 35, 86, 65, 99, 99, 101, 112, 116, 94, 83, 101, 99, 45, 70, 101, 116, 99, 104, 45, 83, 105, 116, 101, 88, 95, 95, 104, 104, 97, 97, 95, 95, 95, 16, 25, 85, 112, 103, 114, 97, 100, 101, 45, 73, 110, 115, 101, 99, 117, 114, 101, 45, 82, 101, 113, 117, 101, 115, 116, 115, 94, 83, 101, 99, 45, 70, 101, 116, 99, 104, 45, 77, 111, 100, 101, 90, 85, 115, 101, 114, 45, 65, 103, 101, 110, 116, 95, 16, 15, 65, 99, 99, 101, 112, 116, 45, 76, 97, 110, 103, 117, 97, 103, 101, 94, 83, 101, 99, 45, 70, 101, 116, 99, 104, 45, 68, 101, 115, 116, 95, 16, 15, 65, 99, 99, 101, 112, 116, 45, 69, 110, 99, 111, 100, 105, 110, 103, 95, 16, 63, 116, 101, 120, 116, 47, 104, 116, 109, 108, 44, 97, 112, 112, 108, 105, 99, 97, 116, 105, 111, 110, 47, 120, 104, 116, 109, 108, 43, 120, 109, 108, 44, 97, 112, 112, 108, 105, 99, 97, 116, 105, 111, 110, 47, 120, 109, 108, 59, 113, 61, 48, 46, 57, 44, 42, 47, 42, 59, 113, 61, 48, 46, 56, 84, 110, 111, 110, 101, 95, 17, 2, 108, 13, 10, 13, 10, 89, 110, 66, 115, 97, 88, 78, 48, 77, 68, 68, 89, 65, 81, 73, 68, 66, 65, 85, 71, 66, 119, 103, 74, 67, 119, 48, 80, 69, 82, 77, 86, 70, 49, 90, 66, 89, 50, 78, 108, 99, 72, 82, 101, 85, 50, 86, 106, 76, 85, 90, 108, 100, 71, 78, 111, 76, 86, 78, 112, 100, 71, 86, 102, 69, 66, 108, 86, 99, 71, 100, 121, 89, 87, 82, 108, 76, 85, 108, 117, 99, 50, 86, 106, 100, 88, 74, 108, 76, 86, 74, 108, 99, 88, 86, 108, 99, 51, 82, 122, 88, 108, 78, 108, 89, 121, 49, 71, 90, 88, 82, 106, 97, 67, 49, 78, 98, 50, 82, 108, 87, 108, 86, 122, 90, 88, 73, 116, 81, 87, 100, 108, 98, 110, 82, 102, 69, 65, 57, 66, 89, 50, 78, 108, 99, 72, 81, 116, 84, 71, 70, 117, 90, 51, 86, 104, 90, 50, 86, 101, 85, 50, 86, 106, 76, 85, 90, 108, 100, 71, 78, 111, 76, 85, 82, 108, 99, 51, 82, 102, 69, 65, 57, 66, 89, 50, 78, 108, 99, 72, 81, 116, 82, 87, 53, 106, 98, 50, 82, 112, 98, 109, 101, 104, 67, 108, 56, 81, 80, 51, 82, 108, 101, 72, 81, 118, 97, 72, 82, 116, 98, 67, 120, 104, 99, 72, 66, 115, 97, 87, 78, 104, 100, 71, 108, 118, 98, 105, 57, 52, 97, 72, 82, 116, 98, 67, 116, 52, 98, 87, 119, 115, 89, 88, 66, 119, 98, 71, 108, 106, 89, 88, 82, 112, 98, 50, 52, 118, 101, 71, 49, 115, 79, 51, 69, 57, 77, 67, 52, 53, 76, 67, 111, 118, 75, 106, 116, 120, 80, 84, 65, 117, 79, 75, 69, 77, 86, 71, 53, 118, 98, 109, 87, 104, 68, 108, 69, 120, 111, 82, 66, 89, 98, 109, 70, 50, 97, 87, 100, 104, 100, 71, 87, 104, 69, 108, 56, 81, 87, 69, 49, 118, 101, 109, 108, 115, 98, 71, 69, 118, 78, 83, 52, 119, 73, 67, 104, 78, 89, 87, 78, 112, 98, 110, 82, 118, 99, 50, 103, 55, 73, 69, 108, 117, 100, 71, 86, 115, 73, 69, 49, 104, 89, 121, 66, 80, 85, 121, 66, 89, 73, 68, 69, 119, 88, 122, 69, 49, 88, 122, 99, 112, 73, 69, 70, 119, 99, 71, 120, 108, 86, 50, 86, 105, 83, 50, 108, 48, 76, 122, 89, 119, 78, 83, 52, 120, 76, 106, 69, 49, 73, 67, 104, 76, 83, 70, 82, 78, 84, 67, 119, 103, 98, 71, 108, 114, 90, 83, 66, 72, 90, 87, 78, 114, 98, 121, 109, 104, 70, 70, 53, 108, 98, 105, 49, 86, 85, 121, 120, 108, 98, 106, 116, 120, 80, 84, 65, 117, 79, 97, 69, 87, 87, 71, 82, 118, 89, 51, 86, 116, 90, 87, 53, 48, 111, 82, 104, 100, 90, 51, 112, 112, 99, 67, 119, 103, 90, 71, 86, 109, 98, 71, 70, 48, 90, 81, 65, 73, 65, 66, 107, 65, 73, 65, 65, 118, 65, 69, 115, 65, 87, 103, 66, 108, 65, 72, 99, 65, 104, 103, 67, 89, 65, 74, 111, 65, 51, 65, 68, 101, 65, 79, 77, 65, 53, 81, 68, 110, 65, 79, 107, 65, 56, 103, 68, 48, 65, 85, 56, 66, 85, 81, 70, 103, 65, 87, 73, 66, 97, 119, 70, 116, 65, 65, 65, 65, 65, 65, 65, 65, 65, 103, 69, 65, 65, 65, 65, 65, 65, 65, 65, 65, 71, 81, 65, 65, 65, 65, 65, 65, 65, 65, 65, 65, 65, 65, 65, 65, 65, 65, 65, 65, 65, 88, 115, 61, 81, 49, 88, 110, 97, 118, 105, 103, 97, 116, 101, 95, 16, 88, 77, 111, 122, 105, 108, 108, 97, 47, 53, 46, 48, 32, 40, 77, 97, 99, 105, 110, 116, 111, 115, 104, 59, 32, 73, 110, 116, 101, 108, 32, 77, 97, 99, 32, 79, 83, 32, 88, 32, 49, 48, 95, 49, 53, 95, 55, 41, 32, 65, 112, 112, 108, 101, 87, 101, 98, 75, 105, 116, 47, 54, 48, 53, 46, 49, 46, 49, 53, 32, 40, 75, 72, 84, 77, 76, 44, 32, 108, 105, 107, 101, 32, 71, 101, 99, 107, 111, 41, 94, 101, 110, 45, 85, 83, 44, 101, 110, 59, 113, 61, 48, 46, 57, 88, 100, 111, 99, 117, 109, 101, 110, 116, 93, 103, 122, 105, 112, 44, 32, 100, 101, 102, 108, 97, 116, 101, 210, 129, 130, 187, 188, 95, 16, 19, 78, 83, 77, 117, 116, 97, 98, 108, 101, 68, 105, 99, 116, 105, 111, 110, 97, 114, 121, 163, 187, 189, 133, 92, 78, 83, 68, 105, 99, 116, 105, 111, 110, 97, 114, 121, 211, 145, 146, 50, 191, 197, 167, 165, 192, 193, 194, 195, 196, 128, 37, 128, 38, 128, 39, 128, 40, 128, 41, 165, 198, 199, 199, 201, 199, 128, 42, 128, 43, 128, 43, 128, 44, 128, 43, 128, 35, 95, 16, 42, 95, 107, 67, 70, 72, 84, 84, 80, 67, 111, 111, 107, 105, 101, 80, 111, 108, 105, 99, 121, 80, 114, 111, 112, 101, 114, 116, 121, 83, 105, 116, 101, 70, 111, 114, 67, 111, 111, 107, 105, 101, 115, 95, 16, 48, 95, 107, 67, 70, 72, 84, 84, 80, 67, 111, 111, 107, 105, 101, 80, 111, 108, 105, 99, 121, 80, 114, 111, 112, 101, 114, 116, 121, 73, 115, 84, 111, 112, 76, 101, 118, 101, 108, 78, 97, 118, 105, 103, 97, 116, 105, 111, 110, 95, 16, 21, 87, 75, 86, 101, 114, 121, 76, 111, 119, 76, 111, 97, 100, 80, 114, 105, 111, 114, 105, 116, 121, 95, 16, 24, 95, 107, 67, 70, 85, 82, 76, 67, 97, 99, 104, 101, 80, 97, 114, 116, 105, 116, 105, 111, 110, 75, 101, 121, 95, 16, 32, 107, 67, 70, 85, 82, 76, 82, 101, 113, 117, 101, 115, 116, 65, 108, 108, 111, 119, 65, 108, 108, 80, 79, 83, 84, 67, 97, 99, 104, 105, 110, 103, 95, 16, 36, 104, 116, 116, 112, 58, 47, 47, 49, 50, 55, 46, 48, 46, 48, 46, 49, 58, 53, 53, 48, 52, 53, 47, 100, 111, 119, 110, 108, 111, 97, 100, 45, 115, 108, 111, 119, 16, 1, 89, 49, 50, 55, 46, 48, 46, 48, 46, 49, 210, 146, 50, 213, 217, 163, 83, 215, 216, 128, 13, 128, 46, 128, 47, 128, 48, 16, 12, 16, 5, 210, 129, 130, 221, 222, 87, 78, 83, 65, 114, 114, 97, 121, 162, 221, 133, 210, 129, 130, 224, 225, 95, 16, 19, 78, 83, 77, 117, 116, 97, 98, 108, 101, 85, 82, 76, 82, 101, 113, 117, 101, 115, 116, 163, 226, 227, 133, 95, 16, 19, 78, 83, 77, 117, 116, 97, 98, 108, 101, 85, 82, 76, 82, 101, 113, 117, 101, 115, 116, 92, 78, 83, 85, 82, 76, 82, 101, 113, 117, 101, 115, 116, 0, 8, 0, 17, 0, 26, 0, 36, 0, 41, 0, 50, 0, 55, 0, 73, 0, 76, 0, 106, 0, 108, 0, 161, 0, 167, 1, 26, 1, 53, 1, 74, 1, 108, 1, 131, 1, 145, 1, 178, 1, 200, 1, 235, 2, 14, 2, 26, 2, 61, 2, 96, 2, 125, 2, 160, 2, 195, 2, 230, 3, 9, 3, 44, 3, 79, 3, 114, 3, 139, 3, 174, 3, 214, 3, 236, 4, 14, 4, 47, 4, 72, 4, 101, 4, 135, 4, 177, 4, 211, 4, 226, 4, 236, 5, 3, 5, 37, 5, 88, 5, 132, 5, 139, 5, 173, 5, 200, 5, 231, 6, 9, 6, 28, 6, 49, 6, 83, 6, 111, 6, 114, 6, 151, 6, 164, 6, 175, 6, 178, 6, 208, 6, 242, 6, 245, 7, 25, 7, 59, 7, 61, 7, 62, 7, 64, 7, 65, 7, 66, 7, 68, 7, 70, 7, 72, 7, 74, 7, 76, 7, 78, 7, 80, 7, 82, 7, 84, 7, 86, 7, 88, 7, 90, 7, 92, 7, 93, 7, 95, 7, 96, 7, 97, 7, 99, 7, 100, 7, 101, 7, 110, 7, 112, 7, 114, 7, 116, 7, 118, 7, 119, 7, 121, 7, 122, 7, 123, 7, 125, 7, 127, 7, 129, 7, 131, 7, 132, 7, 134, 7, 136, 7, 138, 7, 139, 7, 140, 7, 141, 7, 143, 7, 144, 7, 146, 7, 148, 7, 149, 7, 151, 7, 152, 7, 159, 7, 167, 7, 179, 7, 181, 7, 183, 7, 185, 7, 224, 7, 229, 7, 240, 7, 249, 7, 255, 8, 2, 8, 11, 8, 20, 8, 27, 8, 29, 8, 31, 8, 33, 8, 72, 8, 73, 8, 76, 8, 78, 8, 82, 8, 89, 8, 97, 8, 108, 8, 118, 8, 120, 8, 122, 8, 124, 8, 126, 8, 128, 8, 130, 8, 132, 8, 134, 8, 136, 8, 146, 8, 148, 8, 150, 8, 152, 8, 154, 8, 156, 8, 158, 8, 160, 8, 162, 8, 164, 8, 166, 8, 173, 8, 188, 8, 197, 8, 225, 8, 240, 8, 251, 9, 13, 9, 28, 9, 46, 9, 112, 9, 117, 11, 229, 11, 231, 11, 240, 12, 75, 12, 90, 12, 99, 12, 113, 12, 118, 12, 140, 12, 144, 12, 157, 12, 164, 12, 170, 12, 172, 12, 174, 12, 176, 12, 178, 12, 180, 12, 186, 12, 188, 12, 190, 12, 192, 12, 194, 12, 196, 12, 198, 12, 243, 13, 38, 13, 62, 13, 89, 13, 124, 13, 163, 13, 165, 13, 175, 13, 180, 13, 184, 13, 186, 13, 188, 13, 190, 13, 192, 13, 194, 13, 196, 13, 201, 13, 209, 13, 212, 13, 217, 13, 239, 13, 243, 14, 9, 0, 0, 0, 0, 0, 0, 2, 1, 0, 0, 0, 0, 0, 0, 0, 228, 0, 0, 0, 0, 0, 0, 0, 0, 0, 0, 0, 0, 0, 0, 14, 22, 128, 14, 210, 51, 15, 65, 53, 79, 17, 15, 45, 98, 112, 108, 105, 115, 116, 48, 48, 212, 1, 2, 3, 4, 5, 6, 7, 10, 88, 36, 118, 101, 114, 115, 105, 111, 110, 89, 36, 97, 114, 99, 104, 105, 118, 101, 114, 84, 36, 116, 111, 112, 88, 36, 111, 98, 106, 101, 99, 116, 115, 18, 0, 1, 134, 160, 95, 16, 15, 78, 83, 75, 101, 121, 101, 100, 65, 114, 99, 104, 105, 118, 101, 114, 209, 8, 9, 95, 16, 27, 78, 83, 75, 101, 121, 101, 100, 65, 114, 99, 104, 105, 118, 101, 82, 111, 111, 116, 79, 98, 106, 101, 99, 116, 75, 101, 121, 128, 1, 175, 16, 46, 11, 12, 70, 121, 127, 128, 134, 76, 135, 139, 89, 141, 94, 142, 110, 143, 144, 164, 165, 166, 167, 168, 169, 170, 171, 172, 173, 174, 175, 176, 177, 178, 182, 196, 197, 198, 199, 200, 201, 202, 203, 204, 210, 211, 212, 215, 85, 36, 110, 117, 108, 108, 223, 16, 56, 13, 14, 15, 16, 17, 18, 19, 20, 21, 22, 23, 24, 25, 26, 27, 28, 29, 30, 31, 32, 33, 34, 35, 36, 37, 38, 39, 40, 41, 42, 43, 44, 45, 46, 47, 48, 49, 50, 51, 52, 53, 54, 55, 56, 57, 58, 59, 60, 61, 62, 63, 64, 65, 66, 67, 68, 69, 70, 71, 69, 70, 69, 70, 74, 75, 76, 77, 78, 79, 78, 77, 75, 83, 78, 85, 86, 70, 88, 89, 70, 74, 70, 70, 94, 95, 96, 97, 78, 69, 70, 75, 89, 70, 103, 104, 78, 69, 71, 94, 70, 108, 78, 110, 70, 70, 70, 114, 70, 78, 117, 70, 78, 95, 16, 24, 114, 101, 113, 117, 105, 114, 101, 115, 68, 78, 83, 83, 69, 67, 86, 97, 108, 105, 100, 97, 116, 105, 111, 110, 95, 16, 18, 105, 115, 87, 101, 98, 83, 101, 97, 114, 99, 104, 67, 111, 110, 116, 101, 110, 116, 95, 16, 31, 95, 95, 110, 115, 117, 114, 108, 114, 101, 113, 117, 101, 115, 116, 95, 112, 114, 111, 116, 111, 95, 112, 114, 111, 112, 95, 111, 98, 106, 95, 57, 95, 16, 20, 97, 108, 108, 111, 119, 101, 100, 80, 114, 111, 116, 111, 99, 111, 108, 84, 121, 112, 101, 115, 93, 98, 108, 111, 99, 107, 84, 114, 97, 99, 107, 101, 114, 115, 95, 16, 30, 97, 108, 108, 111, 119, 115, 67, 111, 110, 115, 116, 114, 97, 105, 110, 101, 100, 78, 101, 116, 119, 111, 114, 107, 65, 99, 99, 101, 115, 115, 95, 16, 19, 97, 115, 115, 117, 109, 101, 115, 72, 84, 84, 80, 51, 67, 97, 112, 97, 98, 108, 101, 95, 16, 32, 95, 95, 110, 115, 117, 114, 108, 114, 101, 113, 117, 101, 115, 116, 95, 112, 114, 111, 116, 111, 95, 112, 114, 111, 112, 95, 111, 98, 106, 95, 49, 48, 95, 16, 32, 95, 95, 110, 115, 117, 114, 108, 114, 101, 113, 117, 101, 115, 116, 95, 112, 114, 111, 116, 111, 95, 112, 114, 111, 112, 95, 111, 98, 106, 95, 49, 49, 91, 97, 116, 116, 114, 105, 98, 117, 116, 105, 111, 110, 95, 16, 32, 95, 95, 110, 115, 117, 114, 108, 114, 101, 113, 117, 101, 115, 116, 95, 112, 114, 111, 116, 111, 95, 112, 114, 111, 112, 95, 111, 98, 106, 95, 49, 50, 95, 16, 32, 95, 95, 110, 115, 117, 114, 108, 114, 101, 113, 117, 101, 115, 116, 95, 112, 114, 111, 116, 111, 95, 112, 114, 111, 112, 95, 111, 98, 106, 95, 50, 48, 95, 16, 26, 95, 95, 110, 115, 117, 114, 108, 114, 101, 113, 117, 101, 115, 116, 95, 112, 114, 111, 116, 111, 95, 112, 114, 111, 112, 115, 95, 16, 32, 95, 95, 110, 115, 117, 114, 108, 114, 101, 113, 117, 101, 115, 116, 95, 112, 114, 111, 116, 111, 95, 112, 114, 111, 112, 95, 111, 98, 106, 95, 50, 49, 95, 16, 32, 95, 95, 110, 115, 117, 114, 108, 114, 101, 113, 117, 101, 115, 116, 95, 112, 114, 111, 116, 111, 95, 112, 114, 111, 112, 95, 111, 98, 106, 95, 49, 51, 95, 16, 32, 95, 95, 110, 115, 117, 114, 108, 114, 101, 113, 117, 101, 115, 116, 95, 112, 114, 111, 116, 111, 95, 112, 114, 111, 112, 95, 111, 98, 106, 95, 49, 52, 95, 16, 32, 95, 95, 110, 115, 117, 114, 108, 114, 101, 113, 117, 101, 115, 116, 95, 112, 114, 111, 116, 111, 95, 112, 114, 111, 112, 95, 111, 98, 106, 95, 49, 53, 95, 16, 32, 95, 95, 110, 115, 117, 114, 108, 114, 101, 113, 117, 101, 115, 116, 95, 112, 114, 111, 116, 111, 95, 112, 114, 111, 112, 95, 111, 98, 106, 95, 49, 54, 95, 16, 32, 95, 95, 110, 115, 117, 114, 108, 114, 101, 113, 117, 101, 115, 116, 95, 112, 114, 111, 116, 111, 95, 112, 114, 111, 112, 95, 111, 98, 106, 95, 49, 55, 95, 16, 32, 95, 95, 110, 115, 117, 114, 108, 114, 101, 113, 117, 101, 115, 116, 95, 112, 114, 111, 116, 111, 95, 112, 114, 111, 112, 95, 111, 98, 106, 95, 49, 56, 95, 16, 22, 117, 115, 101, 69, 110, 104, 97, 110, 99, 101, 100, 80, 114, 105, 118, 97, 99, 121, 77, 111, 100, 101, 95, 16, 32, 95, 95, 110, 115, 117, 114, 108, 114, 101, 113, 117, 101, 115, 116, 95, 112, 114, 111, 116, 111, 95, 112, 114, 111, 112, 95, 111, 98, 106, 95, 49, 57, 95, 16, 37, 97, 108, 108, 111, 119, 80, 114, 105, 118, 97, 116, 101, 65, 99, 99, 101, 115, 115, 84, 111, 107, 101, 110, 115, 70, 111, 114, 84, 104, 105, 114, 100, 80, 97, 114, 116, 121, 95, 16, 19, 97, 108, 108, 111, 119, 115, 80, 101, 114, 115, 105, 115, 116, 101, 110, 116, 68, 78, 83, 95, 16, 31, 95, 95, 110, 115, 117, 114, 108, 114, 101, 113, 117, 101, 115, 116, 95, 112, 114, 111, 116, 111, 95, 112, 114, 111, 112, 95, 111, 98, 106, 95, 48, 95, 16, 30, 114, 101, 113, 117, 105, 114, 101, 115, 83, 104, 111, 114, 116, 67, 111, 110, 110, 101, 99, 116, 105, 111, 110, 84, 105, 109, 101, 111, 117, 116, 95, 16, 22, 112, 114, 105, 118, 97, 99, 121, 80, 114, 111, 120, 121, 70, 97, 105, 108, 67, 108, 111, 115, 101, 100, 95, 16, 26, 112, 97, 121, 108, 111, 97, 100, 84, 114, 97, 110, 115, 109, 105, 115, 115, 105, 111, 110, 84, 105, 109, 101, 111, 117, 116, 95, 16, 31, 95, 95, 110, 115, 117, 114, 108, 114, 101, 113, 117, 101, 115, 116, 95, 112, 114, 111, 116, 111, 95, 112, 114, 111, 112, 95, 111, 98, 106, 95, 49, 95, 16, 39, 99, 111, 110, 116, 101, 110, 116, 68, 105, 115, 112, 111, 115, 105, 116, 105, 111, 110, 69, 110, 99, 111, 100, 105, 110, 103, 70, 97, 108, 108, 98, 97, 99, 107, 65, 114, 114, 97, 121, 95, 16, 31, 95, 95, 110, 115, 117, 114, 108, 114, 101, 113, 117, 101, 115, 116, 95, 112, 114, 111, 116, 111, 95, 112, 114, 111, 112, 95, 111, 98, 106, 95, 50, 94, 116, 114, 97, 99, 107, 101, 114, 67, 111, 110, 116, 101, 120, 116, 89, 97, 108, 108, 111, 119, 115, 85, 67, 65, 95, 16, 20, 112, 114, 111, 104, 105, 98, 105, 116, 80, 114, 105, 118, 97, 99, 121, 80, 114, 111, 120, 121, 95, 16, 31, 95, 95, 110, 115, 117, 114, 108, 114, 101, 113, 117, 101, 115, 116, 95, 112, 114, 111, 116, 111, 95, 112, 114, 111, 112, 95, 111, 98, 106, 95, 51, 95, 16, 48, 112, 114, 105, 118, 97, 99, 121, 80, 114, 111, 120, 121, 70, 97, 105, 108, 67, 108, 111, 115, 101, 100, 70, 111, 114, 85, 110, 114, 101, 97, 99, 104, 97, 98, 108, 101, 78, 111, 110, 77, 97, 105, 110, 72, 111, 115, 116, 115, 95, 16, 41, 112, 114, 105, 118, 97, 99, 121, 80, 114, 111, 120, 121, 70, 97, 105, 108, 67, 108, 111, 115, 101, 100, 70, 111, 114, 85, 110, 114, 101, 97, 99, 104, 97, 98, 108, 101, 72, 111, 115, 116, 115, 86, 36, 99, 108, 97, 115, 115, 95, 16, 31, 95, 95, 110, 115, 117, 114, 108, 114, 101, 113, 117, 101, 115, 116, 95, 112, 114, 111, 116, 111, 95, 112, 114, 111, 112, 95, 111, 98, 106, 95, 52, 95, 16, 24, 98, 111, 117, 110, 100, 73, 110, 116, 101, 114, 102, 97, 99, 101, 73, 100, 101, 110, 116, 105, 102, 105, 101, 114, 95, 16, 28, 97, 108, 108, 111, 119, 115, 69, 120, 112, 101, 110, 115, 105, 118, 101, 78, 101, 116, 119, 111, 114, 107, 65, 99, 99, 101, 115, 115, 95, 16, 31, 95, 95, 110, 115, 117, 114, 108, 114, 101, 113, 117, 101, 115, 116, 95, 112, 114, 111, 116, 111, 95, 112, 114, 111, 112, 95, 111, 98, 106, 95, 53, 95, 16, 16, 115, 116, 97, 114, 116, 84, 105, 109, 101, 111, 117, 116, 84, 105, 109, 101, 95, 16, 18, 112, 114, 101, 118, 101, 110, 116, 72, 83, 84, 83, 83, 116, 111, 114, 97, 103, 101, 95, 16, 31, 95, 95, 110, 115, 117, 114, 108, 114, 101, 113, 117, 101, 115, 116, 95, 112, 114, 111, 116, 111, 95, 112, 114, 111, 112, 95, 111, 98, 106, 95, 54, 95, 16, 25, 99, 111, 111, 107, 105, 101, 80, 97, 114, 116, 105, 116, 105, 111, 110, 73, 100, 101, 110, 116, 105, 102, 105, 101, 114, 82, 36, 48, 95, 16, 34, 102, 97, 105, 108, 73, 110, 115, 101, 99, 117, 114, 101, 76, 111, 97, 100, 87, 105, 116, 104, 72, 84, 84, 80, 83, 68, 78, 83, 82, 101, 99, 111, 114, 100, 92, 107, 110, 111, 119, 110, 84, 114, 97, 99, 107, 101, 114, 90, 105, 103, 110, 111, 114, 101, 72, 83, 84, 83, 82, 36, 49, 95, 16, 27, 97, 108, 108, 111, 119, 79, 110, 108, 121, 80, 97, 114, 116, 105, 116, 105, 111, 110, 101, 100, 67, 111, 111, 107, 105, 101, 115, 95, 16, 31, 95, 95, 110, 115, 117, 114, 108, 114, 101, 113, 117, 101, 115, 116, 95, 112, 114, 111, 116, 111, 95, 112, 114, 111, 112, 95, 111, 98, 106, 95, 55, 82, 36, 50, 95, 16, 33, 115, 99, 104, 101, 109, 101, 87, 97, 115, 85, 112, 103, 114, 97, 100, 101, 100, 68, 117, 101, 84, 111, 68, 121, 110, 97, 109, 105, 99, 72, 83, 84, 83, 95, 16, 31, 95, 95, 110, 115, 117, 114, 108, 114, 101, 113, 117, 101, 115, 116, 95, 112, 114, 111, 116, 111, 95, 112, 114, 111, 112, 95, 111, 98, 106, 95, 56, 16, 0, 8, 128, 10, 8, 8, 128, 2, 128, 7, 16, 0, 128, 12, 128, 0, 128, 32, 128, 0, 128, 12, 128, 7, 128, 13, 128, 0, 128, 14, 128, 15, 8, 128, 16, 9, 8, 128, 2, 8, 8, 35, 0, 0, 0, 0, 0, 0, 0, 0, 128, 3, 128, 41, 128, 6, 128, 0, 8, 128, 7, 9, 8, 128, 45, 128, 8, 128, 0, 128, 10, 8, 128, 11, 128, 0, 16, 2, 8, 8, 8, 16, 9, 8, 128, 0, 16, 22, 8, 128, 0, 8, 211, 122, 50, 123, 78, 125, 126, 87, 78, 83, 46, 98, 97, 115, 101, 91, 78, 83, 46, 114, 101, 108, 97, 116, 105, 118, 101, 128, 0, 128, 5, 128, 4, 95, 16, 36, 104, 116, 116, 112, 58, 47, 47, 49, 50, 55, 46, 48, 46, 48, 46, 49, 58, 53, 53, 48, 52, 53, 47, 100, 111, 119, 110, 108, 111, 97, 100, 45, 115, 108, 111, 119, 210, 129, 130, 131, 132, 90, 36, 99, 108, 97, 115, 115, 110, 97, 109, 101, 88, 36, 99, 108, 97, 115, 115, 101, 115, 85, 78, 83, 85, 82, 76, 162, 131, 133, 88, 78, 83, 79, 98, 106, 101, 99, 116, 35, 64, 78, 0, 0, 0, 0, 0, 0, 211, 122, 50, 123, 78, 125, 138, 128, 0, 128, 5, 128, 9, 95, 16, 36, 104, 116, 116, 112, 58, 47, 47, 49, 50, 55, 46, 48, 46, 48, 46, 49, 58, 53, 53, 48, 52, 53, 47, 100, 111, 119, 110, 108, 111, 97, 100, 45, 115, 108, 111, 119, 9, 17, 1, 134, 16, 4, 83, 71, 69, 84, 211, 145, 146, 50, 147, 155, 163, 87, 78, 83, 46, 107, 101, 121, 115, 90, 78, 83, 46, 111, 98, 106, 101, 99, 116, 115, 167, 148, 149, 150, 151, 152, 153, 154, 128, 17, 128, 18, 128, 19, 128, 20, 128, 21, 128, 22, 128, 23, 167, 156, 157, 158, 159, 160, 161, 162, 128, 24, 128, 25, 128, 26, 128, 27, 128, 28, 128, 29, 128, 30, 128, 31, 86, 65, 99, 99, 101, 112, 116, 94, 83, 101, 99, 45, 70, 101, 116, 99, 104, 45, 83, 105, 116, 101, 88, 95, 95, 104, 104, 97, 97, 95, 95, 95, 16, 25, 85, 112, 103, 114, 97, 100, 101, 45, 73, 110, 115, 101, 99, 117, 114, 101, 45, 82, 101, 113, 117, 101, 115, 116, 115, 94, 83, 101, 99, 45, 70, 101, 116, 99, 104, 45, 77, 111, 100, 101, 90, 85, 115, 101, 114, 45, 65, 103, 101, 110, 116, 94, 83, 101, 99, 45, 70, 101, 116, 99, 104, 45, 68, 101, 115, 116, 95, 16, 63, 116, 101, 120, 116, 47, 104, 116, 109, 108, 44, 97, 112, 112, 108, 105, 99, 97, 116, 105, 111, 110, 47, 120, 104, 116, 109, 108, 43, 120, 109, 108, 44, 97, 112, 112, 108, 105, 99, 97, 116, 105, 111, 110, 47, 120, 109, 108, 59, 113, 61, 48, 46, 57, 44, 42, 47, 42, 59, 113, 61, 48, 46, 56, 84, 110, 111, 110, 101, 95, 17, 1, 252, 13, 10, 13, 10, 89, 110, 66, 115, 97, 88, 78, 48, 77, 68, 68, 87, 65, 81, 73, 68, 66, 65, 85, 71, 66, 119, 107, 76, 68, 81, 56, 82, 88, 108, 78, 108, 89, 121, 49, 71, 90, 88, 82, 106, 97, 67, 49, 69, 90, 88, 78, 48, 87, 108, 86, 122, 90, 88, 73, 116, 81, 87, 100, 108, 98, 110, 82, 102, 69, 66, 108, 86, 99, 71, 100, 121, 89, 87, 82, 108, 76, 85, 108, 117, 99, 50, 86, 106, 100, 88, 74, 108, 76, 86, 74, 108, 99, 88, 86, 108, 99, 51, 82, 122, 86, 107, 70, 106, 89, 50, 86, 119, 100, 70, 53, 84, 90, 87, 77, 116, 82, 109, 86, 48, 89, 50, 103, 116, 85, 50, 108, 48, 90, 86, 53, 84, 90, 87, 77, 116, 82, 109, 86, 48, 89, 50, 103, 116, 84, 87, 57, 107, 90, 97, 69, 73, 87, 71, 82, 118, 89, 51, 86, 116, 90, 87, 53, 48, 111, 81, 112, 102, 69, 70, 104, 78, 98, 51, 112, 112, 98, 71, 120, 104, 76, 122, 85, 117, 77, 67, 65, 111, 84, 87, 70, 106, 97, 87, 53, 48, 98, 51, 78, 111, 79, 121, 66, 74, 98, 110, 82, 108, 98, 67, 66, 78, 89, 87, 77, 103, 84, 49, 77, 103, 87, 67, 65, 120, 77, 70, 56, 120, 78, 86, 56, 51, 75, 83, 66, 66, 99, 72, 66, 115, 90, 86, 100, 108, 89, 107, 116, 112, 100, 67, 56, 50, 77, 68, 85, 117, 77, 83, 52, 120, 78, 83, 65, 111, 83, 48, 104, 85, 84, 85, 119, 115, 73, 71, 120, 112, 97, 50, 85, 103, 82, 50, 86, 106, 97, 50, 56, 112, 111, 81, 120, 82, 77, 97, 69, 79, 88, 120, 65, 47, 100, 71, 86, 52, 100, 67, 57, 111, 100, 71, 49, 115, 76, 71, 70, 119, 99, 71, 120, 112, 89, 50, 70, 48, 97, 87, 57, 117, 76, 51, 104, 111, 100, 71, 49, 115, 75, 51, 104, 116, 98, 67, 120, 104, 99, 72, 66, 115, 97, 87, 78, 104, 100, 71, 108, 118, 98, 105, 57, 52, 98, 87, 119, 55, 99, 84, 48, 119, 76, 106, 107, 115, 75, 105, 56, 113, 79, 51, 69, 57, 77, 67, 52, 52, 111, 82, 66, 85, 98, 109, 57, 117, 90, 97, 69, 83, 87, 71, 53, 104, 100, 109, 108, 110, 89, 88, 82, 108, 65, 65, 103, 65, 70, 81, 65, 107, 65, 67, 56, 65, 83, 119, 66, 83, 65, 71, 69, 65, 99, 65, 66, 121, 65, 72, 115, 65, 102, 81, 68, 89, 65, 78, 111, 65, 51, 65, 68, 101, 65, 83, 65, 66, 73, 103, 69, 110, 65, 83, 107, 65, 65, 65, 65, 65, 65, 65, 65, 67, 65, 81, 65, 65, 65, 65, 65, 65, 65, 65, 65, 84, 65, 65, 65, 65, 65, 65, 65, 65, 65, 65, 65, 65, 65, 65, 65, 65, 65, 65, 65, 66, 77, 103, 61, 61, 81, 49, 88, 110, 97, 118, 105, 103, 97, 116, 101, 95, 16, 88, 77, 111, 122, 105, 108, 108, 97, 47, 53, 46, 48, 32, 40, 77, 97, 99, 105, 110, 116, 111, 115, 104, 59, 32, 73, 110, 116, 101, 108, 32, 77, 97, 99, 32, 79, 83, 32, 88, 32, 49, 48, 95, 49, 53, 95, 55, 41, 32, 65, 112, 112, 108, 101, 87, 101, 98, 75, 105, 116, 47, 54, 48, 53, 46, 49, 46, 49, 53, 32, 40, 75, 72, 84, 77, 76, 44, 32, 108, 105, 107, 101, 32, 71, 101, 99, 107, 111, 41, 88, 100, 111, 99, 117, 109, 101, 110, 116, 210, 129, 130, 179, 180, 95, 16, 19, 78, 83, 77, 117, 116, 97, 98, 108, 101, 68, 105, 99, 116, 105, 111, 110, 97, 114, 121, 163, 179, 181, 133, 92, 78, 83, 68, 105, 99, 116, 105, 111, 110, 97, 114, 121, 211, 145, 146, 50, 183, 189, 163, 165, 184, 185, 186, 187, 188, 128, 33, 128, 34, 128, 35, 128, 36, 128, 37, 165, 190, 191, 191, 193, 191, 128, 38, 128, 39, 128, 39, 128, 40, 128, 39, 128, 31, 95, 16, 42, 95, 107, 67, 70, 72, 84, 84, 80, 67, 111, 111, 107, 105, 101, 80, 111, 108, 105, 99, 121, 80, 114, 111, 112, 101, 114, 116, 121, 83, 105, 116, 101, 70, 111, 114, 67, 111, 111, 107, 105, 101, 115, 95, 16, 48, 95, 107, 67, 70, 72, 84, 84, 80, 67, 111, 111, 107, 105, 101, 80, 111, 108, 105, 99, 121, 80, 114, 111, 112, 101, 114, 116, 121, 73, 115, 84, 111, 112, 76, 101, 118, 101, 108, 78, 97, 118, 105, 103, 97, 116, 105, 111, 110, 95, 16, 21, 87, 75, 86, 101, 114, 121, 76, 111, 119, 76, 111, 97, 100, 80, 114, 105, 111, 114, 105, 116, 121, 95, 16, 24, 95, 107, 67, 70, 85, 82, 76, 67, 97, 99, 104, 101, 80, 97, 114, 116, 105, 116, 105, 111, 110, 75, 101, 121, 95, 16, 32, 107, 67, 70, 85, 82, 76, 82, 101, 113, 117, 101, 115, 116, 65, 108, 108, 111, 119, 65, 108, 108, 80, 79, 83, 84, 67, 97, 99, 104, 105, 110, 103, 95, 16, 36, 104, 116, 116, 112, 58, 47, 47, 49, 50, 55, 46, 48, 46, 48, 46, 49, 58, 53, 53, 48, 52, 53, 47, 100, 111, 119, 110, 108, 111, 97, 100, 45, 115, 108, 111, 119, 16, 1, 89, 49, 50, 55, 46, 48, 46, 48, 46, 49, 210, 146, 50, 205, 209, 163, 83, 207, 208, 128, 13, 128, 42, 128, 43, 128, 44, 16, 12, 16, 5, 210, 129, 130, 213, 214, 87, 78, 83, 65, 114, 114, 97, 121, 162, 213, 133, 210, 129, 130, 216, 217, 95, 16, 19, 78, 83, 77, 117, 116, 97, 98, 108, 101, 85, 82, 76, 82, 101, 113, 117, 101, 115, 116, 163, 218, 219, 133, 95, 16, 19, 78, 83, 77, 117, 116, 97, 98, 108, 101, 85, 82, 76, 82, 101, 113, 117, 101, 115, 116, 92, 78, 83, 85, 82, 76, 82, 101, 113, 117, 101, 115, 116, 0, 8, 0, 17, 0, 26, 0, 36, 0, 41, 0, 50, 0, 55, 0, 73, 0, 76, 0, 106, 0, 108, 0, 157, 0, 163, 1, 22, 1, 49, 1, 70, 1, 104, 1, 127, 1, 141, 1, 174, 1, 196, 1, 231, 2, 10, 2, 22, 2, 57, 2, 92, 2, 121, 2, 156, 2, 191, 2, 226, 3, 5, 3, 40, 3, 75, 3, 110, 3, 135, 3, 170, 3, 210, 3, 232, 4, 10, 4, 43, 4, 68, 4, 97, 4, 131, 4, 173, 4, 207, 4, 222, 4, 232, 4, 255, 5, 33, 5, 84, 5, 128, 5, 135, 5, 169, 5, 196, 5, 227, 6, 5, 6, 24, 6, 45, 6, 79, 6, 107, 6, 110, 6, 147, 6, 160, 6, 171, 6, 174, 6, 204, 6, 238, 6, 241, 7, 21, 7, 55, 7, 57, 7, 58, 7, 60, 7, 61, 7, 62, 7, 64, 7, 66, 7, 68, 7, 70, 7, 72, 7, 74, 7, 76, 7, 78, 7, 80, 7, 82, 7, 84, 7, 86, 7, 88, 7, 89, 7, 91, 7, 92, 7, 93, 7, 95, 7, 96, 7, 97, 7, 106, 7, 108, 7, 110, 7, 112, 7, 114, 7, 115, 7, 117, 7, 118, 7, 119, 7, 121, 7, 123, 7, 125, 7, 127, 7, 128, 7, 130, 7, 132, 7, 134, 7, 135, 7, 136, 7, 137, 7, 139, 7, 140, 7, 142, 7, 144, 7, 145, 7, 147, 7, 148, 7, 155, 7, 163, 7, 175, 7, 177, 7, 179, 7, 181, 7, 220, 7, 225, 7, 236, 7, 245, 7, 251, 7, 254, 8, 7, 8, 16, 8, 23, 8, 25, 8, 27, 8, 29, 8, 68, 8, 69, 8, 72, 8, 74, 8, 78, 8, 85, 8, 93, 8, 104, 8, 112, 8, 114, 8, 116, 8, 118, 8, 120, 8, 122, 8, 124, 8, 126, 8, 134, 8, 136, 8, 138, 8, 140, 8, 142, 8, 144, 8, 146, 8, 148, 8, 150, 8, 157, 8, 172, 8, 181, 8, 209, 8, 224, 8, 235, 8, 250, 9, 60, 9, 65, 11, 65, 11, 67, 11, 76, 11, 167, 11, 176, 11, 181, 11, 203, 11, 207, 11, 220, 11, 227, 11, 233, 11, 235, 11, 237, 11, 239, 11, 241, 11, 243, 11, 249, 11, 251, 11, 253, 11, 255, 12, 1, 12, 3, 12, 5, 12, 50, 12, 101, 12, 125, 12, 152, 12, 187, 12, 226, 12, 228, 12, 238, 12, 243, 12, 247, 12, 249, 12, 251, 12, 253, 12, 255, 13, 1, 13, 3, 13, 8, 13, 16, 13, 19, 13, 24, 13, 46, 13, 50, 13, 72, 0, 0, 0, 0, 0, 0, 2, 1, 0, 0, 0, 0, 0, 0, 0, 220, 0, 0, 0, 0, 0, 0, 0, 0, 0, 0, 0, 0, 0, 0, 13, 85, 128, 14, 95, 16, 36, 104, 116, 116, 112, 58, 47, 47, 49, 50, 55, 46, 48, 46, 48, 46, 49, 58, 53, 53, 48, 52, 53, 47, 100, 111, 119, 110, 108, 111, 97, 100, 45, 115, 108, 111, 119, 95, 16, 22, 115, 99, 114, 121, 105, 110, 103, 45, 100, 111, 119, 110, 108, 111, 97, 100, 45, 50, 46, 98, 105, 110, 18, 0, 1, 0, 0, 95, 16, 28, 34, 115, 99, 114, 121, 105, 110, 103, 45, 116, 101, 115, 116, 45, 101, 116, 97, 103, 45, 100, 101, 97, 100, 98, 101, 101, 102, 34, 16, 6, 95, 16, 29, 77, 111, 110, 44, 32, 48, 49, 32, 74, 97, 110, 32, 50, 48, 50, 52, 32, 48, 48, 58, 48, 48, 58, 48, 48, 32, 71, 77, 84, 210, 55, 56, 74, 75, 95, 16, 19, 78, 83, 77, 117, 116, 97, 98, 108, 101, 68, 105, 99, 116, 105, 111, 110, 97, 114, 121, 163, 74, 76, 60, 92, 78, 83, 68, 105, 99, 116, 105, 111, 110, 97, 114, 121, 0, 8, 0, 17, 0, 26, 0, 36, 0, 41, 0, 50, 0, 55, 0, 73, 0, 76, 0, 106, 0, 108, 0, 135, 0, 141, 0, 148, 0, 156, 0, 167, 0, 174, 0, 185, 0, 187, 0, 189, 0, 191, 0, 193, 0, 195, 0, 197, 0, 199, 0, 201, 0, 203, 0, 205, 0, 216, 0, 218, 0, 220, 0, 222, 0, 224, 0, 226, 0, 228, 0, 230, 0, 232, 0, 234, 0, 236, 0, 238, 1, 16, 1, 45, 1, 80, 1, 116, 1, 142, 1, 179, 1, 213, 1, 243, 2, 19, 2, 58, 2, 174, 2, 179, 2, 187, 9, 227, 9, 229, 9, 234, 9, 245, 9, 254, 10, 12, 10, 16, 10, 23, 10, 32, 10, 37, 26, 39, 26, 41, 26, 46, 41, 95, 41, 97, 41, 136, 41, 161, 41, 166, 41, 197, 41, 199, 41, 231, 41, 236, 42, 2, 42, 6, 0, 0, 0, 0, 0, 0, 2, 1, 0, 0, 0, 0, 0, 0, 0, 77, 0, 0, 0, 0, 0, 0, 0, 0, 0, 0, 0, 0, 0, 0, 42, 19]) }
2026-10-07T12:39:02.6475000Z demo-mac: download-test: phase E: DownloadCancelled with 10957 bytes of resume_data
2026-10-07T12:39:02.6475660Z demo-mac: download-test: phase E: resume_download issued, resumed id = 5
2026-10-07T12:39:02.6477040Z demo-mac: nav event: DownloadStarted { id: DownloadId(5), url: "", suggested_filename: "scrying-download-2.bin", destination_path: "/Users/markik/Code/targets/wgpu-scry-hardware/demo-mac-download-test-49764/download-output/scrying-download-2.bin", total_bytes_expected: None }
2026-10-07T12:39:02.6478580Z demo-mac: nav event: DownloadProgress { id: DownloadId(5), bytes_written: 262144, total_bytes_expected: None }
2026-10-07T12:39:02.6479900Z demo-mac: nav event: DownloadFinished { id: DownloadId(5), destination_path: "/Users/markik/Code/targets/wgpu-scry-hardware/demo-mac-download-test-49764/download-output/scrying-download-2.bin", error: None }
2026-10-07T12:39:02.6481160Z demo-mac: download-test: phase E: resumed download produced 262144 bytes matching the expected payload
2026-10-07T12:39:02.6482180Z demo-mac: download-test: PASS — item 8 download pipeline verified
2026-10-07T12:39:02.6482880Z   - basic: DownloadStarted/Progress/Finished events landed with id 1 and bytes match served payload
2026-10-07T12:39:02.6483660Z   - host Cancel decision: DownloadCancelled fired (no Started, no Finished) for id 2
2026-10-07T12:39:02.6484290Z   - cancel_download(unknown_id): returned Ok(false) as expected
2026-10-07T12:39:02.6485160Z   - basic-auth download via start_download: shared auth handler supplied credentials, download succeeded (download-level auth callback fired = true)
2026-10-07T12:39:02.6486170Z   - resume: cancelled mid-stream (id 4), resume_download produced complete bytes (resumed id 5)
2026-10-07T12:39:02.6486750Z   -> PASS
2026-10-07T12:39:02.6486880Z 
2026-10-07T12:39:02.6487020Z ==> --profile-test
2026-10-07T12:39:03.6583320Z demo-mac: --profile-test: spun up persistent counterpart at same data_dir
2026-10-07T12:39:03.6584330Z demo-mac: profile-test: set_cookie 'scrying-profile-49875' on producer #1
2026-10-07T12:39:03.6584960Z demo-mac: profile-test: producer #1 store reports 1 cookie(s)
2026-10-07T12:39:03.6585550Z demo-mac: profile-test: producer #2 store reports 1 cookie(s)
2026-10-07T12:39:03.6586430Z demo-mac: profile-test: PASS — persistent stores at the same data_dir share cookies
2026-10-07T12:39:03.6587110Z   - set_cookie on producer #1 was visible to its own request_all_cookies
2026-10-07T12:39:03.6587750Z   - same cookie was visible to a separate persistent producer at the same data_dir
2026-10-07T12:39:03.6621060Z   -> PASS
2026-10-07T12:39:03.6654030Z 
2026-10-07T12:39:03.6654560Z ==> --two-tabs
2026-10-07T12:39:12.3114640Z demo-mac: --two-tabs: spun up second producer
2026-10-07T12:39:12.3115250Z demo-mac: nav event: Starting { url: "scrying-test://history-1" }
2026-10-07T12:39:12.3115880Z demo-mac: nav event: SourceChanged { url: "scrying-test://history-1" }
2026-10-07T12:39:12.3116550Z demo-mac: nav event: Completed { url: "scrying-test://history-1", success: true }
2026-10-07T12:39:12.3117150Z demo-mac: js->host: loaded:history-1
2026-10-07T12:39:12.3118270Z demo-mac: [tab2] nav event: Starting { url: "scrying-test://history-2" }
2026-10-07T12:39:12.3118990Z demo-mac: [tab2] nav event: SourceChanged { url: "scrying-test://history-2" }
2026-10-07T12:39:12.3119530Z demo-mac: [tab2] js->host: loaded:history-2
2026-10-07T12:39:12.3120090Z demo-mac: [tab2] nav event: Completed { url: "scrying-test://history-2", success: true }
2026-10-07T12:39:12.3121210Z demo-mac: two-tabs: PASS — multi-instance independence verified (3 tab-1 urls, 3 tab-2 urls, no cross-talk)
2026-10-07T12:39:12.3152840Z   -> PASS
2026-10-07T12:39:12.3186660Z 
2026-10-07T12:39:12.3186930Z ==> --capture-test
2026-10-07T12:39:46.0701320Z demo-mac: started loading scrying-test://capture
2026-10-07T12:39:46.0701990Z demo-mac: nav event: Starting { url: "scrying-test://capture" }
2026-10-07T12:39:46.0702520Z demo-mac: nav event: SourceChanged { url: "scrying-test://capture" }
2026-10-07T12:39:46.0704000Z demo-mac: nav event: Completed { url: "scrying-test://capture", success: true }
2026-10-07T12:39:46.0704500Z demo-mac: start_capture_async kicked off
2026-10-07T12:39:46.0705130Z demo-mac: capture activity at 0.00s: frames=0, complete=1, idle=0, visible=Some(true), minimized=Some(false), focused=false
2026-10-07T12:39:46.0706050Z demo-mac: capture activity at 1.00s: frames=3, complete=3, idle=56, visible=Some(true), minimized=Some(false), focused=false
2026-10-07T12:39:46.0706980Z demo-mac: capture activity at 2.00s: frames=3, complete=3, idle=114, visible=Some(true), minimized=Some(false), focused=false
2026-10-07T12:39:46.0707890Z demo-mac: capture activity at 3.00s: frames=3, complete=3, idle=172, visible=Some(true), minimized=Some(false), focused=false
2026-10-07T12:39:46.0708810Z demo-mac: capture activity at 4.00s: frames=3, complete=3, idle=230, visible=Some(true), minimized=Some(false), focused=false
2026-10-07T12:39:46.0709730Z demo-mac: capture activity at 5.00s: frames=3, complete=3, idle=288, visible=Some(true), minimized=Some(false), focused=false
2026-10-07T12:39:46.0710660Z demo-mac: capture activity at 6.00s: frames=3, complete=3, idle=346, visible=Some(true), minimized=Some(false), focused=false
2026-10-07T12:39:46.0711570Z demo-mac: capture activity at 7.00s: frames=3, complete=3, idle=404, visible=Some(true), minimized=Some(false), focused=false
2026-10-07T12:39:46.0712600Z demo-mac: capture activity at 8.00s: frames=3, complete=3, idle=462, visible=Some(true), minimized=Some(false), focused=false
2026-10-07T12:39:46.0713480Z demo-mac: capture activity at 9.00s: frames=3, complete=3, idle=520, visible=Some(true), minimized=Some(false), focused=false
2026-10-07T12:39:46.0714390Z demo-mac: capture activity at 10.00s: frames=3, complete=3, idle=579, visible=Some(true), minimized=Some(false), focused=false
2026-10-07T12:39:46.0715290Z demo-mac: capture activity at 11.00s: frames=3, complete=3, idle=637, visible=Some(true), minimized=Some(false), focused=false
2026-10-07T12:39:46.0716200Z demo-mac: capture activity at 12.00s: frames=3, complete=3, idle=695, visible=Some(true), minimized=Some(false), focused=false
2026-10-07T12:39:46.0717280Z demo-mac: capture activity at 13.00s: frames=3, complete=3, idle=753, visible=Some(true), minimized=Some(false), focused=false
2026-10-07T12:39:46.0718210Z demo-mac: capture activity at 14.00s: frames=3, complete=3, idle=811, visible=Some(true), minimized=Some(false), focused=false
2026-10-07T12:39:46.0719140Z demo-mac: capture activity at 15.00s: frames=3, complete=3, idle=869, visible=Some(true), minimized=Some(false), focused=false
2026-10-07T12:39:46.0720160Z demo-mac: capture activity at 16.00s: frames=3, complete=3, idle=927, visible=Some(true), minimized=Some(false), focused=false
2026-10-07T12:39:46.0721060Z demo-mac: capture activity at 17.00s: frames=3, complete=3, idle=985, visible=Some(true), minimized=Some(false), focused=false
2026-10-07T12:39:46.0721970Z demo-mac: capture activity at 18.00s: frames=3, complete=3, idle=1043, visible=Some(true), minimized=Some(false), focused=false
2026-10-07T12:39:46.0723330Z demo-mac: capture activity at 19.00s: frames=3, complete=3, idle=1101, visible=Some(true), minimized=Some(false), focused=false
2026-10-07T12:39:46.0724270Z demo-mac: capture activity at 20.00s: frames=3, complete=3, idle=1159, visible=Some(true), minimized=Some(false), focused=false
2026-10-07T12:39:46.0725170Z demo-mac: capture activity at 21.00s: frames=3, complete=3, idle=1217, visible=Some(true), minimized=Some(false), focused=false
2026-10-07T12:39:46.0726080Z demo-mac: capture activity at 22.00s: frames=3, complete=3, idle=1275, visible=Some(true), minimized=Some(false), focused=false
2026-10-07T12:39:46.0726980Z demo-mac: capture activity at 23.00s: frames=3, complete=3, idle=1334, visible=Some(true), minimized=Some(false), focused=false
2026-10-07T12:39:46.0727980Z demo-mac: capture activity at 24.00s: frames=3, complete=3, idle=1392, visible=Some(true), minimized=Some(false), focused=false
2026-10-07T12:39:46.0729020Z demo-mac: capture activity at 25.00s: frames=3, complete=3, idle=1450, visible=Some(true), minimized=Some(false), focused=false
2026-10-07T12:39:46.0729890Z demo-mac: capture activity at 26.00s: frames=3, complete=3, idle=1508, visible=Some(true), minimized=Some(false), focused=false
2026-10-07T12:39:46.0730760Z demo-mac: capture activity at 27.00s: frames=3, complete=3, idle=1566, visible=Some(true), minimized=Some(false), focused=false
2026-10-07T12:39:46.0731630Z demo-mac: capture activity at 28.00s: frames=3, complete=3, idle=1624, visible=Some(true), minimized=Some(false), focused=false
2026-10-07T12:39:46.0732500Z demo-mac: capture activity at 29.00s: frames=3, complete=3, idle=1682, visible=Some(true), minimized=Some(false), focused=false
2026-10-07T12:39:46.0733080Z demo-mac: capture-test: FAIL
2026-10-07T12:39:46.0733500Z   - captured 3 frame(s) within 30s without observing 5 frame(s) at every expected size
2026-10-07T12:39:46.0733990Z   - observed 3 frame(s) at 1024x1536, expected at least 5
2026-10-07T12:39:46.0734940Z   - pre-import frame diagnostics: no-latest-sample=566946, no-image-payload=1740, config-revision-pending=0, source-dimension-mismatch=0, empty-crop=0
2026-10-07T12:39:46.0736010Z   - SCK frame statuses: missing=0, complete=3, idle=1740, blank=0, suspended=0, started=0, stopped=0, unknown=0, last=Some(1)
2026-10-07T12:39:46.0737190Z   - capture revisions: requested=0, applied=0; last source dimensions=Some(PhysicalSize { width: 2048, height: 1592 }), expected host dimensions=Some(PhysicalSize { width: 2048, height: 1592 })
2026-10-07T12:39:46.0742790Z   -> FAIL (PASS receipt absent)
2026-10-07T12:39:46.0777900Z 
2026-10-07T12:39:46.0778140Z ==> --capture-test+resize
2026-10-07T12:40:03.8124930Z demo-mac: started loading scrying-test://capture
2026-10-07T12:40:03.8125770Z demo-mac: nav event: Starting { url: "scrying-test://capture" }
2026-10-07T12:40:03.8126330Z demo-mac: nav event: SourceChanged { url: "scrying-test://capture" }
2026-10-07T12:40:03.8126940Z demo-mac: nav event: Completed { url: "scrying-test://capture", success: true }
2026-10-07T12:40:03.8127450Z demo-mac: start_capture_async kicked off
2026-10-07T12:40:03.8128070Z demo-mac: capture activity at 0.00s: frames=0, complete=1, idle=0, visible=Some(true), minimized=Some(false), focused=false
2026-10-07T12:40:03.8129000Z demo-mac: capture activity at 1.00s: frames=3, complete=3, idle=56, visible=Some(true), minimized=Some(false), focused=false
2026-10-07T12:40:03.8129920Z demo-mac: capture activity at 2.00s: frames=3, complete=3, idle=114, visible=Some(true), minimized=Some(false), focused=false
2026-10-07T12:40:03.8130840Z demo-mac: capture activity at 3.00s: frames=3, complete=3, idle=172, visible=Some(true), minimized=Some(false), focused=false
2026-10-07T12:40:03.8131760Z demo-mac: capture activity at 4.00s: frames=3, complete=3, idle=230, visible=Some(true), minimized=Some(false), focused=false
2026-10-07T12:40:03.8132680Z demo-mac: capture activity at 5.00s: frames=3, complete=3, idle=288, visible=Some(true), minimized=Some(false), focused=false
2026-10-07T12:40:03.8134330Z demo-mac: resize-test step 0 → request logical inner_size = 1280x800
2026-10-07T12:40:03.8135090Z demo-mac: capture activity at 6.00s: frames=3, complete=3, idle=347, visible=Some(true), minimized=Some(false), focused=false
2026-10-07T12:40:03.8136020Z demo-mac: capture activity at 7.00s: frames=7, complete=7, idle=401, visible=Some(true), minimized=Some(false), focused=false
2026-10-07T12:40:03.8136940Z demo-mac: capture activity at 8.00s: frames=7, complete=7, idle=459, visible=Some(true), minimized=Some(false), focused=false
2026-10-07T12:40:03.8137870Z demo-mac: capture activity at 9.00s: frames=7, complete=7, idle=517, visible=Some(true), minimized=Some(false), focused=false
2026-10-07T12:40:03.8138680Z demo-mac: resize-test step 1 → request logical inner_size = 768x600
2026-10-07T12:40:03.8139390Z demo-mac: capture activity at 10.00s: frames=7, complete=7, idle=576, visible=Some(true), minimized=Some(false), focused=false
2026-10-07T12:40:03.8140620Z demo-mac: capture activity at 11.00s: frames=10, complete=10, idle=631, visible=Some(true), minimized=Some(false), focused=false
2026-10-07T12:40:03.8141550Z demo-mac: capture activity at 12.00s: frames=10, complete=10, idle=689, visible=Some(true), minimized=Some(false), focused=false
2026-10-07T12:40:03.8142490Z demo-mac: capture activity at 13.00s: frames=10, complete=10, idle=747, visible=Some(true), minimized=Some(false), focused=false
2026-10-07T12:40:03.8143290Z demo-mac: resize-test step 2 → request logical inner_size = 1024x700
2026-10-07T12:40:03.8144020Z demo-mac: capture activity at 14.00s: frames=10, complete=10, idle=805, visible=Some(true), minimized=Some(false), focused=false
2026-10-07T12:40:03.8145020Z demo-mac: capture-test: PASS — SCK pipeline delivered 13 frames across [768x1200, 1024x1400, 1024x1536, 1280x1600]
2026-10-07T12:40:03.8167640Z   -> PASS
2026-10-07T12:40:03.8207520Z 
2026-10-07T12:40:03.8208310Z ==> summary
2026-10-07T12:40:03.8208590Z   passed: 9 / 10
2026-10-07T12:40:03.8208830Z   failed: 1
2026-10-07T12:40:03.8209040Z     - --capture-test
2026-10-07T12:40:04.0072920Z ##[error]Process completed with exit code 1.
2026-10-07T12:40:04.0145980Z ##[group]Run bash scripts/test-mac.sh
2026-10-07T12:40:04.0146350Z [36;1mbash scripts/test-mac.sh[0m
2026-10-07T12:40:04.0165090Z shell: /bin/bash -e {0}
2026-10-07T12:40:04.0165340Z env:
2026-10-07T12:40:04.0165550Z   CARGO_NET_GIT_FETCH_WITH_CLI: true
2026-10-07T12:40:04.0165870Z   RUSTFLAGS: -D warnings
2026-10-07T12:40:04.0166220Z   CARGO_TARGET_DIR: /Users/markik/Code/targets/wgpu-scry-hardware
2026-10-07T12:40:04.0166620Z   CAPTURE: 1
2026-10-07T12:40:04.0166820Z   TIMEOUT: 90
2026-10-07T12:40:04.0167020Z   VISIBLE: 1
2026-10-07T12:40:04.0167230Z   CARGO_HOME: /Users/markik/.cargo
2026-10-07T12:40:04.0167520Z   CARGO_INCREMENTAL: 0
2026-10-07T12:40:04.0167760Z   CARGO_TERM_COLOR: always
2026-10-07T12:40:04.0168020Z   CAPTURE_ACTIVITY: 1
2026-10-07T12:40:04.0168290Z ##[endgroup]
2026-10-07T12:40:06.0514970Z ==> ScreenCaptureKit display-awake hold active
2026-10-07T12:40:06.0515700Z ==> building demo-mac
2026-10-07T12:40:07.0476070Z ==> code-signing identity: -
2026-10-07T12:40:07.0612570Z Executable=/Users/markik/Code/targets/wgpu-scry-hardware/debug/scry-demo-mac-hardware.app/Contents/MacOS/demo-mac
2026-10-07T12:40:07.0613450Z designated => identifier "org.merely.scry.hardware-demo"
2026-10-07T12:40:07.0617690Z ==> LaunchServices app: /Users/markik/Code/targets/wgpu-scry-hardware/debug/scry-demo-mac-hardware.app
2026-10-07T12:40:07.0620660Z 
2026-10-07T12:40:07.0621140Z ==> --capture-test
2026-10-07T12:40:41.4107390Z demo-mac: started loading scrying-test://capture?activity=1
2026-10-07T12:40:41.4108860Z demo-mac: nav event: Starting { url: "scrying-test://capture?activity=1" }
2026-10-07T12:40:41.4109720Z demo-mac: nav event: SourceChanged { url: "scrying-test://capture?activity=1" }
2026-10-07T12:40:41.4110470Z demo-mac: nav event: Completed { url: "scrying-test://capture?activity=1", success: true }
2026-10-07T12:40:41.4111980Z demo-mac: js->host: capture-activity:{"kind":"ready","elapsedMs":4,"visibility":"hidden","focused":false,"viewport":[512,768,2],"animationFrames":0,"timerTicks":0,"background":"rgb(23, 97, 181)","animations":[{"state":"running","currentTime":0}]}
2026-10-07T12:40:41.4113910Z demo-mac: js->host: capture-activity:{"kind":"timer","elapsedMs":1004,"visibility":"hidden","focused":false,"viewport":[512,768,2],"animationFrames":0,"timerTicks":1,"background":"rgb(23, 97, 181)","animations":[{"state":"running","currentTime":0}]}
2026-10-07T12:40:41.4115830Z demo-mac: js->host: capture-activity:{"kind":"timer","elapsedMs":2005,"visibility":"hidden","focused":false,"viewport":[512,768,2],"animationFrames":0,"timerTicks":2,"background":"rgb(23, 97, 181)","animations":[{"state":"running","currentTime":0}]}
2026-10-07T12:40:41.4117030Z demo-mac: start_capture_async kicked off
2026-10-07T12:40:41.4118170Z demo-mac: js->host: capture-activity:{"kind":"timer","elapsedMs":3005,"visibility":"hidden","focused":false,"viewport":[512,768,2],"animationFrames":0,"timerTicks":3,"background":"rgb(23, 97, 181)","animations":[{"state":"running","currentTime":0}]}
2026-10-07T12:40:41.4120140Z demo-mac: capture activity at 0.00s: frames=0, complete=1, idle=0, visible=Some(true), minimized=Some(false), focused=false
2026-10-07T12:40:41.4121720Z demo-mac: js->host: capture-activity:{"kind":"timer","elapsedMs":4036,"visibility":"hidden","focused":false,"viewport":[512,768,2],"animationFrames":0,"timerTicks":4,"background":"rgb(23, 97, 181)","animations":[{"state":"running","currentTime":0}]}
2026-10-07T12:40:41.4123140Z demo-mac: capture activity at 1.00s: frames=3, complete=3, idle=56, visible=Some(true), minimized=Some(false), focused=false
2026-10-07T12:40:41.4124140Z demo-mac: capture activity at 2.00s: frames=3, complete=3, idle=114, visible=Some(true), minimized=Some(false), focused=false
2026-10-07T12:40:41.4125560Z demo-mac: js->host: capture-activity:{"kind":"timer","elapsedMs":5086,"visibility":"hidden","focused":false,"viewport":[512,768,2],"animationFrames":0,"timerTicks":5,"background":"rgb(23, 97, 181)","animations":[{"state":"running","currentTime":0}]}
2026-10-07T12:40:41.4127490Z demo-mac: capture activity at 3.00s: frames=3, complete=3, idle=172, visible=Some(true), minimized=Some(false), focused=false
2026-10-07T12:40:41.4128930Z demo-mac: js->host: capture-activity:{"kind":"timer","elapsedMs":6145,"visibility":"hidden","focused":false,"viewport":[512,768,2],"animationFrames":0,"timerTicks":6,"background":"rgb(23, 97, 181)","animations":[{"state":"running","currentTime":0}]}
2026-10-07T12:40:41.4130350Z demo-mac: capture activity at 4.00s: frames=3, complete=3, idle=230, visible=Some(true), minimized=Some(false), focused=false
2026-10-07T12:40:41.4131360Z demo-mac: capture activity at 5.00s: frames=3, complete=3, idle=288, visible=Some(true), minimized=Some(false), focused=false
2026-10-07T12:40:41.4132330Z demo-mac: capture activity at 6.00s: frames=3, complete=3, idle=346, visible=Some(true), minimized=Some(false), focused=false
2026-10-07T12:40:41.4133320Z demo-mac: capture activity at 7.00s: frames=3, complete=3, idle=404, visible=Some(true), minimized=Some(false), focused=false
2026-10-07T12:40:41.4134300Z demo-mac: capture activity at 8.00s: frames=3, complete=3, idle=462, visible=Some(true), minimized=Some(false), focused=false
2026-10-07T12:40:41.4135360Z demo-mac: capture activity at 9.00s: frames=3, complete=3, idle=520, visible=Some(true), minimized=Some(false), focused=false
2026-10-07T12:40:41.4136300Z demo-mac: capture activity at 10.00s: frames=3, complete=3, idle=579, visible=Some(true), minimized=Some(false), focused=false
2026-10-07T12:40:41.4137270Z demo-mac: capture activity at 11.00s: frames=3, complete=3, idle=637, visible=Some(true), minimized=Some(false), focused=false
2026-10-07T12:40:41.4138360Z demo-mac: capture activity at 12.00s: frames=3, complete=3, idle=695, visible=Some(true), minimized=Some(false), focused=false
2026-10-07T12:40:41.4139340Z demo-mac: capture activity at 13.00s: frames=3, complete=3, idle=753, visible=Some(true), minimized=Some(false), focused=false
2026-10-07T12:40:41.4140330Z demo-mac: capture activity at 14.00s: frames=3, complete=3, idle=812, visible=Some(true), minimized=Some(false), focused=false
2026-10-07T12:40:41.4141300Z demo-mac: capture activity at 15.00s: frames=3, complete=3, idle=870, visible=Some(true), minimized=Some(false), focused=false
2026-10-07T12:40:41.4142270Z demo-mac: capture activity at 16.00s: frames=3, complete=3, idle=928, visible=Some(true), minimized=Some(false), focused=false
2026-10-07T12:40:41.4143270Z demo-mac: capture activity at 17.00s: frames=3, complete=3, idle=986, visible=Some(true), minimized=Some(false), focused=false
2026-10-07T12:40:41.4144240Z demo-mac: capture activity at 18.00s: frames=3, complete=3, idle=1044, visible=Some(true), minimized=Some(false), focused=false
2026-10-07T12:40:41.4145230Z demo-mac: capture activity at 19.00s: frames=3, complete=3, idle=1102, visible=Some(true), minimized=Some(false), focused=false
2026-10-07T12:40:41.4146660Z demo-mac: capture activity at 20.00s: frames=3, complete=3, idle=1160, visible=Some(true), minimized=Some(false), focused=false
2026-10-07T12:40:41.4147670Z demo-mac: capture activity at 21.00s: frames=3, complete=3, idle=1219, visible=Some(true), minimized=Some(false), focused=false
2026-10-07T12:40:41.4148680Z demo-mac: capture activity at 22.00s: frames=3, complete=3, idle=1277, visible=Some(true), minimized=Some(false), focused=false
2026-10-07T12:40:41.4149720Z demo-mac: capture activity at 23.00s: frames=3, complete=3, idle=1335, visible=Some(true), minimized=Some(false), focused=false
2026-10-07T12:40:41.4150730Z demo-mac: capture activity at 24.00s: frames=3, complete=3, idle=1393, visible=Some(true), minimized=Some(false), focused=false
2026-10-07T12:40:41.4151750Z demo-mac: capture activity at 25.00s: frames=3, complete=3, idle=1451, visible=Some(true), minimized=Some(false), focused=false
2026-10-07T12:40:41.4152760Z demo-mac: capture activity at 26.00s: frames=3, complete=3, idle=1509, visible=Some(true), minimized=Some(false), focused=false
2026-10-07T12:40:41.4154090Z demo-mac: capture activity at 27.00s: frames=3, complete=3, idle=1567, visible=Some(true), minimized=Some(false), focused=false
2026-10-07T12:40:41.4155140Z demo-mac: capture activity at 28.00s: frames=3, complete=3, idle=1625, visible=Some(true), minimized=Some(false), focused=false
2026-10-07T12:40:41.4156160Z demo-mac: capture activity at 29.00s: frames=3, complete=3, idle=1683, visible=Some(true), minimized=Some(false), focused=false
2026-10-07T12:40:41.4156910Z demo-mac: capture-test: FAIL
2026-10-07T12:40:41.4157430Z   - captured 3 frame(s) within 30s without observing 5 frame(s) at every expected size
2026-10-07T12:40:41.4158040Z   - observed 3 frame(s) at 1024x1536, expected at least 5
2026-10-07T12:40:41.4158950Z   - pre-import frame diagnostics: no-latest-sample=554087, no-image-payload=1741, config-revision-pending=0, source-dimension-mismatch=0, empty-crop=0
2026-10-07T12:40:41.4160120Z   - SCK frame statuses: missing=0, complete=3, idle=1741, blank=0, suspended=0, started=0, stopped=0, unknown=0, last=Some(1)
2026-10-07T12:40:41.4161420Z   - capture revisions: requested=0, applied=0; last source dimensions=Some(PhysicalSize { width: 2048, height: 1592 }), expected host dimensions=Some(PhysicalSize { width: 2048, height: 1592 })
2026-10-07T12:40:41.4162450Z   -> FAIL (PASS receipt absent)
2026-10-07T12:40:41.4184660Z 
2026-10-07T12:40:41.4185010Z ==> --capture-test+resize
2026-10-07T12:40:59.2785520Z demo-mac: started loading scrying-test://capture?activity=1
2026-10-07T12:40:59.2786210Z demo-mac: nav event: Starting { url: "scrying-test://capture?activity=1" }
2026-10-07T12:40:59.2786920Z demo-mac: nav event: SourceChanged { url: "scrying-test://capture?activity=1" }
2026-10-07T12:40:59.2787680Z demo-mac: nav event: Completed { url: "scrying-test://capture?activity=1", success: true }
2026-10-07T12:40:59.2789040Z demo-mac: js->host: capture-activity:{"kind":"ready","elapsedMs":3,"visibility":"hidden","focused":false,"viewport":[512,768,2],"animationFrames":0,"timerTicks":0,"background":"rgb(23, 97, 181)","animations":[{"state":"running","currentTime":0}]}
2026-10-07T12:40:59.2791000Z demo-mac: js->host: capture-activity:{"kind":"timer","elapsedMs":1003,"visibility":"hidden","focused":false,"viewport":[512,768,2],"animationFrames":0,"timerTicks":1,"background":"rgb(23, 97, 181)","animations":[{"state":"running","currentTime":0}]}
2026-10-07T12:40:59.2792940Z demo-mac: js->host: capture-activity:{"kind":"timer","elapsedMs":2006,"visibility":"hidden","focused":false,"viewport":[512,768,2],"animationFrames":0,"timerTicks":2,"background":"rgb(23, 97, 181)","animations":[{"state":"running","currentTime":0}]}
2026-10-07T12:40:59.2794120Z demo-mac: start_capture_async kicked off
2026-10-07T12:40:59.2795270Z demo-mac: js->host: capture-activity:{"kind":"timer","elapsedMs":3006,"visibility":"hidden","focused":false,"viewport":[512,768,2],"animationFrames":0,"timerTicks":3,"background":"rgb(23, 97, 181)","animations":[{"state":"running","currentTime":0}]}
2026-10-07T12:40:59.2797210Z demo-mac: capture activity at 0.00s: frames=0, complete=1, idle=0, visible=Some(true), minimized=Some(false), focused=false
2026-10-07T12:40:59.2798220Z demo-mac: capture activity at 1.00s: frames=3, complete=3, idle=55, visible=Some(true), minimized=Some(false), focused=false
2026-10-07T12:40:59.2799800Z demo-mac: js->host: capture-activity:{"kind":"timer","elapsedMs":4106,"visibility":"hidden","focused":false,"viewport":[512,768,2],"animationFrames":0,"timerTicks":4,"background":"rgb(23, 97, 181)","animations":[{"state":"running","currentTime":0}]}
2026-10-07T12:40:59.2801210Z demo-mac: capture activity at 2.00s: frames=3, complete=3, idle=114, visible=Some(true), minimized=Some(false), focused=false
2026-10-07T12:40:59.2802720Z demo-mac: js->host: capture-activity:{"kind":"timer","elapsedMs":5206,"visibility":"hidden","focused":false,"viewport":[512,768,2],"animationFrames":0,"timerTicks":5,"background":"rgb(23, 97, 181)","animations":[{"state":"running","currentTime":0}]}
2026-10-07T12:40:59.2804710Z demo-mac: capture activity at 3.00s: frames=3, complete=3, idle=172, visible=Some(true), minimized=Some(false), focused=false
2026-10-07T12:40:59.2806220Z demo-mac: js->host: capture-activity:{"kind":"timer","elapsedMs":6230,"visibility":"hidden","focused":false,"viewport":[512,768,2],"animationFrames":0,"timerTicks":6,"background":"rgb(23, 97, 181)","animations":[{"state":"running","currentTime":0}]}
2026-10-07T12:40:59.2807700Z demo-mac: capture activity at 4.00s: frames=3, complete=3, idle=230, visible=Some(true), minimized=Some(false), focused=false
2026-10-07T12:40:59.2808700Z demo-mac: capture activity at 5.00s: frames=3, complete=3, idle=288, visible=Some(true), minimized=Some(false), focused=false
2026-10-07T12:40:59.2809840Z demo-mac: resize-test step 0 → request logical inner_size = 1280x800
2026-10-07T12:40:59.2810630Z demo-mac: capture activity at 6.00s: frames=3, complete=3, idle=346, visible=Some(true), minimized=Some(false), focused=false
2026-10-07T12:40:59.2812190Z demo-mac: js->host: capture-activity:{"kind":"timer","elapsedMs":9056,"visibility":"hidden","focused":false,"viewport":[512,768,2],"animationFrames":0,"timerTicks":7,"background":"rgb(23, 97, 181)","animations":[{"state":"running","currentTime":0}]}
2026-10-07T12:40:59.2814080Z demo-mac: js->host: capture-activity:{"kind":"resize","elapsedMs":9057,"visibility":"hidden","focused":false,"viewport":[640,800,2],"animationFrames":0,"timerTicks":7,"background":"rgb(23, 97, 181)","animations":[{"state":"running","currentTime":0}]}
2026-10-07T12:40:59.2815490Z demo-mac: capture activity at 7.00s: frames=7, complete=7, idle=399, visible=Some(true), minimized=Some(false), focused=false
2026-10-07T12:40:59.2816920Z demo-mac: js->host: capture-activity:{"kind":"timer","elapsedMs":10215,"visibility":"hidden","focused":false,"viewport":[640,800,2],"animationFrames":0,"timerTicks":8,"background":"rgb(23, 97, 181)","animations":[{"state":"running","currentTime":0}]}
2026-10-07T12:40:59.2818400Z demo-mac: capture activity at 8.00s: frames=7, complete=7, idle=457, visible=Some(true), minimized=Some(false), focused=false
2026-10-07T12:40:59.2819590Z demo-mac: capture activity at 9.00s: frames=7, complete=7, idle=516, visible=Some(true), minimized=Some(false), focused=false
2026-10-07T12:40:59.2821080Z demo-mac: js->host: capture-activity:{"kind":"timer","elapsedMs":12207,"visibility":"hidden","focused":false,"viewport":[640,800,2],"animationFrames":0,"timerTicks":9,"background":"rgb(23, 97, 181)","animations":[{"state":"running","currentTime":0}]}
2026-10-07T12:40:59.2822400Z demo-mac: resize-test step 1 → request logical inner_size = 768x600
2026-10-07T12:40:59.2823200Z demo-mac: capture activity at 10.00s: frames=7, complete=7, idle=574, visible=Some(true), minimized=Some(false), focused=false
2026-10-07T12:40:59.2824680Z demo-mac: js->host: capture-activity:{"kind":"resize","elapsedMs":13056,"visibility":"hidden","focused":false,"viewport":[384,600,2],"animationFrames":0,"timerTicks":9,"background":"rgb(23, 97, 181)","animations":[{"state":"running","currentTime":0}]}
2026-10-07T12:40:59.2826650Z demo-mac: capture activity at 11.00s: frames=11, complete=11, idle=627, visible=Some(true), minimized=Some(false), focused=false
2026-10-07T12:40:59.2828120Z demo-mac: js->host: capture-activity:{"kind":"timer","elapsedMs":14224,"visibility":"hidden","focused":false,"viewport":[384,600,2],"animationFrames":0,"timerTicks":10,"background":"rgb(23, 97, 181)","animations":[{"state":"running","currentTime":0}]}
2026-10-07T12:40:59.2829630Z demo-mac: capture activity at 12.00s: frames=11, complete=11, idle=686, visible=Some(true), minimized=Some(false), focused=false
2026-10-07T12:40:59.2830650Z demo-mac: capture activity at 13.00s: frames=11, complete=11, idle=744, visible=Some(true), minimized=Some(false), focused=false
2026-10-07T12:40:59.2832120Z demo-mac: js->host: capture-activity:{"kind":"timer","elapsedMs":16126,"visibility":"hidden","focused":false,"viewport":[384,600,2],"animationFrames":0,"timerTicks":11,"background":"rgb(23, 97, 181)","animations":[{"state":"running","currentTime":0}]}
2026-10-07T12:40:59.2833780Z demo-mac: resize-test step 2 → request logical inner_size = 1024x700
2026-10-07T12:40:59.2834610Z demo-mac: capture activity at 14.00s: frames=11, complete=11, idle=802, visible=Some(true), minimized=Some(false), focused=false
2026-10-07T12:40:59.2836110Z demo-mac: js->host: capture-activity:{"kind":"resize","elapsedMs":17056,"visibility":"hidden","focused":false,"viewport":[512,700,2],"animationFrames":0,"timerTicks":11,"background":"rgb(23, 97, 181)","animations":[{"state":"running","currentTime":0}]}
2026-10-07T12:40:59.2837670Z demo-mac: capture-test: PASS — SCK pipeline delivered 14 frames across [768x1200, 1024x1400, 1024x1536, 1280x1600]
2026-10-07T12:40:59.2838340Z   -> PASS
2026-10-07T12:40:59.2863950Z 
2026-10-07T12:40:59.2864540Z ==> summary
2026-10-07T12:40:59.2864890Z   passed: 1 / 2
2026-10-07T12:40:59.2865190Z   failed: 1
2026-10-07T12:40:59.2865510Z     - --capture-test
2026-10-07T12:40:59.4665980Z ##[error]Process completed with exit code 1.
2026-10-07T12:40:59.4779010Z Post job cleanup.
2026-10-07T12:40:59.7485160Z Released host hardware lock at /var/folders/nt/xlxwlg695b399ck_h55sfwtc0000gn/T/merely-wgpu-hardware-lock/host.lock
2026-10-07T12:40:59.7673290Z Post job cleanup.
2026-10-07T12:40:59.9399770Z [command]/usr/bin/git version
2026-10-07T12:40:59.9636810Z git version 2.39.5 (Apple Git-154)
2026-10-07T12:40:59.9675300Z Copying '/Users/markik/.gitconfig' to '/Users/markik/actions-runner-wgpu/_work/_temp/b768062a-9388-457d-a234-dc73272d1f7d/.gitconfig'
2026-10-07T12:40:59.9684140Z Temporarily overriding HOME='/Users/markik/actions-runner-wgpu/_work/_temp/b768062a-9388-457d-a234-dc73272d1f7d' before making global git config changes
2026-10-07T12:40:59.9685280Z Adding repository directory to the temporary git global config as a safe directory
2026-10-07T12:40:59.9696380Z [command]/usr/bin/git config --global --add safe.directory /Users/markik/actions-runner-wgpu/_work/wgpu-scry/wgpu-scry/.host-hardware-lock
2026-10-07T12:40:59.9927100Z Removing SSH command configuration
2026-10-07T12:40:59.9933220Z [command]/usr/bin/git config --local --name-only --get-regexp core\.sshCommand
2026-10-07T12:41:00.0161210Z [command]/usr/bin/git submodule foreach --recursive sh -c "git config --local --name-only --get-regexp 'core\.sshCommand' && git config --local --unset-all 'core.sshCommand' || :"
2026-10-07T12:41:00.1503870Z Removing HTTP extra header
2026-10-07T12:41:00.1508480Z [command]/usr/bin/git config --local --name-only --get-regexp http\.https\:\/\/github\.com\/\.extraheader
2026-10-07T12:41:00.1722550Z [command]/usr/bin/git submodule foreach --recursive sh -c "git config --local --name-only --get-regexp 'http\.https\:\/\/github\.com\/\.extraheader' && git config --local --unset-all 'http.https://github.com/.extraheader' || :"
2026-10-07T12:41:00.3023270Z Removing includeIf entries pointing to credentials config files
2026-10-07T12:41:00.3028180Z [command]/usr/bin/git config --local --name-only --get-regexp ^includeIf\.gitdir:
2026-10-07T12:41:00.3224970Z includeif.gitdir:/Users/markik/actions-runner-wgpu/_work/wgpu-scry/wgpu-scry/.host-hardware-lock/.git.path
2026-10-07T12:41:00.3226090Z includeif.gitdir:/Users/markik/actions-runner-wgpu/_work/wgpu-scry/wgpu-scry/.host-hardware-lock/.git/worktrees/*.path
2026-10-07T12:41:00.3226940Z includeif.gitdir:/github/workspace/.host-hardware-lock/.git.path
2026-10-07T12:41:00.3227630Z includeif.gitdir:/github/workspace/.host-hardware-lock/.git/worktrees/*.path
2026-10-07T12:41:00.3234500Z [command]/usr/bin/git config --local --get-all includeif.gitdir:/Users/markik/actions-runner-wgpu/_work/wgpu-scry/wgpu-scry/.host-hardware-lock/.git.path
2026-10-07T12:41:00.3430330Z /Users/markik/actions-runner-wgpu/_work/_temp/git-credentials-31eba0be-4ade-4005-9cda-a4bf0210839e.config
2026-10-07T12:41:00.3441180Z [command]/usr/bin/git config --local --unset includeif.gitdir:/Users/markik/actions-runner-wgpu/_work/wgpu-scry/wgpu-scry/.host-hardware-lock/.git.path \/Users\/markik\/actions\-runner\-wgpu\/_work\/_temp\/git\-credentials\-31eba0be\-4ade\-4005\-9cda\-a4bf0210839e\.config
2026-10-07T12:41:00.3649840Z [command]/usr/bin/git config --local --get-all includeif.gitdir:/Users/markik/actions-runner-wgpu/_work/wgpu-scry/wgpu-scry/.host-hardware-lock/.git/worktrees/*.path
2026-10-07T12:41:00.3844850Z /Users/markik/actions-runner-wgpu/_work/_temp/git-credentials-31eba0be-4ade-4005-9cda-a4bf0210839e.config
2026-10-07T12:41:00.3854340Z [command]/usr/bin/git config --local --unset includeif.gitdir:/Users/markik/actions-runner-wgpu/_work/wgpu-scry/wgpu-scry/.host-hardware-lock/.git/worktrees/*.path \/Users\/markik\/actions\-runner\-wgpu\/_work\/_temp\/git\-credentials\-31eba0be\-4ade\-4005\-9cda\-a4bf0210839e\.config
2026-10-07T12:41:00.4062510Z [command]/usr/bin/git config --local --get-all includeif.gitdir:/github/workspace/.host-hardware-lock/.git.path
2026-10-07T12:41:00.4256810Z /github/runner_temp/git-credentials-31eba0be-4ade-4005-9cda-a4bf0210839e.config
2026-10-07T12:41:00.4264240Z [command]/usr/bin/git config --local --unset includeif.gitdir:/github/workspace/.host-hardware-lock/.git.path \/github\/runner_temp\/git\-credentials\-31eba0be\-4ade\-4005\-9cda\-a4bf0210839e\.config
2026-10-07T12:41:00.4475380Z [command]/usr/bin/git config --local --get-all includeif.gitdir:/github/workspace/.host-hardware-lock/.git/worktrees/*.path
2026-10-07T12:41:00.4671150Z /github/runner_temp/git-credentials-31eba0be-4ade-4005-9cda-a4bf0210839e.config
2026-10-07T12:41:00.4687360Z [command]/usr/bin/git config --local --unset includeif.gitdir:/github/workspace/.host-hardware-lock/.git/worktrees/*.path \/github\/runner_temp\/git\-credentials\-31eba0be\-4ade\-4005\-9cda\-a4bf0210839e\.config
2026-10-07T12:41:00.4888640Z [command]/usr/bin/git submodule foreach --recursive git config --local --show-origin --name-only --get-regexp remote.origin.url
2026-10-07T12:41:00.6139870Z Removing credentials config '/Users/markik/actions-runner-wgpu/_work/_temp/git-credentials-31eba0be-4ade-4005-9cda-a4bf0210839e.config'
2026-10-07T12:41:00.6330540Z Post job cleanup.
2026-10-07T12:41:00.7687860Z [command]/usr/bin/git version
2026-10-07T12:41:00.7911810Z git version 2.39.5 (Apple Git-154)
2026-10-07T12:41:00.7941050Z Copying '/Users/markik/.gitconfig' to '/Users/markik/actions-runner-wgpu/_work/_temp/4b55bca9-41d1-448b-bacd-85bb03ee7565/.gitconfig'
2026-10-07T12:41:00.7952120Z Temporarily overriding HOME='/Users/markik/actions-runner-wgpu/_work/_temp/4b55bca9-41d1-448b-bacd-85bb03ee7565' before making global git config changes
2026-10-07T12:41:00.7953220Z Adding repository directory to the temporary git global config as a safe directory
2026-10-07T12:41:00.7965150Z [command]/usr/bin/git config --global --add safe.directory /Users/markik/actions-runner-wgpu/_work/wgpu-scry/wgpu-scry
2026-10-07T12:41:00.8189510Z Removing SSH command configuration
2026-10-07T12:41:00.8195300Z [command]/usr/bin/git config --local --name-only --get-regexp core\.sshCommand
2026-10-07T12:41:00.8406560Z [command]/usr/bin/git submodule foreach --recursive sh -c "git config --local --name-only --get-regexp 'core\.sshCommand' && git config --local --unset-all 'core.sshCommand' || :"
2026-10-07T12:41:00.9692430Z Removing HTTP extra header
2026-10-07T12:41:00.9698360Z [command]/usr/bin/git config --local --name-only --get-regexp http\.https\:\/\/github\.com\/\.extraheader
2026-10-07T12:41:00.9908620Z [command]/usr/bin/git submodule foreach --recursive sh -c "git config --local --name-only --get-regexp 'http\.https\:\/\/github\.com\/\.extraheader' && git config --local --unset-all 'http.https://github.com/.extraheader' || :"
2026-10-07T12:41:01.1220000Z Removing includeIf entries pointing to credentials config files
2026-10-07T12:41:01.1225470Z [command]/usr/bin/git config --local --name-only --get-regexp ^includeIf\.gitdir:
2026-10-07T12:41:01.1424430Z includeif.gitdir:/Users/markik/actions-runner-wgpu/_work/wgpu-scry/wgpu-scry/.git.path
2026-10-07T12:41:01.1425410Z includeif.gitdir:/Users/markik/actions-runner-wgpu/_work/wgpu-scry/wgpu-scry/.git/worktrees/*.path
2026-10-07T12:41:01.1426140Z includeif.gitdir:/github/workspace/.git.path
2026-10-07T12:41:01.1426650Z includeif.gitdir:/github/workspace/.git/worktrees/*.path
2026-10-07T12:41:01.1434060Z [command]/usr/bin/git config --local --get-all includeif.gitdir:/Users/markik/actions-runner-wgpu/_work/wgpu-scry/wgpu-scry/.git.path
2026-10-07T12:41:01.1630040Z /Users/markik/actions-runner-wgpu/_work/_temp/git-credentials-83bdce0a-5c35-4716-a75e-47c787b465e5.config
2026-10-07T12:41:01.1640200Z [command]/usr/bin/git config --local --unset includeif.gitdir:/Users/markik/actions-runner-wgpu/_work/wgpu-scry/wgpu-scry/.git.path \/Users\/markik\/actions\-runner\-wgpu\/_work\/_temp\/git\-credentials\-83bdce0a\-5c35\-4716\-a75e\-47c787b465e5\.config
2026-10-07T12:41:01.1848880Z [command]/usr/bin/git config --local --get-all includeif.gitdir:/Users/markik/actions-runner-wgpu/_work/wgpu-scry/wgpu-scry/.git/worktrees/*.path
2026-10-07T12:41:01.2049900Z /Users/markik/actions-runner-wgpu/_work/_temp/git-credentials-83bdce0a-5c35-4716-a75e-47c787b465e5.config
2026-10-07T12:41:01.2059180Z [command]/usr/bin/git config --local --unset includeif.gitdir:/Users/markik/actions-runner-wgpu/_work/wgpu-scry/wgpu-scry/.git/worktrees/*.path \/Users\/markik\/actions\-runner\-wgpu\/_work\/_temp\/git\-credentials\-83bdce0a\-5c35\-4716\-a75e\-47c787b465e5\.config
2026-10-07T12:41:01.2266180Z [command]/usr/bin/git config --local --get-all includeif.gitdir:/github/workspace/.git.path
2026-10-07T12:41:01.2464380Z /github/runner_temp/git-credentials-83bdce0a-5c35-4716-a75e-47c787b465e5.config
2026-10-07T12:41:01.2471890Z [command]/usr/bin/git config --local --unset includeif.gitdir:/github/workspace/.git.path \/github\/runner_temp\/git\-credentials\-83bdce0a\-5c35\-4716\-a75e\-47c787b465e5\.config
2026-10-07T12:41:01.2688030Z [command]/usr/bin/git config --local --get-all includeif.gitdir:/github/workspace/.git/worktrees/*.path
2026-10-07T12:41:01.2888890Z /github/runner_temp/git-credentials-83bdce0a-5c35-4716-a75e-47c787b465e5.config
2026-10-07T12:41:01.2898450Z [command]/usr/bin/git config --local --unset includeif.gitdir:/github/workspace/.git/worktrees/*.path \/github\/runner_temp\/git\-credentials\-83bdce0a\-5c35\-4716\-a75e\-47c787b465e5\.config
2026-10-07T12:41:01.3115420Z [command]/usr/bin/git submodule foreach --recursive git config --local --show-origin --name-only --get-regexp remote.origin.url
2026-10-07T12:41:01.4373850Z Removing credentials config '/Users/markik/actions-runner-wgpu/_work/_temp/git-credentials-83bdce0a-5c35-4716-a75e-47c787b465e5.config'
2026-10-07T12:41:01.4558400Z Cleaning up orphan processes
