2026-10-07T12:38:22.2546965Z Current runner version: '2.337.0'
2026-10-07T12:38:22.2581924Z ##[group]Runner Image Provisioner
2026-10-07T12:38:22.2583211Z Hosted Compute Agent
2026-10-07T12:38:22.2584168Z Version: 20260901.588
2026-10-07T12:38:22.2585278Z Commit: f88ec8081b781fac6c440065ac7ff9e710ce3d0b
2026-10-07T12:38:22.2586552Z Build Date: 2026-09-01T19:56:44Z
2026-10-07T12:38:22.2587808Z Worker ID: {cedbe9c3-db69-4682-a622-aa2f393225c4}
2026-10-07T12:38:22.2589306Z Azure Region: eastus
2026-10-07T12:38:22.2590399Z ##[endgroup]
2026-10-07T12:38:22.2593471Z ##[group]Operating System
2026-10-07T12:38:22.2594576Z Ubuntu
2026-10-07T12:38:22.2595468Z 24.04.5
2026-10-07T12:38:22.2596309Z LTS
2026-10-07T12:38:22.2597251Z ##[endgroup]
2026-10-07T12:38:22.2598433Z ##[group]Runner Image
2026-10-07T12:38:22.2599465Z Image: ubuntu-24.04
2026-10-07T12:38:22.2600542Z Version: 20260927.320.1
2026-10-07T12:38:22.2602585Z Included Software: https://github.com/actions/runner-images/blob/ubuntu24/20260927.320/images/ubuntu/Ubuntu2404-Readme.md
2026-10-07T12:38:22.2605312Z Image Release: https://github.com/actions/runner-images/releases/tag/ubuntu24%2F20260927.320
2026-10-07T12:38:22.2607011Z ##[endgroup]
2026-10-07T12:38:22.2609178Z ##[group]GITHUB_TOKEN Permissions
2026-10-07T12:38:22.2612624Z Contents: read
2026-10-07T12:38:22.2613666Z Metadata: read
2026-10-07T12:38:22.2614609Z ##[endgroup]
2026-10-07T12:38:22.2617535Z Secret source: Actions
2026-10-07T12:38:22.2619257Z Cache mode: write
2026-10-07T12:38:22.2620831Z Prepare workflow directory
2026-10-07T12:38:22.3177420Z Prepare all required actions
2026-10-07T12:38:22.3237242Z Getting action download info
2026-10-07T12:38:22.5232731Z Download action repository 'actions/checkout@v4' (SHA:11d5960a326750d5838078e36cf38b85af677262)
2026-10-07T12:38:22.6131711Z Download action repository 'dtolnay/rust-toolchain@1.92.0' (SHA:1e7c0e2ba8d6443512f43fe0c99104527001da2e)
2026-10-07T12:38:22.9272470Z Complete job name: Rust 1.92 / Linux / WebKitGTK 4.1 fallback
2026-10-07T12:38:23.0054542Z ##[group]Run actions/checkout@v4
2026-10-07T12:38:23.0055474Z with:
2026-10-07T12:38:23.0055967Z   repository: merely-made/wgpu-scry
2026-10-07T12:38:23.0060338Z   token: ***
2026-10-07T12:38:23.0060795Z   ssh-strict: true
2026-10-07T12:38:23.0061254Z   ssh-user: git
2026-10-07T12:38:23.0061712Z   persist-credentials: true
2026-10-07T12:38:23.0062213Z   clean: true
2026-10-07T12:38:23.0062673Z   sparse-checkout-cone-mode: true
2026-10-07T12:38:23.0063202Z   fetch-depth: 1
2026-10-07T12:38:23.0063637Z   fetch-tags: false
2026-10-07T12:38:23.0064085Z   show-progress: true
2026-10-07T12:38:23.0064536Z   lfs: false
2026-10-07T12:38:23.0064954Z   submodules: false
2026-10-07T12:38:23.0065428Z   set-safe-directory: true
2026-10-07T12:38:23.0065946Z   allow-unsafe-pr-checkout: false
2026-10-07T12:38:23.0066750Z env:
2026-10-07T12:38:23.0067185Z   CARGO_NET_GIT_FETCH_WITH_CLI: true
2026-10-07T12:38:23.0067718Z ##[endgroup]
2026-10-07T12:38:23.1079866Z Syncing repository: merely-made/wgpu-scry
2026-10-07T12:38:23.1082436Z ##[group]Getting Git version info
2026-10-07T12:38:23.1083614Z Working directory is '/home/runner/work/wgpu-scry/wgpu-scry'
2026-10-07T12:38:23.1085246Z [command]/usr/bin/git version
2026-10-07T12:38:23.1156651Z git version 2.55.0
2026-10-07T12:38:23.1189780Z ##[endgroup]
2026-10-07T12:38:23.1196960Z Temporarily overriding HOME='/home/runner/work/_temp/03bb727c-b8d3-4257-ada4-a0d458e7b138' before making global git config changes
2026-10-07T12:38:23.1199353Z Adding repository directory to the temporary git global config as a safe directory
2026-10-07T12:38:23.1203399Z [command]/usr/bin/git config --global --add safe.directory /home/runner/work/wgpu-scry/wgpu-scry
2026-10-07T12:38:23.1261211Z Deleting the contents of '/home/runner/work/wgpu-scry/wgpu-scry'
2026-10-07T12:38:23.1266200Z ##[group]Initializing the repository
2026-10-07T12:38:23.1272728Z [command]/usr/bin/git init /home/runner/work/wgpu-scry/wgpu-scry
2026-10-07T12:38:23.1410268Z hint: Using 'master' as the name for the initial branch. This default branch name
2026-10-07T12:38:23.1411732Z hint: will change to "main" in Git 3.0. To configure the initial branch name
2026-10-07T12:38:23.1413758Z hint: to use in all of your new repositories, which will suppress this warning,
2026-10-07T12:38:23.1414961Z hint: call:
2026-10-07T12:38:23.1415534Z hint:
2026-10-07T12:38:23.1416365Z hint: 	git config --global init.defaultBranch <name>
2026-10-07T12:38:23.1417362Z hint:
2026-10-07T12:38:23.1418578Z hint: Names commonly chosen instead of 'master' are 'main', 'trunk' and
2026-10-07T12:38:23.1420188Z hint: 'development'. The just-created branch can be renamed via this command:
2026-10-07T12:38:23.1421586Z hint:
2026-10-07T12:38:23.1422308Z hint: 	git branch -m <name>
2026-10-07T12:38:23.1423144Z hint:
2026-10-07T12:38:23.1424219Z hint: Disable this message with "git config set advice.defaultBranchName false"
2026-10-07T12:38:23.1425905Z Initialized empty Git repository in /home/runner/work/wgpu-scry/wgpu-scry/.git/
2026-10-07T12:38:23.1429173Z [command]/usr/bin/git remote add origin https://github.com/merely-made/wgpu-scry
2026-10-07T12:38:23.1459222Z ##[endgroup]
2026-10-07T12:38:23.1460020Z ##[group]Disabling automatic garbage collection
2026-10-07T12:38:23.1463988Z [command]/usr/bin/git config --local gc.auto 0
2026-10-07T12:38:23.1498704Z ##[endgroup]
2026-10-07T12:38:23.1500174Z ##[group]Setting up auth
2026-10-07T12:38:23.1506323Z [command]/usr/bin/git config --local --name-only --get-regexp core\.sshCommand
2026-10-07T12:38:23.1543062Z [command]/usr/bin/git submodule foreach --recursive sh -c "git config --local --name-only --get-regexp 'core\.sshCommand' && git config --local --unset-all 'core.sshCommand' || :"
2026-10-07T12:38:23.1932172Z [command]/usr/bin/git config --local --name-only --get-regexp http\.https\:\/\/github\.com\/\.extraheader
2026-10-07T12:38:23.1976295Z [command]/usr/bin/git submodule foreach --recursive sh -c "git config --local --name-only --get-regexp 'http\.https\:\/\/github\.com\/\.extraheader' && git config --local --unset-all 'http.https://github.com/.extraheader' || :"
2026-10-07T12:38:23.2230357Z [command]/usr/bin/git config --local --name-only --get-regexp ^includeIf\.gitdir:
2026-10-07T12:38:23.2270957Z [command]/usr/bin/git submodule foreach --recursive git config --local --show-origin --name-only --get-regexp remote.origin.url
2026-10-07T12:38:23.2505490Z [command]/usr/bin/git config --local http.https://github.com/.extraheader AUTHORIZATION: basic ***
2026-10-07T12:38:23.2548836Z ##[endgroup]
2026-10-07T12:38:23.2550320Z ##[group]Fetching the repository
2026-10-07T12:38:23.2560090Z [command]/usr/bin/git -c protocol.version=2 fetch --no-tags --prune --no-recurse-submodules --depth=1 origin +4771072a6827695dfaba9db104cd48b87e6cd543:refs/remotes/origin/main
2026-10-07T12:38:23.7677751Z From https://github.com/merely-made/wgpu-scry
2026-10-07T12:38:23.7679543Z  * [new ref]         4771072a6827695dfaba9db104cd48b87e6cd543 -> origin/main
2026-10-07T12:38:23.7684446Z ##[endgroup]
2026-10-07T12:38:23.7685385Z ##[group]Determining the checkout info
2026-10-07T12:38:23.7698218Z ##[endgroup]
2026-10-07T12:38:23.7701463Z [command]/usr/bin/git sparse-checkout disable
2026-10-07T12:38:23.7766425Z [command]/usr/bin/git config --local --unset-all extensions.worktreeConfig
2026-10-07T12:38:23.7812291Z ##[group]Checking out the ref
2026-10-07T12:38:23.7813355Z [command]/usr/bin/git checkout --progress --force -B main refs/remotes/origin/main
2026-10-07T12:38:23.8156609Z Switched to a new branch 'main'
2026-10-07T12:38:23.8160664Z branch 'main' set up to track 'origin/main'.
2026-10-07T12:38:23.8171258Z ##[endgroup]
2026-10-07T12:38:23.8221793Z [command]/usr/bin/git log -1 --format=%H
2026-10-07T12:38:23.8248928Z 4771072a6827695dfaba9db104cd48b87e6cd543
2026-10-07T12:38:23.8844718Z ##[group]Run dtolnay/rust-toolchain@1.92.0
2026-10-07T12:38:23.8846009Z with:
2026-10-07T12:38:23.8846941Z env:
2026-10-07T12:38:23.8847901Z   CARGO_NET_GIT_FETCH_WITH_CLI: true
2026-10-07T12:38:23.8849396Z ##[endgroup]
2026-10-07T12:38:23.8937700Z ##[start-action display=Parse toolchain version;id=__dtolnay_rust-toolchain.parse]
2026-10-07T12:38:23.9095825Z ##[group]Run if [[ -z $toolchain ]]; then
2026-10-07T12:38:23.9097144Z [36;1mif [[ -z $toolchain ]]; then[0m
2026-10-07T12:38:23.9099316Z [36;1m  # GitHub does not enforce `required: true` inputs itself. https://github.com/actions/runner/issues/1070[0m
2026-10-07T12:38:23.9101296Z [36;1m  echo "'toolchain' is a required input" >&2[0m
2026-10-07T12:38:23.9102498Z [36;1m  exit 1[0m
2026-10-07T12:38:23.9103794Z [36;1melif [[ $toolchain =~ ^stable' '[0-9]+' '(year|month|week|day)s?' 'ago$ ]]; then[0m
2026-10-07T12:38:23.9105365Z [36;1m  if [[ Linux == macOS ]]; then[0m
2026-10-07T12:38:23.9107305Z [36;1m    echo "toolchain=1.$((($(date -v-$(sed 's/stable \([0-9]*\) \(.\).*/\1\2/' <<< $toolchain) +%s)/60/60/24-16569)/7/6))" >> $GITHUB_OUTPUT[0m
2026-10-07T12:38:23.9109390Z [36;1m  else[0m
2026-10-07T12:38:23.9110942Z [36;1m    echo "toolchain=1.$((($(date --date "${toolchain#stable }" +%s)/60/60/24-16569)/7/6))" >> $GITHUB_OUTPUT[0m
2026-10-07T12:38:23.9112687Z [36;1m  fi[0m
2026-10-07T12:38:23.9113920Z [36;1melif [[ $toolchain =~ ^stable' 'minus' '[0-9]+' 'releases?$ ]]; then[0m
2026-10-07T12:38:23.9115845Z [36;1m  echo "toolchain=1.$((($(date +%s)/60/60/24-16569)/7/6-${toolchain//[^0-9]/}))" >> $GITHUB_OUTPUT[0m
2026-10-07T12:38:23.9117575Z [36;1melif [[ $toolchain =~ ^1\.[0-9]+$ ]]; then[0m
2026-10-07T12:38:23.9119782Z [36;1m  echo "toolchain=1.$((i=${toolchain#1.}, c=($(date +%s)/60/60/24-16569)/7/6, i+9*i*(10*i<=c)+90*i*(100*i<=c)))" >> $GITHUB_OUTPUT[0m
2026-10-07T12:38:23.9121605Z [36;1melse[0m
2026-10-07T12:38:23.9122656Z [36;1m  echo "toolchain=$toolchain" >> $GITHUB_OUTPUT[0m
2026-10-07T12:38:23.9123891Z [36;1mfi[0m
2026-10-07T12:38:23.9386823Z shell: /usr/bin/bash --noprofile --norc -e -o pipefail {0}
2026-10-07T12:38:23.9389163Z env:
2026-10-07T12:38:23.9390529Z   CARGO_NET_GIT_FETCH_WITH_CLI: true
2026-10-07T12:38:23.9391865Z   toolchain: 1.92.0
2026-10-07T12:38:23.9392899Z ##[endgroup]
2026-10-07T12:38:23.9556469Z ##[end-action id=__dtolnay_rust-toolchain.parse;outcome=success;conclusion=success;duration_ms=61]
2026-10-07T12:38:23.9574915Z ##[start-action display=Construct rustup command line;id=__dtolnay_rust-toolchain.flags]
2026-10-07T12:38:23.9628788Z ##[group]Run echo "targets=$(for t in ${targets//,/ }; do echo -n ' --target' $t; done)" >> $GITHUB_OUTPUT
2026-10-07T12:38:23.9630965Z [36;1mecho "targets=$(for t in ${targets//,/ }; do echo -n ' --target' $t; done)" >> $GITHUB_OUTPUT[0m
2026-10-07T12:38:23.9633138Z [36;1mecho "components=$(for c in ${components//,/ }; do echo -n ' --component' $c; done)" >> $GITHUB_OUTPUT[0m
2026-10-07T12:38:23.9634953Z [36;1mecho "downgrade=" >> $GITHUB_OUTPUT[0m
2026-10-07T12:38:23.9695464Z shell: /usr/bin/bash --noprofile --norc -e -o pipefail {0}
2026-10-07T12:38:23.9696721Z env:
2026-10-07T12:38:23.9697580Z   CARGO_NET_GIT_FETCH_WITH_CLI: true
2026-10-07T12:38:23.9698853Z   targets: 
2026-10-07T12:38:23.9699695Z   components: 
2026-10-07T12:38:23.9700598Z ##[endgroup]
2026-10-07T12:38:23.9812285Z ##[end-action id=__dtolnay_rust-toolchain.flags;outcome=success;conclusion=success;duration_ms=23]
2026-10-07T12:38:23.9818870Z ##[start-action display=Set $CARGO_HOME;id=__dtolnay_rust-toolchain.__run]
2026-10-07T12:38:23.9860204Z ##[group]Run echo CARGO_HOME=${CARGO_HOME:-"$HOME/.cargo"} >> $GITHUB_ENV
2026-10-07T12:38:23.9861862Z [36;1mecho CARGO_HOME=${CARGO_HOME:-"$HOME/.cargo"} >> $GITHUB_ENV[0m
2026-10-07T12:38:23.9920346Z shell: /usr/bin/bash --noprofile --norc -e -o pipefail {0}
2026-10-07T12:38:23.9921614Z env:
2026-10-07T12:38:23.9922499Z   CARGO_NET_GIT_FETCH_WITH_CLI: true
2026-10-07T12:38:23.9923534Z ##[endgroup]
2026-10-07T12:38:24.0026124Z ##[end-action id=__dtolnay_rust-toolchain.__run;outcome=success;conclusion=success;duration_ms=20]
2026-10-07T12:38:24.0033035Z ##[start-action display=Install rustup if needed;id=__dtolnay_rust-toolchain.__run_2]
2026-10-07T12:38:24.0083926Z ##[group]Run if ! command -v rustup &>/dev/null; then
2026-10-07T12:38:24.0085226Z [36;1mif ! command -v rustup &>/dev/null; then[0m
2026-10-07T12:38:24.0087848Z [36;1m  curl --proto '=https' --tlsv1.2 --retry 10 --retry-connrefused --location --silent --show-error --fail https://sh.rustup.rs | sh -s -- --default-toolchain none -y[0m
2026-10-07T12:38:24.0090517Z [36;1m  echo "$CARGO_HOME/bin" >> $GITHUB_PATH[0m
2026-10-07T12:38:24.0091631Z [36;1mfi[0m
2026-10-07T12:38:24.0149510Z shell: /usr/bin/bash --noprofile --norc -e -o pipefail {0}
2026-10-07T12:38:24.0150772Z env:
2026-10-07T12:38:24.0151615Z   CARGO_NET_GIT_FETCH_WITH_CLI: true
2026-10-07T12:38:24.0152692Z   CARGO_HOME: /home/runner/.cargo
2026-10-07T12:38:24.0153695Z ##[endgroup]
2026-10-07T12:38:24.0254492Z ##[end-action id=__dtolnay_rust-toolchain.__run_2;outcome=success;conclusion=success;duration_ms=21]
2026-10-07T12:38:24.0261116Z ##[start-action display=Install rustup if needed on windows;id=__dtolnay_rust-toolchain.__run_3]
2026-10-07T12:38:24.0275550Z ##[end-action id=__dtolnay_rust-toolchain.__run_3;outcome=skipped;conclusion=skipped;duration_ms=0]
2026-10-07T12:38:24.0291354Z ##[start-action display=rustup toolchain install 1.92.0;id=__dtolnay_rust-toolchain.__run_4]
2026-10-07T12:38:24.0332491Z ##[group]Run log=$(mktemp)
2026-10-07T12:38:24.0333447Z [36;1mlog=$(mktemp)[0m
2026-10-07T12:38:24.0334372Z [36;1mtrap 'rm -f "$log"' EXIT[0m
2026-10-07T12:38:24.0335382Z [36;1mfor attempt in 1 2 3 4 5; do[0m
2026-10-07T12:38:24.0337197Z [36;1m  if rustup toolchain install 1.92.0 --profile minimal --no-self-update --force-non-host 2>&1 | tee "$log"; then[0m
2026-10-07T12:38:24.0339224Z [36;1m    break[0m
2026-10-07T12:38:24.0340062Z [36;1m  else[0m
2026-10-07T12:38:24.0340922Z [36;1m    status=$?[0m
2026-10-07T12:38:24.0341806Z [36;1m  fi[0m
2026-10-07T12:38:24.0342905Z [36;1m  if [[ $attempt == 5 ]] || ! grep -Fq 'checksum failed for ' "$log" \[0m
2026-10-07T12:38:24.0344794Z [36;1m      || ! grep -Fq 'this is likely due to an ongoing update of the official release server' "$log"; then[0m
2026-10-07T12:38:24.0346419Z [36;1m    exit "$status"[0m
2026-10-07T12:38:24.0347336Z [36;1m  fi[0m
2026-10-07T12:38:24.0348820Z [36;1m  echo "Retrying rustup toolchain install in 30 seconds (retry $attempt of 4)" >&2[0m
2026-10-07T12:38:24.0350329Z [36;1m  sleep 30[0m
2026-10-07T12:38:24.0351173Z [36;1mdone[0m
2026-10-07T12:38:24.0408947Z shell: /usr/bin/bash --noprofile --norc -e -o pipefail {0}
2026-10-07T12:38:24.0410148Z env:
2026-10-07T12:38:24.0410971Z   CARGO_NET_GIT_FETCH_WITH_CLI: true
2026-10-07T12:38:24.0412003Z   CARGO_HOME: /home/runner/.cargo
2026-10-07T12:38:24.0413001Z   RUSTUP_PERMIT_COPY_RENAME: 1
2026-10-07T12:38:24.0413935Z ##[endgroup]
2026-10-07T12:38:24.5481621Z info: syncing channel updates for 1.92.0-x86_64-unknown-linux-gnu
2026-10-07T12:38:24.8306433Z info: latest update on 2025-12-11 for version 1.92.0 (ded5c06cf 2025-12-08)
2026-10-07T12:38:24.8308247Z info: downloading 3 components
2026-10-07T12:38:31.9952877Z 
2026-10-07T12:38:32.0027133Z   1.92.0-x86_64-unknown-linux-gnu installed - rustc 1.92.0 (ded5c06cf 2025-12-08)
2026-10-07T12:38:32.0027772Z 
2026-10-07T12:38:32.0101470Z ##[end-action id=__dtolnay_rust-toolchain.__run_4;outcome=success;conclusion=success;duration_ms=7980]
2026-10-07T12:38:32.0110265Z ##[start-action display=rustup default 1.92.0;id=__dtolnay_rust-toolchain.__run_5]
2026-10-07T12:38:32.0136406Z ##[group]Run rustup default 1.92.0 --force-non-host
2026-10-07T12:38:32.0136831Z [36;1mrustup default 1.92.0 --force-non-host[0m
2026-10-07T12:38:32.0202204Z shell: /usr/bin/bash --noprofile --norc -e -o pipefail {0}
2026-10-07T12:38:32.0202616Z env:
2026-10-07T12:38:32.0202879Z   CARGO_NET_GIT_FETCH_WITH_CLI: true
2026-10-07T12:38:32.0203440Z   CARGO_HOME: /home/runner/.cargo
2026-10-07T12:38:32.0203758Z ##[endgroup]
2026-10-07T12:38:32.0326696Z info: using existing install for 1.92.0-x86_64-unknown-linux-gnu
2026-10-07T12:38:32.0333161Z info: default toolchain set to 1.92.0-x86_64-unknown-linux-gnu
2026-10-07T12:38:32.0333767Z 
2026-10-07T12:38:32.0402245Z   1.92.0-x86_64-unknown-linux-gnu unchanged - rustc 1.92.0 (ded5c06cf 2025-12-08)
2026-10-07T12:38:32.0403311Z 
2026-10-07T12:38:32.0404176Z info: note that the toolchain '1.97.1-x86_64-unknown-linux-gnu' is currently in use (overridden by '/home/runner/work/wgpu-scry/wgpu-scry/rust-toolchain.toml')
2026-10-07T12:38:32.0420851Z ##[end-action id=__dtolnay_rust-toolchain.__run_5;outcome=success;conclusion=success;duration_ms=30]
2026-10-07T12:38:32.0423688Z ##[start-action display=Create cachekey;id=__dtolnay_rust-toolchain.rustc-version]
2026-10-07T12:38:32.0448206Z ##[group]Run DATE=$(rustc +1.92.0 --version --verbose | sed -ne 's/^commit-date: \(20[0-9][0-9]\)-\([01][0-9]\)-\([0-3][0-9]\)$/\1\2\3/p')
2026-10-07T12:38:32.0449299Z [36;1mDATE=$(rustc +1.92.0 --version --verbose | sed -ne 's/^commit-date: \(20[0-9][0-9]\)-\([01][0-9]\)-\([0-3][0-9]\)$/\1\2\3/p')[0m
2026-10-07T12:38:32.0450003Z [36;1mHASH=$(rustc +1.92.0 --version --verbose | sed -ne 's/^commit-hash: //p')[0m
2026-10-07T12:38:32.0450542Z [36;1mecho "cachekey=$(echo $DATE$HASH | head -c12)" >> $GITHUB_OUTPUT[0m
2026-10-07T12:38:32.0514833Z shell: /usr/bin/bash --noprofile --norc -e -o pipefail {0}
2026-10-07T12:38:32.0515267Z env:
2026-10-07T12:38:32.0515526Z   CARGO_NET_GIT_FETCH_WITH_CLI: true
2026-10-07T12:38:32.0515871Z   CARGO_HOME: /home/runner/.cargo
2026-10-07T12:38:32.0516195Z ##[endgroup]
2026-10-07T12:38:32.0867530Z ##[end-action id=__dtolnay_rust-toolchain.rustc-version;outcome=success;conclusion=success;duration_ms=44]
2026-10-07T12:38:32.0871163Z ##[start-action display=Disable incremental compilation;id=__dtolnay_rust-toolchain.__run_6]
2026-10-07T12:38:32.0894568Z ##[group]Run if [ -z "${CARGO_INCREMENTAL+set}" ]; then
2026-10-07T12:38:32.0895078Z [36;1mif [ -z "${CARGO_INCREMENTAL+set}" ]; then[0m
2026-10-07T12:38:32.0895463Z [36;1m  echo CARGO_INCREMENTAL=0 >> $GITHUB_ENV[0m
2026-10-07T12:38:32.0895797Z [36;1mfi[0m
2026-10-07T12:38:32.0963808Z shell: /usr/bin/bash --noprofile --norc -e -o pipefail {0}
2026-10-07T12:38:32.0964242Z env:
2026-10-07T12:38:32.0964536Z   CARGO_NET_GIT_FETCH_WITH_CLI: true
2026-10-07T12:38:32.0964891Z   CARGO_HOME: /home/runner/.cargo
2026-10-07T12:38:32.0965213Z ##[endgroup]
2026-10-07T12:38:32.1053930Z ##[end-action id=__dtolnay_rust-toolchain.__run_6;outcome=success;conclusion=success;duration_ms=18]
2026-10-07T12:38:32.1056507Z ##[start-action display=Enable colors in Cargo output;id=__dtolnay_rust-toolchain.__run_7]
2026-10-07T12:38:32.1078730Z ##[group]Run if [ -z "${CARGO_TERM_COLOR+set}" ]; then
2026-10-07T12:38:32.1079147Z [36;1mif [ -z "${CARGO_TERM_COLOR+set}" ]; then[0m
2026-10-07T12:38:32.1079545Z [36;1m  echo CARGO_TERM_COLOR=always >> $GITHUB_ENV[0m
2026-10-07T12:38:32.1079908Z [36;1mfi[0m
2026-10-07T12:38:32.1140086Z shell: /usr/bin/bash --noprofile --norc -e -o pipefail {0}
2026-10-07T12:38:32.1140556Z env:
2026-10-07T12:38:32.1140847Z   CARGO_NET_GIT_FETCH_WITH_CLI: true
2026-10-07T12:38:32.1141223Z   CARGO_HOME: /home/runner/.cargo
2026-10-07T12:38:32.1141574Z   CARGO_INCREMENTAL: 0
2026-10-07T12:38:32.1141890Z ##[endgroup]
2026-10-07T12:38:32.1230258Z ##[end-action id=__dtolnay_rust-toolchain.__run_7;outcome=success;conclusion=success;duration_ms=17]
2026-10-07T12:38:32.1233016Z ##[start-action display=Enable Cargo sparse registry;id=__dtolnay_rust-toolchain.__run_8]
2026-10-07T12:38:32.1278852Z ##[group]Run # implemented in 1.66, stabilized in 1.68, made default in 1.70
2026-10-07T12:38:32.1279692Z [36;1m# implemented in 1.66, stabilized in 1.68, made default in 1.70[0m
2026-10-07T12:38:32.1280811Z [36;1mif [ -z "${CARGO_REGISTRIES_CRATES_IO_PROTOCOL+set}" -o -f "/home/runner/work/_temp"/.implicit_cargo_registries_crates_io_protocol ]; then[0m
2026-10-07T12:38:32.1281928Z [36;1m  if rustc +1.92.0 --version --verbose | grep -q '^release: 1\.6[89]\.'; then[0m
2026-10-07T12:38:32.1282632Z [36;1m    touch "/home/runner/work/_temp"/.implicit_cargo_registries_crates_io_protocol || true[0m
2026-10-07T12:38:32.1283302Z [36;1m    echo CARGO_REGISTRIES_CRATES_IO_PROTOCOL=sparse >> $GITHUB_ENV[0m
2026-10-07T12:38:32.1284041Z [36;1m  elif rustc +1.92.0 --version --verbose | grep -q '^release: 1\.6[67]\.'; then[0m
2026-10-07T12:38:32.1284742Z [36;1m    touch "/home/runner/work/_temp"/.implicit_cargo_registries_crates_io_protocol || true[0m
2026-10-07T12:38:32.1285400Z [36;1m    echo CARGO_REGISTRIES_CRATES_IO_PROTOCOL=git >> $GITHUB_ENV[0m
2026-10-07T12:38:32.1285860Z [36;1m  fi[0m
2026-10-07T12:38:32.1286126Z [36;1mfi[0m
2026-10-07T12:38:32.1346502Z shell: /usr/bin/bash --noprofile --norc -e -o pipefail {0}
2026-10-07T12:38:32.1346936Z env:
2026-10-07T12:38:32.1347209Z   CARGO_NET_GIT_FETCH_WITH_CLI: true
2026-10-07T12:38:32.1347563Z   CARGO_HOME: /home/runner/.cargo
2026-10-07T12:38:32.1348082Z   CARGO_INCREMENTAL: 0
2026-10-07T12:38:32.1348445Z   CARGO_TERM_COLOR: always
2026-10-07T12:38:32.1348753Z ##[endgroup]
2026-10-07T12:38:32.1672860Z ##[end-action id=__dtolnay_rust-toolchain.__run_8;outcome=success;conclusion=success;duration_ms=43]
2026-10-07T12:38:32.1676191Z ##[start-action display=Work around spurious network errors in curl 8.0;id=__dtolnay_rust-toolchain.__run_9]
2026-10-07T12:38:32.1702284Z ##[group]Run # https://rust-lang.zulipchat.com/#narrow/stream/246057-t-cargo/topic/timeout.20investigation
2026-10-07T12:38:32.1703176Z [36;1m# https://rust-lang.zulipchat.com/#narrow/stream/246057-t-cargo/topic/timeout.20investigation[0m
2026-10-07T12:38:32.1703912Z [36;1mif rustc +1.92.0 --version --verbose | grep -q '^release: 1\.7[01]\.'; then[0m
2026-10-07T12:38:32.1704476Z [36;1m  echo CARGO_HTTP_MULTIPLEXING=false >> $GITHUB_ENV[0m
2026-10-07T12:38:32.1704901Z [36;1mfi[0m
2026-10-07T12:38:32.1775507Z shell: /usr/bin/bash --noprofile --norc -e -o pipefail {0}
2026-10-07T12:38:32.1776034Z env:
2026-10-07T12:38:32.1776355Z   CARGO_NET_GIT_FETCH_WITH_CLI: true
2026-10-07T12:38:32.1776766Z   CARGO_HOME: /home/runner/.cargo
2026-10-07T12:38:32.1777148Z   CARGO_INCREMENTAL: 0
2026-10-07T12:38:32.1777504Z   CARGO_TERM_COLOR: always
2026-10-07T12:38:32.1777855Z ##[endgroup]
2026-10-07T12:38:32.1995555Z ##[end-action id=__dtolnay_rust-toolchain.__run_9;outcome=success;conclusion=success;duration_ms=31]
2026-10-07T12:38:32.2001117Z ##[start-action display=rustc +1.92.0 --version --verbose;id=__dtolnay_rust-toolchain.__run_10]
2026-10-07T12:38:32.2025435Z ##[group]Run rustc +1.92.0 --version --verbose
2026-10-07T12:38:32.2025853Z [36;1mrustc +1.92.0 --version --verbose[0m
2026-10-07T12:38:32.2093787Z shell: /usr/bin/bash --noprofile --norc -e -o pipefail {0}
2026-10-07T12:38:32.2094259Z env:
2026-10-07T12:38:32.2094546Z   CARGO_NET_GIT_FETCH_WITH_CLI: true
2026-10-07T12:38:32.2094934Z   CARGO_HOME: /home/runner/.cargo
2026-10-07T12:38:32.2095296Z   CARGO_INCREMENTAL: 0
2026-10-07T12:38:32.2095624Z   CARGO_TERM_COLOR: always
2026-10-07T12:38:32.2095951Z ##[endgroup]
2026-10-07T12:38:32.2283367Z rustc 1.92.0 (ded5c06cf 2025-12-08)
2026-10-07T12:38:32.2283961Z binary: rustc
2026-10-07T12:38:32.2284537Z commit-hash: ded5c06cf21d2b93bffd5d884aa6e96934ee4234
2026-10-07T12:38:32.2285214Z commit-date: 2025-12-08
2026-10-07T12:38:32.2285838Z host: x86_64-unknown-linux-gnu
2026-10-07T12:38:32.2286483Z release: 1.92.0
2026-10-07T12:38:32.2286799Z LLVM version: 21.1.3
2026-10-07T12:38:32.2303600Z ##[end-action id=__dtolnay_rust-toolchain.__run_10;outcome=success;conclusion=success;duration_ms=30]
2026-10-07T12:38:32.2369510Z ##[group]Run sudo apt-get update
2026-10-07T12:38:32.2369878Z [36;1msudo apt-get update[0m
2026-10-07T12:38:32.2370266Z [36;1msudo apt-get install -y libwebkit2gtk-4.1-dev libgtk-3-dev[0m
2026-10-07T12:38:32.2435858Z shell: /usr/bin/bash -e {0}
2026-10-07T12:38:32.2436175Z env:
2026-10-07T12:38:32.2436430Z   CARGO_NET_GIT_FETCH_WITH_CLI: true
2026-10-07T12:38:32.2436760Z   CARGO_HOME: /home/runner/.cargo
2026-10-07T12:38:32.2437066Z   CARGO_INCREMENTAL: 0
2026-10-07T12:38:32.2437342Z   CARGO_TERM_COLOR: always
2026-10-07T12:38:32.2437624Z ##[endgroup]
2026-10-07T12:38:32.3862348Z Get:1 file:/etc/apt/apt-mirrors.txt Mirrorlist [144 B]
2026-10-07T12:38:32.3979520Z Get:4 https://packages.microsoft.com/ubuntu/24.04/prod noble InRelease [3600 B]
2026-10-07T12:38:32.4219421Z Hit:2 http://azure.archive.ubuntu.com/ubuntu noble InRelease
2026-10-07T12:38:32.4229463Z Get:3 http://azure.archive.ubuntu.com/ubuntu noble-updates InRelease [126 kB]
2026-10-07T12:38:32.4294269Z Get:5 http://azure.archive.ubuntu.com/ubuntu noble-backports InRelease [126 kB]
2026-10-07T12:38:32.4368165Z Get:6 http://azure.archive.ubuntu.com/ubuntu noble-security InRelease [126 kB]
2026-10-07T12:38:32.5317168Z Get:7 https://packages.microsoft.com/ubuntu/24.04/prod noble/main amd64 Packages [519 kB]
2026-10-07T12:38:32.5482186Z Get:8 https://packages.microsoft.com/ubuntu/24.04/prod noble/main arm64 Packages [463 kB]
2026-10-07T12:38:32.5546347Z Get:9 https://packages.microsoft.com/ubuntu/24.04/prod noble/main armhf Packages [12.6 kB]
2026-10-07T12:38:32.6552520Z Get:10 http://azure.archive.ubuntu.com/ubuntu noble-updates/main amd64 Packages [1375 kB]
2026-10-07T12:38:32.6623746Z Get:11 http://azure.archive.ubuntu.com/ubuntu noble-updates/main Translation-en [306 kB]
2026-10-07T12:38:32.6645543Z Get:12 http://azure.archive.ubuntu.com/ubuntu noble-updates/main amd64 Components [181 kB]
2026-10-07T12:38:32.6660982Z Get:13 http://azure.archive.ubuntu.com/ubuntu noble-updates/universe amd64 Packages [1702 kB]
2026-10-07T12:38:32.6754524Z Get:14 http://azure.archive.ubuntu.com/ubuntu noble-updates/universe Translation-en [341 kB]
2026-10-07T12:38:32.6769996Z Get:15 http://azure.archive.ubuntu.com/ubuntu noble-updates/universe amd64 Components [388 kB]
2026-10-07T12:38:32.6795846Z Get:16 http://azure.archive.ubuntu.com/ubuntu noble-updates/restricted amd64 Packages [1730 kB]
2026-10-07T12:38:32.6891163Z Get:17 http://azure.archive.ubuntu.com/ubuntu noble-updates/restricted Translation-en [396 kB]
2026-10-07T12:38:32.6905263Z Get:18 http://azure.archive.ubuntu.com/ubuntu noble-updates/multiverse Translation-en [13.3 kB]
2026-10-07T12:38:32.6915021Z Get:19 http://azure.archive.ubuntu.com/ubuntu noble-updates/multiverse amd64 Components [940 B]
2026-10-07T12:38:32.7530187Z Get:20 http://azure.archive.ubuntu.com/ubuntu noble-backports/main amd64 Components [5752 B]
2026-10-07T12:38:32.7542262Z Get:21 http://azure.archive.ubuntu.com/ubuntu noble-backports/universe amd64 Components [12.6 kB]
2026-10-07T12:38:32.7614792Z Get:22 http://azure.archive.ubuntu.com/ubuntu noble-security/main amd64 Packages [1073 kB]
2026-10-07T12:38:32.7669680Z Get:23 http://azure.archive.ubuntu.com/ubuntu noble-security/main Translation-en [223 kB]
2026-10-07T12:38:32.7686840Z Get:24 http://azure.archive.ubuntu.com/ubuntu noble-security/main amd64 Components [46.4 kB]
2026-10-07T12:38:32.7709507Z Get:25 http://azure.archive.ubuntu.com/ubuntu noble-security/universe amd64 Packages [1218 kB]
2026-10-07T12:38:32.7769153Z Get:26 http://azure.archive.ubuntu.com/ubuntu noble-security/universe Translation-en [245 kB]
2026-10-07T12:38:32.7775775Z Get:27 http://azure.archive.ubuntu.com/ubuntu noble-security/universe amd64 Components [76.3 kB]
2026-10-07T12:38:32.7787858Z Get:28 http://azure.archive.ubuntu.com/ubuntu noble-security/restricted amd64 Packages [1566 kB]
2026-10-07T12:38:32.7861603Z Get:29 http://azure.archive.ubuntu.com/ubuntu noble-security/restricted Translation-en [361 kB]
2026-10-07T12:38:32.7884451Z Get:30 http://azure.archive.ubuntu.com/ubuntu noble-security/multiverse Translation-en [11.6 kB]
2026-10-07T12:38:39.3536725Z Fetched 12.6 MB in 1s (8853 kB/s)
2026-10-07T12:38:40.1511462Z Reading package lists...
2026-10-07T12:38:40.1820712Z Reading package lists...
2026-10-07T12:38:40.3582580Z Building dependency tree...
2026-10-07T12:38:40.3590687Z Reading state information...
2026-10-07T12:38:40.5008713Z The following additional packages will be installed:
2026-10-07T12:38:40.5009809Z   bubblewrap bzip2-doc gir1.2-atk-1.0 gir1.2-atspi-2.0 gir1.2-freedesktop
2026-10-07T12:38:40.5010751Z   gir1.2-freedesktop-dev gir1.2-gdkpixbuf-2.0 gir1.2-glib-2.0-dev
2026-10-07T12:38:40.5011654Z   gir1.2-gtk-3.0 gir1.2-harfbuzz-0.0 gir1.2-javascriptcoregtk-4.1
2026-10-07T12:38:40.5013094Z   gir1.2-pango-1.0 gir1.2-soup-3.0 gir1.2-webkit2-4.1 glib-networking
2026-10-07T12:38:40.5014247Z   glib-networking-common glib-networking-services gsettings-desktop-schemas
2026-10-07T12:38:40.5015205Z   gstreamer1.0-gl gstreamer1.0-plugins-base gstreamer1.0-plugins-good
2026-10-07T12:38:40.5016161Z   gstreamer1.0-x libaa1 libasyncns0 libatk-bridge2.0-dev libatk1.0-dev
2026-10-07T12:38:40.5017098Z   libatspi2.0-dev libavc1394-0 libblkid-dev libbrotli-dev libbz2-dev libcaca0
2026-10-07T12:38:40.5018286Z   libcairo-script-interpreter2 libcairo2-dev libcdparanoia0 libdatrie-dev
2026-10-07T12:38:40.5019223Z   libdbus-1-dev libdeflate-dev libdv4t64 libegl-dev libegl-mesa0 libegl1
2026-10-07T12:38:40.5020181Z   libegl1-mesa-dev libepoxy-dev libflac12t64 libfontconfig-dev libfreetype-dev
2026-10-07T12:38:40.5020788Z   libfreetype6 libfribidi-dev libgbm1 libgdk-pixbuf-2.0-dev
2026-10-07T12:38:40.5021325Z   libgdk-pixbuf2.0-bin libgirepository-2.0-0 libgl-dev libgl1-mesa-dri
2026-10-07T12:38:40.5021870Z   libgles-dev libgles1 libgles2 libglib2.0-dev libglib2.0-dev-bin
2026-10-07T12:38:40.5022439Z   libglvnd-core-dev libglvnd-dev libglx-dev libglx-mesa0 libgraphene-1.0-0
2026-10-07T12:38:40.5023042Z   libgraphite2-dev libgstreamer-gl1.0-0 libgstreamer-plugins-base1.0-0
2026-10-07T12:38:40.5023832Z   libgstreamer-plugins-good1.0-0 libharfbuzz-cairo0 libharfbuzz-dev
2026-10-07T12:38:40.5024709Z   libharfbuzz-gobject0 libharfbuzz-icu0 libharfbuzz-subset0 libhyphen0
2026-10-07T12:38:40.5025184Z   libice-dev libiec61883-0 libjavascriptcoregtk-4.1-0
2026-10-07T12:38:40.5025626Z   libjavascriptcoregtk-4.1-dev libjbig-dev libjpeg-dev libjpeg-turbo8-dev
2026-10-07T12:38:40.5026110Z   libjpeg8-dev liblerc-dev liblzma-dev libmanette-0.2-0 libmount-dev
2026-10-07T12:38:40.5026589Z   libmp3lame0 libmpg123-0t64 libnghttp2-dev libopengl-dev libopengl0 libopus0
2026-10-07T12:38:40.5027088Z   liborc-0.4-0t64 libpango1.0-dev libpangoxft-1.0-0 libpipewire-0.3-0t64
2026-10-07T12:38:40.5027680Z   libpipewire-0.3-common libpixman-1-dev libpng-dev libpng-tools libproxy1v5
2026-10-07T12:38:40.5028403Z   libpsl-dev libpthread-stubs0-dev libpulse0 libraw1394-11 libsecret-1-0
2026-10-07T12:38:40.5028890Z   libsecret-common libselinux1-dev libsepol-dev libsharpyuv-dev libshout3
2026-10-07T12:38:40.5029373Z   libsm-dev libsndfile1 libsoup-3.0-0 libsoup-3.0-common libsoup-3.0-dev
2026-10-07T12:38:40.5029829Z   libspa-0.2-modules libspeex1 libsysprof-capture-4-dev libtag1v5
2026-10-07T12:38:40.5030301Z   libtag1v5-vanilla libthai-dev libtheora0 libtiff-dev libtiffxx6 libtwolame0
2026-10-07T12:38:40.5030781Z   libv4l-0t64 libv4lconvert0t64 libvisual-0.4-0 libvorbisenc2 libvpx9
2026-10-07T12:38:40.5031216Z   libwavpack1 libwayland-bin libwayland-dev libwayland-server0
2026-10-07T12:38:40.5031682Z   libwebkit2gtk-4.1-0 libwebp-dev libwebpdecoder3 libwebrtc-audio-processing1
2026-10-07T12:38:40.5032166Z   libx11-dev libxau-dev libxcb-render0-dev libxcb-shm0-dev libxcb1-dev
2026-10-07T12:38:40.5032633Z   libxcomposite-dev libxcursor-dev libxdamage-dev libxdmcp-dev libxext-dev
2026-10-07T12:38:40.5033107Z   libxfixes-dev libxft-dev libxi-dev libxinerama-dev libxkbcommon-dev
2026-10-07T12:38:40.5033549Z   libxrandr-dev libxrender-dev libxtst-dev libxv1 mesa-libgallium
2026-10-07T12:38:40.5034215Z   pango1.0-tools session-migration uuid-dev wayland-protocols x11proto-dev
2026-10-07T12:38:40.5034764Z   xdg-dbus-proxy xdg-desktop-portal xdg-desktop-portal-gtk xorg-sgml-doctools
2026-10-07T12:38:40.5035157Z   xtrans-dev
2026-10-07T12:38:40.5035352Z Suggested packages:
2026-10-07T12:38:40.5035660Z   gvfs libcairo2-doc libdatrie-doc libdv-bin oss-compat freetype2-doc
2026-10-07T12:38:40.5036123Z   libglib2.0-doc libxml2-utils libgraphite2-utils libvisual-0.4-plugins
2026-10-07T12:38:40.5036563Z   libgtk-3-doc libice-doc liblzma-doc libnghttp2-doc opus-tools
2026-10-07T12:38:40.5037024Z   libpango1.0-doc pipewire pulseaudio libraw1394-doc libsm-doc libsoup-3.0-doc
2026-10-07T12:38:40.5037551Z   speex libthai-doc libwayland-doc gstreamer1.0-libav gstreamer1.0-plugins-bad
2026-10-07T12:38:40.5038306Z   gstreamer1.0-alsa libx11-doc libxcb-doc libxext-doc graphicsmagick
2026-10-07T12:38:40.5038704Z   accountsservice evince xdg-desktop-portal-gnome
2026-10-07T12:38:40.5953165Z The following NEW packages will be installed:
2026-10-07T12:38:40.5954391Z   bubblewrap bzip2-doc gir1.2-atk-1.0 gir1.2-atspi-2.0 gir1.2-freedesktop
2026-10-07T12:38:40.5955760Z   gir1.2-freedesktop-dev gir1.2-gdkpixbuf-2.0 gir1.2-glib-2.0-dev
2026-10-07T12:38:40.5956810Z   gir1.2-gtk-3.0 gir1.2-harfbuzz-0.0 gir1.2-javascriptcoregtk-4.1
2026-10-07T12:38:40.5957757Z   gir1.2-pango-1.0 gir1.2-soup-3.0 gir1.2-webkit2-4.1 glib-networking
2026-10-07T12:38:40.5959193Z   glib-networking-common glib-networking-services gsettings-desktop-schemas
2026-10-07T12:38:40.5960371Z   gstreamer1.0-gl gstreamer1.0-plugins-base gstreamer1.0-plugins-good
2026-10-07T12:38:40.5961301Z   gstreamer1.0-x libaa1 libasyncns0 libatk-bridge2.0-dev libatk1.0-dev
2026-10-07T12:38:40.5962390Z   libatspi2.0-dev libavc1394-0 libblkid-dev libbrotli-dev libbz2-dev libcaca0
2026-10-07T12:38:40.5963605Z   libcairo-script-interpreter2 libcairo2-dev libcdparanoia0 libdatrie-dev
2026-10-07T12:38:40.5964691Z   libdbus-1-dev libdeflate-dev libdv4t64 libegl-dev libegl-mesa0 libegl1
2026-10-07T12:38:40.5965908Z   libegl1-mesa-dev libepoxy-dev libflac12t64 libfontconfig-dev libfreetype-dev
2026-10-07T12:38:40.5967011Z   libfribidi-dev libgdk-pixbuf-2.0-dev libgdk-pixbuf2.0-bin
2026-10-07T12:38:40.5967864Z   libgirepository-2.0-0 libgl-dev libgles-dev libgles1 libgles2 libglib2.0-dev
2026-10-07T12:38:40.5969004Z   libglib2.0-dev-bin libglvnd-core-dev libglvnd-dev libglx-dev
2026-10-07T12:38:40.5969740Z   libgraphene-1.0-0 libgraphite2-dev libgstreamer-gl1.0-0
2026-10-07T12:38:40.5970577Z   libgstreamer-plugins-base1.0-0 libgstreamer-plugins-good1.0-0 libgtk-3-dev
2026-10-07T12:38:40.5971553Z   libharfbuzz-cairo0 libharfbuzz-dev libharfbuzz-gobject0 libharfbuzz-icu0
2026-10-07T12:38:40.5972376Z   libharfbuzz-subset0 libhyphen0 libice-dev libiec61883-0
2026-10-07T12:38:40.5973189Z   libjavascriptcoregtk-4.1-0 libjavascriptcoregtk-4.1-dev libjbig-dev
2026-10-07T12:38:40.5974070Z   libjpeg-dev libjpeg-turbo8-dev libjpeg8-dev liblerc-dev liblzma-dev
2026-10-07T12:38:40.5974978Z   libmanette-0.2-0 libmount-dev libmp3lame0 libmpg123-0t64 libnghttp2-dev
2026-10-07T12:38:40.5975865Z   libopengl-dev libopengl0 libopus0 liborc-0.4-0t64 libpango1.0-dev
2026-10-07T12:38:40.5976673Z   libpangoxft-1.0-0 libpipewire-0.3-0t64 libpipewire-0.3-common
2026-10-07T12:38:40.5977475Z   libpixman-1-dev libpng-dev libpng-tools libproxy1v5 libpsl-dev
2026-10-07T12:38:40.5978682Z   libpthread-stubs0-dev libpulse0 libraw1394-11 libsecret-1-0 libsecret-common
2026-10-07T12:38:40.5979680Z   libselinux1-dev libsepol-dev libsharpyuv-dev libshout3 libsm-dev libsndfile1
2026-10-07T12:38:40.5980608Z   libsoup-3.0-0 libsoup-3.0-common libsoup-3.0-dev libspa-0.2-modules
2026-10-07T12:38:40.5981550Z   libspeex1 libsysprof-capture-4-dev libtag1v5 libtag1v5-vanilla libthai-dev
2026-10-07T12:38:40.5982222Z   libtheora0 libtiff-dev libtiffxx6 libtwolame0 libv4l-0t64 libv4lconvert0t64
2026-10-07T12:38:40.5982705Z   libvisual-0.4-0 libvorbisenc2 libvpx9 libwavpack1 libwayland-bin
2026-10-07T12:38:40.5983178Z   libwayland-dev libwayland-server0 libwebkit2gtk-4.1-0 libwebkit2gtk-4.1-dev
2026-10-07T12:38:40.5983989Z   libwebp-dev libwebpdecoder3 libwebrtc-audio-processing1 libx11-dev
2026-10-07T12:38:40.5984510Z   libxau-dev libxcb-render0-dev libxcb-shm0-dev libxcb1-dev libxcomposite-dev
2026-10-07T12:38:40.5985005Z   libxcursor-dev libxdamage-dev libxdmcp-dev libxext-dev libxfixes-dev
2026-10-07T12:38:40.5985463Z   libxft-dev libxi-dev libxinerama-dev libxkbcommon-dev libxrandr-dev
2026-10-07T12:38:40.5985936Z   libxrender-dev libxtst-dev libxv1 pango1.0-tools session-migration uuid-dev
2026-10-07T12:38:40.5986437Z   wayland-protocols x11proto-dev xdg-dbus-proxy xdg-desktop-portal
2026-10-07T12:38:40.5986851Z   xdg-desktop-portal-gtk xorg-sgml-doctools xtrans-dev
2026-10-07T12:38:40.5987183Z The following packages will be upgraded:
2026-10-07T12:38:40.5987693Z   libfreetype6 libgbm1 libgl1-mesa-dri libglx-mesa0 mesa-libgallium
2026-10-07T12:38:40.6180790Z 5 upgraded, 167 newly installed, 0 to remove and 24 not upgraded.
2026-10-07T12:38:40.6181433Z Need to get 70.3 MB of archives.
2026-10-07T12:38:40.6181964Z After this operation, 256 MB of additional disk space will be used.
2026-10-07T12:38:40.6182376Z Get:1 file:/etc/apt/apt-mirrors.txt Mirrorlist [144 B]
2026-10-07T12:38:40.6475343Z Get:2 http://azure.archive.ubuntu.com/ubuntu noble-updates/main amd64 bubblewrap amd64 0.9.0-1ubuntu0.3 [50.4 kB]
2026-10-07T12:38:40.6643946Z Get:3 http://azure.archive.ubuntu.com/ubuntu noble-updates/main amd64 bzip2-doc all 1.0.8-5.1ubuntu0.1 [499 kB]
2026-10-07T12:38:40.7112993Z Get:4 http://azure.archive.ubuntu.com/ubuntu noble/main amd64 gir1.2-atk-1.0 amd64 2.52.0-1build1 [23.1 kB]
2026-10-07T12:38:40.7252354Z Get:5 http://azure.archive.ubuntu.com/ubuntu noble/main amd64 gir1.2-freedesktop amd64 1.80.1-1 [49.7 kB]
2026-10-07T12:38:40.7396955Z Get:6 http://azure.archive.ubuntu.com/ubuntu noble/main amd64 gir1.2-atspi-2.0 amd64 2.52.0-1build1 [19.8 kB]
2026-10-07T12:38:40.7537682Z Get:7 http://azure.archive.ubuntu.com/ubuntu noble-updates/main amd64 gir1.2-glib-2.0-dev amd64 2.80.0-6ubuntu3.9 [848 kB]
2026-10-07T12:38:40.7850801Z Get:8 http://azure.archive.ubuntu.com/ubuntu noble/main amd64 gir1.2-freedesktop-dev amd64 1.80.1-1 [28.8 kB]
2026-10-07T12:38:40.7992026Z Get:9 http://azure.archive.ubuntu.com/ubuntu noble-updates/main amd64 gir1.2-gdkpixbuf-2.0 amd64 2.42.10+dfsg-3ubuntu3.3 [9482 B]
2026-10-07T12:38:40.8131928Z Get:10 http://azure.archive.ubuntu.com/ubuntu noble/main amd64 libharfbuzz-gobject0 amd64 8.3.0-2build2 [34.3 kB]
2026-10-07T12:38:40.8273760Z Get:11 http://azure.archive.ubuntu.com/ubuntu noble/main amd64 gir1.2-harfbuzz-0.0 amd64 8.3.0-2build2 [44.5 kB]
2026-10-07T12:38:40.8415868Z Get:12 http://azure.archive.ubuntu.com/ubuntu noble/main amd64 libpangoxft-1.0-0 amd64 1.52.1+ds-1build1 [20.3 kB]
2026-10-07T12:38:40.8556799Z Get:13 http://azure.archive.ubuntu.com/ubuntu noble/main amd64 gir1.2-pango-1.0 amd64 1.52.1+ds-1build1 [34.8 kB]
2026-10-07T12:38:40.8700464Z Get:14 http://azure.archive.ubuntu.com/ubuntu noble-updates/main amd64 gir1.2-gtk-3.0 amd64 3.24.41-4ubuntu1.3 [245 kB]
2026-10-07T12:38:40.8855230Z Get:15 http://azure.archive.ubuntu.com/ubuntu noble-updates/main amd64 libjavascriptcoregtk-4.1-0 amd64 2.52.6-0ubuntu0.24.04.1 [8156 kB]
2026-10-07T12:38:40.9510956Z Get:16 http://azure.archive.ubuntu.com/ubuntu noble-updates/main amd64 gir1.2-javascriptcoregtk-4.1 amd64 2.52.6-0ubuntu0.24.04.1 [38.6 kB]
2026-10-07T12:38:40.9653451Z Get:17 http://azure.archive.ubuntu.com/ubuntu noble/main amd64 libproxy1v5 amd64 0.5.4-4build1 [26.5 kB]
2026-10-07T12:38:40.9793352Z Get:18 http://azure.archive.ubuntu.com/ubuntu noble/main amd64 glib-networking-common all 2.80.0-1build1 [6702 B]
2026-10-07T12:38:40.9934485Z Get:19 http://azure.archive.ubuntu.com/ubuntu noble/main amd64 glib-networking-services amd64 2.80.0-1build1 [12.8 kB]
2026-10-07T12:38:41.0488243Z Get:20 http://azure.archive.ubuntu.com/ubuntu noble/main amd64 session-migration amd64 0.3.9build1 [9034 B]
2026-10-07T12:38:41.0638847Z Get:21 http://azure.archive.ubuntu.com/ubuntu noble-updates/main amd64 gsettings-desktop-schemas all 46.1-0ubuntu1 [35.6 kB]
2026-10-07T12:38:41.0784351Z Get:22 http://azure.archive.ubuntu.com/ubuntu noble/main amd64 glib-networking amd64 2.80.0-1build1 [64.1 kB]
2026-10-07T12:38:41.0927591Z Get:23 http://azure.archive.ubuntu.com/ubuntu noble-updates/main amd64 libsoup-3.0-common all 3.4.4-5ubuntu0.9 [12.3 kB]
2026-10-07T12:38:41.1071000Z Get:24 http://azure.archive.ubuntu.com/ubuntu noble-updates/main amd64 libsoup-3.0-0 amd64 3.4.4-5ubuntu0.9 [291 kB]
2026-10-07T12:38:41.1229193Z Get:25 http://azure.archive.ubuntu.com/ubuntu noble-updates/main amd64 gir1.2-soup-3.0 amd64 3.4.4-5ubuntu0.9 [22.5 kB]
2026-10-07T12:38:41.1369182Z Get:26 http://azure.archive.ubuntu.com/ubuntu noble/main amd64 libcdparanoia0 amd64 3.10.2+debian-14build3 [48.5 kB]
2026-10-07T12:38:41.1513343Z Get:27 http://azure.archive.ubuntu.com/ubuntu noble-updates/main amd64 liborc-0.4-0t64 amd64 1:0.4.38-1ubuntu0.1 [207 kB]
2026-10-07T12:38:41.1665650Z Get:28 http://azure.archive.ubuntu.com/ubuntu noble-updates/main amd64 libgstreamer-plugins-base1.0-0 amd64 1.24.2-1ubuntu0.5 [862 kB]
2026-10-07T12:38:41.1854495Z Get:29 http://azure.archive.ubuntu.com/ubuntu noble/main amd64 libopus0 amd64 1.4-1build1 [208 kB]
2026-10-07T12:38:41.2005391Z Get:30 http://azure.archive.ubuntu.com/ubuntu noble/main amd64 libtheora0 amd64 1.1.1+dfsg.1-16.1build3 [211 kB]
2026-10-07T12:38:41.2156791Z Get:31 http://azure.archive.ubuntu.com/ubuntu noble/main amd64 libvisual-0.4-0 amd64 0.4.2-2build1 [115 kB]
2026-10-07T12:38:41.2302826Z Get:32 http://azure.archive.ubuntu.com/ubuntu noble/main amd64 libvorbisenc2 amd64 1.3.7-1build3 [80.8 kB]
2026-10-07T12:38:41.2448132Z Get:33 http://azure.archive.ubuntu.com/ubuntu noble-updates/main amd64 gstreamer1.0-plugins-base amd64 1.24.2-1ubuntu0.5 [721 kB]
2026-10-07T12:38:41.2635786Z Get:34 http://azure.archive.ubuntu.com/ubuntu noble/main amd64 libaa1 amd64 1.4p5-51.1 [49.9 kB]
2026-10-07T12:38:41.2778326Z Get:35 http://azure.archive.ubuntu.com/ubuntu noble/main amd64 libraw1394-11 amd64 2.1.2-2build3 [26.2 kB]
2026-10-07T12:38:41.2917897Z Get:36 http://azure.archive.ubuntu.com/ubuntu noble/main amd64 libavc1394-0 amd64 0.5.4-5build3 [15.4 kB]
2026-10-07T12:38:41.3057910Z Get:37 http://azure.archive.ubuntu.com/ubuntu noble-updates/main amd64 libcaca0 amd64 0.99.beta20-4ubuntu0.2 [209 kB]
2026-10-07T12:38:41.3686188Z Get:38 http://azure.archive.ubuntu.com/ubuntu noble/main amd64 libdv4t64 amd64 1.0.0-17.1build1 [63.2 kB]
2026-10-07T12:38:41.3832805Z Get:39 http://azure.archive.ubuntu.com/ubuntu noble/main amd64 libflac12t64 amd64 1.4.3+ds-2.1ubuntu2 [197 kB]
2026-10-07T12:38:41.3983249Z Get:40 http://azure.archive.ubuntu.com/ubuntu noble-updates/main amd64 libgstreamer-plugins-good1.0-0 amd64 1.24.2-1ubuntu1.8 [34.3 kB]
2026-10-07T12:38:41.4124107Z Get:41 http://azure.archive.ubuntu.com/ubuntu noble/main amd64 libiec61883-0 amd64 1.2.0-6build1 [24.5 kB]
2026-10-07T12:38:41.4274289Z Get:42 http://azure.archive.ubuntu.com/ubuntu noble/main amd64 libmp3lame0 amd64 3.100-6build1 [142 kB]
2026-10-07T12:38:41.4426895Z Get:43 http://azure.archive.ubuntu.com/ubuntu noble-updates/main amd64 libmpg123-0t64 amd64 1.32.5-1ubuntu1.1 [169 kB]
2026-10-07T12:38:41.4576399Z Get:44 http://azure.archive.ubuntu.com/ubuntu noble/main amd64 libasyncns0 amd64 0.8-6build4 [11.3 kB]
2026-10-07T12:38:41.4716835Z Get:45 http://azure.archive.ubuntu.com/ubuntu noble-updates/main amd64 libsndfile1 amd64 1.2.2-1ubuntu5.24.04.1 [209 kB]
2026-10-07T12:38:41.4871558Z Get:46 http://azure.archive.ubuntu.com/ubuntu noble-updates/main amd64 libpulse0 amd64 1:16.1+dfsg1-2ubuntu10.1 [292 kB]
2026-10-07T12:38:41.5026715Z Get:47 http://azure.archive.ubuntu.com/ubuntu noble-updates/main amd64 libspeex1 amd64 1.2.1-2ubuntu2.24.04.1 [59.6 kB]
2026-10-07T12:38:41.5171560Z Get:48 http://azure.archive.ubuntu.com/ubuntu noble/main amd64 libshout3 amd64 2.4.6-1build2 [50.3 kB]
2026-10-07T12:38:41.5313536Z Get:49 http://azure.archive.ubuntu.com/ubuntu noble/main amd64 libtag1v5-vanilla amd64 1.13.1-1build1 [326 kB]
2026-10-07T12:38:41.5476634Z Get:50 http://azure.archive.ubuntu.com/ubuntu noble/main amd64 libtag1v5 amd64 1.13.1-1build1 [11.7 kB]
2026-10-07T12:38:41.5617310Z Get:51 http://azure.archive.ubuntu.com/ubuntu noble/main amd64 libtwolame0 amd64 0.4.0-2build3 [52.3 kB]
2026-10-07T12:38:41.5759976Z Get:52 http://azure.archive.ubuntu.com/ubuntu noble/main amd64 libv4lconvert0t64 amd64 1.26.1-4build3 [87.6 kB]
2026-10-07T12:38:41.5905338Z Get:53 http://azure.archive.ubuntu.com/ubuntu noble/main amd64 libv4l-0t64 amd64 1.26.1-4build3 [46.9 kB]
2026-10-07T12:38:41.6047718Z Get:54 http://azure.archive.ubuntu.com/ubuntu noble-updates/main amd64 libvpx9 amd64 1.14.0-1ubuntu2.3 [1143 kB]
2026-10-07T12:38:41.6249746Z Get:55 http://azure.archive.ubuntu.com/ubuntu noble/main amd64 libwavpack1 amd64 5.6.0-1build1 [84.6 kB]
2026-10-07T12:38:41.6395139Z Get:56 http://azure.archive.ubuntu.com/ubuntu noble-updates/main amd64 gstreamer1.0-plugins-good amd64 1.24.2-1ubuntu1.8 [2236 kB]
2026-10-07T12:38:41.7087222Z Get:57 http://azure.archive.ubuntu.com/ubuntu noble/main amd64 libgles2 amd64 1.7.0-1build1 [17.1 kB]
2026-10-07T12:38:41.7226035Z Get:58 http://azure.archive.ubuntu.com/ubuntu noble-updates/main amd64 xdg-dbus-proxy amd64 0.1.5-1ubuntu0.2 [26.4 kB]
2026-10-07T12:38:41.7370598Z Get:59 http://azure.archive.ubuntu.com/ubuntu noble-updates/main amd64 libfreetype6 amd64 2.13.2+dfsg-1ubuntu0.2 [403 kB]
2026-10-07T12:38:41.7532711Z Get:60 http://azure.archive.ubuntu.com/ubuntu noble-updates/main amd64 libgl1-mesa-dri amd64 25.2.8-0ubuntu0.24.04.4 [38.0 kB]
2026-10-07T12:38:41.7678586Z Get:61 http://azure.archive.ubuntu.com/ubuntu noble-updates/main amd64 libglx-mesa0 amd64 25.2.8-0ubuntu0.24.04.4 [110 kB]
2026-10-07T12:38:41.7825720Z Get:62 http://azure.archive.ubuntu.com/ubuntu noble-updates/main amd64 libgbm1 amd64 25.2.8-0ubuntu0.24.04.4 [34.2 kB]
2026-10-07T12:38:41.7967599Z Get:63 http://azure.archive.ubuntu.com/ubuntu noble-updates/main amd64 mesa-libgallium amd64 25.2.8-0ubuntu0.24.04.4 [10.8 MB]
2026-10-07T12:38:41.8736489Z Get:64 http://azure.archive.ubuntu.com/ubuntu noble-updates/main amd64 libegl-mesa0 amd64 25.2.8-0ubuntu0.24.04.4 [117 kB]
2026-10-07T12:38:41.8897097Z Get:65 http://azure.archive.ubuntu.com/ubuntu noble/main amd64 libegl1 amd64 1.7.0-1build1 [28.7 kB]
2026-10-07T12:38:41.9038596Z Get:66 http://azure.archive.ubuntu.com/ubuntu noble-updates/main amd64 libgstreamer-gl1.0-0 amd64 1.24.2-1ubuntu0.5 [214 kB]
2026-10-07T12:38:41.9189282Z Get:67 http://azure.archive.ubuntu.com/ubuntu noble/main amd64 libharfbuzz-icu0 amd64 8.3.0-2build2 [13.3 kB]
2026-10-07T12:38:41.9328845Z Get:68 http://azure.archive.ubuntu.com/ubuntu noble/main amd64 libhyphen0 amd64 2.8.8-7build3 [26.5 kB]
2026-10-07T12:38:41.9478167Z Get:69 http://azure.archive.ubuntu.com/ubuntu noble/main amd64 libmanette-0.2-0 amd64 0.2.7-1build2 [30.6 kB]
2026-10-07T12:38:41.9620620Z Get:70 http://azure.archive.ubuntu.com/ubuntu noble/main amd64 libsecret-common all 0.21.4-1build3 [4962 B]
2026-10-07T12:38:41.9763977Z Get:71 http://azure.archive.ubuntu.com/ubuntu noble/main amd64 libsecret-1-0 amd64 0.21.4-1build3 [116 kB]
2026-10-07T12:38:41.9911522Z Get:72 http://azure.archive.ubuntu.com/ubuntu noble/main amd64 libwayland-server0 amd64 1.22.0-2.1build1 [33.9 kB]
2026-10-07T12:38:42.0055033Z Get:73 http://azure.archive.ubuntu.com/ubuntu noble-updates/main amd64 libwebkit2gtk-4.1-0 amd64 2.52.6-0ubuntu0.24.04.1 [25.5 MB]
2026-10-07T12:38:42.1605695Z Get:74 http://azure.archive.ubuntu.com/ubuntu noble-updates/main amd64 gir1.2-webkit2-4.1 amd64 2.52.6-0ubuntu0.24.04.1 [105 kB]
2026-10-07T12:38:42.2172644Z Get:75 http://azure.archive.ubuntu.com/ubuntu noble/main amd64 libgraphene-1.0-0 amd64 1.10.8-3build2 [46.2 kB]
2026-10-07T12:38:42.2355053Z Get:76 http://azure.archive.ubuntu.com/ubuntu noble-updates/main amd64 gstreamer1.0-gl amd64 1.24.2-1ubuntu0.5 [116 kB]
2026-10-07T12:38:42.2507413Z Get:77 http://azure.archive.ubuntu.com/ubuntu noble/main amd64 libxv1 amd64 2:1.0.11-1.1build1 [10.7 kB]
2026-10-07T12:38:42.2653902Z Get:78 http://azure.archive.ubuntu.com/ubuntu noble-updates/main amd64 gstreamer1.0-x amd64 1.24.2-1ubuntu0.5 [85.1 kB]
2026-10-07T12:38:42.2805667Z Get:79 http://azure.archive.ubuntu.com/ubuntu noble-updates/main amd64 libglib2.0-dev-bin amd64 2.80.0-6ubuntu3.9 [138 kB]
2026-10-07T12:38:42.2965519Z Get:80 http://azure.archive.ubuntu.com/ubuntu noble-updates/main amd64 uuid-dev amd64 2.39.3-9ubuntu6.6 [33.5 kB]
2026-10-07T12:38:42.3118616Z Get:81 http://azure.archive.ubuntu.com/ubuntu noble-updates/main amd64 libblkid-dev amd64 2.39.3-9ubuntu6.6 [205 kB]
2026-10-07T12:38:42.3281138Z Get:82 http://azure.archive.ubuntu.com/ubuntu noble/main amd64 libsepol-dev amd64 3.5-2build1 [384 kB]
2026-10-07T12:38:42.3459107Z Get:83 http://azure.archive.ubuntu.com/ubuntu noble-updates/main amd64 libselinux1-dev amd64 3.5-2ubuntu2.1 [164 kB]
2026-10-07T12:38:42.3614802Z Get:84 http://azure.archive.ubuntu.com/ubuntu noble-updates/main amd64 libmount-dev amd64 2.39.3-9ubuntu6.6 [14.9 kB]
2026-10-07T12:38:42.3762793Z Get:85 http://azure.archive.ubuntu.com/ubuntu noble-updates/main amd64 libgirepository-2.0-0 amd64 2.80.0-6ubuntu3.9 [73.5 kB]
2026-10-07T12:38:42.3917876Z Get:86 http://azure.archive.ubuntu.com/ubuntu noble-updates/main amd64 libglib2.0-dev amd64 2.80.0-6ubuntu3.9 [1860 kB]
2026-10-07T12:38:42.4162787Z Get:87 http://azure.archive.ubuntu.com/ubuntu noble/main amd64 libatk1.0-dev amd64 2.52.0-1build1 [100 kB]
2026-10-07T12:38:42.4315216Z Get:88 http://azure.archive.ubuntu.com/ubuntu noble-updates/main amd64 libdbus-1-dev amd64 1.14.10-4ubuntu4.1 [190 kB]
2026-10-07T12:38:42.4471592Z Get:89 http://azure.archive.ubuntu.com/ubuntu noble/main amd64 xorg-sgml-doctools all 1:1.11-1.1 [10.9 kB]
2026-10-07T12:38:42.4616129Z Get:90 http://azure.archive.ubuntu.com/ubuntu noble/main amd64 x11proto-dev all 2023.2-1 [602 kB]
2026-10-07T12:38:42.4797297Z Get:91 http://azure.archive.ubuntu.com/ubuntu noble/main amd64 libxau-dev amd64 1:1.0.9-1build6 [9570 B]
2026-10-07T12:38:42.4941599Z Get:92 http://azure.archive.ubuntu.com/ubuntu noble/main amd64 libxdmcp-dev amd64 1:1.1.3-0ubuntu6 [26.5 kB]
2026-10-07T12:38:42.5087873Z Get:93 http://azure.archive.ubuntu.com/ubuntu noble/main amd64 xtrans-dev all 1.4.0-1 [68.9 kB]
2026-10-07T12:38:42.5649772Z Get:94 http://azure.archive.ubuntu.com/ubuntu noble/main amd64 libpthread-stubs0-dev amd64 0.4-1build3 [4746 B]
2026-10-07T12:38:42.5793753Z Get:95 http://azure.archive.ubuntu.com/ubuntu noble/main amd64 libxcb1-dev amd64 1.15-1ubuntu2 [85.8 kB]
2026-10-07T12:38:42.5945789Z Get:96 http://azure.archive.ubuntu.com/ubuntu noble/main amd64 libx11-dev amd64 2:1.8.7-1build1 [732 kB]
2026-10-07T12:38:42.6135724Z Get:97 http://azure.archive.ubuntu.com/ubuntu noble/main amd64 libxext-dev amd64 2:1.3.4-1build2 [83.5 kB]
2026-10-07T12:38:42.6284969Z Get:98 http://azure.archive.ubuntu.com/ubuntu noble/main amd64 libxfixes-dev amd64 1:6.0.0-2build1 [12.1 kB]
2026-10-07T12:38:42.6430301Z Get:99 http://azure.archive.ubuntu.com/ubuntu noble/main amd64 libxi-dev amd64 2:1.8.1-1build1 [194 kB]
2026-10-07T12:38:42.6587070Z Get:100 http://azure.archive.ubuntu.com/ubuntu noble/main amd64 libxtst-dev amd64 2:1.2.3-1.1build1 [15.9 kB]
2026-10-07T12:38:42.6731054Z Get:101 http://azure.archive.ubuntu.com/ubuntu noble/main amd64 libatspi2.0-dev amd64 2.52.0-1build1 [76.2 kB]
2026-10-07T12:38:42.6882585Z Get:102 http://azure.archive.ubuntu.com/ubuntu noble/main amd64 libatk-bridge2.0-dev amd64 2.52.0-1build1 [4284 B]
2026-10-07T12:38:42.7042815Z Get:103 http://azure.archive.ubuntu.com/ubuntu noble/main amd64 libbrotli-dev amd64 1.1.0-2build2 [353 kB]
2026-10-07T12:38:42.7229628Z Get:104 http://azure.archive.ubuntu.com/ubuntu noble-updates/main amd64 libbz2-dev amd64 1.0.8-5.1ubuntu0.1 [33.6 kB]
2026-10-07T12:38:42.7384030Z Get:105 http://azure.archive.ubuntu.com/ubuntu noble/main amd64 libcairo-script-interpreter2 amd64 1.18.0-3build1 [60.3 kB]
2026-10-07T12:38:42.7531319Z Get:106 http://azure.archive.ubuntu.com/ubuntu noble-updates/main amd64 libpng-dev amd64 1.6.43-5ubuntu0.6 [265 kB]
2026-10-07T12:38:42.7696772Z Get:107 http://azure.archive.ubuntu.com/ubuntu noble-updates/main amd64 libfreetype-dev amd64 2.13.2+dfsg-1ubuntu0.2 [574 kB]
2026-10-07T12:38:42.7874448Z Get:108 http://azure.archive.ubuntu.com/ubuntu noble/main amd64 libfontconfig-dev amd64 2.15.0-1.1ubuntu2 [161 kB]
2026-10-07T12:38:42.8026838Z Get:109 http://azure.archive.ubuntu.com/ubuntu noble/main amd64 libpixman-1-dev amd64 0.42.2-1build1 [296 kB]
2026-10-07T12:38:42.8186548Z Get:110 http://azure.archive.ubuntu.com/ubuntu noble/main amd64 libice-dev amd64 2:1.0.10-1build3 [51.0 kB]
2026-10-07T12:38:42.8331886Z Get:111 http://azure.archive.ubuntu.com/ubuntu noble/main amd64 libsm-dev amd64 2:1.2.3-1build3 [17.8 kB]
2026-10-07T12:38:42.8475305Z Get:112 http://azure.archive.ubuntu.com/ubuntu noble/main amd64 libxcb-render0-dev amd64 1.15-1ubuntu2 [19.6 kB]
2026-10-07T12:38:42.8619025Z Get:113 http://azure.archive.ubuntu.com/ubuntu noble/main amd64 libxcb-shm0-dev amd64 1.15-1ubuntu2 [8246 B]
2026-10-07T12:38:42.8772731Z Get:114 http://azure.archive.ubuntu.com/ubuntu noble/main amd64 libxrender-dev amd64 1:0.9.10-1.1build1 [26.3 kB]
2026-10-07T12:38:42.8921128Z Get:115 http://azure.archive.ubuntu.com/ubuntu noble/main amd64 libcairo2-dev amd64 1.18.0-3build1 [41.1 kB]
2026-10-07T12:38:42.9071095Z Get:116 http://azure.archive.ubuntu.com/ubuntu noble/main amd64 libdatrie-dev amd64 0.2.13-3build1 [19.4 kB]
2026-10-07T12:38:42.9222131Z Get:117 http://azure.archive.ubuntu.com/ubuntu noble-updates/main amd64 libdeflate-dev amd64 1.19-1build1.1 [50.9 kB]
2026-10-07T12:38:42.9373590Z Get:118 http://azure.archive.ubuntu.com/ubuntu noble/main amd64 libglx-dev amd64 1.7.0-1build1 [14.2 kB]
2026-10-07T12:38:42.9520334Z Get:119 http://azure.archive.ubuntu.com/ubuntu noble/main amd64 libgl-dev amd64 1.7.0-1build1 [102 kB]
2026-10-07T12:38:42.9673001Z Get:120 http://azure.archive.ubuntu.com/ubuntu noble/main amd64 libegl-dev amd64 1.7.0-1build1 [18.2 kB]
2026-10-07T12:38:43.0250043Z Get:121 http://azure.archive.ubuntu.com/ubuntu noble/main amd64 libglvnd-core-dev amd64 1.7.0-1build1 [13.6 kB]
2026-10-07T12:38:43.0411223Z Get:122 http://azure.archive.ubuntu.com/ubuntu noble/main amd64 libgles1 amd64 1.7.0-1build1 [11.6 kB]
2026-10-07T12:38:43.0576856Z Get:123 http://azure.archive.ubuntu.com/ubuntu noble/main amd64 libgles-dev amd64 1.7.0-1build1 [50.5 kB]
2026-10-07T12:38:43.0824505Z Get:124 http://azure.archive.ubuntu.com/ubuntu noble/main amd64 libopengl0 amd64 1.7.0-1build1 [32.8 kB]
2026-10-07T12:38:43.1016699Z Get:125 http://azure.archive.ubuntu.com/ubuntu noble/main amd64 libopengl-dev amd64 1.7.0-1build1 [3454 B]
2026-10-07T12:38:43.1162235Z Get:126 http://azure.archive.ubuntu.com/ubuntu noble/main amd64 libglvnd-dev amd64 1.7.0-1build1 [3198 B]
2026-10-07T12:38:43.1310234Z Get:127 http://azure.archive.ubuntu.com/ubuntu noble-updates/main amd64 libegl1-mesa-dev amd64 25.2.8-0ubuntu0.24.04.4 [26.8 kB]
2026-10-07T12:38:43.1492933Z Get:128 http://azure.archive.ubuntu.com/ubuntu noble/main amd64 libepoxy-dev amd64 1.5.10-1build1 [132 kB]
2026-10-07T12:38:43.1851481Z Get:129 http://azure.archive.ubuntu.com/ubuntu noble/main amd64 libfribidi-dev amd64 1.0.13-3build1 [64.8 kB]
2026-10-07T12:38:43.2030948Z Get:130 http://azure.archive.ubuntu.com/ubuntu noble-updates/main amd64 libgdk-pixbuf2.0-bin amd64 2.42.10+dfsg-3ubuntu3.3 [13.9 kB]
2026-10-07T12:38:43.2177244Z Get:131 http://azure.archive.ubuntu.com/ubuntu noble/main amd64 libjpeg-turbo8-dev amd64 2.1.5-2ubuntu2 [295 kB]
2026-10-07T12:38:43.2478237Z Get:132 http://azure.archive.ubuntu.com/ubuntu noble/main amd64 libjpeg8-dev amd64 8c-2ubuntu11 [1484 B]
2026-10-07T12:38:43.2623433Z Get:133 http://azure.archive.ubuntu.com/ubuntu noble/main amd64 libjpeg-dev amd64 8c-2ubuntu11 [1482 B]
2026-10-07T12:38:43.2768464Z Get:134 http://azure.archive.ubuntu.com/ubuntu noble/main amd64 libjbig-dev amd64 2.1-6.1ubuntu2 [27.9 kB]
2026-10-07T12:38:43.2916513Z Get:135 http://azure.archive.ubuntu.com/ubuntu noble-updates/main amd64 liblzma-dev amd64 5.6.1+really5.4.5-1ubuntu0.3 [176 kB]
2026-10-07T12:38:43.3093692Z Get:136 http://azure.archive.ubuntu.com/ubuntu noble/main amd64 libwebpdecoder3 amd64 1.3.2-0.4build3 [114 kB]
2026-10-07T12:38:43.3251527Z Get:137 http://azure.archive.ubuntu.com/ubuntu noble/main amd64 libsharpyuv-dev amd64 1.3.2-0.4build3 [16.0 kB]
2026-10-07T12:38:43.3398902Z Get:138 http://azure.archive.ubuntu.com/ubuntu noble/main amd64 libwebp-dev amd64 1.3.2-0.4build3 [367 kB]
2026-10-07T12:38:43.3606971Z Get:139 http://azure.archive.ubuntu.com/ubuntu noble-updates/main amd64 libtiffxx6 amd64 4.5.1+git230720-4ubuntu2.5 [5642 B]
2026-10-07T12:38:43.4170107Z Get:140 http://azure.archive.ubuntu.com/ubuntu noble/main amd64 liblerc-dev amd64 4.0.0+ds-4ubuntu2 [182 kB]
2026-10-07T12:38:43.4322667Z Get:141 http://azure.archive.ubuntu.com/ubuntu noble-updates/main amd64 libtiff-dev amd64 4.5.1+git230720-4ubuntu2.5 [338 kB]
2026-10-07T12:38:43.4485873Z Get:142 http://azure.archive.ubuntu.com/ubuntu noble-updates/main amd64 libgdk-pixbuf-2.0-dev amd64 2.42.10+dfsg-3ubuntu3.3 [47.9 kB]
2026-10-07T12:38:43.4631294Z Get:143 http://azure.archive.ubuntu.com/ubuntu noble-updates/main amd64 libgraphite2-dev amd64 1.3.14-2ubuntu0.24.04.1 [14.7 kB]
2026-10-07T12:38:43.4774675Z Get:144 http://azure.archive.ubuntu.com/ubuntu noble/main amd64 libharfbuzz-subset0 amd64 8.3.0-2build2 [448 kB]
2026-10-07T12:38:43.4941293Z Get:145 http://azure.archive.ubuntu.com/ubuntu noble/main amd64 libharfbuzz-cairo0 amd64 8.3.0-2build2 [26.2 kB]
2026-10-07T12:38:43.5084148Z Get:146 http://azure.archive.ubuntu.com/ubuntu noble/main amd64 libharfbuzz-dev amd64 8.3.0-2build2 [142 kB]
2026-10-07T12:38:43.5235045Z Get:147 http://azure.archive.ubuntu.com/ubuntu noble/main amd64 libthai-dev amd64 0.1.29-2build1 [26.6 kB]
2026-10-07T12:38:43.5379773Z Get:148 http://azure.archive.ubuntu.com/ubuntu noble/main amd64 libxft-dev amd64 2.3.6-1build1 [64.3 kB]
2026-10-07T12:38:43.5527542Z Get:149 http://azure.archive.ubuntu.com/ubuntu noble/main amd64 pango1.0-tools amd64 1.52.1+ds-1build1 [36.7 kB]
2026-10-07T12:38:43.5798289Z Get:150 http://azure.archive.ubuntu.com/ubuntu noble/main amd64 libpango1.0-dev amd64 1.52.1+ds-1build1 [147 kB]
2026-10-07T12:38:43.5950905Z Get:151 http://azure.archive.ubuntu.com/ubuntu noble/main amd64 libwayland-bin amd64 1.22.0-2.1build1 [20.6 kB]
2026-10-07T12:38:43.6095069Z Get:152 http://azure.archive.ubuntu.com/ubuntu noble/main amd64 libwayland-dev amd64 1.22.0-2.1build1 [71.3 kB]
2026-10-07T12:38:43.6243772Z Get:153 http://azure.archive.ubuntu.com/ubuntu noble/main amd64 libxcomposite-dev amd64 1:0.4.5-1build3 [9374 B]
2026-10-07T12:38:43.6385853Z Get:154 http://azure.archive.ubuntu.com/ubuntu noble/main amd64 libxcursor-dev amd64 1:1.2.1-1build1 [31.8 kB]
2026-10-07T12:38:43.6529619Z Get:155 http://azure.archive.ubuntu.com/ubuntu noble/main amd64 libxdamage-dev amd64 1:1.1.6-1build1 [5270 B]
2026-10-07T12:38:43.6671727Z Get:156 http://azure.archive.ubuntu.com/ubuntu noble/main amd64 libxinerama-dev amd64 2:1.1.4-3build1 [7988 B]
2026-10-07T12:38:43.6815490Z Get:157 http://azure.archive.ubuntu.com/ubuntu noble/main amd64 libxkbcommon-dev amd64 1.6.0-1build1 [56.3 kB]
2026-10-07T12:38:43.7449309Z Get:158 http://azure.archive.ubuntu.com/ubuntu noble/main amd64 libxrandr-dev amd64 2:1.5.2-2build1 [26.4 kB]
2026-10-07T12:38:43.7594294Z Get:159 http://azure.archive.ubuntu.com/ubuntu noble-updates/main amd64 wayland-protocols all 1.45-1~ubuntu0.24.04.2 [114 kB]
2026-10-07T12:38:43.7742386Z Get:160 http://azure.archive.ubuntu.com/ubuntu noble-updates/main amd64 libgtk-3-dev amd64 3.24.41-4ubuntu1.3 [1096 kB]
2026-10-07T12:38:43.7945188Z Get:161 http://azure.archive.ubuntu.com/ubuntu noble-updates/universe amd64 libjavascriptcoregtk-4.1-dev amd64 2.52.6-0ubuntu0.24.04.1 [69.8 kB]
2026-10-07T12:38:43.8092735Z Get:162 http://azure.archive.ubuntu.com/ubuntu noble-updates/main amd64 libnghttp2-dev amd64 1.59.0-1ubuntu0.4 [117 kB]
2026-10-07T12:38:43.8241441Z Get:163 http://azure.archive.ubuntu.com/ubuntu noble/main amd64 libwebrtc-audio-processing1 amd64 0.3.1-0ubuntu6 [290 kB]
2026-10-07T12:38:43.8487848Z Get:164 http://azure.archive.ubuntu.com/ubuntu noble-updates/main amd64 libspa-0.2-modules amd64 1.0.5-1ubuntu3.3 [628 kB]
2026-10-07T12:38:43.8664977Z Get:165 http://azure.archive.ubuntu.com/ubuntu noble-updates/main amd64 libpipewire-0.3-0t64 amd64 1.0.5-1ubuntu3.3 [252 kB]
2026-10-07T12:38:43.8825707Z Get:166 http://azure.archive.ubuntu.com/ubuntu noble-updates/main amd64 libpipewire-0.3-common all 1.0.5-1ubuntu3.3 [19.5 kB]
2026-10-07T12:38:43.8967574Z Get:167 http://azure.archive.ubuntu.com/ubuntu noble-updates/main amd64 libpng-tools amd64 1.6.43-5ubuntu0.6 [28.5 kB]
2026-10-07T12:38:43.9110678Z Get:168 http://azure.archive.ubuntu.com/ubuntu noble/main amd64 libpsl-dev amd64 0.21.2-1.1build1 [76.4 kB]
2026-10-07T12:38:43.9258348Z Get:169 http://azure.archive.ubuntu.com/ubuntu noble/universe amd64 libsysprof-capture-4-dev amd64 46.0-1build1 [51.0 kB]
2026-10-07T12:38:43.9403233Z Get:170 http://azure.archive.ubuntu.com/ubuntu noble-updates/universe amd64 libsoup-3.0-dev amd64 3.4.4-5ubuntu0.9 [105 kB]
2026-10-07T12:38:43.9552764Z Get:171 http://azure.archive.ubuntu.com/ubuntu noble-updates/universe amd64 libwebkit2gtk-4.1-dev amd64 2.52.6-0ubuntu0.24.04.1 [290 kB]
2026-10-07T12:38:43.9848875Z Get:172 http://azure.archive.ubuntu.com/ubuntu noble-updates/main amd64 xdg-desktop-portal amd64 1.18.4-1ubuntu2.24.04.3 [307 kB]
2026-10-07T12:38:44.0622944Z Get:173 http://azure.archive.ubuntu.com/ubuntu noble/main amd64 xdg-desktop-portal-gtk amd64 1.15.1-1build2 [80.3 kB]
2026-10-07T12:38:44.4624197Z Fetched 70.3 MB in 3s (20.3 MB/s)
2026-10-07T12:38:44.5033384Z Selecting previously unselected package bubblewrap.
2026-10-07T12:38:44.5637411Z (Reading database ... 
2026-10-07T12:38:44.5637728Z (Reading database ... 5%
2026-10-07T12:38:44.5638395Z (Reading database ... 10%
2026-10-07T12:38:44.5638865Z (Reading database ... 15%
2026-10-07T12:38:44.5639326Z (Reading database ... 20%
2026-10-07T12:38:44.5639808Z (Reading database ... 25%
2026-10-07T12:38:44.5640202Z (Reading database ... 30%
2026-10-07T12:38:44.5640586Z (Reading database ... 35%
2026-10-07T12:38:44.5641048Z (Reading database ... 40%
2026-10-07T12:38:44.5641842Z (Reading database ... 45%
2026-10-07T12:38:44.5642298Z (Reading database ... 50%
2026-10-07T12:38:44.6056412Z (Reading database ... 55%
2026-10-07T12:38:44.9996025Z (Reading database ... 60%
2026-10-07T12:38:45.2564122Z (Reading database ... 65%
2026-10-07T12:38:45.5567586Z (Reading database ... 70%
2026-10-07T12:38:45.8148942Z (Reading database ... 75%
2026-10-07T12:38:46.1662194Z (Reading database ... 80%
2026-10-07T12:38:46.7183909Z (Reading database ... 85%
2026-10-07T12:38:47.3345256Z (Reading database ... 90%
2026-10-07T12:38:47.9085275Z (Reading database ... 95%
2026-10-07T12:38:47.9085901Z (Reading database ... 100%
2026-10-07T12:38:47.9086448Z (Reading database ... 202296 files and directories currently installed.)
2026-10-07T12:38:47.9129724Z Preparing to unpack .../000-bubblewrap_0.9.0-1ubuntu0.3_amd64.deb ...
2026-10-07T12:38:47.9155379Z Unpacking bubblewrap (0.9.0-1ubuntu0.3) ...
2026-10-07T12:38:47.9487554Z Selecting previously unselected package bzip2-doc.
2026-10-07T12:38:47.9612136Z Preparing to unpack .../001-bzip2-doc_1.0.8-5.1ubuntu0.1_all.deb ...
2026-10-07T12:38:47.9623381Z Unpacking bzip2-doc (1.0.8-5.1ubuntu0.1) ...
2026-10-07T12:38:47.9895233Z Selecting previously unselected package gir1.2-atk-1.0:amd64.
2026-10-07T12:38:48.0020211Z Preparing to unpack .../002-gir1.2-atk-1.0_2.52.0-1build1_amd64.deb ...
2026-10-07T12:38:48.0028122Z Unpacking gir1.2-atk-1.0:amd64 (2.52.0-1build1) ...
2026-10-07T12:38:48.0218771Z Selecting previously unselected package gir1.2-freedesktop:amd64.
2026-10-07T12:38:48.0339472Z Preparing to unpack .../003-gir1.2-freedesktop_1.80.1-1_amd64.deb ...
2026-10-07T12:38:48.0347402Z Unpacking gir1.2-freedesktop:amd64 (1.80.1-1) ...
2026-10-07T12:38:48.0552352Z Selecting previously unselected package gir1.2-atspi-2.0:amd64.
2026-10-07T12:38:48.0673308Z Preparing to unpack .../004-gir1.2-atspi-2.0_2.52.0-1build1_amd64.deb ...
2026-10-07T12:38:48.0682337Z Unpacking gir1.2-atspi-2.0:amd64 (2.52.0-1build1) ...
2026-10-07T12:38:48.0867552Z Selecting previously unselected package gir1.2-glib-2.0-dev:amd64.
2026-10-07T12:38:48.0986612Z Preparing to unpack .../005-gir1.2-glib-2.0-dev_2.80.0-6ubuntu3.9_amd64.deb ...
2026-10-07T12:38:48.0994109Z Unpacking gir1.2-glib-2.0-dev:amd64 (2.80.0-6ubuntu3.9) ...
2026-10-07T12:38:48.1496297Z Selecting previously unselected package gir1.2-freedesktop-dev:amd64.
2026-10-07T12:38:48.1619706Z Preparing to unpack .../006-gir1.2-freedesktop-dev_1.80.1-1_amd64.deb ...
2026-10-07T12:38:48.1627897Z Unpacking gir1.2-freedesktop-dev:amd64 (1.80.1-1) ...
2026-10-07T12:38:48.1829868Z Selecting previously unselected package gir1.2-gdkpixbuf-2.0:amd64.
2026-10-07T12:38:48.1951583Z Preparing to unpack .../007-gir1.2-gdkpixbuf-2.0_2.42.10+dfsg-3ubuntu3.3_amd64.deb ...
2026-10-07T12:38:48.1959941Z Unpacking gir1.2-gdkpixbuf-2.0:amd64 (2.42.10+dfsg-3ubuntu3.3) ...
2026-10-07T12:38:48.2151844Z Selecting previously unselected package libharfbuzz-gobject0:amd64.
2026-10-07T12:38:48.2274277Z Preparing to unpack .../008-libharfbuzz-gobject0_8.3.0-2build2_amd64.deb ...
2026-10-07T12:38:48.2292393Z Unpacking libharfbuzz-gobject0:amd64 (8.3.0-2build2) ...
2026-10-07T12:38:48.2481114Z Selecting previously unselected package gir1.2-harfbuzz-0.0:amd64.
2026-10-07T12:38:48.2603833Z Preparing to unpack .../009-gir1.2-harfbuzz-0.0_8.3.0-2build2_amd64.deb ...
2026-10-07T12:38:48.2612118Z Unpacking gir1.2-harfbuzz-0.0:amd64 (8.3.0-2build2) ...
2026-10-07T12:38:48.2820012Z Selecting previously unselected package libpangoxft-1.0-0:amd64.
2026-10-07T12:38:48.2941164Z Preparing to unpack .../010-libpangoxft-1.0-0_1.52.1+ds-1build1_amd64.deb ...
2026-10-07T12:38:48.2949493Z Unpacking libpangoxft-1.0-0:amd64 (1.52.1+ds-1build1) ...
2026-10-07T12:38:48.3143175Z Selecting previously unselected package gir1.2-pango-1.0:amd64.
2026-10-07T12:38:48.3268328Z Preparing to unpack .../011-gir1.2-pango-1.0_1.52.1+ds-1build1_amd64.deb ...
2026-10-07T12:38:48.3276831Z Unpacking gir1.2-pango-1.0:amd64 (1.52.1+ds-1build1) ...
2026-10-07T12:38:48.3470958Z Selecting previously unselected package gir1.2-gtk-3.0:amd64.
2026-10-07T12:38:48.3593303Z Preparing to unpack .../012-gir1.2-gtk-3.0_3.24.41-4ubuntu1.3_amd64.deb ...
2026-10-07T12:38:48.3601511Z Unpacking gir1.2-gtk-3.0:amd64 (3.24.41-4ubuntu1.3) ...
2026-10-07T12:38:48.3831806Z Selecting previously unselected package libjavascriptcoregtk-4.1-0:amd64.
2026-10-07T12:38:48.3958728Z Preparing to unpack .../013-libjavascriptcoregtk-4.1-0_2.52.6-0ubuntu0.24.04.1_amd64.deb ...
2026-10-07T12:38:48.3966559Z Unpacking libjavascriptcoregtk-4.1-0:amd64 (2.52.6-0ubuntu0.24.04.1) ...
2026-10-07T12:38:48.5260735Z Selecting previously unselected package gir1.2-javascriptcoregtk-4.1:amd64.
2026-10-07T12:38:48.5398879Z Preparing to unpack .../014-gir1.2-javascriptcoregtk-4.1_2.52.6-0ubuntu0.24.04.1_amd64.deb ...
2026-10-07T12:38:48.5407269Z Unpacking gir1.2-javascriptcoregtk-4.1:amd64 (2.52.6-0ubuntu0.24.04.1) ...
2026-10-07T12:38:48.5628177Z Selecting previously unselected package libproxy1v5:amd64.
2026-10-07T12:38:48.5752425Z Preparing to unpack .../015-libproxy1v5_0.5.4-4build1_amd64.deb ...
2026-10-07T12:38:48.5761841Z Unpacking libproxy1v5:amd64 (0.5.4-4build1) ...
2026-10-07T12:38:48.5958343Z Selecting previously unselected package glib-networking-common.
2026-10-07T12:38:48.6079408Z Preparing to unpack .../016-glib-networking-common_2.80.0-1build1_all.deb ...
2026-10-07T12:38:48.6088535Z Unpacking glib-networking-common (2.80.0-1build1) ...
2026-10-07T12:38:48.6265629Z Selecting previously unselected package glib-networking-services.
2026-10-07T12:38:48.6389269Z Preparing to unpack .../017-glib-networking-services_2.80.0-1build1_amd64.deb ...
2026-10-07T12:38:48.6396521Z Unpacking glib-networking-services (2.80.0-1build1) ...
2026-10-07T12:38:48.6595941Z Selecting previously unselected package session-migration.
2026-10-07T12:38:48.6725230Z Preparing to unpack .../018-session-migration_0.3.9build1_amd64.deb ...
2026-10-07T12:38:48.6732899Z Unpacking session-migration (0.3.9build1) ...
2026-10-07T12:38:48.6990975Z Selecting previously unselected package gsettings-desktop-schemas.
2026-10-07T12:38:48.7121284Z Preparing to unpack .../019-gsettings-desktop-schemas_46.1-0ubuntu1_all.deb ...
2026-10-07T12:38:48.7128657Z Unpacking gsettings-desktop-schemas (46.1-0ubuntu1) ...
2026-10-07T12:38:48.7506041Z Selecting previously unselected package glib-networking:amd64.
2026-10-07T12:38:48.7637692Z Preparing to unpack .../020-glib-networking_2.80.0-1build1_amd64.deb ...
2026-10-07T12:38:48.7646366Z Unpacking glib-networking:amd64 (2.80.0-1build1) ...
2026-10-07T12:38:48.7855751Z Selecting previously unselected package libsoup-3.0-common.
2026-10-07T12:38:48.7980420Z Preparing to unpack .../021-libsoup-3.0-common_3.4.4-5ubuntu0.9_all.deb ...
2026-10-07T12:38:48.7988586Z Unpacking libsoup-3.0-common (3.4.4-5ubuntu0.9) ...
2026-10-07T12:38:48.8191102Z Selecting previously unselected package libsoup-3.0-0:amd64.
2026-10-07T12:38:48.8314277Z Preparing to unpack .../022-libsoup-3.0-0_3.4.4-5ubuntu0.9_amd64.deb ...
2026-10-07T12:38:48.8322433Z Unpacking libsoup-3.0-0:amd64 (3.4.4-5ubuntu0.9) ...
2026-10-07T12:38:48.8536711Z Selecting previously unselected package gir1.2-soup-3.0:amd64.
2026-10-07T12:38:48.8659753Z Preparing to unpack .../023-gir1.2-soup-3.0_3.4.4-5ubuntu0.9_amd64.deb ...
2026-10-07T12:38:48.8666669Z Unpacking gir1.2-soup-3.0:amd64 (3.4.4-5ubuntu0.9) ...
2026-10-07T12:38:48.8858390Z Selecting previously unselected package libcdparanoia0:amd64.
2026-10-07T12:38:48.8980530Z Preparing to unpack .../024-libcdparanoia0_3.10.2+debian-14build3_amd64.deb ...
2026-10-07T12:38:48.8989655Z Unpacking libcdparanoia0:amd64 (3.10.2+debian-14build3) ...
2026-10-07T12:38:48.9192436Z Selecting previously unselected package liborc-0.4-0t64:amd64.
2026-10-07T12:38:48.9320937Z Preparing to unpack .../025-liborc-0.4-0t64_1%3a0.4.38-1ubuntu0.1_amd64.deb ...
2026-10-07T12:38:48.9327655Z Unpacking liborc-0.4-0t64:amd64 (1:0.4.38-1ubuntu0.1) ...
2026-10-07T12:38:48.9552882Z Selecting previously unselected package libgstreamer-plugins-base1.0-0:amd64.
2026-10-07T12:38:48.9673200Z Preparing to unpack .../026-libgstreamer-plugins-base1.0-0_1.24.2-1ubuntu0.5_amd64.deb ...
2026-10-07T12:38:48.9680400Z Unpacking libgstreamer-plugins-base1.0-0:amd64 (1.24.2-1ubuntu0.5) ...
2026-10-07T12:38:48.9992302Z Selecting previously unselected package libopus0:amd64.
2026-10-07T12:38:49.0121196Z Preparing to unpack .../027-libopus0_1.4-1build1_amd64.deb ...
2026-10-07T12:38:49.0129132Z Unpacking libopus0:amd64 (1.4-1build1) ...
2026-10-07T12:38:49.0347461Z Selecting previously unselected package libtheora0:amd64.
2026-10-07T12:38:49.0469904Z Preparing to unpack .../028-libtheora0_1.1.1+dfsg.1-16.1build3_amd64.deb ...
2026-10-07T12:38:49.0477109Z Unpacking libtheora0:amd64 (1.1.1+dfsg.1-16.1build3) ...
2026-10-07T12:38:49.0705614Z Selecting previously unselected package libvisual-0.4-0:amd64.
2026-10-07T12:38:49.0826849Z Preparing to unpack .../029-libvisual-0.4-0_0.4.2-2build1_amd64.deb ...
2026-10-07T12:38:49.0834459Z Unpacking libvisual-0.4-0:amd64 (0.4.2-2build1) ...
2026-10-07T12:38:49.1048154Z Selecting previously unselected package libvorbisenc2:amd64.
2026-10-07T12:38:49.1169541Z Preparing to unpack .../030-libvorbisenc2_1.3.7-1build3_amd64.deb ...
2026-10-07T12:38:49.1176024Z Unpacking libvorbisenc2:amd64 (1.3.7-1build3) ...
2026-10-07T12:38:49.1375752Z Selecting previously unselected package gstreamer1.0-plugins-base:amd64.
2026-10-07T12:38:49.1498757Z Preparing to unpack .../031-gstreamer1.0-plugins-base_1.24.2-1ubuntu0.5_amd64.deb ...
2026-10-07T12:38:49.1504923Z Unpacking gstreamer1.0-plugins-base:amd64 (1.24.2-1ubuntu0.5) ...
2026-10-07T12:38:49.1809983Z Selecting previously unselected package libaa1:amd64.
2026-10-07T12:38:49.1941219Z Preparing to unpack .../032-libaa1_1.4p5-51.1_amd64.deb ...
2026-10-07T12:38:49.1948906Z Unpacking libaa1:amd64 (1.4p5-51.1) ...
2026-10-07T12:38:49.2159836Z Selecting previously unselected package libraw1394-11:amd64.
2026-10-07T12:38:49.2286899Z Preparing to unpack .../033-libraw1394-11_2.1.2-2build3_amd64.deb ...
2026-10-07T12:38:49.2293778Z Unpacking libraw1394-11:amd64 (2.1.2-2build3) ...
2026-10-07T12:38:49.2485841Z Selecting previously unselected package libavc1394-0:amd64.
2026-10-07T12:38:49.2612269Z Preparing to unpack .../034-libavc1394-0_0.5.4-5build3_amd64.deb ...
2026-10-07T12:38:49.2618917Z Unpacking libavc1394-0:amd64 (0.5.4-5build3) ...
2026-10-07T12:38:49.2807611Z Selecting previously unselected package libcaca0:amd64.
2026-10-07T12:38:49.2925744Z Preparing to unpack .../035-libcaca0_0.99.beta20-4ubuntu0.2_amd64.deb ...
2026-10-07T12:38:49.2932967Z Unpacking libcaca0:amd64 (0.99.beta20-4ubuntu0.2) ...
2026-10-07T12:38:49.3166039Z Selecting previously unselected package libdv4t64:amd64.
2026-10-07T12:38:49.3285877Z Preparing to unpack .../036-libdv4t64_1.0.0-17.1build1_amd64.deb ...
2026-10-07T12:38:49.3293162Z Unpacking libdv4t64:amd64 (1.0.0-17.1build1) ...
2026-10-07T12:38:49.3500366Z Selecting previously unselected package libflac12t64:amd64.
2026-10-07T12:38:49.3619261Z Preparing to unpack .../037-libflac12t64_1.4.3+ds-2.1ubuntu2_amd64.deb ...
2026-10-07T12:38:49.3626810Z Unpacking libflac12t64:amd64 (1.4.3+ds-2.1ubuntu2) ...
2026-10-07T12:38:49.3835333Z Selecting previously unselected package libgstreamer-plugins-good1.0-0:amd64.
2026-10-07T12:38:49.3954026Z Preparing to unpack .../038-libgstreamer-plugins-good1.0-0_1.24.2-1ubuntu1.8_amd64.deb ...
2026-10-07T12:38:49.3960969Z Unpacking libgstreamer-plugins-good1.0-0:amd64 (1.24.2-1ubuntu1.8) ...
2026-10-07T12:38:49.4154261Z Selecting previously unselected package libiec61883-0:amd64.
2026-10-07T12:38:49.4274552Z Preparing to unpack .../039-libiec61883-0_1.2.0-6build1_amd64.deb ...
2026-10-07T12:38:49.4280647Z Unpacking libiec61883-0:amd64 (1.2.0-6build1) ...
2026-10-07T12:38:49.4468601Z Selecting previously unselected package libmp3lame0:amd64.
2026-10-07T12:38:49.4584446Z Preparing to unpack .../040-libmp3lame0_3.100-6build1_amd64.deb ...
2026-10-07T12:38:49.4591275Z Unpacking libmp3lame0:amd64 (3.100-6build1) ...
2026-10-07T12:38:49.4793424Z Selecting previously unselected package libmpg123-0t64:amd64.
2026-10-07T12:38:49.4918587Z Preparing to unpack .../041-libmpg123-0t64_1.32.5-1ubuntu1.1_amd64.deb ...
2026-10-07T12:38:49.4926247Z Unpacking libmpg123-0t64:amd64 (1.32.5-1ubuntu1.1) ...
2026-10-07T12:38:49.5133502Z Selecting previously unselected package libasyncns0:amd64.
2026-10-07T12:38:49.5267117Z Preparing to unpack .../042-libasyncns0_0.8-6build4_amd64.deb ...
2026-10-07T12:38:49.5273625Z Unpacking libasyncns0:amd64 (0.8-6build4) ...
2026-10-07T12:38:49.5465526Z Selecting previously unselected package libsndfile1:amd64.
2026-10-07T12:38:49.5592102Z Preparing to unpack .../043-libsndfile1_1.2.2-1ubuntu5.24.04.1_amd64.deb ...
2026-10-07T12:38:49.5599407Z Unpacking libsndfile1:amd64 (1.2.2-1ubuntu5.24.04.1) ...
2026-10-07T12:38:49.5827418Z Selecting previously unselected package libpulse0:amd64.
2026-10-07T12:38:49.5948713Z Preparing to unpack .../044-libpulse0_1%3a16.1+dfsg1-2ubuntu10.1_amd64.deb ...
2026-10-07T12:38:49.6011902Z Unpacking libpulse0:amd64 (1:16.1+dfsg1-2ubuntu10.1) ...
2026-10-07T12:38:49.6232763Z Selecting previously unselected package libspeex1:amd64.
2026-10-07T12:38:49.6355239Z Preparing to unpack .../045-libspeex1_1.2.1-2ubuntu2.24.04.1_amd64.deb ...
2026-10-07T12:38:49.6363130Z Unpacking libspeex1:amd64 (1.2.1-2ubuntu2.24.04.1) ...
2026-10-07T12:38:49.6554416Z Selecting previously unselected package libshout3:amd64.
2026-10-07T12:38:49.6673337Z Preparing to unpack .../046-libshout3_2.4.6-1build2_amd64.deb ...
2026-10-07T12:38:49.6680067Z Unpacking libshout3:amd64 (2.4.6-1build2) ...
2026-10-07T12:38:49.6883505Z Selecting previously unselected package libtag1v5-vanilla:amd64.
2026-10-07T12:38:49.7007221Z Preparing to unpack .../047-libtag1v5-vanilla_1.13.1-1build1_amd64.deb ...
2026-10-07T12:38:49.7014232Z Unpacking libtag1v5-vanilla:amd64 (1.13.1-1build1) ...
2026-10-07T12:38:49.7230218Z Selecting previously unselected package libtag1v5:amd64.
2026-10-07T12:38:49.7352751Z Preparing to unpack .../048-libtag1v5_1.13.1-1build1_amd64.deb ...
2026-10-07T12:38:49.7359744Z Unpacking libtag1v5:amd64 (1.13.1-1build1) ...
2026-10-07T12:38:49.7556793Z Selecting previously unselected package libtwolame0:amd64.
2026-10-07T12:38:49.7682013Z Preparing to unpack .../049-libtwolame0_0.4.0-2build3_amd64.deb ...
2026-10-07T12:38:49.7688690Z Unpacking libtwolame0:amd64 (0.4.0-2build3) ...
2026-10-07T12:38:49.7884995Z Selecting previously unselected package libv4lconvert0t64:amd64.
2026-10-07T12:38:49.8008670Z Preparing to unpack .../050-libv4lconvert0t64_1.26.1-4build3_amd64.deb ...
2026-10-07T12:38:49.8015403Z Unpacking libv4lconvert0t64:amd64 (1.26.1-4build3) ...
2026-10-07T12:38:49.8259109Z Selecting previously unselected package libv4l-0t64:amd64.
2026-10-07T12:38:49.8380436Z Preparing to unpack .../051-libv4l-0t64_1.26.1-4build3_amd64.deb ...
2026-10-07T12:38:49.8387306Z Unpacking libv4l-0t64:amd64 (1.26.1-4build3) ...
2026-10-07T12:38:49.8600325Z Selecting previously unselected package libvpx9:amd64.
2026-10-07T12:38:49.8721743Z Preparing to unpack .../052-libvpx9_1.14.0-1ubuntu2.3_amd64.deb ...
2026-10-07T12:38:49.8727710Z Unpacking libvpx9:amd64 (1.14.0-1ubuntu2.3) ...
2026-10-07T12:38:49.9044232Z Selecting previously unselected package libwavpack1:amd64.
2026-10-07T12:38:49.9178386Z Preparing to unpack .../053-libwavpack1_5.6.0-1build1_amd64.deb ...
2026-10-07T12:38:49.9185869Z Unpacking libwavpack1:amd64 (5.6.0-1build1) ...
2026-10-07T12:38:49.9539127Z Selecting previously unselected package gstreamer1.0-plugins-good:amd64.
2026-10-07T12:38:49.9659826Z Preparing to unpack .../054-gstreamer1.0-plugins-good_1.24.2-1ubuntu1.8_amd64.deb ...
2026-10-07T12:38:49.9667508Z Unpacking gstreamer1.0-plugins-good:amd64 (1.24.2-1ubuntu1.8) ...
2026-10-07T12:38:50.0202002Z Selecting previously unselected package libgles2:amd64.
2026-10-07T12:38:50.0326703Z Preparing to unpack .../055-libgles2_1.7.0-1build1_amd64.deb ...
2026-10-07T12:38:50.0333974Z Unpacking libgles2:amd64 (1.7.0-1build1) ...
2026-10-07T12:38:50.0543278Z Selecting previously unselected package xdg-dbus-proxy.
2026-10-07T12:38:50.0666105Z Preparing to unpack .../056-xdg-dbus-proxy_0.1.5-1ubuntu0.2_amd64.deb ...
2026-10-07T12:38:50.0674794Z Unpacking xdg-dbus-proxy (0.1.5-1ubuntu0.2) ...
2026-10-07T12:38:50.0999273Z Preparing to unpack .../057-libfreetype6_2.13.2+dfsg-1ubuntu0.2_amd64.deb ...
2026-10-07T12:38:50.1019628Z Unpacking libfreetype6:amd64 (2.13.2+dfsg-1ubuntu0.2) over (2.13.2+dfsg-1ubuntu0.1) ...
2026-10-07T12:38:50.1405729Z Preparing to unpack .../058-libgl1-mesa-dri_25.2.8-0ubuntu0.24.04.4_amd64.deb ...
2026-10-07T12:38:50.1548301Z Unpacking libgl1-mesa-dri:amd64 (25.2.8-0ubuntu0.24.04.4) over (25.2.8-0ubuntu0.24.04.2) ...
2026-10-07T12:38:50.2170442Z Preparing to unpack .../059-libglx-mesa0_25.2.8-0ubuntu0.24.04.4_amd64.deb ...
2026-10-07T12:38:50.2191753Z Unpacking libglx-mesa0:amd64 (25.2.8-0ubuntu0.24.04.4) over (25.2.8-0ubuntu0.24.04.2) ...
2026-10-07T12:38:50.2573304Z Preparing to unpack .../060-libgbm1_25.2.8-0ubuntu0.24.04.4_amd64.deb ...
2026-10-07T12:38:50.2637670Z Unpacking libgbm1:amd64 (25.2.8-0ubuntu0.24.04.4) over (25.2.8-0ubuntu0.24.04.2) ...
2026-10-07T12:38:50.2983107Z Preparing to unpack .../061-mesa-libgallium_25.2.8-0ubuntu0.24.04.4_amd64.deb ...
2026-10-07T12:38:50.3005135Z Unpacking mesa-libgallium:amd64 (25.2.8-0ubuntu0.24.04.4) over (25.2.8-0ubuntu0.24.04.2) ...
2026-10-07T12:38:50.4670861Z Selecting previously unselected package libegl-mesa0:amd64.
2026-10-07T12:38:50.4793471Z Preparing to unpack .../062-libegl-mesa0_25.2.8-0ubuntu0.24.04.4_amd64.deb ...
2026-10-07T12:38:50.4800024Z Unpacking libegl-mesa0:amd64 (25.2.8-0ubuntu0.24.04.4) ...
2026-10-07T12:38:50.5013377Z Selecting previously unselected package libegl1:amd64.
2026-10-07T12:38:50.5143712Z Preparing to unpack .../063-libegl1_1.7.0-1build1_amd64.deb ...
2026-10-07T12:38:50.5150902Z Unpacking libegl1:amd64 (1.7.0-1build1) ...
2026-10-07T12:38:50.5351852Z Selecting previously unselected package libgstreamer-gl1.0-0:amd64.
2026-10-07T12:38:50.5480129Z Preparing to unpack .../064-libgstreamer-gl1.0-0_1.24.2-1ubuntu0.5_amd64.deb ...
2026-10-07T12:38:50.5487359Z Unpacking libgstreamer-gl1.0-0:amd64 (1.24.2-1ubuntu0.5) ...
2026-10-07T12:38:50.5707490Z Selecting previously unselected package libharfbuzz-icu0:amd64.
2026-10-07T12:38:50.5832727Z Preparing to unpack .../065-libharfbuzz-icu0_8.3.0-2build2_amd64.deb ...
2026-10-07T12:38:50.5839622Z Unpacking libharfbuzz-icu0:amd64 (8.3.0-2build2) ...
2026-10-07T12:38:50.6025744Z Selecting previously unselected package libhyphen0:amd64.
2026-10-07T12:38:50.6146592Z Preparing to unpack .../066-libhyphen0_2.8.8-7build3_amd64.deb ...
2026-10-07T12:38:50.6154178Z Unpacking libhyphen0:amd64 (2.8.8-7build3) ...
2026-10-07T12:38:50.6347633Z Selecting previously unselected package libmanette-0.2-0:amd64.
2026-10-07T12:38:50.6467833Z Preparing to unpack .../067-libmanette-0.2-0_0.2.7-1build2_amd64.deb ...
2026-10-07T12:38:50.6475211Z Unpacking libmanette-0.2-0:amd64 (0.2.7-1build2) ...
2026-10-07T12:38:50.6664934Z Selecting previously unselected package libsecret-common.
2026-10-07T12:38:50.6786268Z Preparing to unpack .../068-libsecret-common_0.21.4-1build3_all.deb ...
2026-10-07T12:38:50.6793342Z Unpacking libsecret-common (0.21.4-1build3) ...
2026-10-07T12:38:50.7000762Z Selecting previously unselected package libsecret-1-0:amd64.
2026-10-07T12:38:50.7122930Z Preparing to unpack .../069-libsecret-1-0_0.21.4-1build3_amd64.deb ...
2026-10-07T12:38:50.7130630Z Unpacking libsecret-1-0:amd64 (0.21.4-1build3) ...
2026-10-07T12:38:50.7336148Z Selecting previously unselected package libwayland-server0:amd64.
2026-10-07T12:38:50.7459887Z Preparing to unpack .../070-libwayland-server0_1.22.0-2.1build1_amd64.deb ...
2026-10-07T12:38:50.7467110Z Unpacking libwayland-server0:amd64 (1.22.0-2.1build1) ...
2026-10-07T12:38:50.7666313Z Selecting previously unselected package libwebkit2gtk-4.1-0:amd64.
2026-10-07T12:38:50.7787380Z Preparing to unpack .../071-libwebkit2gtk-4.1-0_2.52.6-0ubuntu0.24.04.1_amd64.deb ...
2026-10-07T12:38:50.7795587Z Unpacking libwebkit2gtk-4.1-0:amd64 (2.52.6-0ubuntu0.24.04.1) ...
2026-10-07T12:38:51.1016126Z Selecting previously unselected package gir1.2-webkit2-4.1:amd64.
2026-10-07T12:38:51.1142003Z Preparing to unpack .../072-gir1.2-webkit2-4.1_2.52.6-0ubuntu0.24.04.1_amd64.deb ...
2026-10-07T12:38:51.1149057Z Unpacking gir1.2-webkit2-4.1:amd64 (2.52.6-0ubuntu0.24.04.1) ...
2026-10-07T12:38:51.1366860Z Selecting previously unselected package libgraphene-1.0-0:amd64.
2026-10-07T12:38:51.1490738Z Preparing to unpack .../073-libgraphene-1.0-0_1.10.8-3build2_amd64.deb ...
2026-10-07T12:38:51.1498632Z Unpacking libgraphene-1.0-0:amd64 (1.10.8-3build2) ...
2026-10-07T12:38:51.1685110Z Selecting previously unselected package gstreamer1.0-gl:amd64.
2026-10-07T12:38:51.1823824Z Preparing to unpack .../074-gstreamer1.0-gl_1.24.2-1ubuntu0.5_amd64.deb ...
2026-10-07T12:38:51.1830942Z Unpacking gstreamer1.0-gl:amd64 (1.24.2-1ubuntu0.5) ...
2026-10-07T12:38:51.2042188Z Selecting previously unselected package libxv1:amd64.
2026-10-07T12:38:51.2169008Z Preparing to unpack .../075-libxv1_2%3a1.0.11-1.1build1_amd64.deb ...
2026-10-07T12:38:51.2177598Z Unpacking libxv1:amd64 (2:1.0.11-1.1build1) ...
2026-10-07T12:38:51.2359974Z Selecting previously unselected package gstreamer1.0-x:amd64.
2026-10-07T12:38:51.2482997Z Preparing to unpack .../076-gstreamer1.0-x_1.24.2-1ubuntu0.5_amd64.deb ...
2026-10-07T12:38:51.2490765Z Unpacking gstreamer1.0-x:amd64 (1.24.2-1ubuntu0.5) ...
2026-10-07T12:38:51.2924231Z Selecting previously unselected package libglib2.0-dev-bin.
2026-10-07T12:38:51.3045871Z Preparing to unpack .../077-libglib2.0-dev-bin_2.80.0-6ubuntu3.9_amd64.deb ...
2026-10-07T12:38:51.3053674Z Unpacking libglib2.0-dev-bin (2.80.0-6ubuntu3.9) ...
2026-10-07T12:38:51.3490056Z Selecting previously unselected package uuid-dev:amd64.
2026-10-07T12:38:51.3613170Z Preparing to unpack .../078-uuid-dev_2.39.3-9ubuntu6.6_amd64.deb ...
2026-10-07T12:38:51.3619925Z Unpacking uuid-dev:amd64 (2.39.3-9ubuntu6.6) ...
2026-10-07T12:38:51.3939695Z Selecting previously unselected package libblkid-dev:amd64.
2026-10-07T12:38:51.4060899Z Preparing to unpack .../079-libblkid-dev_2.39.3-9ubuntu6.6_amd64.deb ...
2026-10-07T12:38:51.4067648Z Unpacking libblkid-dev:amd64 (2.39.3-9ubuntu6.6) ...
2026-10-07T12:38:51.4279828Z Selecting previously unselected package libsepol-dev:amd64.
2026-10-07T12:38:51.4402454Z Preparing to unpack .../080-libsepol-dev_3.5-2build1_amd64.deb ...
2026-10-07T12:38:51.4411292Z Unpacking libsepol-dev:amd64 (3.5-2build1) ...
2026-10-07T12:38:51.4694079Z Selecting previously unselected package libselinux1-dev:amd64.
2026-10-07T12:38:51.4816031Z Preparing to unpack .../081-libselinux1-dev_3.5-2ubuntu2.1_amd64.deb ...
2026-10-07T12:38:51.4822105Z Unpacking libselinux1-dev:amd64 (3.5-2ubuntu2.1) ...
2026-10-07T12:38:51.5273756Z Selecting previously unselected package libmount-dev:amd64.
2026-10-07T12:38:51.5397629Z Preparing to unpack .../082-libmount-dev_2.39.3-9ubuntu6.6_amd64.deb ...
2026-10-07T12:38:51.5403906Z Unpacking libmount-dev:amd64 (2.39.3-9ubuntu6.6) ...
2026-10-07T12:38:51.5599193Z Selecting previously unselected package libgirepository-2.0-0:amd64.
2026-10-07T12:38:51.5723971Z Preparing to unpack .../083-libgirepository-2.0-0_2.80.0-6ubuntu3.9_amd64.deb ...
2026-10-07T12:38:51.5732528Z Unpacking libgirepository-2.0-0:amd64 (2.80.0-6ubuntu3.9) ...
2026-10-07T12:38:51.5933365Z Selecting previously unselected package libglib2.0-dev:amd64.
2026-10-07T12:38:51.6059442Z Preparing to unpack .../084-libglib2.0-dev_2.80.0-6ubuntu3.9_amd64.deb ...
2026-10-07T12:38:51.6068149Z Unpacking libglib2.0-dev:amd64 (2.80.0-6ubuntu3.9) ...
2026-10-07T12:38:51.7008534Z Selecting previously unselected package libatk1.0-dev:amd64.
2026-10-07T12:38:51.7134345Z Preparing to unpack .../085-libatk1.0-dev_2.52.0-1build1_amd64.deb ...
2026-10-07T12:38:51.7251589Z Unpacking libatk1.0-dev:amd64 (2.52.0-1build1) ...
2026-10-07T12:38:51.7544893Z Selecting previously unselected package libdbus-1-dev:amd64.
2026-10-07T12:38:51.7669371Z Preparing to unpack .../086-libdbus-1-dev_1.14.10-4ubuntu4.1_amd64.deb ...
2026-10-07T12:38:51.7675981Z Unpacking libdbus-1-dev:amd64 (1.14.10-4ubuntu4.1) ...
2026-10-07T12:38:51.7985001Z Selecting previously unselected package xorg-sgml-doctools.
2026-10-07T12:38:51.8108575Z Preparing to unpack .../087-xorg-sgml-doctools_1%3a1.11-1.1_all.deb ...
2026-10-07T12:38:51.8116255Z Unpacking xorg-sgml-doctools (1:1.11-1.1) ...
2026-10-07T12:38:51.8381083Z Selecting previously unselected package x11proto-dev.
2026-10-07T12:38:51.8504615Z Preparing to unpack .../088-x11proto-dev_2023.2-1_all.deb ...
2026-10-07T12:38:51.8511298Z Unpacking x11proto-dev (2023.2-1) ...
2026-10-07T12:38:51.9002886Z Selecting previously unselected package libxau-dev:amd64.
2026-10-07T12:38:51.9126987Z Preparing to unpack .../089-libxau-dev_1%3a1.0.9-1build6_amd64.deb ...
2026-10-07T12:38:51.9134199Z Unpacking libxau-dev:amd64 (1:1.0.9-1build6) ...
2026-10-07T12:38:51.9326120Z Selecting previously unselected package libxdmcp-dev:amd64.
2026-10-07T12:38:51.9449180Z Preparing to unpack .../090-libxdmcp-dev_1%3a1.1.3-0ubuntu6_amd64.deb ...
2026-10-07T12:38:51.9457761Z Unpacking libxdmcp-dev:amd64 (1:1.1.3-0ubuntu6) ...
2026-10-07T12:38:51.9639592Z Selecting previously unselected package xtrans-dev.
2026-10-07T12:38:51.9760912Z Preparing to unpack .../091-xtrans-dev_1.4.0-1_all.deb ...
2026-10-07T12:38:51.9767274Z Unpacking xtrans-dev (1.4.0-1) ...
2026-10-07T12:38:51.9990174Z Selecting previously unselected package libpthread-stubs0-dev:amd64.
2026-10-07T12:38:52.0110070Z Preparing to unpack .../092-libpthread-stubs0-dev_0.4-1build3_amd64.deb ...
2026-10-07T12:38:52.0116210Z Unpacking libpthread-stubs0-dev:amd64 (0.4-1build3) ...
2026-10-07T12:38:52.0302328Z Selecting previously unselected package libxcb1-dev:amd64.
2026-10-07T12:38:52.0420907Z Preparing to unpack .../093-libxcb1-dev_1.15-1ubuntu2_amd64.deb ...
2026-10-07T12:38:52.0427968Z Unpacking libxcb1-dev:amd64 (1.15-1ubuntu2) ...
2026-10-07T12:38:52.0639430Z Selecting previously unselected package libx11-dev:amd64.
2026-10-07T12:38:52.0765367Z Preparing to unpack .../094-libx11-dev_2%3a1.8.7-1build1_amd64.deb ...
2026-10-07T12:38:52.0771391Z Unpacking libx11-dev:amd64 (2:1.8.7-1build1) ...
2026-10-07T12:38:52.1054653Z Selecting previously unselected package libxext-dev:amd64.
2026-10-07T12:38:52.1179397Z Preparing to unpack .../095-libxext-dev_2%3a1.3.4-1build2_amd64.deb ...
2026-10-07T12:38:52.1185029Z Unpacking libxext-dev:amd64 (2:1.3.4-1build2) ...
2026-10-07T12:38:52.1466726Z Selecting previously unselected package libxfixes-dev:amd64.
2026-10-07T12:38:52.1590508Z Preparing to unpack .../096-libxfixes-dev_1%3a6.0.0-2build1_amd64.deb ...
2026-10-07T12:38:52.1599442Z Unpacking libxfixes-dev:amd64 (1:6.0.0-2build1) ...
2026-10-07T12:38:52.1784012Z Selecting previously unselected package libxi-dev:amd64.
2026-10-07T12:38:52.1911180Z Preparing to unpack .../097-libxi-dev_2%3a1.8.1-1build1_amd64.deb ...
2026-10-07T12:38:52.1919137Z Unpacking libxi-dev:amd64 (2:1.8.1-1build1) ...
2026-10-07T12:38:52.2204046Z Selecting previously unselected package libxtst-dev:amd64.
2026-10-07T12:38:52.2329083Z Preparing to unpack .../098-libxtst-dev_2%3a1.2.3-1.1build1_amd64.deb ...
2026-10-07T12:38:52.2334897Z Unpacking libxtst-dev:amd64 (2:1.2.3-1.1build1) ...
2026-10-07T12:38:52.2536681Z Selecting previously unselected package libatspi2.0-dev:amd64.
2026-10-07T12:38:52.2665391Z Preparing to unpack .../099-libatspi2.0-dev_2.52.0-1build1_amd64.deb ...
2026-10-07T12:38:52.2714679Z Unpacking libatspi2.0-dev:amd64 (2.52.0-1build1) ...
2026-10-07T12:38:52.2971464Z Selecting previously unselected package libatk-bridge2.0-dev:amd64.
2026-10-07T12:38:52.3094069Z Preparing to unpack .../100-libatk-bridge2.0-dev_2.52.0-1build1_amd64.deb ...
2026-10-07T12:38:52.3100963Z Unpacking libatk-bridge2.0-dev:amd64 (2.52.0-1build1) ...
2026-10-07T12:38:52.3291633Z Selecting previously unselected package libbrotli-dev:amd64.
2026-10-07T12:38:52.3415114Z Preparing to unpack .../101-libbrotli-dev_1.1.0-2build2_amd64.deb ...
2026-10-07T12:38:52.3423637Z Unpacking libbrotli-dev:amd64 (1.1.0-2build2) ...
2026-10-07T12:38:52.3661714Z Selecting previously unselected package libbz2-dev:amd64.
2026-10-07T12:38:52.3813386Z Preparing to unpack .../102-libbz2-dev_1.0.8-5.1ubuntu0.1_amd64.deb ...
2026-10-07T12:38:52.3825510Z Unpacking libbz2-dev:amd64 (1.0.8-5.1ubuntu0.1) ...
2026-10-07T12:38:52.4020545Z Selecting previously unselected package libcairo-script-interpreter2:amd64.
2026-10-07T12:38:52.4145291Z Preparing to unpack .../103-libcairo-script-interpreter2_1.18.0-3build1_amd64.deb ...
2026-10-07T12:38:52.4155472Z Unpacking libcairo-script-interpreter2:amd64 (1.18.0-3build1) ...
2026-10-07T12:38:52.4342172Z Selecting previously unselected package libpng-dev:amd64.
2026-10-07T12:38:52.4465657Z Preparing to unpack .../104-libpng-dev_1.6.43-5ubuntu0.6_amd64.deb ...
2026-10-07T12:38:52.4475109Z Unpacking libpng-dev:amd64 (1.6.43-5ubuntu0.6) ...
2026-10-07T12:38:52.4784358Z Selecting previously unselected package libfreetype-dev:amd64.
2026-10-07T12:38:52.4917339Z Preparing to unpack .../105-libfreetype-dev_2.13.2+dfsg-1ubuntu0.2_amd64.deb ...
2026-10-07T12:38:52.4923385Z Unpacking libfreetype-dev:amd64 (2.13.2+dfsg-1ubuntu0.2) ...
2026-10-07T12:38:52.5245083Z Selecting previously unselected package libfontconfig-dev:amd64.
2026-10-07T12:38:52.5377091Z Preparing to unpack .../106-libfontconfig-dev_2.15.0-1.1ubuntu2_amd64.deb ...
2026-10-07T12:38:52.5383951Z Unpacking libfontconfig-dev:amd64 (2.15.0-1.1ubuntu2) ...
2026-10-07T12:38:52.5603744Z Selecting previously unselected package libpixman-1-dev:amd64.
2026-10-07T12:38:52.5729021Z Preparing to unpack .../107-libpixman-1-dev_0.42.2-1build1_amd64.deb ...
2026-10-07T12:38:52.5736031Z Unpacking libpixman-1-dev:amd64 (0.42.2-1build1) ...
2026-10-07T12:38:52.5964869Z Selecting previously unselected package libice-dev:amd64.
2026-10-07T12:38:52.6089160Z Preparing to unpack .../108-libice-dev_2%3a1.0.10-1build3_amd64.deb ...
2026-10-07T12:38:52.6096310Z Unpacking libice-dev:amd64 (2:1.0.10-1build3) ...
2026-10-07T12:38:52.6301533Z Selecting previously unselected package libsm-dev:amd64.
2026-10-07T12:38:52.6450760Z Preparing to unpack .../109-libsm-dev_2%3a1.2.3-1build3_amd64.deb ...
2026-10-07T12:38:52.6462793Z Unpacking libsm-dev:amd64 (2:1.2.3-1build3) ...
2026-10-07T12:38:52.6663551Z Selecting previously unselected package libxcb-render0-dev:amd64.
2026-10-07T12:38:52.6825846Z Preparing to unpack .../110-libxcb-render0-dev_1.15-1ubuntu2_amd64.deb ...
2026-10-07T12:38:52.6832628Z Unpacking libxcb-render0-dev:amd64 (1.15-1ubuntu2) ...
2026-10-07T12:38:52.7043799Z Selecting previously unselected package libxcb-shm0-dev:amd64.
2026-10-07T12:38:52.7204656Z Preparing to unpack .../111-libxcb-shm0-dev_1.15-1ubuntu2_amd64.deb ...
2026-10-07T12:38:52.7212004Z Unpacking libxcb-shm0-dev:amd64 (1.15-1ubuntu2) ...
2026-10-07T12:38:52.7406555Z Selecting previously unselected package libxrender-dev:amd64.
2026-10-07T12:38:52.7538221Z Preparing to unpack .../112-libxrender-dev_1%3a0.9.10-1.1build1_amd64.deb ...
2026-10-07T12:38:52.7544641Z Unpacking libxrender-dev:amd64 (1:0.9.10-1.1build1) ...
2026-10-07T12:38:52.7736965Z Selecting previously unselected package libcairo2-dev:amd64.
2026-10-07T12:38:52.7861315Z Preparing to unpack .../113-libcairo2-dev_1.18.0-3build1_amd64.deb ...
2026-10-07T12:38:52.7870002Z Unpacking libcairo2-dev:amd64 (1.18.0-3build1) ...
2026-10-07T12:38:52.8093238Z Selecting previously unselected package libdatrie-dev:amd64.
2026-10-07T12:38:52.8219616Z Preparing to unpack .../114-libdatrie-dev_0.2.13-3build1_amd64.deb ...
2026-10-07T12:38:52.8226194Z Unpacking libdatrie-dev:amd64 (0.2.13-3build1) ...
2026-10-07T12:38:52.8421330Z Selecting previously unselected package libdeflate-dev:amd64.
2026-10-07T12:38:52.8544152Z Preparing to unpack .../115-libdeflate-dev_1.19-1build1.1_amd64.deb ...
2026-10-07T12:38:52.8550906Z Unpacking libdeflate-dev:amd64 (1.19-1build1.1) ...
2026-10-07T12:38:52.8744418Z Selecting previously unselected package libglx-dev:amd64.
2026-10-07T12:38:52.8866022Z Preparing to unpack .../116-libglx-dev_1.7.0-1build1_amd64.deb ...
2026-10-07T12:38:52.8872791Z Unpacking libglx-dev:amd64 (1.7.0-1build1) ...
2026-10-07T12:38:52.9059191Z Selecting previously unselected package libgl-dev:amd64.
2026-10-07T12:38:52.9181189Z Preparing to unpack .../117-libgl-dev_1.7.0-1build1_amd64.deb ...
2026-10-07T12:38:52.9190127Z Unpacking libgl-dev:amd64 (1.7.0-1build1) ...
2026-10-07T12:38:52.9407380Z Selecting previously unselected package libegl-dev:amd64.
2026-10-07T12:38:52.9529232Z Preparing to unpack .../118-libegl-dev_1.7.0-1build1_amd64.deb ...
2026-10-07T12:38:52.9537496Z Unpacking libegl-dev:amd64 (1.7.0-1build1) ...
2026-10-07T12:38:52.9724733Z Selecting previously unselected package libglvnd-core-dev:amd64.
2026-10-07T12:38:52.9846787Z Preparing to unpack .../119-libglvnd-core-dev_1.7.0-1build1_amd64.deb ...
2026-10-07T12:38:52.9852878Z Unpacking libglvnd-core-dev:amd64 (1.7.0-1build1) ...
2026-10-07T12:38:53.0049020Z Selecting previously unselected package libgles1:amd64.
2026-10-07T12:38:53.0171268Z Preparing to unpack .../120-libgles1_1.7.0-1build1_amd64.deb ...
2026-10-07T12:38:53.0178320Z Unpacking libgles1:amd64 (1.7.0-1build1) ...
2026-10-07T12:38:53.0365173Z Selecting previously unselected package libgles-dev:amd64.
2026-10-07T12:38:53.0497540Z Preparing to unpack .../121-libgles-dev_1.7.0-1build1_amd64.deb ...
2026-10-07T12:38:53.0504402Z Unpacking libgles-dev:amd64 (1.7.0-1build1) ...
2026-10-07T12:38:53.0747829Z Selecting previously unselected package libopengl0:amd64.
2026-10-07T12:38:53.0874424Z Preparing to unpack .../122-libopengl0_1.7.0-1build1_amd64.deb ...
2026-10-07T12:38:53.0881371Z Unpacking libopengl0:amd64 (1.7.0-1build1) ...
2026-10-07T12:38:53.1082568Z Selecting previously unselected package libopengl-dev:amd64.
2026-10-07T12:38:53.1204934Z Preparing to unpack .../123-libopengl-dev_1.7.0-1build1_amd64.deb ...
2026-10-07T12:38:53.1212510Z Unpacking libopengl-dev:amd64 (1.7.0-1build1) ...
2026-10-07T12:38:53.1402838Z Selecting previously unselected package libglvnd-dev:amd64.
2026-10-07T12:38:53.1529763Z Preparing to unpack .../124-libglvnd-dev_1.7.0-1build1_amd64.deb ...
2026-10-07T12:38:53.1537052Z Unpacking libglvnd-dev:amd64 (1.7.0-1build1) ...
2026-10-07T12:38:53.1719198Z Selecting previously unselected package libegl1-mesa-dev:amd64.
2026-10-07T12:38:53.1848957Z Preparing to unpack .../125-libegl1-mesa-dev_25.2.8-0ubuntu0.24.04.4_amd64.deb ...
2026-10-07T12:38:53.1856076Z Unpacking libegl1-mesa-dev:amd64 (25.2.8-0ubuntu0.24.04.4) ...
2026-10-07T12:38:53.2053814Z Selecting previously unselected package libepoxy-dev:amd64.
2026-10-07T12:38:53.2185708Z Preparing to unpack .../126-libepoxy-dev_1.5.10-1build1_amd64.deb ...
2026-10-07T12:38:53.2192159Z Unpacking libepoxy-dev:amd64 (1.5.10-1build1) ...
2026-10-07T12:38:53.2433415Z Selecting previously unselected package libfribidi-dev:amd64.
2026-10-07T12:38:53.2559984Z Preparing to unpack .../127-libfribidi-dev_1.0.13-3build1_amd64.deb ...
2026-10-07T12:38:53.2567815Z Unpacking libfribidi-dev:amd64 (1.0.13-3build1) ...
2026-10-07T12:38:53.2836330Z Selecting previously unselected package libgdk-pixbuf2.0-bin.
2026-10-07T12:38:53.2961130Z Preparing to unpack .../128-libgdk-pixbuf2.0-bin_2.42.10+dfsg-3ubuntu3.3_amd64.deb ...
2026-10-07T12:38:53.2967308Z Unpacking libgdk-pixbuf2.0-bin (2.42.10+dfsg-3ubuntu3.3) ...
2026-10-07T12:38:53.3160954Z Selecting previously unselected package libjpeg-turbo8-dev:amd64.
2026-10-07T12:38:53.3283786Z Preparing to unpack .../129-libjpeg-turbo8-dev_2.1.5-2ubuntu2_amd64.deb ...
2026-10-07T12:38:53.3292743Z Unpacking libjpeg-turbo8-dev:amd64 (2.1.5-2ubuntu2) ...
2026-10-07T12:38:53.3561857Z Selecting previously unselected package libjpeg8-dev:amd64.
2026-10-07T12:38:53.3684163Z Preparing to unpack .../130-libjpeg8-dev_8c-2ubuntu11_amd64.deb ...
2026-10-07T12:38:53.3692512Z Unpacking libjpeg8-dev:amd64 (8c-2ubuntu11) ...
2026-10-07T12:38:53.3867829Z Selecting previously unselected package libjpeg-dev:amd64.
2026-10-07T12:38:53.3989200Z Preparing to unpack .../131-libjpeg-dev_8c-2ubuntu11_amd64.deb ...
2026-10-07T12:38:53.3995954Z Unpacking libjpeg-dev:amd64 (8c-2ubuntu11) ...
2026-10-07T12:38:53.4169482Z Selecting previously unselected package libjbig-dev:amd64.
2026-10-07T12:38:53.4288144Z Preparing to unpack .../132-libjbig-dev_2.1-6.1ubuntu2_amd64.deb ...
2026-10-07T12:38:53.4294540Z Unpacking libjbig-dev:amd64 (2.1-6.1ubuntu2) ...
2026-10-07T12:38:53.4480390Z Selecting previously unselected package liblzma-dev:amd64.
2026-10-07T12:38:53.4599505Z Preparing to unpack .../133-liblzma-dev_5.6.1+really5.4.5-1ubuntu0.3_amd64.deb ...
2026-10-07T12:38:53.4606841Z Unpacking liblzma-dev:amd64 (5.6.1+really5.4.5-1ubuntu0.3) ...
2026-10-07T12:38:53.4858855Z Selecting previously unselected package libwebpdecoder3:amd64.
2026-10-07T12:38:53.4981378Z Preparing to unpack .../134-libwebpdecoder3_1.3.2-0.4build3_amd64.deb ...
2026-10-07T12:38:53.4988528Z Unpacking libwebpdecoder3:amd64 (1.3.2-0.4build3) ...
2026-10-07T12:38:53.5187671Z Selecting previously unselected package libsharpyuv-dev:amd64.
2026-10-07T12:38:53.5312155Z Preparing to unpack .../135-libsharpyuv-dev_1.3.2-0.4build3_amd64.deb ...
2026-10-07T12:38:53.5321716Z Unpacking libsharpyuv-dev:amd64 (1.3.2-0.4build3) ...
2026-10-07T12:38:53.5521542Z Selecting previously unselected package libwebp-dev:amd64.
2026-10-07T12:38:53.5644924Z Preparing to unpack .../136-libwebp-dev_1.3.2-0.4build3_amd64.deb ...
2026-10-07T12:38:53.5651813Z Unpacking libwebp-dev:amd64 (1.3.2-0.4build3) ...
2026-10-07T12:38:53.5932965Z Selecting previously unselected package libtiffxx6:amd64.
2026-10-07T12:38:53.6058341Z Preparing to unpack .../137-libtiffxx6_4.5.1+git230720-4ubuntu2.5_amd64.deb ...
2026-10-07T12:38:53.6066439Z Unpacking libtiffxx6:amd64 (4.5.1+git230720-4ubuntu2.5) ...
2026-10-07T12:38:53.6250470Z Selecting previously unselected package liblerc-dev:amd64.
2026-10-07T12:38:53.6385772Z Preparing to unpack .../138-liblerc-dev_4.0.0+ds-4ubuntu2_amd64.deb ...
2026-10-07T12:38:53.6394436Z Unpacking liblerc-dev:amd64 (4.0.0+ds-4ubuntu2) ...
2026-10-07T12:38:53.6612090Z Selecting previously unselected package libtiff-dev:amd64.
2026-10-07T12:38:53.6735347Z Preparing to unpack .../139-libtiff-dev_4.5.1+git230720-4ubuntu2.5_amd64.deb ...
2026-10-07T12:38:53.6741835Z Unpacking libtiff-dev:amd64 (4.5.1+git230720-4ubuntu2.5) ...
2026-10-07T12:38:53.7053019Z Selecting previously unselected package libgdk-pixbuf-2.0-dev:amd64.
2026-10-07T12:38:53.7177235Z Preparing to unpack .../140-libgdk-pixbuf-2.0-dev_2.42.10+dfsg-3ubuntu3.3_amd64.deb ...
2026-10-07T12:38:53.7184365Z Unpacking libgdk-pixbuf-2.0-dev:amd64 (2.42.10+dfsg-3ubuntu3.3) ...
2026-10-07T12:38:53.7399459Z Selecting previously unselected package libgraphite2-dev:amd64.
2026-10-07T12:38:53.7526167Z Preparing to unpack .../141-libgraphite2-dev_1.3.14-2ubuntu0.24.04.1_amd64.deb ...
2026-10-07T12:38:53.7537212Z Unpacking libgraphite2-dev:amd64 (1.3.14-2ubuntu0.24.04.1) ...
2026-10-07T12:38:53.7736952Z Selecting previously unselected package libharfbuzz-subset0:amd64.
2026-10-07T12:38:53.7860613Z Preparing to unpack .../142-libharfbuzz-subset0_8.3.0-2build2_amd64.deb ...
2026-10-07T12:38:53.7868068Z Unpacking libharfbuzz-subset0:amd64 (8.3.0-2build2) ...
2026-10-07T12:38:53.8102447Z Selecting previously unselected package libharfbuzz-cairo0:amd64.
2026-10-07T12:38:53.8224600Z Preparing to unpack .../143-libharfbuzz-cairo0_8.3.0-2build2_amd64.deb ...
2026-10-07T12:38:53.8232530Z Unpacking libharfbuzz-cairo0:amd64 (8.3.0-2build2) ...
2026-10-07T12:38:53.8420093Z Selecting previously unselected package libharfbuzz-dev:amd64.
2026-10-07T12:38:53.8545790Z Preparing to unpack .../144-libharfbuzz-dev_8.3.0-2build2_amd64.deb ...
2026-10-07T12:38:53.8552635Z Unpacking libharfbuzz-dev:amd64 (8.3.0-2build2) ...
2026-10-07T12:38:53.8855150Z Selecting previously unselected package libthai-dev:amd64.
2026-10-07T12:38:53.8979984Z Preparing to unpack .../145-libthai-dev_0.1.29-2build1_amd64.deb ...
2026-10-07T12:38:53.8987512Z Unpacking libthai-dev:amd64 (0.1.29-2build1) ...
2026-10-07T12:38:53.9204281Z Selecting previously unselected package libxft-dev:amd64.
2026-10-07T12:38:53.9328269Z Preparing to unpack .../146-libxft-dev_2.3.6-1build1_amd64.deb ...
2026-10-07T12:38:53.9334396Z Unpacking libxft-dev:amd64 (2.3.6-1build1) ...
2026-10-07T12:38:53.9590762Z Selecting previously unselected package pango1.0-tools.
2026-10-07T12:38:53.9715270Z Preparing to unpack .../147-pango1.0-tools_1.52.1+ds-1build1_amd64.deb ...
2026-10-07T12:38:53.9722093Z Unpacking pango1.0-tools (1.52.1+ds-1build1) ...
2026-10-07T12:38:53.9924394Z Selecting previously unselected package libpango1.0-dev:amd64.
2026-10-07T12:38:54.0053996Z Preparing to unpack .../148-libpango1.0-dev_1.52.1+ds-1build1_amd64.deb ...
2026-10-07T12:38:54.0060643Z Unpacking libpango1.0-dev:amd64 (1.52.1+ds-1build1) ...
2026-10-07T12:38:54.0375126Z Selecting previously unselected package libwayland-bin.
2026-10-07T12:38:54.0513620Z Preparing to unpack .../149-libwayland-bin_1.22.0-2.1build1_amd64.deb ...
2026-10-07T12:38:54.0521379Z Unpacking libwayland-bin (1.22.0-2.1build1) ...
2026-10-07T12:38:54.0724035Z Selecting previously unselected package libwayland-dev:amd64.
2026-10-07T12:38:54.0855742Z Preparing to unpack .../150-libwayland-dev_1.22.0-2.1build1_amd64.deb ...
2026-10-07T12:38:54.0862953Z Unpacking libwayland-dev:amd64 (1.22.0-2.1build1) ...
2026-10-07T12:38:54.1120489Z Selecting previously unselected package libxcomposite-dev:amd64.
2026-10-07T12:38:54.1251091Z Preparing to unpack .../151-libxcomposite-dev_1%3a0.4.5-1build3_amd64.deb ...
2026-10-07T12:38:54.1258299Z Unpacking libxcomposite-dev:amd64 (1:0.4.5-1build3) ...
2026-10-07T12:38:54.1473591Z Selecting previously unselected package libxcursor-dev:amd64.
2026-10-07T12:38:54.1604252Z Preparing to unpack .../152-libxcursor-dev_1%3a1.2.1-1build1_amd64.deb ...
2026-10-07T12:38:54.1611535Z Unpacking libxcursor-dev:amd64 (1:1.2.1-1build1) ...
2026-10-07T12:38:54.1873739Z Selecting previously unselected package libxdamage-dev:amd64.
2026-10-07T12:38:54.2008875Z Preparing to unpack .../153-libxdamage-dev_1%3a1.1.6-1build1_amd64.deb ...
2026-10-07T12:38:54.2016527Z Unpacking libxdamage-dev:amd64 (1:1.1.6-1build1) ...
2026-10-07T12:38:54.2214066Z Selecting previously unselected package libxinerama-dev:amd64.
2026-10-07T12:38:54.2342211Z Preparing to unpack .../154-libxinerama-dev_2%3a1.1.4-3build1_amd64.deb ...
2026-10-07T12:38:54.2351766Z Unpacking libxinerama-dev:amd64 (2:1.1.4-3build1) ...
2026-10-07T12:38:54.2545572Z Selecting previously unselected package libxkbcommon-dev:amd64.
2026-10-07T12:38:54.2669092Z Preparing to unpack .../155-libxkbcommon-dev_1.6.0-1build1_amd64.deb ...
2026-10-07T12:38:54.2676715Z Unpacking libxkbcommon-dev:amd64 (1.6.0-1build1) ...
2026-10-07T12:38:54.2877642Z Selecting previously unselected package libxrandr-dev:amd64.
2026-10-07T12:38:54.3000378Z Preparing to unpack .../156-libxrandr-dev_2%3a1.5.2-2build1_amd64.deb ...
2026-10-07T12:38:54.3006933Z Unpacking libxrandr-dev:amd64 (2:1.5.2-2build1) ...
2026-10-07T12:38:54.3208607Z Selecting previously unselected package wayland-protocols.
2026-10-07T12:38:54.3331217Z Preparing to unpack .../157-wayland-protocols_1.45-1~ubuntu0.24.04.2_all.deb ...
2026-10-07T12:38:54.3338394Z Unpacking wayland-protocols (1.45-1~ubuntu0.24.04.2) ...
2026-10-07T12:38:54.3668706Z Selecting previously unselected package libgtk-3-dev:amd64.
2026-10-07T12:38:54.3792173Z Preparing to unpack .../158-libgtk-3-dev_3.24.41-4ubuntu1.3_amd64.deb ...
2026-10-07T12:38:54.3798893Z Unpacking libgtk-3-dev:amd64 (3.24.41-4ubuntu1.3) ...
2026-10-07T12:38:54.5203671Z Selecting previously unselected package libjavascriptcoregtk-4.1-dev:amd64.
2026-10-07T12:38:54.5329081Z Preparing to unpack .../159-libjavascriptcoregtk-4.1-dev_2.52.6-0ubuntu0.24.04.1_amd64.deb ...
2026-10-07T12:38:54.5335954Z Unpacking libjavascriptcoregtk-4.1-dev:amd64 (2.52.6-0ubuntu0.24.04.1) ...
2026-10-07T12:38:54.5573453Z Selecting previously unselected package libnghttp2-dev:amd64.
2026-10-07T12:38:54.5697803Z Preparing to unpack .../160-libnghttp2-dev_1.59.0-1ubuntu0.4_amd64.deb ...
2026-10-07T12:38:54.5704234Z Unpacking libnghttp2-dev:amd64 (1.59.0-1ubuntu0.4) ...
2026-10-07T12:38:54.5919317Z Selecting previously unselected package libwebrtc-audio-processing1:amd64.
2026-10-07T12:38:54.6043852Z Preparing to unpack .../161-libwebrtc-audio-processing1_0.3.1-0ubuntu6_amd64.deb ...
2026-10-07T12:38:54.6050682Z Unpacking libwebrtc-audio-processing1:amd64 (0.3.1-0ubuntu6) ...
2026-10-07T12:38:54.6273342Z Selecting previously unselected package libspa-0.2-modules:amd64.
2026-10-07T12:38:54.6397006Z Preparing to unpack .../162-libspa-0.2-modules_1.0.5-1ubuntu3.3_amd64.deb ...
2026-10-07T12:38:54.6404835Z Unpacking libspa-0.2-modules:amd64 (1.0.5-1ubuntu3.3) ...
2026-10-07T12:38:54.6700379Z Selecting previously unselected package libpipewire-0.3-0t64:amd64.
2026-10-07T12:38:54.6824351Z Preparing to unpack .../163-libpipewire-0.3-0t64_1.0.5-1ubuntu3.3_amd64.deb ...
2026-10-07T12:38:54.6831071Z Unpacking libpipewire-0.3-0t64:amd64 (1.0.5-1ubuntu3.3) ...
2026-10-07T12:38:54.7057051Z Selecting previously unselected package libpipewire-0.3-common.
2026-10-07T12:38:54.7182868Z Preparing to unpack .../164-libpipewire-0.3-common_1.0.5-1ubuntu3.3_all.deb ...
2026-10-07T12:38:54.7189378Z Unpacking libpipewire-0.3-common (1.0.5-1ubuntu3.3) ...
2026-10-07T12:38:54.7381796Z Selecting previously unselected package libpng-tools.
2026-10-07T12:38:54.7506066Z Preparing to unpack .../165-libpng-tools_1.6.43-5ubuntu0.6_amd64.deb ...
2026-10-07T12:38:54.7512991Z Unpacking libpng-tools (1.6.43-5ubuntu0.6) ...
2026-10-07T12:38:54.7699731Z Selecting previously unselected package libpsl-dev:amd64.
2026-10-07T12:38:54.7826746Z Preparing to unpack .../166-libpsl-dev_0.21.2-1.1build1_amd64.deb ...
2026-10-07T12:38:54.7832740Z Unpacking libpsl-dev:amd64 (0.21.2-1.1build1) ...
2026-10-07T12:38:54.8061549Z Selecting previously unselected package libsysprof-capture-4-dev:amd64.
2026-10-07T12:38:54.8189706Z Preparing to unpack .../167-libsysprof-capture-4-dev_46.0-1build1_amd64.deb ...
2026-10-07T12:38:54.8195809Z Unpacking libsysprof-capture-4-dev:amd64 (46.0-1build1) ...
2026-10-07T12:38:54.8413175Z Selecting previously unselected package libsoup-3.0-dev:amd64.
2026-10-07T12:38:54.8544047Z Preparing to unpack .../168-libsoup-3.0-dev_3.4.4-5ubuntu0.9_amd64.deb ...
2026-10-07T12:38:54.8552985Z Unpacking libsoup-3.0-dev:amd64 (3.4.4-5ubuntu0.9) ...
2026-10-07T12:38:54.8977587Z Selecting previously unselected package libwebkit2gtk-4.1-dev.
2026-10-07T12:38:54.9106613Z Preparing to unpack .../169-libwebkit2gtk-4.1-dev_2.52.6-0ubuntu0.24.04.1_amd64.deb ...
2026-10-07T12:38:54.9113375Z Unpacking libwebkit2gtk-4.1-dev (2.52.6-0ubuntu0.24.04.1) ...
2026-10-07T12:38:54.9714807Z Selecting previously unselected package xdg-desktop-portal.
2026-10-07T12:38:54.9842222Z Preparing to unpack .../170-xdg-desktop-portal_1.18.4-1ubuntu2.24.04.3_amd64.deb ...
2026-10-07T12:38:54.9848972Z Unpacking xdg-desktop-portal (1.18.4-1ubuntu2.24.04.3) ...
2026-10-07T12:38:55.0096957Z Selecting previously unselected package xdg-desktop-portal-gtk.
2026-10-07T12:38:55.0225563Z Preparing to unpack .../171-xdg-desktop-portal-gtk_1.15.1-1build2_amd64.deb ...
2026-10-07T12:38:55.0232621Z Unpacking xdg-desktop-portal-gtk (1.15.1-1build2) ...
2026-10-07T12:38:55.0675617Z Setting up libpipewire-0.3-common (1.0.5-1ubuntu3.3) ...
2026-10-07T12:38:55.0697255Z Setting up bubblewrap (0.9.0-1ubuntu0.3) ...
2026-10-07T12:38:55.0738387Z Setting up libglib2.0-dev-bin (2.80.0-6ubuntu3.9) ...
2026-10-07T12:38:55.2403587Z Setting up libcdparanoia0:amd64 (3.10.2+debian-14build3) ...
2026-10-07T12:38:55.2422954Z Setting up bzip2-doc (1.0.8-5.1ubuntu0.1) ...
2026-10-07T12:38:55.2448979Z Setting up libwayland-server0:amd64 (1.22.0-2.1build1) ...
2026-10-07T12:38:55.2465508Z Setting up libnghttp2-dev:amd64 (1.59.0-1ubuntu0.4) ...
2026-10-07T12:38:55.2483449Z Setting up mesa-libgallium:amd64 (25.2.8-0ubuntu0.24.04.4) ...
2026-10-07T12:38:55.2500465Z Setting up session-migration (0.3.9build1) ...
2026-10-07T12:38:55.3877779Z Created symlink /etc/systemd/user/graphical-session-pre.target.wants/session-migration.service → /usr/lib/systemd/user/session-migration.service.
2026-10-07T12:38:55.3878844Z 
2026-10-07T12:38:55.3905963Z Setting up libjpeg-turbo8-dev:amd64 (2.1.5-2ubuntu2) ...
2026-10-07T12:38:55.3924164Z Setting up libraw1394-11:amd64 (2.1.2-2build3) ...
2026-10-07T12:38:55.3943818Z Setting up libproxy1v5:amd64 (0.5.4-4build1) ...
2026-10-07T12:38:55.3958775Z Setting up gir1.2-freedesktop:amd64 (1.80.1-1) ...
2026-10-07T12:38:55.3981803Z Setting up libtag1v5-vanilla:amd64 (1.13.1-1build1) ...
2026-10-07T12:38:55.3997284Z Setting up libharfbuzz-icu0:amd64 (8.3.0-2build2) ...
2026-10-07T12:38:55.4013389Z Setting up libpixman-1-dev:amd64 (0.42.2-1build1) ...
2026-10-07T12:38:55.4034047Z Setting up libspeex1:amd64 (1.2.1-2ubuntu2.24.04.1) ...
2026-10-07T12:38:55.4051608Z Setting up libcaca0:amd64 (0.99.beta20-4ubuntu0.2) ...
2026-10-07T12:38:55.4074667Z Setting up libv4lconvert0t64:amd64 (1.26.1-4build3) ...
2026-10-07T12:38:55.4092892Z Setting up libpangoxft-1.0-0:amd64 (1.52.1+ds-1build1) ...
2026-10-07T12:38:55.4110056Z Setting up libglvnd-core-dev:amd64 (1.7.0-1build1) ...
2026-10-07T12:38:55.4126619Z Setting up libtwolame0:amd64 (0.4.0-2build3) ...
2026-10-07T12:38:55.4144174Z Setting up gir1.2-gdkpixbuf-2.0:amd64 (2.42.10+dfsg-3ubuntu3.3) ...
2026-10-07T12:38:55.4161584Z Setting up libhyphen0:amd64 (2.8.8-7build3) ...
2026-10-07T12:38:55.4179227Z Setting up libgbm1:amd64 (25.2.8-0ubuntu0.24.04.4) ...
2026-10-07T12:38:55.4195600Z Setting up libpng-tools (1.6.43-5ubuntu0.6) ...
2026-10-07T12:38:55.4214648Z Setting up libgirepository-2.0-0:amd64 (2.80.0-6ubuntu3.9) ...
2026-10-07T12:38:55.4229749Z Setting up libvisual-0.4-0:amd64 (0.4.2-2build1) ...
2026-10-07T12:38:55.4249046Z Setting up gir1.2-atk-1.0:amd64 (2.52.0-1build1) ...
2026-10-07T12:38:55.4266099Z Setting up libfribidi-dev:amd64 (1.0.13-3build1) ...
2026-10-07T12:38:55.4283635Z Setting up libmanette-0.2-0:amd64 (0.2.7-1build2) ...
2026-10-07T12:38:55.4300172Z Setting up libxkbcommon-dev:amd64 (1.6.0-1build1) ...
2026-10-07T12:38:55.4316750Z Setting up libgl1-mesa-dri:amd64 (25.2.8-0ubuntu0.24.04.4) ...
2026-10-07T12:38:55.4391951Z Setting up libpng-dev:amd64 (1.6.43-5ubuntu0.6) ...
2026-10-07T12:38:55.4410433Z Setting up pango1.0-tools (1.52.1+ds-1build1) ...
2026-10-07T12:38:55.4428938Z Setting up libjbig-dev:amd64 (2.1-6.1ubuntu2) ...
2026-10-07T12:38:55.4446211Z Setting up libwebrtc-audio-processing1:amd64 (0.3.1-0ubuntu6) ...
2026-10-07T12:38:55.4461478Z Setting up libwebpdecoder3:amd64 (1.3.2-0.4build3) ...
2026-10-07T12:38:55.4483367Z Setting up libharfbuzz-gobject0:amd64 (8.3.0-2build2) ...
2026-10-07T12:38:55.4500032Z Setting up gir1.2-atspi-2.0:amd64 (2.52.0-1build1) ...
2026-10-07T12:38:55.4517666Z Setting up libsoup-3.0-common (3.4.4-5ubuntu0.9) ...
2026-10-07T12:38:55.4533487Z Setting up libmpg123-0t64:amd64 (1.32.5-1ubuntu1.1) ...
2026-10-07T12:38:55.4551488Z Setting up gir1.2-harfbuzz-0.0:amd64 (8.3.0-2build2) ...
2026-10-07T12:38:55.4580435Z Setting up libpthread-stubs0-dev:amd64 (0.4-1build3) ...
2026-10-07T12:38:55.4597906Z Setting up libopengl0:amd64 (1.7.0-1build1) ...
2026-10-07T12:38:55.4616986Z Setting up libpsl-dev:amd64 (0.21.2-1.1build1) ...
2026-10-07T12:38:55.4635232Z Setting up liborc-0.4-0t64:amd64 (1:0.4.38-1ubuntu0.1) ...
2026-10-07T12:38:55.4652606Z Setting up libsysprof-capture-4-dev:amd64 (46.0-1build1) ...
2026-10-07T12:38:55.4667482Z Setting up xtrans-dev (1.4.0-1) ...
2026-10-07T12:38:55.4683774Z Setting up libwayland-bin (1.22.0-2.1build1) ...
2026-10-07T12:38:55.4701551Z Setting up libgraphite2-dev:amd64 (1.3.14-2ubuntu0.24.04.1) ...
2026-10-07T12:38:55.4724266Z Setting up gir1.2-pango-1.0:amd64 (1.52.1+ds-1build1) ...
2026-10-07T12:38:55.4740409Z Setting up libegl-mesa0:amd64 (25.2.8-0ubuntu0.24.04.4) ...
2026-10-07T12:38:55.4756764Z Setting up libjavascriptcoregtk-4.1-0:amd64 (2.52.6-0ubuntu0.24.04.1) ...
2026-10-07T12:38:55.4775049Z Setting up libgles2:amd64 (1.7.0-1build1) ...
2026-10-07T12:38:55.4793020Z Setting up libharfbuzz-cairo0:amd64 (8.3.0-2build2) ...
2026-10-07T12:38:55.4809315Z Setting up libfreetype6:amd64 (2.13.2+dfsg-1ubuntu0.2) ...
2026-10-07T12:38:55.4831263Z Setting up libdbus-1-dev:amd64 (1.14.10-4ubuntu4.1) ...
2026-10-07T12:38:55.6295607Z Setting up libspa-0.2-modules:amd64 (1.0.5-1ubuntu3.3) ...
2026-10-07T12:38:55.6318191Z Setting up uuid-dev:amd64 (2.39.3-9ubuntu6.6) ...
2026-10-07T12:38:55.6338703Z Setting up libgles1:amd64 (1.7.0-1build1) ...
2026-10-07T12:38:55.6359503Z Setting up libopus0:amd64 (1.4-1build1) ...
2026-10-07T12:38:55.6377618Z Setting up libxv1:amd64 (2:1.0.11-1.1build1) ...
2026-10-07T12:38:55.6394525Z Setting up libdv4t64:amd64 (1.0.0-17.1build1) ...
2026-10-07T12:38:55.6414554Z Setting up libsepol-dev:amd64 (3.5-2build1) ...
2026-10-07T12:38:55.6432599Z Setting up liblerc-dev:amd64 (4.0.0+ds-4ubuntu2) ...
2026-10-07T12:38:55.6451407Z Setting up libv4l-0t64:amd64 (1.26.1-4build3) ...
2026-10-07T12:38:55.6471970Z Setting up liblzma-dev:amd64 (5.6.1+really5.4.5-1ubuntu0.3) ...
2026-10-07T12:38:55.6493340Z Setting up xdg-dbus-proxy (0.1.5-1ubuntu0.2) ...
2026-10-07T12:38:55.6514809Z Setting up libvpx9:amd64 (1.14.0-1ubuntu2.3) ...
2026-10-07T12:38:55.6535673Z Setting up wayland-protocols (1.45-1~ubuntu0.24.04.2) ...
2026-10-07T12:38:55.6554403Z Setting up libtag1v5:amd64 (1.13.1-1build1) ...
2026-10-07T12:38:55.6570991Z Setting up libdatrie-dev:amd64 (0.2.13-3build1) ...
2026-10-07T12:38:55.6590489Z Setting up gir1.2-glib-2.0-dev:amd64 (2.80.0-6ubuntu3.9) ...
2026-10-07T12:38:55.6606808Z Setting up libasyncns0:amd64 (0.8-6build4) ...
2026-10-07T12:38:55.6624875Z Setting up libgdk-pixbuf2.0-bin (2.42.10+dfsg-3ubuntu3.3) ...
2026-10-07T12:38:55.6647700Z Setting up libwavpack1:amd64 (5.6.0-1build1) ...
2026-10-07T12:38:55.6669674Z Setting up libtheora0:amd64 (1.1.1+dfsg.1-16.1build3) ...
2026-10-07T12:38:55.6688656Z Setting up libegl1:amd64 (1.7.0-1build1) ...
2026-10-07T12:38:55.6708131Z Setting up libharfbuzz-subset0:amd64 (8.3.0-2build2) ...
2026-10-07T12:38:55.6725811Z Setting up xorg-sgml-doctools (1:1.11-1.1) ...
2026-10-07T12:38:55.6754113Z Setting up libflac12t64:amd64 (1.4.3+ds-2.1ubuntu2) ...
2026-10-07T12:38:55.6764751Z Setting up libopengl-dev:amd64 (1.7.0-1build1) ...
2026-10-07T12:38:55.6780646Z Setting up glib-networking-common (2.80.0-1build1) ...
2026-10-07T12:38:55.7032341Z Setting up libjpeg8-dev:amd64 (8c-2ubuntu11) ...
2026-10-07T12:38:55.7052966Z Setting up libsharpyuv-dev:amd64 (1.3.2-0.4build3) ...
2026-10-07T12:38:55.7070614Z Setting up libtiffxx6:amd64 (4.5.1+git230720-4ubuntu2.5) ...
2026-10-07T12:38:55.7090418Z Setting up libdeflate-dev:amd64 (1.19-1build1.1) ...
2026-10-07T12:38:55.7107649Z Setting up libpipewire-0.3-0t64:amd64 (1.0.5-1ubuntu3.3) ...
2026-10-07T12:38:55.7139920Z Setting up libbrotli-dev:amd64 (1.1.0-2build2) ...
2026-10-07T12:38:55.7157709Z Setting up libsecret-common (0.21.4-1build3) ...
2026-10-07T12:38:55.7174018Z Setting up libmp3lame0:amd64 (3.100-6build1) ...
2026-10-07T12:38:55.7192762Z Setting up libgraphene-1.0-0:amd64 (1.10.8-3build2) ...
2026-10-07T12:38:55.7209873Z Setting up libvorbisenc2:amd64 (1.3.7-1build3) ...
2026-10-07T12:38:55.7228958Z Setting up libaa1:amd64 (1.4p5-51.1) ...
2026-10-07T12:38:55.7246240Z Setting up libiec61883-0:amd64 (1.2.0-6build1) ...
2026-10-07T12:38:55.7263187Z Setting up libbz2-dev:amd64 (1.0.8-5.1ubuntu0.1) ...
2026-10-07T12:38:55.7283858Z Setting up libavc1394-0:amd64 (0.5.4-5build3) ...
2026-10-07T12:38:55.7300729Z Setting up libcairo-script-interpreter2:amd64 (1.18.0-3build1) ...
2026-10-07T12:38:55.7317444Z Setting up gsettings-desktop-schemas (46.1-0ubuntu1) ...
2026-10-07T12:38:55.7337185Z Setting up glib-networking-services (2.80.0-1build1) ...
2026-10-07T12:38:55.7353615Z Setting up libblkid-dev:amd64 (2.39.3-9ubuntu6.6) ...
2026-10-07T12:38:55.7372121Z Setting up libglx-mesa0:amd64 (25.2.8-0ubuntu0.24.04.4) ...
2026-10-07T12:38:55.7391443Z Setting up xdg-desktop-portal (1.18.4-1ubuntu2.24.04.3) ...
2026-10-07T12:38:55.8433271Z Created symlink /etc/systemd/user/graphical-session-pre.target.wants/xdg-desktop-portal-rewrite-launchers.service → /usr/lib/systemd/user/xdg-desktop-portal-rewrite-launchers.service.
2026-10-07T12:38:55.8434425Z 
2026-10-07T12:38:55.8460155Z Setting up libselinux1-dev:amd64 (3.5-2ubuntu2.1) ...
2026-10-07T12:38:55.8478338Z Setting up gir1.2-gtk-3.0:amd64 (3.24.41-4ubuntu1.3) ...
2026-10-07T12:38:55.8495511Z Setting up libjpeg-dev:amd64 (8c-2ubuntu11) ...
2026-10-07T12:38:55.8515086Z Setting up libgstreamer-plugins-base1.0-0:amd64 (1.24.2-1ubuntu0.5) ...
2026-10-07T12:38:55.8535254Z Setting up libwayland-dev:amd64 (1.22.0-2.1build1) ...
2026-10-07T12:38:55.8558119Z Setting up gir1.2-javascriptcoregtk-4.1:amd64 (2.52.6-0ubuntu0.24.04.1) ...
2026-10-07T12:38:55.8574007Z Setting up libfreetype-dev:amd64 (2.13.2+dfsg-1ubuntu0.2) ...
2026-10-07T12:38:55.8597415Z Setting up libsecret-1-0:amd64 (0.21.4-1build3) ...
2026-10-07T12:38:55.8616206Z Setting up libgstreamer-plugins-good1.0-0:amd64 (1.24.2-1ubuntu1.8) ...
2026-10-07T12:38:55.8634419Z Setting up libwebp-dev:amd64 (1.3.2-0.4build3) ...
2026-10-07T12:38:55.8650317Z Setting up libgstreamer-gl1.0-0:amd64 (1.24.2-1ubuntu0.5) ...
2026-10-07T12:38:55.8667104Z Setting up gstreamer1.0-plugins-base:amd64 (1.24.2-1ubuntu0.5) ...
2026-10-07T12:38:55.8686921Z Setting up libtiff-dev:amd64 (4.5.1+git230720-4ubuntu2.5) ...
2026-10-07T12:38:55.8704589Z Setting up gir1.2-freedesktop-dev:amd64 (1.80.1-1) ...
2026-10-07T12:38:55.8721231Z Setting up libshout3:amd64 (2.4.6-1build2) ...
2026-10-07T12:38:55.8737135Z Setting up libthai-dev:amd64 (0.1.29-2build1) ...
2026-10-07T12:38:55.8755589Z Setting up libsndfile1:amd64 (1.2.2-1ubuntu5.24.04.1) ...
2026-10-07T12:38:55.8771385Z Setting up libmount-dev:amd64 (2.39.3-9ubuntu6.6) ...
2026-10-07T12:38:55.8789512Z Setting up gstreamer1.0-gl:amd64 (1.24.2-1ubuntu0.5) ...
2026-10-07T12:38:55.8810877Z Setting up gstreamer1.0-x:amd64 (1.24.2-1ubuntu0.5) ...
2026-10-07T12:38:55.8828730Z Setting up libpulse0:amd64 (1:16.1+dfsg1-2ubuntu10.1) ...
2026-10-07T12:38:55.8896334Z Setting up libfontconfig-dev:amd64 (2.15.0-1.1ubuntu2) ...
2026-10-07T12:38:55.8915612Z Setting up libglib2.0-dev:amd64 (2.80.0-6ubuntu3.9) ...
2026-10-07T12:38:55.9412588Z Processing triggers for sgml-base (1.31) ...
2026-10-07T12:38:55.9607728Z Processing triggers for install-info (7.1-3build2) ...
2026-10-07T12:38:56.1602270Z Setting up x11proto-dev (2023.2-1) ...
2026-10-07T12:38:56.1677625Z Setting up libxau-dev:amd64 (1:1.0.9-1build6) ...
2026-10-07T12:38:56.1714140Z Setting up libice-dev:amd64 (2:1.0.10-1build3) ...
2026-10-07T12:38:56.1738383Z Setting up libsm-dev:amd64 (2:1.2.3-1build3) ...
2026-10-07T12:38:56.1774059Z Processing triggers for libc-bin (2.39-0ubuntu8.9) ...
2026-10-07T12:38:56.2406037Z Processing triggers for man-db (2.12.0-4build2) ...
2026-10-07T12:38:56.2427331Z Not building database; man-db/auto-update is not 'true'.
2026-10-07T12:38:56.2442109Z Setting up libxdmcp-dev:amd64 (1:1.1.3-0ubuntu6) ...
2026-10-07T12:38:56.2463958Z Processing triggers for libglib2.0-0t64:amd64 (2.80.0-6ubuntu3.9) ...
2026-10-07T12:38:56.2902465Z Setting up glib-networking:amd64 (2.80.0-1build1) ...
2026-10-07T12:38:56.2936445Z Setting up libjavascriptcoregtk-4.1-dev:amd64 (2.52.6-0ubuntu0.24.04.1) ...
2026-10-07T12:38:56.2961719Z Setting up libatk1.0-dev:amd64 (2.52.0-1build1) ...
2026-10-07T12:38:56.3000310Z Setting up libgdk-pixbuf-2.0-dev:amd64 (2.42.10+dfsg-3ubuntu3.3) ...
2026-10-07T12:38:56.3035323Z Setting up xdg-desktop-portal-gtk (1.15.1-1build2) ...
2026-10-07T12:38:56.3093046Z Setting up libharfbuzz-dev:amd64 (8.3.0-2build2) ...
2026-10-07T12:38:56.3111822Z Setting up libxcb1-dev:amd64 (1.15-1ubuntu2) ...
2026-10-07T12:38:56.3173346Z Setting up libsoup-3.0-0:amd64 (3.4.4-5ubuntu0.9) ...
2026-10-07T12:38:56.3199963Z Setting up libx11-dev:amd64 (2:1.8.7-1build1) ...
2026-10-07T12:38:56.3230873Z Setting up libxfixes-dev:amd64 (1:6.0.0-2build1) ...
2026-10-07T12:38:56.3249431Z Setting up libxcb-shm0-dev:amd64 (1.15-1ubuntu2) ...
2026-10-07T12:38:56.3308363Z Setting up libxcb-render0-dev:amd64 (1.15-1ubuntu2) ...
2026-10-07T12:38:56.3330471Z Setting up libxext-dev:amd64 (2:1.3.4-1build2) ...
2026-10-07T12:38:56.3352484Z Setting up gir1.2-soup-3.0:amd64 (3.4.4-5ubuntu0.9) ...
2026-10-07T12:38:56.3374203Z Setting up libglx-dev:amd64 (1.7.0-1build1) ...
2026-10-07T12:38:56.3406381Z Setting up libxi-dev:amd64 (2:1.8.1-1build1) ...
2026-10-07T12:38:56.3427540Z Setting up libxrender-dev:amd64 (1:0.9.10-1.1build1) ...
2026-10-07T12:38:56.3452384Z Setting up libgl-dev:amd64 (1.7.0-1build1) ...
2026-10-07T12:38:56.3474454Z Setting up libxft-dev:amd64 (2.3.6-1build1) ...
2026-10-07T12:38:56.3497022Z Setting up libxtst-dev:amd64 (2:1.2.3-1.1build1) ...
2026-10-07T12:38:56.3519191Z Setting up libxdamage-dev:amd64 (1:1.1.6-1build1) ...
2026-10-07T12:38:56.3543531Z Setting up libatspi2.0-dev:amd64 (2.52.0-1build1) ...
2026-10-07T12:38:56.3613040Z Setting up libegl-dev:amd64 (1.7.0-1build1) ...
2026-10-07T12:38:56.3634930Z Setting up libxcomposite-dev:amd64 (1:0.4.5-1build3) ...
2026-10-07T12:38:56.3660774Z Setting up libxcursor-dev:amd64 (1:1.2.1-1build1) ...
2026-10-07T12:38:56.3690858Z Setting up gstreamer1.0-plugins-good:amd64 (1.24.2-1ubuntu1.8) ...
2026-10-07T12:38:56.3713608Z Setting up libepoxy-dev:amd64 (1.5.10-1build1) ...
2026-10-07T12:38:56.3744361Z Setting up libatk-bridge2.0-dev:amd64 (2.52.0-1build1) ...
2026-10-07T12:38:56.3764255Z Setting up libxrandr-dev:amd64 (2:1.5.2-2build1) ...
2026-10-07T12:38:56.3790595Z Setting up libsoup-3.0-dev:amd64 (3.4.4-5ubuntu0.9) ...
2026-10-07T12:38:56.4072667Z Setting up libxinerama-dev:amd64 (2:1.1.4-3build1) ...
2026-10-07T12:38:56.4094886Z Setting up libcairo2-dev:amd64 (1.18.0-3build1) ...
2026-10-07T12:38:56.4120806Z Setting up libgles-dev:amd64 (1.7.0-1build1) ...
2026-10-07T12:38:56.4170577Z Setting up libwebkit2gtk-4.1-0:amd64 (2.52.6-0ubuntu0.24.04.1) ...
2026-10-07T12:38:56.4214062Z Setting up gir1.2-webkit2-4.1:amd64 (2.52.6-0ubuntu0.24.04.1) ...
2026-10-07T12:38:56.4235834Z Setting up libglvnd-dev:amd64 (1.7.0-1build1) ...
2026-10-07T12:38:56.4261984Z Setting up libpango1.0-dev:amd64 (1.52.1+ds-1build1) ...
2026-10-07T12:38:56.4300752Z Setting up libegl1-mesa-dev:amd64 (25.2.8-0ubuntu0.24.04.4) ...
2026-10-07T12:38:56.4342451Z Setting up libgtk-3-dev:amd64 (3.24.41-4ubuntu1.3) ...
2026-10-07T12:38:56.4376956Z Setting up libwebkit2gtk-4.1-dev (2.52.6-0ubuntu0.24.04.1) ...
2026-10-07T12:38:56.4399727Z Processing triggers for libc-bin (2.39-0ubuntu8.9) ...
2026-10-07T12:38:57.5208678Z 
2026-10-07T12:38:57.5209551Z Running kernel seems to be up-to-date.
2026-10-07T12:38:57.5210073Z 
2026-10-07T12:38:57.5210287Z Restarting services...
2026-10-07T12:38:57.5285439Z  systemctl restart php8.3-fpm.service
2026-10-07T12:38:57.6339058Z 
2026-10-07T12:38:57.6339564Z No containers need to be restarted.
2026-10-07T12:38:57.6339939Z 
2026-10-07T12:38:57.6340120Z No user sessions are running outdated binaries.
2026-10-07T12:38:57.6340356Z 
2026-10-07T12:38:57.6340570Z No VM guests are running outdated hypervisor (qemu) binaries on this host.
2026-10-07T12:38:58.4487349Z ##[group]Run cargo check --locked -p scrying --lib --no-default-features --features wgpu-30,webkitgtk-fallback
2026-10-07T12:38:58.4488678Z [36;1mcargo check --locked -p scrying --lib --no-default-features --features wgpu-30,webkitgtk-fallback[0m
2026-10-07T12:38:58.4551363Z shell: /usr/bin/bash -e {0}
2026-10-07T12:38:58.4551647Z env:
2026-10-07T12:38:58.4551883Z   CARGO_NET_GIT_FETCH_WITH_CLI: true
2026-10-07T12:38:58.4552203Z   CARGO_HOME: /home/runner/.cargo
2026-10-07T12:38:58.4552501Z   CARGO_INCREMENTAL: 0
2026-10-07T12:38:58.4552759Z   CARGO_TERM_COLOR: always
2026-10-07T12:38:58.4553031Z ##[endgroup]
2026-10-07T12:38:58.4676755Z info: syncing channel updates for 1.97.1-x86_64-unknown-linux-gnu
2026-10-07T12:38:58.5531143Z info: latest update on 2026-07-16 for version 1.97.1 (8bab26f4f 2026-07-14)
2026-10-07T12:38:58.5531884Z info: downloading 3 components
2026-10-07T12:39:06.0228163Z warn: the missing active toolchain `1.97.1-x86_64-unknown-linux-gnu` has been auto-installed
2026-10-07T12:39:06.0229123Z warn: this might cause rustup commands to take longer time to finish than expected
2026-10-07T12:39:06.0230173Z info: you may opt out with `RUSTUP_AUTO_INSTALL=0` or `rustup set auto-install disable`
2026-10-07T12:39:06.0658878Z [1m[92m    Updating[0m crates.io index
2026-10-07T12:39:06.6369630Z [1m[92m Downloading[0m crates ...
2026-10-07T12:39:06.7365616Z [1m[92m  Downloaded[0m pastey v0.1.1
2026-10-07T12:39:06.7388957Z [1m[92m  Downloaded[0m adler2 v2.0.1
2026-10-07T12:39:06.7403428Z [1m[92m  Downloaded[0m new_debug_unreachable v1.0.6
2026-10-07T12:39:06.7414140Z [1m[92m  Downloaded[0m noop_proc_macro v0.3.0
2026-10-07T12:39:06.7424855Z [1m[92m  Downloaded[0m palette_math v0.7.7
2026-10-07T12:39:06.7439595Z [1m[92m  Downloaded[0m no_std_io2 v0.9.4
2026-10-07T12:39:06.7465049Z [1m[92m  Downloaded[0m nom v8.0.0
2026-10-07T12:39:06.7534485Z [1m[92m  Downloaded[0m parking_lot v0.12.5
2026-10-07T12:39:06.7564559Z [1m[92m  Downloaded[0m parking_lot_core v0.9.12
2026-10-07T12:39:06.7590710Z [1m[92m  Downloaded[0m presser v0.3.1
2026-10-07T12:39:06.7608780Z [1m[92m  Downloaded[0m proc-macro-error v1.0.4
2026-10-07T12:39:06.7646747Z [1m[92m  Downloaded[0m rayon-core v1.13.0
2026-10-07T12:39:06.7691762Z [1m[92m  Downloaded[0m ordered-float v5.5.0
2026-10-07T12:39:06.7710813Z [1m[92m  Downloaded[0m palette_derive v0.7.7
2026-10-07T12:39:06.7731485Z [1m[92m  Downloaded[0m raw-cpuid v11.6.0
2026-10-07T12:39:06.7775558Z [1m[92m  Downloaded[0m pango v0.18.3
2026-10-07T12:39:06.7839601Z [1m[92m  Downloaded[0m proc-macro-crate v1.3.1
2026-10-07T12:39:06.7854108Z [1m[92m  Downloaded[0m proc-macro-crate v2.0.2
2026-10-07T12:39:06.7870145Z [1m[92m  Downloaded[0m palette v0.7.7
2026-10-07T12:39:06.8032090Z [1m[92m  Downloaded[0m pango-sys v0.18.0
2026-10-07T12:39:06.8055169Z [1m[92m  Downloaded[0m approx v0.5.1
2026-10-07T12:39:06.8099219Z [1m[92m  Downloaded[0m proc-macro-error-attr v1.0.4
2026-10-07T12:39:06.8118865Z [1m[92m  Downloaded[0m bit-vec v0.9.1
2026-10-07T12:39:06.8149503Z [1m[92m  Downloaded[0m litrs v1.0.0
2026-10-07T12:39:06.8190321Z [1m[92m  Downloaded[0m atk-sys v0.18.2
2026-10-07T12:39:06.8219790Z [1m[92m  Downloaded[0m equivalent v1.0.2
2026-10-07T12:39:06.8242087Z [1m[92m  Downloaded[0m gio-sys v0.18.1
2026-10-07T12:39:06.8285771Z [1m[92m  Downloaded[0m fdeflate v0.3.7
2026-10-07T12:39:06.8302025Z [1m[92m  Downloaded[0m flate2 v1.1.10
2026-10-07T12:39:06.8352306Z [1m[92m  Downloaded[0m winnow v0.5.40
2026-10-07T12:39:06.8438322Z [1m[92m  Downloaded[0m paste v1.0.15
2026-10-07T12:39:06.8470418Z [1m[92m  Downloaded[0m libm v0.2.16
2026-10-07T12:39:06.8580642Z [1m[92m  Downloaded[0m qoi v0.4.1
2026-10-07T12:39:06.8609253Z [1m[92m  Downloaded[0m gtk3-macros v0.18.2
2026-10-07T12:39:06.8617478Z [1m[92m  Downloaded[0m wasm-bindgen-macro v0.2.127
2026-10-07T12:39:06.8626573Z [1m[92m  Downloaded[0m pin-project-lite v0.2.17
2026-10-07T12:39:06.8686120Z [1m[92m  Downloaded[0m rustversion v1.0.23
2026-10-07T12:39:06.8713744Z [1m[92m  Downloaded[0m quick-error v2.0.1
2026-10-07T12:39:06.8725786Z [1m[92m  Downloaded[0m serde_core v1.0.229
2026-10-07T12:39:06.8752866Z [1m[92m  Downloaded[0m bytemuck v1.25.2
2026-10-07T12:39:06.8784007Z [1m[92m  Downloaded[0m bytemuck_derive v1.12.0
2026-10-07T12:39:06.8797146Z [1m[92m  Downloaded[0m lock_api v0.4.14
2026-10-07T12:39:06.8809424Z [1m[92m  Downloaded[0m bumpalo v3.20.3
2026-10-07T12:39:06.8835293Z [1m[92m  Downloaded[0m pkg-config v0.3.34
2026-10-07T12:39:06.8853422Z [1m[92m  Downloaded[0m stable_deref_trait v1.2.1
2026-10-07T12:39:06.8862144Z [1m[92m  Downloaded[0m thiserror-impl v1.0.69
2026-10-07T12:39:06.8874807Z [1m[92m  Downloaded[0m log v0.4.34
2026-10-07T12:39:06.8899401Z [1m[92m  Downloaded[0m pulp-wasm-simd-flag v0.1.1
2026-10-07T12:39:06.8905635Z [1m[92m  Downloaded[0m renderdoc-sys v1.1.0
2026-10-07T12:39:06.8914801Z [1m[92m  Downloaded[0m wasm-bindgen-macro-support v0.2.127
2026-10-07T12:39:06.8934798Z [1m[92m  Downloaded[0m semver v1.0.28
2026-10-07T12:39:06.8957799Z [1m[92m  Downloaded[0m profiling-procmacros v1.0.18
2026-10-07T12:39:06.8964669Z [1m[92m  Downloaded[0m num-derive v0.4.2
2026-10-07T12:39:06.8982305Z [1m[92m  Downloaded[0m thiserror v1.0.69
2026-10-07T12:39:06.9039527Z [1m[92m  Downloaded[0m once_cell v1.21.4
2026-10-07T12:39:06.9064451Z [1m[92m  Downloaded[0m soup3 v0.5.0
2026-10-07T12:39:06.9105646Z [1m[92m  Downloaded[0m webkit2gtk-sys v2.0.2
2026-10-07T12:39:06.9119000Z [1m[92m  Downloaded[0m proc-macro2 v1.0.107
2026-10-07T12:39:06.9147823Z [1m[92m  Downloaded[0m serde_spanned v0.6.9
2026-10-07T12:39:06.9157750Z [1m[92m  Downloaded[0m bitstream-io v4.10.0
2026-10-07T12:39:06.9186326Z [1m[92m  Downloaded[0m target-lexicon v0.12.16
2026-10-07T12:39:06.9207042Z [1m[92m  Downloaded[0m built v0.8.1
2026-10-07T12:39:06.9226988Z [1m[92m  Downloaded[0m cairo-rs v0.18.5
2026-10-07T12:39:06.9260336Z [1m[92m  Downloaded[0m static_assertions v1.1.0
2026-10-07T12:39:06.9273893Z [1m[92m  Downloaded[0m syn v3.0.4
2026-10-07T12:39:06.9379943Z [1m[92m  Downloaded[0m dpi v0.1.2
2026-10-07T12:39:06.9389904Z [1m[92m  Downloaded[0m version_check v0.9.5
2026-10-07T12:39:06.9402291Z [1m[92m  Downloaded[0m wgpu-core-deps-windows-linux-android v30.0.1
2026-10-07T12:39:06.9410976Z [1m[92m  Downloaded[0m av1-grain v0.2.5
2026-10-07T12:39:06.9434160Z [1m[92m  Downloaded[0m loop9 v0.1.5
2026-10-07T12:39:06.9441343Z [1m[92m  Downloaded[0m by_address v1.2.1
2026-10-07T12:39:06.9449285Z [1m[92m  Downloaded[0m scopeguard v1.2.0
2026-10-07T12:39:06.9460940Z [1m[92m  Downloaded[0m simd_helpers v0.1.0
2026-10-07T12:39:06.9468312Z [1m[92m  Downloaded[0m bitflags v2.13.1
2026-10-07T12:39:06.9513387Z [1m[92m  Downloaded[0m gdk v0.18.2
2026-10-07T12:39:06.9573267Z [1m[92m  Downloaded[0m profiling v1.0.18
2026-10-07T12:39:06.9584634Z [1m[92m  Downloaded[0m system-deps v6.2.2
2026-10-07T12:39:06.9605439Z [1m[92m  Downloaded[0m byteorder-lite v0.1.0
2026-10-07T12:39:06.9615292Z [1m[92m  Downloaded[0m zune-core v0.5.3
2026-10-07T12:39:06.9637568Z [1m[92m  Downloaded[0m crossbeam-utils v0.8.22
2026-10-07T12:39:06.9664945Z [1m[92m  Downloaded[0m gobject-sys v0.18.0
2026-10-07T12:39:06.9678172Z [1m[92m  Downloaded[0m gdk-sys v0.18.2
2026-10-07T12:39:06.9698174Z [1m[92m  Downloaded[0m gtk-sys v0.18.2
2026-10-07T12:39:06.9730728Z [1m[92m  Downloaded[0m soup3-sys v0.5.0
2026-10-07T12:39:06.9743861Z [1m[92m  Downloaded[0m autocfg v1.5.1
2026-10-07T12:39:06.9762119Z [1m[92m  Downloaded[0m cfg_aliases v0.2.2
2026-10-07T12:39:06.9771899Z [1m[92m  Downloaded[0m color_quant v1.1.0
2026-10-07T12:39:06.9781962Z [1m[92m  Downloaded[0m dlib v0.5.3
2026-10-07T12:39:06.9791317Z [1m[92m  Downloaded[0m gdk-pixbuf v0.18.5
2026-10-07T12:39:06.9813376Z [1m[92m  Downloaded[0m y4m v0.8.0
2026-10-07T12:39:06.9824890Z [1m[92m  Downloaded[0m cfg-if v1.0.4
2026-10-07T12:39:06.9837470Z [1m[92m  Downloaded[0m grafting v0.6.0
2026-10-07T12:39:06.9869736Z [1m[92m  Downloaded[0m bit-set v0.10.0
2026-10-07T12:39:06.9883411Z [1m[92m  Downloaded[0m cfg-expr v0.15.8
2026-10-07T12:39:06.9912548Z [1m[92m  Downloaded[0m futures-task v0.3.34
2026-10-07T12:39:06.9923985Z [1m[92m  Downloaded[0m memoffset v0.9.1
2026-10-07T12:39:06.9935959Z [1m[92m  Downloaded[0m field-offset v0.3.6
2026-10-07T12:39:06.9946902Z [1m[92m  Downloaded[0m version-compare v0.2.1
2026-10-07T12:39:06.9959792Z [1m[92m  Downloaded[0m crc32fast v1.5.1
2026-10-07T12:39:06.9979999Z [1m[92m  Downloaded[0m document-features v0.2.12
2026-10-07T12:39:06.9993232Z [1m[92m  Downloaded[0m glib-macros v0.18.5
2026-10-07T12:39:07.0019066Z [1m[92m  Downloaded[0m bitflags v1.3.2
2026-10-07T12:39:07.0052367Z [1m[92m  Downloaded[0m foldhash v0.2.0
2026-10-07T12:39:07.0064449Z [1m[92m  Downloaded[0m futures-executor v0.3.34
2026-10-07T12:39:07.0078011Z [1m[92m  Downloaded[0m maybe-rayon v0.1.1
2026-10-07T12:39:07.0085982Z [1m[92m  Downloaded[0m futures-channel v0.3.34
2026-10-07T12:39:07.0104601Z [1m[92m  Downloaded[0m gio v0.18.4
2026-10-07T12:39:07.0274753Z [1m[92m  Downloaded[0m aligned v0.4.3
2026-10-07T12:39:07.0286068Z [1m[92m  Downloaded[0m equator-macro v0.4.2
2026-10-07T12:39:07.0293645Z [1m[92m  Downloaded[0m futures-io v0.3.34
2026-10-07T12:39:07.0302084Z [1m[92m  Downloaded[0m rgb v0.8.53
2026-10-07T12:39:07.0326190Z [1m[92m  Downloaded[0m termcolor v1.4.1
2026-10-07T12:39:07.0338305Z [1m[92m  Downloaded[0m naga-types v30.0.1
2026-10-07T12:39:07.0349763Z [1m[92m  Downloaded[0m toml_datetime v0.6.3
2026-10-07T12:39:07.0358496Z [1m[92m  Downloaded[0m wgpu-naga-bridge v30.0.1
2026-10-07T12:39:07.0366878Z [1m[92m  Downloaded[0m aligned-vec v0.6.4
2026-10-07T12:39:07.0376184Z [1m[92m  Downloaded[0m cairo-sys-rs v0.18.2
2026-10-07T12:39:07.0386162Z [1m[92m  Downloaded[0m heck v0.5.0
2026-10-07T12:39:07.0399181Z [1m[92m  Downloaded[0m as-slice v0.2.1
2026-10-07T12:39:07.0408315Z [1m[92m  Downloaded[0m bit_field v0.10.3
2026-10-07T12:39:07.0420720Z [1m[92m  Downloaded[0m futures-core v0.3.34
2026-10-07T12:39:07.0434110Z [1m[92m  Downloaded[0m gdk-pixbuf-sys v0.18.0
2026-10-07T12:39:07.0446229Z [1m[92m  Downloaded[0m wasm-bindgen-shared v0.2.127
2026-10-07T12:39:07.0456981Z [1m[92m  Downloaded[0m num-traits v0.2.19
2026-10-07T12:39:07.0483264Z [1m[92m  Downloaded[0m arg_enum_proc_macro v0.3.4
2026-10-07T12:39:07.0495653Z [1m[92m  Downloaded[0m avif-serialize v0.8.9
2026-10-07T12:39:07.0506550Z [1m[92m  Downloaded[0m futures-macro v0.3.34
2026-10-07T12:39:07.0516887Z [1m[92m  Downloaded[0m javascriptcore-rs-sys v1.1.1
2026-10-07T12:39:07.0529175Z [1m[92m  Downloaded[0m miniz_oxide v0.8.9
2026-10-07T12:39:07.0553532Z [1m[92m  Downloaded[0m reborrow v0.5.5
2026-10-07T12:39:07.0560655Z [1m[92m  Downloaded[0m rustc-hash v1.1.0
2026-10-07T12:39:07.0569540Z [1m[92m  Downloaded[0m rustc_version v0.4.1
2026-10-07T12:39:07.0582239Z [1m[92m  Downloaded[0m wayland-sys v0.31.11
2026-10-07T12:39:07.0594166Z [1m[92m  Downloaded[0m either v1.18.0
2026-10-07T12:39:07.0609158Z [1m[92m  Downloaded[0m fax v0.2.7
2026-10-07T12:39:07.0629162Z [1m[92m  Downloaded[0m num-integer v0.1.47
2026-10-07T12:39:07.0644903Z [1m[92m  Downloaded[0m ravif v0.13.0
2026-10-07T12:39:07.0656144Z [1m[92m  Downloaded[0m atk v0.18.2
2026-10-07T12:39:07.0691824Z [1m[92m  Downloaded[0m crossbeam-deque v0.8.7
2026-10-07T12:39:07.0706639Z [1m[92m  Downloaded[0m equator v0.4.2
2026-10-07T12:39:07.0720069Z [1m[92m  Downloaded[0m hashbrown v0.17.1
2026-10-07T12:39:07.0772308Z [1m[92m  Downloaded[0m heck v0.4.1
2026-10-07T12:39:07.0785053Z [1m[92m  Downloaded[0m lebe v0.5.3
2026-10-07T12:39:07.0797469Z [1m[92m  Downloaded[0m libloading v0.8.9
2026-10-07T12:39:07.0821220Z [1m[92m  Downloaded[0m num-rational v0.4.2
2026-10-07T12:39:07.0833752Z [1m[92m  Downloaded[0m slab v0.4.12
2026-10-07T12:39:07.0846896Z [1m[92m  Downloaded[0m smallvec v1.15.2
2026-10-07T12:39:07.0861712Z [1m[92m  Downloaded[0m spirv v0.4.0+sdk-1.4.341.0
2026-10-07T12:39:07.0873902Z [1m[92m  Downloaded[0m thiserror-impl v2.0.20
2026-10-07T12:39:07.0888464Z [1m[92m  Downloaded[0m arrayvec v0.7.8
2026-10-07T12:39:07.0909684Z [1m[92m  Downloaded[0m gif v0.14.2
2026-10-07T12:39:07.0926778Z [1m[92m  Downloaded[0m glib-sys v0.18.1
2026-10-07T12:39:07.0946294Z [1m[92m  Downloaded[0m imgref v1.12.3
2026-10-07T12:39:07.0957635Z [1m[92m  Downloaded[0m javascriptcore-rs v1.1.2
2026-10-07T12:39:07.0984242Z [1m[92m  Downloaded[0m khronos-egl v6.0.0
2026-10-07T12:39:07.1003066Z [1m[92m  Downloaded[0m num-complex v0.4.6
2026-10-07T12:39:07.1016928Z [1m[92m  Downloaded[0m quote v1.0.47
2026-10-07T12:39:07.1044052Z [1m[92m  Downloaded[0m raw-window-handle v0.6.2
2026-10-07T12:39:07.1062107Z [1m[92m  Downloaded[0m simd-adler32 v0.3.10
2026-10-07T12:39:07.1080663Z [1m[92m  Downloaded[0m thiserror v2.0.20
2026-10-07T12:39:07.1145902Z [1m[92m  Downloaded[0m v_frame v0.3.9
2026-10-07T12:39:07.1161663Z [1m[92m  Downloaded[0m zerocopy-derive v0.8.56
2026-10-07T12:39:07.1257087Z [1m[92m  Downloaded[0m zune-inflate v0.2.54
2026-10-07T12:39:07.1274086Z [1m[92m  Downloaded[0m codespan-reporting v0.13.1
2026-10-07T12:39:07.1350559Z [1m[92m  Downloaded[0m half v2.7.1
2026-10-07T12:39:07.1377938Z [1m[92m  Downloaded[0m miniz_oxide v0.9.1
2026-10-07T12:39:07.1404031Z [1m[92m  Downloaded[0m pulp v0.22.3
2026-10-07T12:39:07.1453492Z [1m[92m  Downloaded[0m toml v0.8.2
2026-10-07T12:39:07.1485080Z [1m[92m  Downloaded[0m unicode-ident v1.0.24
2026-10-07T12:39:07.1513138Z [1m[92m  Downloaded[0m weezl v0.1.12
2026-10-07T12:39:07.1537909Z [1m[92m  Downloaded[0m allocator-api2 v0.2.21
2026-10-07T12:39:07.1563800Z [1m[92m  Downloaded[0m anyhow v1.0.104
2026-10-07T12:39:07.1604344Z [1m[92m  Downloaded[0m gl_generator v0.14.0
2026-10-07T12:39:07.1621442Z [1m[92m  Downloaded[0m image-webp v0.2.4
2026-10-07T12:39:07.1643047Z [1m[92m  Downloaded[0m memchr v2.8.3
2026-10-07T12:39:07.1698704Z [1m[92m  Downloaded[0m serde_derive v1.0.229
2026-10-07T12:39:07.1729586Z [1m[92m  Downloaded[0m wasm-bindgen v0.2.127
2026-10-07T12:39:07.1756592Z [1m[92m  Downloaded[0m webkit2gtk v2.0.2
2026-10-07T12:39:07.1820450Z [1m[92m  Downloaded[0m zune-jpeg v0.5.15
2026-10-07T12:39:07.1855752Z [1m[92m  Downloaded[0m crossbeam-epoch v0.9.20
2026-10-07T12:39:07.1880774Z [1m[92m  Downloaded[0m gpu-allocator v0.28.0
2026-10-07T12:39:07.1909499Z [1m[92m  Downloaded[0m serde v1.0.229
2026-10-07T12:39:07.1944215Z [1m[92m  Downloaded[0m tiff v0.11.3
2026-10-07T12:39:07.1987835Z [1m[92m  Downloaded[0m toml_edit v0.20.2
2026-10-07T12:39:07.2195643Z [1m[92m  Downloaded[0m hashbrown v0.16.1
2026-10-07T12:39:07.2246788Z [1m[92m  Downloaded[0m num-bigint v0.4.8
2026-10-07T12:39:07.2296870Z [1m[92m  Downloaded[0m toml_edit v0.19.15
2026-10-07T12:39:07.2498922Z [1m[92m  Downloaded[0m wgpu-types v30.0.1
2026-10-07T12:39:07.2540306Z [1m[92m  Downloaded[0m xml-rs v0.8.29
2026-10-07T12:39:07.2570347Z [1m[92m  Downloaded[0m indexmap v2.14.1
2026-10-07T12:39:07.2613739Z [1m[92m  Downloaded[0m itertools v0.14.0
2026-10-07T12:39:07.2685722Z [1m[92m  Downloaded[0m wgpu v30.0.1
2026-10-07T12:39:07.2838410Z [1m[92m  Downloaded[0m glow v0.17.0
2026-10-07T12:39:07.2887068Z [1m[92m  Downloaded[0m png v0.18.1
2026-10-07T12:39:07.2928717Z [1m[92m  Downloaded[0m futures-util v0.3.34
2026-10-07T12:39:07.3064522Z [1m[92m  Downloaded[0m rayon v1.12.0
2026-10-07T12:39:07.3160667Z [1m[92m  Downloaded[0m moxcms v0.8.1
2026-10-07T12:39:07.3264565Z [1m[92m  Downloaded[0m glib v0.18.5
2026-10-07T12:39:07.3371788Z [1m[92m  Downloaded[0m zerocopy v0.8.56
2026-10-07T12:39:07.3591039Z [1m[92m  Downloaded[0m zlib-rs v0.6.7
2026-10-07T12:39:07.3646356Z [1m[92m  Downloaded[0m exr v1.74.2
2026-10-07T12:39:07.3753039Z [1m[92m  Downloaded[0m ash v0.38.0+1.3.281
2026-10-07T12:39:07.3909709Z [1m[92m  Downloaded[0m gtk v0.18.2
2026-10-07T12:39:07.4165810Z [1m[92m  Downloaded[0m av-scenechange v0.14.1
2026-10-07T12:39:07.4276714Z [1m[92m  Downloaded[0m syn v1.0.109
2026-10-07T12:39:07.4371607Z [1m[92m  Downloaded[0m wgpu-hal v30.0.1
2026-10-07T12:39:07.4488930Z [1m[92m  Downloaded[0m unicode-width v0.2.2
2026-10-07T12:39:07.4547688Z [1m[92m  Downloaded[0m image v0.25.10
2026-10-07T12:39:07.4641362Z [1m[92m  Downloaded[0m syn v2.0.119
2026-10-07T12:39:07.4747118Z [1m[92m  Downloaded[0m wgpu-core v30.0.1
2026-10-07T12:39:07.4847248Z [1m[92m  Downloaded[0m naga v30.0.1
2026-10-07T12:39:07.5058645Z [1m[92m  Downloaded[0m khronos_api v3.1.0
2026-10-07T12:39:07.5240341Z [1m[92m  Downloaded[0m libc v0.2.189
2026-10-07T12:39:07.5685240Z [1m[92m  Downloaded[0m pxfm v0.1.30
2026-10-07T12:39:07.5944074Z [1m[92m  Downloaded[0m rav1e v0.8.1
2026-10-07T12:39:07.7105533Z [1m[92m   Compiling[0m proc-macro2 v1.0.107
2026-10-07T12:39:07.7106352Z [1m[92m   Compiling[0m unicode-ident v1.0.24
2026-10-07T12:39:07.7133518Z [1m[92m   Compiling[0m quote v1.0.47
2026-10-07T12:39:07.7169157Z [1m[92m   Compiling[0m serde_core v1.0.229
2026-10-07T12:39:07.7719562Z [1m[92m   Compiling[0m pkg-config v0.3.34
2026-10-07T12:39:08.0129581Z [1m[92m   Compiling[0m serde v1.0.229
2026-10-07T12:39:08.1649486Z [1m[92m   Compiling[0m equivalent v1.0.2
2026-10-07T12:39:08.1911492Z [1m[92m   Compiling[0m hashbrown v0.17.1
2026-10-07T12:39:08.1999471Z [1m[92m   Compiling[0m winnow v0.5.40
2026-10-07T12:39:08.7283410Z [1m[92m   Compiling[0m indexmap v2.14.1
2026-10-07T12:39:08.8659614Z [1m[92m   Compiling[0m target-lexicon v0.12.16
2026-10-07T12:39:09.3678539Z [1m[92m   Compiling[0m smallvec v1.15.2
2026-10-07T12:39:09.4329453Z [1m[92m   Compiling[0m heck v0.5.0
2026-10-07T12:39:09.5159177Z [1m[92m   Compiling[0m cfg-expr v0.15.8
2026-10-07T12:39:09.5819271Z [1m[92m   Compiling[0m version-compare v0.2.1
2026-10-07T12:39:09.7365593Z [1m[92m   Compiling[0m syn v2.0.119
2026-10-07T12:39:09.8969671Z [1m[92m   Compiling[0m syn v3.0.4
2026-10-07T12:39:09.9839313Z [1m[92m   Compiling[0m libc v0.2.189
2026-10-07T12:39:10.7969985Z [1m[92m   Compiling[0m toml_datetime v0.6.3
2026-10-07T12:39:10.9349400Z [1m[92m   Compiling[0m serde_spanned v0.6.9
2026-10-07T12:39:11.0039858Z [1m[92m   Compiling[0m toml_edit v0.20.2
2026-10-07T12:39:11.1939474Z [1m[92m   Compiling[0m autocfg v1.5.1
2026-10-07T12:39:11.5039782Z [1m[92m   Compiling[0m libm v0.2.16
2026-10-07T12:39:11.6689394Z [1m[92m    Checking[0m cfg-if v1.0.4
2026-10-07T12:39:11.7039408Z [1m[92m   Compiling[0m num-traits v0.2.19
2026-10-07T12:39:11.7889428Z [1m[92m    Checking[0m bitflags v2.13.1
2026-10-07T12:39:12.7188654Z [1m[92m   Compiling[0m toml v0.8.2
2026-10-07T12:39:13.1589677Z [1m[92m   Compiling[0m system-deps v6.2.2
2026-10-07T12:39:13.6640289Z [1m[92m   Compiling[0m version_check v0.9.5
2026-10-07T12:39:13.8720098Z [1m[92m   Compiling[0m glib-sys v0.18.1
2026-10-07T12:39:13.8763097Z [1m[92m   Compiling[0m gobject-sys v0.18.0
2026-10-07T12:39:14.1419501Z [1m[92m    Checking[0m once_cell v1.21.4
2026-10-07T12:39:14.2580243Z [1m[92m   Compiling[0m gio-sys v0.18.1
2026-10-07T12:39:14.2657578Z [1m[92m    Checking[0m memchr v2.8.3
2026-10-07T12:39:14.3870022Z [1m[92m   Compiling[0m proc-macro-error-attr v1.0.4
2026-10-07T12:39:14.4453320Z [1m[92m   Compiling[0m thiserror v2.0.20
2026-10-07T12:39:14.4789371Z [1m[92m   Compiling[0m syn v1.0.109
2026-10-07T12:39:14.6504276Z [1m[92m   Compiling[0m proc-macro-error v1.0.4
2026-10-07T12:39:14.6716603Z [1m[92m   Compiling[0m thiserror-impl v2.0.20
2026-10-07T12:39:14.6847779Z [1m[92m   Compiling[0m cfg_aliases v0.2.2
2026-10-07T12:39:14.7179754Z [1m[92m    Checking[0m log v0.4.34
2026-10-07T12:39:15.0319419Z [1m[92m    Checking[0m futures-core v0.3.34
2026-10-07T12:39:15.0809346Z [1m[92m   Compiling[0m bytemuck_derive v1.12.0
2026-10-07T12:39:15.0929833Z [1m[92m   Compiling[0m futures-macro v0.3.34
2026-10-07T12:39:15.4660042Z [1m[92m   Compiling[0m zerocopy v0.8.56
2026-10-07T12:39:15.7119894Z [1m[92m    Checking[0m futures-task v0.3.34
2026-10-07T12:39:15.7229698Z [1m[92m    Checking[0m slab v0.4.12
2026-10-07T12:39:15.7867486Z [1m[92m   Compiling[0m thiserror v1.0.69
2026-10-07T12:39:15.7946188Z [1m[92m    Checking[0m arrayvec v0.7.8
2026-10-07T12:39:15.8191551Z [1m[92m    Checking[0m foldhash v0.2.0
2026-10-07T12:39:15.8990724Z [1m[92m    Checking[0m pin-project-lite v0.2.17
2026-10-07T12:39:15.9321748Z [1m[92m    Checking[0m futures-util v0.3.34
2026-10-07T12:39:15.9510644Z [1m[92m   Compiling[0m thiserror-impl v1.0.69
2026-10-07T12:39:15.9959363Z [1m[92m   Compiling[0m zerocopy-derive v0.8.56
2026-10-07T12:39:16.1319462Z [1m[92m    Checking[0m bytemuck v1.25.2
2026-10-07T12:39:16.3019625Z [1m[92m   Compiling[0m proc-macro-crate v2.0.2
2026-10-07T12:39:16.7021147Z [1m[92m   Compiling[0m crossbeam-utils v0.8.22
2026-10-07T12:39:16.8689799Z [1m[92m   Compiling[0m heck v0.4.1
2026-10-07T12:39:17.0019887Z [1m[92m   Compiling[0m glib-macros v0.18.5
2026-10-07T12:39:17.0729797Z [1m[92m    Checking[0m futures-channel v0.3.34
2026-10-07T12:39:17.2049828Z [1m[92m   Compiling[0m crossbeam-epoch v0.9.20
2026-10-07T12:39:17.4713435Z [1m[92m    Checking[0m futures-executor v0.3.34
2026-10-07T12:39:17.6759276Z [1m[92m   Compiling[0m atk-sys v0.18.2
2026-10-07T12:39:17.8089448Z [1m[92m   Compiling[0m gdk-sys v0.18.2
2026-10-07T12:39:17.9729629Z [1m[92m    Checking[0m libloading v0.8.9
2026-10-07T12:39:17.9969362Z [1m[92m   Compiling[0m crossbeam-deque v0.8.7
2026-10-07T12:39:18.3710823Z [1m[92m   Compiling[0m profiling-procmacros v1.0.18
2026-10-07T12:39:18.5647390Z [1m[92m   Compiling[0m cairo-sys-rs v0.18.2
2026-10-07T12:39:18.5922650Z [1m[92m   Compiling[0m gdk-pixbuf-sys v0.18.0
2026-10-07T12:39:18.6902282Z [1m[92m   Compiling[0m pango-sys v0.18.0
2026-10-07T12:39:18.7490455Z [1m[92m    Checking[0m rustc-hash v1.1.0
2026-10-07T12:39:18.7995482Z [1m[92m   Compiling[0m rayon-core v1.13.0
2026-10-07T12:39:18.8302824Z [1m[92m    Checking[0m simd-adler32 v0.3.10
2026-10-07T12:39:18.9209273Z [1m[92m    Checking[0m naga-types v30.0.1
2026-10-07T12:39:18.9689226Z [1m[92m    Checking[0m profiling v1.0.18
2026-10-07T12:39:19.0009447Z [1m[92m   Compiling[0m naga v30.0.1
2026-10-07T12:39:19.1149685Z [1m[92m   Compiling[0m equator-macro v0.4.2
2026-10-07T12:39:19.1869388Z [1m[92m    Checking[0m bit-vec v0.9.1
2026-10-07T12:39:19.3169354Z [1m[92m   Compiling[0m parking_lot_core v0.9.12
2026-10-07T12:39:19.4479599Z [1m[92m    Checking[0m unicode-width v0.2.2
2026-10-07T12:39:19.6020062Z [1m[92m   Compiling[0m ash v0.38.0+1.3.281
2026-10-07T12:39:19.6279417Z [1m[92m   Compiling[0m gio v0.18.4
2026-10-07T12:39:19.6936318Z [1m[92m    Checking[0m codespan-reporting v0.13.1
2026-10-07T12:39:19.7251600Z [1m[92m    Checking[0m equator v0.4.2
2026-10-07T12:39:19.8499290Z [1m[92m    Checking[0m glib v0.18.5
2026-10-07T12:39:19.8899463Z [1m[92m    Checking[0m bit-set v0.10.0
2026-10-07T12:39:20.2340957Z [1m[92m    Checking[0m num-integer v0.1.47
2026-10-07T12:39:20.2708618Z [1m[92m   Compiling[0m gtk-sys v0.18.2
2026-10-07T12:39:20.4120279Z [1m[92m    Checking[0m spirv v0.4.0+sdk-1.4.341.0
2026-10-07T12:39:20.4169009Z [1m[92m   Compiling[0m wayland-sys v0.31.11
2026-10-07T12:39:20.5221141Z [1m[92m   Compiling[0m paste v1.0.15
2026-10-07T12:39:20.7019424Z [1m[92m    Checking[0m scopeguard v1.2.0
2026-10-07T12:39:20.7399410Z [1m[92m    Checking[0m static_assertions v1.1.0
2026-10-07T12:39:20.7699531Z [1m[92m    Checking[0m futures-io v0.3.34
2026-10-07T12:39:20.8299246Z [1m[92m    Checking[0m allocator-api2 v0.2.21
2026-10-07T12:39:21.0919562Z [1m[92m    Checking[0m half v2.7.1
2026-10-07T12:39:21.0999240Z [1m[92m    Checking[0m adler2 v2.0.1
2026-10-07T12:39:21.2089402Z [1m[92m   Compiling[0m anyhow v1.0.104
2026-10-07T12:39:21.3837041Z [1m[92m    Checking[0m raw-window-handle v0.6.2
2026-10-07T12:39:21.4279794Z [1m[92m   Compiling[0m khronos-egl v6.0.0
2026-10-07T12:39:21.4896164Z [1m[92m    Checking[0m either v1.18.0
2026-10-07T12:39:21.5301282Z [1m[92m    Checking[0m wgpu-types v30.0.1
2026-10-07T12:39:21.6899521Z [1m[92m    Checking[0m hashbrown v0.16.1
2026-10-07T12:39:22.2489905Z [1m[92m    Checking[0m lock_api v0.4.14
2026-10-07T12:39:22.4259304Z [1m[92m    Checking[0m num-bigint v0.4.8
2026-10-07T12:39:23.5629441Z [1m[92m    Checking[0m aligned-vec v0.6.4
2026-10-07T12:39:23.6929264Z [1m[92m    Checking[0m dlib v0.5.3
2026-10-07T12:39:23.7319579Z [1m[92m   Compiling[0m wgpu-hal v30.0.1
2026-10-07T12:39:23.9827493Z [1m[92m   Compiling[0m semver v1.0.28
2026-10-07T12:39:24.2189527Z [1m[92m   Compiling[0m crc32fast v1.5.1
2026-10-07T12:39:24.3599293Z [1m[92m   Compiling[0m khronos_api v3.1.0
2026-10-07T12:39:24.4879207Z [1m[92m    Checking[0m presser v0.3.1
2026-10-07T12:39:24.5389112Z [1m[92m    Checking[0m stable_deref_trait v1.2.1
2026-10-07T12:39:24.5659151Z [1m[92m    Checking[0m as-slice v0.2.1
2026-10-07T12:39:24.6259542Z [1m[92m   Compiling[0m rustc_version v0.4.1
2026-10-07T12:39:24.9329584Z [1m[92m    Checking[0m v_frame v0.3.9
2026-10-07T12:39:25.0829663Z [1m[92m    Checking[0m parking_lot v0.12.5
2026-10-07T12:39:25.2199360Z [1m[92m    Checking[0m num-rational v0.4.2
2026-10-07T12:39:25.9579533Z [1m[92m    Checking[0m rayon v1.12.0
2026-10-07T12:39:28.3329725Z [1m[92m    Checking[0m ordered-float v5.5.0
2026-10-07T12:39:28.5149431Z [1m[92m   Compiling[0m soup3-sys v0.5.0
2026-10-07T12:39:28.6534213Z [1m[92m    Checking[0m wgpu-naga-bridge v30.0.1
2026-10-07T12:39:28.6599171Z [1m[92m   Compiling[0m javascriptcore-rs-sys v1.1.1
2026-10-07T12:39:28.7027317Z [1m[92m   Compiling[0m memoffset v0.9.1
2026-10-07T12:39:28.8075926Z [1m[92m    Checking[0m renderdoc-sys v1.1.0
2026-10-07T12:39:28.8118853Z [1m[92m    Checking[0m glow v0.17.0
2026-10-07T12:39:28.8614785Z [1m[92m   Compiling[0m av-scenechange v0.14.1
2026-10-07T12:39:28.9769274Z [1m[92m   Compiling[0m built v0.8.1
2026-10-07T12:39:29.4469528Z [1m[92m   Compiling[0m rav1e v0.8.1
2026-10-07T12:39:29.6599548Z [1m[92m   Compiling[0m field-offset v0.3.6
2026-10-07T12:39:29.9289880Z [1m[92m    Checking[0m aligned v0.4.3
2026-10-07T12:39:29.9829361Z [1m[92m    Checking[0m miniz_oxide v0.9.1
2026-10-07T12:39:29.9925095Z [1m[92m   Compiling[0m wgpu-core v30.0.1
2026-10-07T12:39:30.2589709Z [1m[92m    Checking[0m nom v8.0.0
2026-10-07T12:39:30.3259429Z [1m[92m    Checking[0m no_std_io2 v0.9.4
2026-10-07T12:39:30.3549492Z [1m[92m   Compiling[0m arg_enum_proc_macro v0.3.4
2026-10-07T12:39:30.7419530Z [1m[92m   Compiling[0m pulp v0.22.3
2026-10-07T12:39:30.9359496Z [1m[92m   Compiling[0m toml_edit v0.19.15
2026-10-07T12:39:32.7940286Z [1m[92m    Checking[0m y4m v0.8.0
2026-10-07T12:39:32.8059868Z [1m[92m    Checking[0m gpu-allocator v0.28.0
2026-10-07T12:39:33.0208230Z [1m[92m    Checking[0m quick-error v2.0.1
2026-10-07T12:39:33.0639261Z [1m[92m   Compiling[0m pastey v0.1.1
2026-10-07T12:39:33.4209518Z [1m[92m   Compiling[0m xml-rs v0.8.29
2026-10-07T12:39:33.6259605Z [1m[92m   Compiling[0m litrs v1.0.0
2026-10-07T12:39:34.0790137Z [1m[92m   Compiling[0m document-features v0.2.12
2026-10-07T12:39:34.2859518Z [1m[92m   Compiling[0m gl_generator v0.14.0
2026-10-07T12:39:34.5069429Z [1m[92m    Checking[0m gdk-pixbuf v0.18.5
2026-10-07T12:39:34.7769712Z [1m[92m    Checking[0m pango v0.18.3
2026-10-07T12:39:34.8819365Z [1m[92m   Compiling[0m proc-macro-crate v1.3.1
2026-10-07T12:39:35.0270292Z [1m[92m    Checking[0m av1-grain v0.2.5
2026-10-07T12:39:35.1971985Z [1m[92m    Checking[0m bitstream-io v4.10.0
2026-10-07T12:39:35.3799296Z [1m[92m    Checking[0m flate2 v1.1.10
2026-10-07T12:39:35.5799785Z [1m[92m    Checking[0m wgpu-core-deps-windows-linux-android v30.0.1
2026-10-07T12:39:35.7387347Z [1m[92m    Checking[0m maybe-rayon v0.1.1
2026-10-07T12:39:35.7659364Z [1m[92m    Checking[0m cairo-rs v0.18.5
2026-10-07T12:39:35.8059416Z [1m[92m    Checking[0m itertools v0.14.0
2026-10-07T12:39:36.1030780Z [1m[92m    Checking[0m miniz_oxide v0.8.9
2026-10-07T12:39:36.3809146Z [1m[92m    Checking[0m num-complex v0.4.6
2026-10-07T12:39:36.4338494Z [1m[92m   Compiling[0m wgpu v30.0.1
2026-10-07T12:39:36.7489485Z [1m[92m   Compiling[0m num-derive v0.4.2
2026-10-07T12:39:36.8919754Z [1m[92m   Compiling[0m webkit2gtk-sys v2.0.2
2026-10-07T12:39:37.0009532Z [1m[92m    Checking[0m raw-cpuid v11.6.0
2026-10-07T12:39:37.0336181Z [1m[92m   Compiling[0m simd_helpers v0.1.0
2026-10-07T12:39:37.0399148Z [1m[92m   Compiling[0m gtk v0.18.2
2026-10-07T12:39:37.1435073Z [1m[92m    Checking[0m bitflags v1.3.2
2026-10-07T12:39:37.1789297Z [1m[92m    Checking[0m zune-core v0.5.3
2026-10-07T12:39:37.1828422Z [1m[92m    Checking[0m new_debug_unreachable v1.0.6
2026-10-07T12:39:37.2119640Z [1m[92m    Checking[0m reborrow v0.5.5
2026-10-07T12:39:37.2469885Z [1m[92m    Checking[0m pulp-wasm-simd-flag v0.1.1
2026-10-07T12:39:37.2719312Z [1m[92m    Checking[0m imgref v1.12.3
2026-10-07T12:39:37.3299962Z [1m[92m   Compiling[0m noop_proc_macro v0.3.0
2026-10-07T12:39:37.3960007Z [1m[92m    Checking[0m weezl v0.1.12
2026-10-07T12:39:37.4699567Z [1m[92m    Checking[0m loop9 v0.1.5
2026-10-07T12:39:37.5219574Z [1m[92m    Checking[0m zune-jpeg v0.5.15
2026-10-07T12:39:37.6574826Z [1m[92m    Checking[0m gdk v0.18.2
2026-10-07T12:39:40.4169440Z [1m[92m   Compiling[0m gtk3-macros v0.18.2
2026-10-07T12:39:40.7549600Z [1m[92m   Compiling[0m grafting v0.6.0
2026-10-07T12:39:41.3169422Z [1m[92m    Checking[0m atk v0.18.2
2026-10-07T12:39:41.5239708Z [1m[92m    Checking[0m zune-inflate v0.2.54
2026-10-07T12:39:41.6197185Z [1m[92m    Checking[0m fdeflate v0.3.7
2026-10-07T12:39:41.6579484Z [1m[92m    Checking[0m avif-serialize v0.8.9
2026-10-07T12:39:41.8329506Z [1m[92m    Checking[0m rgb v0.8.53
2026-10-07T12:39:41.8400120Z [1m[92m    Checking[0m lebe v0.5.3
2026-10-07T12:39:41.9441569Z [1m[92m    Checking[0m bit_field v0.10.3
2026-10-07T12:39:42.0309571Z [1m[92m   Compiling[0m by_address v1.2.1
2026-10-07T12:39:42.0679297Z [1m[92m    Checking[0m pxfm v0.1.30
2026-10-07T12:39:42.0919617Z [1m[92m    Checking[0m fax v0.2.7
2026-10-07T12:39:42.2399805Z [1m[92m    Checking[0m byteorder-lite v0.1.0
2026-10-07T12:39:42.2679452Z [1m[92m    Checking[0m color_quant v1.1.0
2026-10-07T12:39:42.3319398Z [1m[92m    Checking[0m gif v0.14.2
2026-10-07T12:39:42.4119261Z [1m[92m    Checking[0m image-webp v0.2.4
2026-10-07T12:39:43.1890240Z [1m[92m    Checking[0m tiff v0.11.3
2026-10-07T12:39:44.0137411Z [1m[92m   Compiling[0m palette_derive v0.7.7
2026-10-07T12:39:44.0702915Z [1m[92m    Checking[0m moxcms v0.8.1
2026-10-07T12:39:44.3749684Z [1m[92m    Checking[0m ravif v0.13.0
2026-10-07T12:39:44.5319621Z [1m[92m    Checking[0m exr v1.74.2
2026-10-07T12:39:44.7599889Z [1m[92m    Checking[0m png v0.18.1
2026-10-07T12:39:45.6960260Z [1m[92m    Checking[0m javascriptcore-rs v1.1.2
2026-10-07T12:39:46.0570641Z [1m[92m    Checking[0m soup3 v0.5.0
2026-10-07T12:39:46.8750088Z [1m[92m    Checking[0m qoi v0.4.1
2026-10-07T12:39:47.0100552Z [1m[92m   Compiling[0m scrying v0.7.1 (/home/runner/work/wgpu-scry/wgpu-scry/scrying)
2026-10-07T12:39:47.1139486Z [1m[92m    Checking[0m dpi v0.1.2
2026-10-07T12:39:47.2299407Z [1m[92m    Checking[0m palette_math v0.7.7
2026-10-07T12:39:47.3079419Z [1m[92m    Checking[0m palette v0.7.7
2026-10-07T12:39:47.3579295Z [1m[92m    Checking[0m image v0.25.10
2026-10-07T12:39:55.4895057Z [1m[92m    Checking[0m webkit2gtk v2.0.2
2026-10-07T12:39:57.9836454Z [1m[92m    Finished[0m `dev` profile [unoptimized + debuginfo] target(s) in 51.95s
2026-10-07T12:39:58.0702650Z Post job cleanup.
2026-10-07T12:39:58.1536922Z [command]/usr/bin/git version
2026-10-07T12:39:58.1581767Z git version 2.55.0
2026-10-07T12:39:58.1620154Z Temporarily overriding HOME='/home/runner/work/_temp/a8f705dc-715e-42b3-85de-01cc5958fefc' before making global git config changes
2026-10-07T12:39:58.1621538Z Adding repository directory to the temporary git global config as a safe directory
2026-10-07T12:39:58.1625730Z [command]/usr/bin/git config --global --add safe.directory /home/runner/work/wgpu-scry/wgpu-scry
2026-10-07T12:39:58.1664773Z [command]/usr/bin/git config --local --name-only --get-regexp core\.sshCommand
2026-10-07T12:39:58.1700343Z [command]/usr/bin/git submodule foreach --recursive sh -c "git config --local --name-only --get-regexp 'core\.sshCommand' && git config --local --unset-all 'core.sshCommand' || :"
2026-10-07T12:39:58.1944070Z [command]/usr/bin/git config --local --name-only --get-regexp http\.https\:\/\/github\.com\/\.extraheader
2026-10-07T12:39:58.1974395Z http.https://github.com/.extraheader
2026-10-07T12:39:58.1986781Z [command]/usr/bin/git config --local --unset-all http.https://github.com/.extraheader
2026-10-07T12:39:58.2032741Z [command]/usr/bin/git submodule foreach --recursive sh -c "git config --local --name-only --get-regexp 'http\.https\:\/\/github\.com\/\.extraheader' && git config --local --unset-all 'http.https://github.com/.extraheader' || :"
2026-10-07T12:39:58.2317726Z [command]/usr/bin/git config --local --name-only --get-regexp ^includeIf\.gitdir:
2026-10-07T12:39:58.2356563Z [command]/usr/bin/git submodule foreach --recursive git config --local --show-origin --name-only --get-regexp remote.origin.url
2026-10-07T12:39:58.2781050Z Cleaning up orphan processes
2026-10-07T12:39:58.3097825Z ##[warning]Node.js 20 is deprecated. The following actions target Node.js 20 but are being forced to run on Node.js 24: actions/checkout@v4. For more information see: https://github.blog/changelog/2025-09-19-deprecation-of-node-20-on-github-actions-runners/
