2026-10-07T12:38:21.7076863Z Current runner version: '2.337.0'
2026-10-07T12:38:21.7111969Z ##[group]Runner Image Provisioner
2026-10-07T12:38:21.7113672Z Hosted Compute Agent
2026-10-07T12:38:21.7114674Z Version: 20260901.588
2026-10-07T12:38:21.7115710Z Commit: f88ec8081b781fac6c440065ac7ff9e710ce3d0b
2026-10-07T12:38:21.7117047Z Build Date: 2026-09-01T19:56:44Z
2026-10-07T12:38:21.7118154Z Worker ID: {f9bc2f34-35cc-456d-887b-af12596d9f3b}
2026-10-07T12:38:21.7119458Z Azure Region: eastus
2026-10-07T12:38:21.7120544Z ##[endgroup]
2026-10-07T12:38:21.7122898Z ##[group]Operating System
2026-10-07T12:38:21.7124346Z Ubuntu
2026-10-07T12:38:21.7125174Z 24.04.5
2026-10-07T12:38:21.7126115Z LTS
2026-10-07T12:38:21.7127046Z ##[endgroup]
2026-10-07T12:38:21.7127929Z ##[group]Runner Image
2026-10-07T12:38:21.7128990Z Image: ubuntu-24.04
2026-10-07T12:38:21.7129956Z Version: 20260927.320.1
2026-10-07T12:38:21.7132132Z Included Software: https://github.com/actions/runner-images/blob/ubuntu24/20260927.320/images/ubuntu/Ubuntu2404-Readme.md
2026-10-07T12:38:21.7135153Z Image Release: https://github.com/actions/runner-images/releases/tag/ubuntu24%2F20260927.320
2026-10-07T12:38:21.7136872Z ##[endgroup]
2026-10-07T12:38:21.7139263Z ##[group]GITHUB_TOKEN Permissions
2026-10-07T12:38:21.7142186Z Contents: read
2026-10-07T12:38:21.7143133Z Metadata: read
2026-10-07T12:38:21.7144455Z ##[endgroup]
2026-10-07T12:38:21.7147388Z Secret source: Actions
2026-10-07T12:38:21.7149014Z Cache mode: write
2026-10-07T12:38:21.7150591Z Prepare workflow directory
2026-10-07T12:38:21.7757535Z Prepare all required actions
2026-10-07T12:38:21.7806625Z Getting action download info
2026-10-07T12:38:21.9687482Z Download action repository 'actions/checkout@v4' (SHA:11d5960a326750d5838078e36cf38b85af677262)
2026-10-07T12:38:22.0780379Z Download action repository 'dtolnay/rust-toolchain@1.92.0' (SHA:1e7c0e2ba8d6443512f43fe0c99104527001da2e)
2026-10-07T12:38:22.3242098Z Complete job name: Rust 1.92 / Linux / WebKitGTK 6.0
2026-10-07T12:38:22.3760878Z ##[group]Checking docker version
2026-10-07T12:38:22.3774071Z ##[command]/usr/bin/docker version --format '{{.Server.APIVersion}}'
2026-10-07T12:38:22.4869677Z '1.48'
2026-10-07T12:38:22.4884568Z Docker daemon API version: '1.48'
2026-10-07T12:38:22.4885429Z ##[command]/usr/bin/docker version --format '{{.Client.APIVersion}}'
2026-10-07T12:38:22.5049264Z '1.48'
2026-10-07T12:38:22.5063561Z Docker client API version: '1.48'
2026-10-07T12:38:22.5069057Z ##[endgroup]
2026-10-07T12:38:22.5071925Z ##[group]Clean up resources from previous jobs
2026-10-07T12:38:22.5078162Z ##[command]/usr/bin/docker ps --all --quiet --no-trunc --filter "label=0edeb7"
2026-10-07T12:38:22.5228383Z ##[command]/usr/bin/docker network prune --force --filter "label=0edeb7"
2026-10-07T12:38:22.5368412Z ##[endgroup]
2026-10-07T12:38:22.5369020Z ##[group]Create local container network
2026-10-07T12:38:22.5380095Z ##[command]/usr/bin/docker network create --label 0edeb7 github_network_c58e71c2422d4d0bbf1c82513ad54790
2026-10-07T12:38:22.5876536Z 7b8a80c240f4d107913086d0e527f10b73064097f40ceb316d19a449b6cbed9f
2026-10-07T12:38:22.5898452Z ##[endgroup]
2026-10-07T12:38:22.5922747Z ##[group]Starting job container
2026-10-07T12:38:22.5944213Z ##[command]/usr/bin/docker pull fedora:44
2026-10-07T12:38:22.8377249Z 44: Pulling from library/fedora
2026-10-07T12:38:22.9125314Z 59259e167f13: Pulling fs layer
2026-10-07T12:38:23.1907614Z 59259e167f13: Download complete
2026-10-07T12:38:25.3401838Z 59259e167f13: Pull complete
2026-10-07T12:38:25.3450430Z Digest: sha256:43b29f65a41eb9c35e1cd5323e3bdf3b655c2357a9f4f1ff2f9c2798e5045d80
2026-10-07T12:38:25.3480934Z Status: Downloaded newer image for fedora:44
2026-10-07T12:38:25.3493369Z docker.io/library/fedora:44
2026-10-07T12:38:25.3579503Z ##[command]/usr/bin/docker create --name efe759f2784b409e9730d30f4f528fc7_fedora44_fb3232 --label 0edeb7 --workdir /__w/wgpu-scry/wgpu-scry --network github_network_c58e71c2422d4d0bbf1c82513ad54790  -e "HOME=/github/home" -e GITHUB_ACTIONS=true -e CI=true -v "/var/run/docker.sock":"/var/run/docker.sock" -v "/home/runner/work":"/__w" -v "/home/runner/actions-runner/cached/2.337.0/externals":"/__e":ro -v "/home/runner/work/_temp":"/__w/_temp" -v "/home/runner/work/_actions":"/__w/_actions" -v "/opt/hostedtoolcache":"/__t" -v "/home/runner/work/_temp/_github_home":"/github/home" -v "/home/runner/work/_temp/_github_workflow":"/github/workflow" --entrypoint "tail" fedora:44 "-f" "/dev/null"
2026-10-07T12:38:28.4458887Z ba4fe95a767e9da9da021af817e793022f17b19481fddc032a8c218fa99fae99
2026-10-07T12:38:28.4485510Z ##[command]/usr/bin/docker start ba4fe95a767e9da9da021af817e793022f17b19481fddc032a8c218fa99fae99
2026-10-07T12:38:28.6513587Z ba4fe95a767e9da9da021af817e793022f17b19481fddc032a8c218fa99fae99
2026-10-07T12:38:28.6533126Z ##[command]/usr/bin/docker ps --all --filter id=ba4fe95a767e9da9da021af817e793022f17b19481fddc032a8c218fa99fae99 --filter status=running --no-trunc --format "{{.ID}} {{.Status}}"
2026-10-07T12:38:28.6655061Z ba4fe95a767e9da9da021af817e793022f17b19481fddc032a8c218fa99fae99 Up Less than a second
2026-10-07T12:38:28.6674195Z ##[command]/usr/bin/docker inspect --format "{{range .Config.Env}}{{println .}}{{end}}" ba4fe95a767e9da9da021af817e793022f17b19481fddc032a8c218fa99fae99
2026-10-07T12:38:28.6802371Z HOME=/github/home
2026-10-07T12:38:28.6802905Z GITHUB_ACTIONS=true
2026-10-07T12:38:28.6803775Z CI=true
2026-10-07T12:38:28.6804235Z PATH=/usr/local/sbin:/usr/local/bin:/usr/sbin:/usr/bin:/sbin:/bin
2026-10-07T12:38:28.6804688Z DISTTAG=f44container
2026-10-07T12:38:28.6804984Z FGC=f44
2026-10-07T12:38:28.6805250Z FBR=f44
2026-10-07T12:38:28.6822593Z ##[endgroup]
2026-10-07T12:38:28.6832452Z ##[group]Waiting for all services to be ready
2026-10-07T12:38:28.6834556Z ##[endgroup]
2026-10-07T12:38:28.7048010Z ##[group]Run dnf install -y git curl gcc gcc-c++ pkgconf-pkg-config gtk4-devel webkitgtk6.0-devel
2026-10-07T12:38:28.7048859Z [36;1mdnf install -y git curl gcc gcc-c++ pkgconf-pkg-config gtk4-devel webkitgtk6.0-devel[0m
2026-10-07T12:38:28.7052639Z shell: sh -e {0}
2026-10-07T12:38:28.7053195Z env:
2026-10-07T12:38:28.7053812Z   CARGO_NET_GIT_FETCH_WITH_CLI: true
2026-10-07T12:38:28.7054138Z ##[endgroup]
2026-10-07T12:38:28.8262730Z Updating and loading repositories:
2026-10-07T12:38:29.4871076Z  Fedora 44 openh264 (From Cisco) - x86_ 100% |   9.3 KiB/s |   5.3 KiB |  00m01s
2026-10-07T12:38:30.1438717Z  Fedora 44 - x86_64 - Updates           100% |   9.2 MiB/s |  12.1 MiB |  00m01s
2026-10-07T12:38:30.5840554Z  Fedora 44 - x86_64                     100% |  22.7 MiB/s |  36.5 MiB |  00m02s
2026-10-07T12:38:35.0493482Z Repositories loaded.
2026-10-07T12:38:36.7837264Z Package "curl-8.18.0-8.fc44.x86_64" is already installed.
2026-10-07T12:38:36.7837758Z 
2026-10-07T12:38:36.7894453Z Package                             Arch   Version                           Repository                            Size
2026-10-07T12:38:36.7896052Z Upgrading:
2026-10-07T12:38:36.7897596Z  elfutils-libelf                    x86_64 0:0.196-1.fc44                    updates                            1.4 MiB
2026-10-07T12:38:36.7901005Z    replacing elfutils-libelf        x86_64 0:0.195-1.fc44                    0eae96ab45874228a86a12a132e699ed   1.2 MiB
2026-10-07T12:38:36.7903973Z  elfutils-libs                      x86_64 0:0.196-1.fc44                    updates                          715.4 KiB
2026-10-07T12:38:36.7908279Z    replacing elfutils-libs          x86_64 0:0.195-1.fc44                    0eae96ab45874228a86a12a132e699ed 715.3 KiB
2026-10-07T12:38:36.7910302Z  glibc                              x86_64 0:2.43-9.fc44                     updates                            6.9 MiB
2026-10-07T12:38:36.7912108Z    replacing glibc                  x86_64 0:2.43-8.fc44                     0eae96ab45874228a86a12a132e699ed   6.9 MiB
2026-10-07T12:38:36.7913629Z  glibc-common                       x86_64 0:2.43-9.fc44                     updates                            1.0 MiB
2026-10-07T12:38:36.7914779Z    replacing glibc-common           x86_64 0:2.43-8.fc44                     0eae96ab45874228a86a12a132e699ed   1.0 MiB
2026-10-07T12:38:36.7916379Z  glibc-minimal-langpack             x86_64 0:2.43-9.fc44                     updates                            0.0   B
2026-10-07T12:38:36.7917584Z    replacing glibc-minimal-langpack x86_64 0:2.43-8.fc44                     0eae96ab45874228a86a12a132e699ed   0.0   B
2026-10-07T12:38:36.7918711Z  libselinux                         x86_64 0:3.11-2.fc44                     updates                          205.2 KiB
2026-10-07T12:38:36.7919733Z    replacing libselinux             x86_64 0:3.11-1.fc44                     0eae96ab45874228a86a12a132e699ed 205.2 KiB
2026-10-07T12:38:36.7920488Z Installing:
2026-10-07T12:38:36.7921061Z  gcc                                x86_64 0:16.2.1-2.fc44                   updates                          121.8 MiB
2026-10-07T12:38:36.7921956Z  gcc-c++                            x86_64 0:16.2.1-2.fc44                   updates                           46.8 MiB
2026-10-07T12:38:36.7922863Z  git                                x86_64 0:2.56.0-1.fc44                   updates                           57.7 KiB
2026-10-07T12:38:36.7925523Z  gtk4-devel                         x86_64 0:4.22.5-2.fc44                   updates                           24.0 MiB
2026-10-07T12:38:36.7926572Z  pkgconf-pkg-config                 x86_64 0:2.5.1-1.fc44                    fedora                           989.0   B
2026-10-07T12:38:36.7927636Z  webkitgtk6.0-devel                 x86_64 0:2.54.1-1.fc44                   updates                            2.3 MiB
2026-10-07T12:38:36.7928423Z Installing dependencies:
2026-10-07T12:38:36.7929434Z  ModemManager-glib                  x86_64 0:1.24.2-3.fc44                   fedora                             1.5 MiB
2026-10-07T12:38:36.7930585Z  abattis-cantarell-vf-fonts         noarch 0:0.301-17.fc44                   fedora                           192.7 KiB
2026-10-07T12:38:36.7931723Z  abseil-cpp                         x86_64 0:20260107.1-1.fc44               fedora                             2.6 MiB
2026-10-07T12:38:36.7932920Z  adobe-source-code-pro-fonts        noarch 0:2.042.1.062.1.026-9.fc44        fedora                             1.6 MiB
2026-10-07T12:38:36.7934908Z  adwaita-cursor-theme               noarch 0:50.0-1.fc44                     fedora                            11.4 MiB
2026-10-07T12:38:36.7936150Z  adwaita-icon-theme                 noarch 0:50.0-1.fc44                     fedora                             1.1 MiB
2026-10-07T12:38:36.7937283Z  adwaita-icon-theme-legacy          noarch 0:46.2-7.fc44                     fedora                             2.1 MiB
2026-10-07T12:38:36.7938425Z  alsa-lib                           x86_64 0:1.2.16.1-1.fc44                 updates                            1.5 MiB
2026-10-07T12:38:36.7939541Z  aribb24                            x86_64 0:1.0.3^20160216git5e9be27-5.fc44 fedora                            83.0 KiB
2026-10-07T12:38:36.7940637Z  at-spi2-atk                        x86_64 0:2.60.7-1.fc44                   updates                          284.1 KiB
2026-10-07T12:38:36.7941708Z  at-spi2-core                       x86_64 0:2.60.7-1.fc44                   updates                            1.6 MiB
2026-10-07T12:38:36.7942797Z  atk                                x86_64 0:2.60.7-1.fc44                   updates                          252.5 KiB
2026-10-07T12:38:36.7944067Z  avahi-glib                         x86_64 0:0.9~rc2-8.fc44                  fedora                            19.5 KiB
2026-10-07T12:38:36.7945144Z  avahi-libs                         x86_64 0:0.9~rc2-8.fc44                  fedora                           179.2 KiB
2026-10-07T12:38:36.7946190Z  binutils                           x86_64 0:2.46.1-1.fc44                   updates                           28.2 MiB
2026-10-07T12:38:36.7947282Z  bluez-libs                         x86_64 0:5.87+1.git8750129efca8-1.fc44   updates                          202.3 KiB
2026-10-07T12:38:36.7948353Z  brotli                             x86_64 0:1.2.0-3.fc44                    fedora                            33.4 KiB
2026-10-07T12:38:36.7949597Z  brotli-devel                       x86_64 0:1.2.0-3.fc44                    fedora                            65.9 KiB
2026-10-07T12:38:36.7950649Z  bubblewrap                         x86_64 0:0.12.0-1.fc44                   updates                          139.8 KiB
2026-10-07T12:38:36.7951686Z  bzip2-devel                        x86_64 0:1.0.8-23.fc44                   fedora                           309.8 KiB
2026-10-07T12:38:36.7952699Z  cairo                              x86_64 0:1.18.6-1.fc44                   updates                            1.8 MiB
2026-10-07T12:38:36.7953996Z  cairo-devel                        x86_64 0:1.18.6-1.fc44                   updates                            2.3 MiB
2026-10-07T12:38:36.7955074Z  cairo-gobject                      x86_64 0:1.18.6-1.fc44                   updates                           31.0 KiB
2026-10-07T12:38:36.7956188Z  cairo-gobject-devel                x86_64 0:1.18.6-1.fc44                   updates                            7.0 KiB
2026-10-07T12:38:36.7957309Z  cdparanoia-libs                    x86_64 0:10.2-50.fc44                    fedora                           113.3 KiB
2026-10-07T12:38:36.7958350Z  cjson                              x86_64 0:1.7.19-1.fc44                   updates                           67.8 KiB
2026-10-07T12:38:36.7959387Z  cmake-filesystem                   x86_64 0:4.3.0-1.fc44                    fedora                             0.0   B
2026-10-07T12:38:36.7960422Z  codec2                             x86_64 0:1.2.0-9.fc44                    fedora                             1.4 MiB
2026-10-07T12:38:36.7961621Z  colord-libs                        x86_64 0:1.4.8-4.fc44                    fedora                           830.4 KiB
2026-10-07T12:38:36.7962638Z  cpp                                x86_64 0:16.2.1-2.fc44                   updates                           42.6 MiB
2026-10-07T12:38:36.7963885Z  cups-filesystem                    noarch 1:2.4.19-3.fc44                   updates                            0.0   B
2026-10-07T12:38:36.7964973Z  cups-libs                          x86_64 1:2.4.19-3.fc44                   updates                          634.6 KiB
2026-10-07T12:38:36.7965975Z  dbus                               x86_64 1:1.16.2-1.fc44                   fedora                             0.0   B
2026-10-07T12:38:36.7966985Z  dbus-libs                          x86_64 1:1.16.2-1.fc44                   fedora                           357.4 KiB
2026-10-07T12:38:36.7968091Z  default-fonts-core-sans            noarch 0:4.3-1.fc44                      fedora                            11.9 KiB
2026-10-07T12:38:36.7969198Z  duktape                            x86_64 0:2.7.0-11.fc44                   fedora                           623.6 KiB
2026-10-07T12:38:36.7970321Z  elfutils-debuginfod-client         x86_64 0:0.196-1.fc44                    updates                           83.8 KiB
2026-10-07T12:38:36.7971450Z  enchant2                           x86_64 0:2.8.21-1.fc44                   updates                          245.7 KiB
2026-10-07T12:38:36.7972465Z  exempi                             x86_64 0:2.6.4-9.fc44                    fedora                             1.4 MiB
2026-10-07T12:38:36.7973691Z  exiv2-libs                         x86_64 0:0.28.9-1.fc44                   updates                            2.9 MiB
2026-10-07T12:38:36.7974719Z  expat                              x86_64 0:2.8.5-1.fc44                    updates                          342.2 KiB
2026-10-07T12:38:36.7975724Z  faad2-libs                         x86_64 1:2.11.2-6.fc44                   fedora                           618.7 KiB
2026-10-07T12:38:36.7976758Z  fdk-aac-free                       x86_64 0:2.0.3-2.fc44                    fedora                           628.3 KiB
2026-10-07T12:38:36.7977846Z  fftw-libs-single                   x86_64 0:3.3.10-17.fc44                  fedora                             3.6 MiB
2026-10-07T12:38:36.7978897Z  flac-libs                          x86_64 0:1.5.0-8.fc44                    fedora                           627.3 KiB
2026-10-07T12:38:36.7980082Z  flite                              x86_64 0:2.2-13.fc44                     fedora                            21.5 MiB
2026-10-07T12:38:36.7981102Z  fontconfig                         x86_64 0:2.17.0-4.fc44                   fedora                           776.4 KiB
2026-10-07T12:38:36.7982167Z  fontconfig-devel                   x86_64 0:2.17.0-4.fc44                   fedora                           123.6 KiB
2026-10-07T12:38:36.7983659Z  fonts-filesystem                   noarch 1:5.0.0-2.fc44                    fedora                             0.0   B
2026-10-07T12:38:36.7984768Z  freetype                           x86_64 0:2.14.3-1.fc44                   updates                          918.3 KiB
2026-10-07T12:38:36.7985810Z  freetype-devel                     x86_64 0:2.14.3-1.fc44                   updates                            8.6 MiB
2026-10-07T12:38:36.7986841Z  fribidi                            x86_64 0:1.0.16-4.fc44                   fedora                           190.0 KiB
2026-10-07T12:38:36.7987850Z  fribidi-devel                      x86_64 0:1.0.16-4.fc44                   fedora                            78.0 KiB
2026-10-07T12:38:36.7988884Z  fuse-common                        x86_64 0:3.18.3-1.fc44                   updates                           38.0   B
2026-10-07T12:38:36.7989882Z  fuse3                              x86_64 0:3.18.3-1.fc44                   updates                          139.1 KiB
2026-10-07T12:38:36.7991055Z  fuse3-libs                         x86_64 0:3.18.3-1.fc44                   updates                          297.8 KiB
2026-10-07T12:38:36.7992103Z  game-music-emu                     x86_64 0:0.6.4-3.fc44                    fedora                           360.0 KiB
2026-10-07T12:38:36.7993183Z  gdk-pixbuf2                        x86_64 0:2.44.6^really2.44.4-3.fc44      updates                            2.5 MiB
2026-10-07T12:38:36.7994568Z  gdk-pixbuf2-devel                  x86_64 0:2.44.6^really2.44.4-3.fc44      updates                            2.2 MiB
2026-10-07T12:38:36.7995645Z  gettext                            x86_64 0:0.26-5.fc44                     updates                           12.9 MiB
2026-10-07T12:38:36.7996672Z  gettext-envsubst                   x86_64 0:0.26-5.fc44                     updates                           87.5 KiB
2026-10-07T12:38:36.7997721Z  gettext-libs                       x86_64 0:0.26-5.fc44                     updates                            2.4 MiB
2026-10-07T12:38:36.7998771Z  gettext-runtime                    x86_64 0:0.26-5.fc44                     updates                          738.3 KiB
2026-10-07T12:38:36.7999801Z  giflib                             x86_64 0:6.1.3-2.fc44                    updates                          122.1 KiB
2026-10-07T12:38:36.8000782Z  git-core                           x86_64 0:2.56.0-1.fc44                   updates                           27.7 MiB
2026-10-07T12:38:36.8001784Z  git-core-doc                       noarch 0:2.56.0-1.fc44                   updates                           19.1 MiB
2026-10-07T12:38:36.8002710Z  glfw                               x86_64 1:3.4-6.fc44                      fedora                           386.1 KiB
2026-10-07T12:38:36.8003974Z  glib-networking                    x86_64 0:2.80.1-4.fc44                   fedora                           750.4 KiB
2026-10-07T12:38:36.8005085Z  glib2-devel                        x86_64 0:2.88.3-1.fc44                   updates                           15.8 MiB
2026-10-07T12:38:36.8006173Z  glibc-devel                        x86_64 0:2.43-9.fc44                     updates                            2.3 MiB
2026-10-07T12:38:36.8007290Z  glibc-gconv-extra                  x86_64 0:2.43-9.fc44                     updates                            7.4 MiB
2026-10-07T12:38:36.8008385Z  glycin-devel                       x86_64 0:2.1.5-1.fc44                    updates                          126.2 KiB
2026-10-07T12:38:36.8009693Z  glycin-libs                        x86_64 0:2.1.5-1.fc44                    updates                            4.3 MiB
2026-10-07T12:38:36.8010781Z  glycin-loaders                     x86_64 0:2.1.5-1.fc44                    updates                           13.8 MiB
2026-10-07T12:38:36.8011964Z  gobject-introspection              x86_64 0:1.86.0-3.fc44                   fedora                           397.3 KiB
2026-10-07T12:38:36.8013454Z  google-noto-fonts-common           noarch 0:20251201-2.fc44                 fedora                            17.7 KiB
2026-10-07T12:38:36.8014822Z  google-noto-sans-vf-fonts          noarch 0:20251201-2.fc44                 fedora                             1.4 MiB
2026-10-07T12:38:36.8016002Z  gpgme                              x86_64 0:2.0.1-5.fc44                    updates                          617.8 KiB
2026-10-07T12:38:36.8110900Z  gpgmepp                            x86_64 0:2.0.1-5.fc44                    updates                          441.6 KiB
2026-10-07T12:38:36.8112020Z  graphene                           x86_64 0:1.10.8-4.fc44                   fedora                           158.3 KiB
2026-10-07T12:38:36.8113517Z  graphene-devel                     x86_64 0:1.10.8-4.fc44                   fedora                             2.3 MiB
2026-10-07T12:38:36.8114726Z  graphite2                          x86_64 0:1.3.14-20.fc44                  fedora                           191.5 KiB
2026-10-07T12:38:36.8115896Z  graphite2-devel                    x86_64 0:1.3.14-20.fc44                  fedora                            49.3 KiB
2026-10-07T12:38:36.8117327Z  groff-base                         x86_64 0:1.23.0-12.fc44                  fedora                             3.9 MiB
2026-10-07T12:38:36.8118564Z  gsettings-desktop-schemas          x86_64 0:50.1-1.fc44                     updates                            6.1 MiB
2026-10-07T12:38:36.8119671Z  gsm                                x86_64 0:1.0.24-2.fc44                   fedora                            65.7 KiB
2026-10-07T12:38:36.8120687Z  gssdp                              x86_64 0:1.6.6-1.fc44                    updates                          151.1 KiB
2026-10-07T12:38:36.8121728Z  gstreamer1                         x86_64 0:1.28.7-1.fc44                   updates                            5.5 MiB
2026-10-07T12:38:36.8122902Z  gstreamer1-plugins-bad-free-libs   x86_64 0:1.28.7-1.fc44                   updates                            3.6 MiB
2026-10-07T12:38:36.8124423Z  gstreamer1-plugins-base            x86_64 0:1.28.7-1.fc44                   updates                            7.5 MiB
2026-10-07T12:38:36.8125654Z  gtk-update-icon-cache              x86_64 0:3.24.52-2.fc44                  updates                           62.0 KiB
2026-10-07T12:38:36.8126770Z  gtk3                               x86_64 0:3.24.52-2.fc44                  updates                           22.8 MiB
2026-10-07T12:38:36.8127813Z  gtk4                               x86_64 0:4.22.5-2.fc44                   updates                           28.2 MiB
2026-10-07T12:38:36.8128836Z  gupnp                              x86_64 0:1.6.10-1.fc44                   updates                          311.9 KiB
2026-10-07T12:38:36.8129865Z  gupnp-igd                          x86_64 0:1.6.0-8.fc44                    fedora                            66.6 KiB
2026-10-07T12:38:36.8130990Z  harfbuzz                           x86_64 0:14.1.0-2.fc44                   updates                            2.8 MiB
2026-10-07T12:38:36.8132115Z  harfbuzz-cairo                     x86_64 0:14.1.0-2.fc44                   updates                           52.1 KiB
2026-10-07T12:38:36.8133450Z  harfbuzz-devel                     x86_64 0:14.1.0-2.fc44                   updates                            6.1 MiB
2026-10-07T12:38:36.8134317Z  harfbuzz-gpu                       x86_64 0:14.1.0-2.fc44                   updates                           87.7 KiB
2026-10-07T12:38:36.8134915Z  harfbuzz-icu                       x86_64 0:14.1.0-2.fc44                   updates                           15.2 KiB
2026-10-07T12:38:36.8135725Z  harfbuzz-raster                    x86_64 0:14.1.0-2.fc44                   updates                          209.8 KiB
2026-10-07T12:38:36.8136316Z  harfbuzz-vector                    x86_64 0:14.1.0-2.fc44                   updates                          100.9 KiB
2026-10-07T12:38:36.8136915Z  hicolor-icon-theme                 noarch 0:0.18-3.fc44                     fedora                            72.4 KiB
2026-10-07T12:38:36.8137483Z  hidapi                             x86_64 0:0.15.0-3.fc44                   fedora                           110.2 KiB
2026-10-07T12:38:36.8138024Z  highway                            x86_64 0:1.3.0-2.fc44                    fedora                             5.5 MiB
2026-10-07T12:38:36.8138593Z  hunspell                           x86_64 0:1.7.4-2.fc44                    updates                            1.3 MiB
2026-10-07T12:38:36.8139210Z  hunspell-en-AU                     noarch 0:0.20260225-2.fc44               updates                          502.1 KiB
2026-10-07T12:38:36.8139832Z  hunspell-en-CA                     noarch 0:0.20260225-2.fc44               updates                          499.6 KiB
2026-10-07T12:38:36.8140433Z  hunspell-en-GB                     noarch 0:0.20260225-2.fc44               updates                          543.2 KiB
2026-10-07T12:38:36.8141034Z  hunspell-en-US                     noarch 0:0.20260225-2.fc44               updates                          506.7 KiB
2026-10-07T12:38:36.8141752Z  hunspell-filesystem                x86_64 0:1.7.4-2.fc44                    updates                            0.0   B
2026-10-07T12:38:36.8142351Z  hwdata                             noarch 0:0.412-1.fc44                    updates                           10.1 MiB
2026-10-07T12:38:36.8142891Z  hyphen                             x86_64 0:2.8.8-28.fc44                   fedora                            51.5 KiB
2026-10-07T12:38:36.8143754Z  ilbc                               x86_64 0:3.0.4-19.fc44                   fedora                            91.3 KiB
2026-10-07T12:38:36.8144292Z  inih                               x86_64 0:62-2.fc44                       fedora                            22.3 KiB
2026-10-07T12:38:36.8144813Z  inih-cpp                           x86_64 0:62-2.fc44                       fedora                            40.0 KiB
2026-10-07T12:38:36.8145360Z  iso-codes                          noarch 0:4.20.1-3.fc44                   fedora                            22.3 MiB
2026-10-07T12:38:36.8145911Z  jansson                            x86_64 0:2.14-4.fc44                     fedora                            88.9 KiB
2026-10-07T12:38:36.8146481Z  javascriptcoregtk6.0               x86_64 0:2.54.1-1.fc44                   updates                           33.6 MiB
2026-10-07T12:38:36.8147102Z  javascriptcoregtk6.0-devel         x86_64 0:2.54.1-1.fc44                   updates                          659.2 KiB
2026-10-07T12:38:36.8147719Z  jbigkit-libs                       x86_64 0:2.1-33.fc44                     fedora                           117.2 KiB
2026-10-07T12:38:36.8148267Z  json-glib                          x86_64 0:1.10.8-5.fc44                   fedora                           596.2 KiB
2026-10-07T12:38:36.8148827Z  kernel-headers                     x86_64 0:7.2.4-200.fc44                  updates                            7.0 MiB
2026-10-07T12:38:36.8149414Z  keyutils-libs-devel                x86_64 0:1.6.3-7.fc44                    fedora                            48.2 KiB
2026-10-07T12:38:36.8149987Z  krb5-devel                         x86_64 0:1.22.2-4.fc44                   updates                          709.9 KiB
2026-10-07T12:38:36.8150535Z  lame-libs                          x86_64 0:3.100-21.fc44                   fedora                             1.2 MiB
2026-10-07T12:38:36.8151069Z  lcms2                              x86_64 0:2.16-7.fc44                     fedora                           445.7 KiB
2026-10-07T12:38:36.8151742Z  lcms2-devel                        x86_64 0:2.16-7.fc44                     fedora                           135.7 KiB
2026-10-07T12:38:36.8152276Z  less                               x86_64 0:704-4.fc44                      updates                          479.5 KiB
2026-10-07T12:38:36.8152804Z  libGLEW                            x86_64 0:2.2.0-12.fc44                   fedora                           760.2 KiB
2026-10-07T12:38:36.8153719Z  libX11                             x86_64 0:1.8.13-3.fc44                   updates                            1.3 MiB
2026-10-07T12:38:36.8154309Z  libX11-common                      noarch 0:1.8.13-3.fc44                   updates                            1.1 MiB
2026-10-07T12:38:36.8154878Z  libX11-devel                       x86_64 0:1.8.13-3.fc44                   updates                            1.0 MiB
2026-10-07T12:38:36.8155438Z  libX11-xcb                         x86_64 0:1.8.13-3.fc44                   updates                           10.8 KiB
2026-10-07T12:38:36.8155973Z  libXau                             x86_64 0:1.0.12-4.fc44                   fedora                            72.8 KiB
2026-10-07T12:38:36.8156513Z  libXau-devel                       x86_64 0:1.0.12-4.fc44                   fedora                             7.3 KiB
2026-10-07T12:38:36.8157071Z  libXcomposite                      x86_64 0:0.4.6-7.fc44                    fedora                            40.3 KiB
2026-10-07T12:38:36.8157623Z  libXcursor                         x86_64 0:1.2.3-4.fc44                    fedora                            53.3 KiB
2026-10-07T12:38:36.8158283Z  libXdamage                         x86_64 0:1.1.6-7.fc44                    fedora                            39.5 KiB
2026-10-07T12:38:36.8158830Z  libXext                            x86_64 0:1.3.6-5.fc44                    fedora                            89.8 KiB
2026-10-07T12:38:36.8159372Z  libXext-devel                      x86_64 0:1.3.6-5.fc44                    fedora                            97.7 KiB
2026-10-07T12:38:36.8159917Z  libXfixes                          x86_64 0:6.0.1-7.fc44                    fedora                            34.0 KiB
2026-10-07T12:38:36.8160450Z  libXft                             x86_64 0:2.3.8-10.fc44                   fedora                           168.3 KiB
2026-10-07T12:38:36.8160989Z  libXft-devel                       x86_64 0:2.3.8-10.fc44                   fedora                            29.1 KiB
2026-10-07T12:38:36.8161517Z  libXi                              x86_64 0:1.8.3-1.fc44                    updates                           80.6 KiB
2026-10-07T12:38:36.8162055Z  libXinerama                        x86_64 0:1.1.5-10.fc44                   fedora                            14.8 KiB
2026-10-07T12:38:36.8162613Z  libXrandr                          x86_64 0:1.5.4-7.fc44                    fedora                            55.6 KiB
2026-10-07T12:38:36.8163159Z  libXrender                         x86_64 0:0.9.12-4.fc44                   fedora                            49.9 KiB
2026-10-07T12:38:36.8164301Z  libXrender-devel                   x86_64 0:0.9.12-4.fc44                   fedora                            50.1 KiB
2026-10-07T12:38:36.8164860Z  libXtst                            x86_64 0:1.2.5-4.fc44                    fedora                            33.4 KiB
2026-10-07T12:38:36.8165380Z  libXv                              x86_64 0:1.0.13-4.fc44                   fedora                            25.9 KiB
2026-10-07T12:38:36.8165906Z  libXxf86vm                         x86_64 0:1.1.6-4.fc44                    fedora                            25.1 KiB
2026-10-07T12:38:36.8166451Z  libaom                             x86_64 0:3.13.3-1.fc44                   updates                            5.1 MiB
2026-10-07T12:38:36.8167008Z  libaribcaption                     x86_64 0:1.1.1-4.fc44                    fedora                           260.0 KiB
2026-10-07T12:38:36.8167573Z  libasyncns                         x86_64 0:0.8-34.fc44                     updates                           55.4 KiB
2026-10-07T12:38:36.8168244Z  libatomic                          x86_64 0:16.2.1-2.fc44                   updates                           45.6 KiB
2026-10-07T12:38:36.8168810Z  libavcodec-free                    x86_64 0:8.1.3-1.fc44                    updates                           10.3 MiB
2026-10-07T12:38:36.8169385Z  libavformat-free                   x86_64 0:8.1.3-1.fc44                    updates                            2.8 MiB
2026-10-07T12:38:36.8169943Z  libavif                            x86_64 0:1.3.0-4.fc44                    fedora                           265.8 KiB
2026-10-07T12:38:36.8170491Z  libavutil-free                     x86_64 0:8.1.3-1.fc44                    updates                          975.2 KiB
2026-10-07T12:38:36.8171058Z  libblkid-devel                     x86_64 0:2.41.5-1.fc44                   updates                           44.9 KiB
2026-10-07T12:38:36.8171614Z  libbluray                          x86_64 0:1.4.0-3.fc44                    fedora                           318.3 KiB
2026-10-07T12:38:36.8172159Z  libcanberra                        x86_64 0:0.30-39.fc44                    fedora                           265.6 KiB
2026-10-07T12:38:36.8172719Z  libchromaprint                     x86_64 0:1.6.0-4.fc44                    fedora                            69.1 KiB
2026-10-07T12:38:36.8173511Z  libcloudproviders                  x86_64 0:0.4.1-1.fc44                    updates                          124.0 KiB
2026-10-07T12:38:36.8174247Z  libcom_err-devel                   x86_64 0:1.47.3-4.fc44                   fedora                            16.7 KiB
2026-10-07T12:38:36.8174818Z  libcue                             x86_64 0:2.3.0-14.fc44                   fedora                            85.7 KiB
2026-10-07T12:38:36.8175353Z  libdatrie                          x86_64 0:0.2.14-2.fc44                   fedora                            61.7 KiB
2026-10-07T12:38:36.8175907Z  libdatrie-devel                    x86_64 0:0.2.14-2.fc44                   fedora                           563.4 KiB
2026-10-07T12:38:36.8176462Z  libdav1d                           x86_64 0:1.5.4-1.fc44                    updates                            1.8 MiB
2026-10-07T12:38:36.8177014Z  libdisplay-info                    x86_64 0:0.3.0-1.fc44                    fedora                           226.5 KiB
2026-10-07T12:38:36.8177578Z  libdrm                             x86_64 0:2.4.134-1.fc44                  updates                          405.8 KiB
2026-10-07T12:38:36.8178119Z  libdvdnav                          x86_64 0:7.0.0-1.fc44                    fedora                           124.8 KiB
2026-10-07T12:38:36.8178658Z  libdvdread                         x86_64 0:7.0.1-1.fc44                    fedora                           182.0 KiB
2026-10-07T12:38:36.8179200Z  libebur128                         x86_64 0:1.2.6-15.fc44                   fedora                            39.2 KiB
2026-10-07T12:38:36.8179771Z  libedit                            x86_64 0:3.1-59.20260512cvs.fc44         updates                          248.3 KiB
2026-10-07T12:38:36.8180338Z  libepoxy                           x86_64 0:1.5.10-12.fc44                  fedora                             1.1 MiB
2026-10-07T12:38:36.8180882Z  libevdev                           x86_64 0:1.13.7-1.fc44                   updates                           89.9 KiB
2026-10-07T12:38:36.8181430Z  libfdisk                           x86_64 0:2.41.5-1.fc44                   updates                          388.3 KiB
2026-10-07T12:38:36.8181986Z  libffi-devel                       x86_64 0:3.5.2-2.fc44                    fedora                            33.9 KiB
2026-10-07T12:38:36.8182539Z  libgexiv2                          x86_64 0:0.16.2-1.fc44                   updates                          267.7 KiB
2026-10-07T12:38:36.8183080Z  libgit2                            x86_64 0:1.9.7-1.fc44                    updates                            1.4 MiB
2026-10-07T12:38:36.8184007Z  libglvnd                           x86_64 1:1.7.0-9.fc44                    fedora                           526.5 KiB
2026-10-07T12:38:36.8184561Z  libglvnd-egl                       x86_64 1:1.7.0-9.fc44                    fedora                            68.6 KiB
2026-10-07T12:38:36.8185124Z  libglvnd-gles                      x86_64 1:1.7.0-9.fc44                    fedora                            97.7 KiB
2026-10-07T12:38:36.8185681Z  libglvnd-glx                       x86_64 1:1.7.0-9.fc44                    fedora                           601.0 KiB
2026-10-07T12:38:36.8186246Z  libgsf                             x86_64 0:1.14.60-1.fc44                  updates                          993.5 KiB
2026-10-07T12:38:36.8186782Z  libgudev                           x86_64 0:238-9.fc44                      fedora                            91.7 KiB
2026-10-07T12:38:36.8187316Z  libgusb                            x86_64 0:0.4.9-5.fc44                    fedora                           157.9 KiB
2026-10-07T12:38:36.8187851Z  libgxps                            x86_64 0:0.3.2-12.fc44                   fedora                           192.0 KiB
2026-10-07T12:38:36.8188388Z  libheif                            x86_64 0:1.23.5-3.fc44                   updates                            2.4 MiB
2026-10-07T12:38:36.8188915Z  libicu                             x86_64 0:77.1-3.fc44                     updates                           36.6 MiB
2026-10-07T12:38:36.8189458Z  libicu-devel                       x86_64 0:77.1-3.fc44                     updates                            5.0 MiB
2026-10-07T12:38:36.8190146Z  libjpeg-turbo                      x86_64 0:3.1.3-1.fc44                    fedora                           818.2 KiB
2026-10-07T12:38:36.8190720Z  libjxl                             x86_64 1:0.11.2-1.fc44                   updates                            4.1 MiB
2026-10-07T12:38:36.8191268Z  libkadm5                           x86_64 0:1.22.2-4.fc44                   updates                          217.8 KiB
2026-10-07T12:38:36.8191825Z  liblastlog2                        x86_64 0:2.41.5-1.fc44                   updates                           41.6 KiB
2026-10-07T12:38:36.8192377Z  liblc3                             x86_64 0:1.1.3-7.fc44                    fedora                           174.7 KiB
2026-10-07T12:38:36.8192909Z  libldac                            x86_64 0:2.0.2.3-19.fc44                 fedora                            78.0 KiB
2026-10-07T12:38:36.8193666Z  libldb                             x86_64 2:4.24.7-1.fc44                   updates                          465.5 KiB
2026-10-07T12:38:36.8194204Z  liblerc                            x86_64 0:4.0.0-10.fc44                   fedora                           647.9 KiB
2026-10-07T12:38:36.8194744Z  libmanette                         x86_64 0:0.2.13-2.fc44                   fedora                           367.2 KiB
2026-10-07T12:38:36.8195327Z  libmodplug                         x86_64 1:0.8.9.0-29.fc44                 fedora                           367.1 KiB
2026-10-07T12:38:36.8195893Z  libmount-devel                     x86_64 0:2.41.5-1.fc44                   updates                           65.5 KiB
2026-10-07T12:38:36.8196442Z  libmpc                             x86_64 0:1.4.1-1.fc44                    updates                          168.7 KiB
2026-10-07T12:38:36.8197001Z  libnghttp2-devel                   x86_64 0:1.68.0-5.fc44                   updates                          288.0 KiB
2026-10-07T12:38:36.8197567Z  libnice                            x86_64 0:0.1.23-2.fc44                   fedora                           509.9 KiB
2026-10-07T12:38:36.8198107Z  libnotify                          x86_64 0:0.8.8-1.fc44                    fedora                           126.3 KiB
2026-10-07T12:38:36.8198635Z  libogg                             x86_64 2:1.3.6-2.fc44                    fedora                            45.6 KiB
2026-10-07T12:38:36.8199167Z  libopenjph                         x86_64 0:0.25.3-3.fc44                   fedora                           482.1 KiB
2026-10-07T12:38:36.8199842Z  libopenmpt                         x86_64 0:0.8.9-1.fc44                    updates                            1.9 MiB
2026-10-07T12:38:36.8200386Z  libosinfo                          x86_64 0:1.12.0-5.fc44                   fedora                             1.2 MiB
2026-10-07T12:38:36.8200933Z  libpciaccess                       x86_64 0:0.16-17.fc44                    fedora                            48.4 KiB
2026-10-07T12:38:36.8201492Z  libpkgconf                         x86_64 0:2.5.1-1.fc44                    fedora                            90.1 KiB
2026-10-07T12:38:36.8202033Z  libpng                             x86_64 2:1.6.58-1.fc44                   updates                          249.6 KiB
2026-10-07T12:38:36.8202576Z  libpng-devel                       x86_64 2:1.6.58-1.fc44                   updates                          905.9 KiB
2026-10-07T12:38:36.8203127Z  libproxy                           x86_64 0:0.5.12-2.fc44                   fedora                           102.1 KiB
2026-10-07T12:38:36.8203880Z  libpsl-devel                       x86_64 0:0.21.5-7.fc44                   fedora                           110.2 KiB
2026-10-07T12:38:36.8204443Z  librabbitmq                        x86_64 0:0.18.0-1.fc44                   updates                           89.4 KiB
2026-10-07T12:38:36.8204993Z  librist                            x86_64 0:0.2.11-1.fc44                   fedora                           182.1 KiB
2026-10-07T12:38:36.8205640Z  librsvg2                           x86_64 0:2.62.4-1.fc44                   updates                            5.0 MiB
2026-10-07T12:38:36.8206178Z  libsbc                             x86_64 0:2.1-2.fc44                      fedora                            93.3 KiB
2026-10-07T12:38:36.8206713Z  libseccomp                         x86_64 0:2.6.1-2.fc44                    updates                          222.2 KiB
2026-10-07T12:38:36.8207279Z  libseccomp-devel                   x86_64 0:2.6.1-2.fc44                    updates                          115.6 KiB
2026-10-07T12:38:36.8207843Z  libsecret                          x86_64 0:0.21.8.2-2.fc44                 updates                          485.5 KiB
2026-10-07T12:38:36.8208417Z  libselinux-devel                   x86_64 0:3.11-2.fc44                     updates                          121.9 KiB
2026-10-07T12:38:36.8208994Z  libsepol-devel                     x86_64 0:3.11-1.fc44                     updates                          120.7 KiB
2026-10-07T12:38:36.8209549Z  libshout                           x86_64 0:2.4.6-10.fc44                   fedora                           178.6 KiB
2026-10-07T12:38:36.8210100Z  libsmbclient                       x86_64 2:4.24.7-1.fc44                   updates                          171.8 KiB
2026-10-07T12:38:36.8210652Z  libsndfile                         x86_64 0:1.2.2-11.fc44                   fedora                           553.9 KiB
2026-10-07T12:38:36.8211203Z  libsodium                          x86_64 0:1.0.22-1.fc44                   updates                          481.5 KiB
2026-10-07T12:38:36.8211744Z  libsoup3                           x86_64 0:3.6.6-10.fc44                   updates                            1.2 MiB
2026-10-07T12:38:36.8212311Z  libsoup3-devel                     x86_64 0:3.6.6-10.fc44                   updates                            1.0 MiB
2026-10-07T12:38:36.8212862Z  libsrtp                            x86_64 0:2.8.0-1.fc44                    fedora                           129.5 KiB
2026-10-07T12:38:36.8213691Z  libssh2                            x86_64 0:1.11.1-9.fc44                   updates                          338.6 KiB
2026-10-07T12:38:36.8214281Z  libstdc++-devel                    x86_64 0:16.2.1-2.fc44                   updates                           41.2 MiB
2026-10-07T12:38:36.8214848Z  libstemmer                         x86_64 0:3.0.1-11.fc44                   fedora                           641.3 KiB
2026-10-07T12:38:36.8215564Z  libswresample-free                 x86_64 0:8.1.3-1.fc44                    updates                          155.2 KiB
2026-10-07T12:38:36.8216139Z  libtalloc                          x86_64 0:2.4.4-1.fc44                    fedora                            63.9 KiB
2026-10-07T12:38:36.8216672Z  libtdb                             x86_64 0:1.4.15-1.fc44                   fedora                           108.4 KiB
2026-10-07T12:38:36.8217207Z  libtevent                          x86_64 0:0.17.1-4.fc44                   fedora                           101.3 KiB
2026-10-07T12:38:36.8217760Z  libtextstyle                       x86_64 0:0.26-5.fc44                     updates                          382.0 KiB
2026-10-07T12:38:36.8218303Z  libthai                            x86_64 0:0.1.30-2.fc44                   fedora                           800.9 KiB
2026-10-07T12:38:36.8218851Z  libthai-devel                      x86_64 0:0.1.30-2.fc44                   fedora                           651.3 KiB
2026-10-07T12:38:36.8219409Z  libtheora                          x86_64 1:1.1.1-41.fc44                   fedora                           480.9 KiB
2026-10-07T12:38:36.8219952Z  libtiff                            x86_64 0:4.7.2-1.fc44                    updates                          640.4 KiB
2026-10-07T12:38:36.8220513Z  libtinysparql                      x86_64 0:3.11.1-1.fc44                   updates                            1.0 MiB
2026-10-07T12:38:36.8221074Z  libudfread                         x86_64 0:1.2.0-3.fc44                    fedora                            62.0 KiB
2026-10-07T12:38:36.8221723Z  libunwind                          x86_64 0:1.8.3-4.fc44                    updates                          194.0 KiB
2026-10-07T12:38:36.8222264Z  libv4l                             x86_64 0:1.32.0-3.fc44                   fedora                           364.5 KiB
2026-10-07T12:38:36.8222788Z  libva                              x86_64 0:2.23.0-3.fc44                   fedora                           345.6 KiB
2026-10-07T12:38:36.8223565Z  libvdpau                           x86_64 0:1.5-11.fc44                     fedora                            20.6 KiB
2026-10-07T12:38:36.8224133Z  libverto-devel                     x86_64 0:0.3.2-12.fc44                   fedora                            25.7 KiB
2026-10-07T12:38:36.8224824Z Total size of inbound packages is 425 MiB. Need to download 425 MiB.
2026-10-07T12:38:36.8225340Z After this operation, 2 GiB extra will be used (install 2 GiB, remove 10 MiB).
2026-10-07T12:38:36.8225887Z  libvisual                          x86_64 1:0.4.2-4.fc44                    fedora                           464.5 KiB
2026-10-07T12:38:36.8226433Z  libvmaf                            x86_64 0:3.0.0-5.fc44                    fedora                           846.8 KiB
2026-10-07T12:38:36.8226970Z  libvorbis                          x86_64 1:1.3.7-14.fc44                   fedora                           837.0 KiB
2026-10-07T12:38:36.8227509Z  libvpl                             x86_64 1:2.17.0-1.fc44                   updates                          437.7 KiB
2026-10-07T12:38:36.8228038Z  libvpx                             x86_64 0:1.15.0-5.fc44                   fedora                             3.3 MiB
2026-10-07T12:38:36.8228601Z  libwayland-client                  x86_64 0:1.26.0-1.fc44                   updates                           66.0 KiB
2026-10-07T12:38:36.8229197Z  libwayland-cursor                  x86_64 0:1.26.0-1.fc44                   updates                           37.2 KiB
2026-10-07T12:38:36.8229781Z  libwayland-egl                     x86_64 0:1.26.0-1.fc44                   updates                           12.3 KiB
2026-10-07T12:38:36.8230360Z  libwayland-server                  x86_64 0:1.26.0-1.fc44                   updates                           86.5 KiB
2026-10-07T12:38:36.8230930Z  libwbclient                        x86_64 2:4.24.7-1.fc44                   updates                           71.0 KiB
2026-10-07T12:38:36.8231604Z  libwebp                            x86_64 0:1.6.0-3.fc44                    fedora                           968.0 KiB
2026-10-07T12:38:36.8232151Z  libxcb                             x86_64 0:1.17.0-7.fc44                   fedora                             1.1 MiB
2026-10-07T12:38:36.8232710Z  libxcb-devel                       x86_64 0:1.17.0-7.fc44                   fedora                             2.6 MiB
2026-10-07T12:38:36.8233561Z  libxcrypt-devel                    x86_64 0:4.5.2-3.fc44                    fedora                            31.0 KiB
2026-10-07T12:38:36.8234317Z  libxkbcommon                       x86_64 0:1.13.1-2.fc44                   fedora                           432.2 KiB
2026-10-07T12:38:36.8234889Z  libxml2-devel                      x86_64 0:2.12.10-6.fc44                  fedora                             3.4 MiB
2026-10-07T12:38:36.8235488Z  libxshmfence                       x86_64 0:1.3.2-8.fc44                    fedora                            12.3 KiB
2026-10-07T12:38:36.8236040Z  libxslt                            x86_64 0:1.1.43-6.fc44                   fedora                           471.8 KiB
2026-10-07T12:38:36.8236621Z  libyuv                             x86_64 0:0-0.61.20260213git6067afd.fc44  fedora                           683.7 KiB
2026-10-07T12:38:36.8237184Z  libzip                             x86_64 0:1.11.4-3.fc44                   fedora                           143.8 KiB
2026-10-07T12:38:36.8237716Z  llhttp                             x86_64 0:9.3.1-1.fc44                    fedora                            96.6 KiB
2026-10-07T12:38:36.8238448Z  llvm-filesystem                    x86_64 0:22.1.8-4.fc44                   updates                            0.0   B
2026-10-07T12:38:36.8239031Z  llvm-libs                          x86_64 0:22.1.8-4.fc44                   updates                          140.5 MiB
2026-10-07T12:38:36.8239601Z  lm_sensors-libs                    x86_64 0:3.6.0-24.fc44                   fedora                            85.7 KiB
2026-10-07T12:38:36.8240171Z  lmdb-libs                          x86_64 0:0.9.34-2.fc44                   fedora                           113.9 KiB
2026-10-07T12:38:36.8240728Z  lpcnetfreedv                       x86_64 0:0.5-10.fc44                     fedora                            14.8 MiB
2026-10-07T12:38:36.8241272Z  lzo                                x86_64 0:2.10-16.fc44                    fedora                           174.8 KiB
2026-10-07T12:38:36.8241802Z  lzo-devel                          x86_64 0:2.10-16.fc44                    fedora                           212.2 KiB
2026-10-07T12:38:36.8242358Z  lzo-minilzo                        x86_64 0:2.10-16.fc44                    fedora                            36.6 KiB
2026-10-07T12:38:36.8242895Z  make                               x86_64 1:4.4.1-12.fc44                   fedora                             1.8 MiB
2026-10-07T12:38:36.8243635Z  mesa-dri-drivers                   x86_64 0:26.2.3-1.fc44                   updates                           53.2 MiB
2026-10-07T12:38:36.8244231Z  mesa-filesystem                    x86_64 0:26.2.3-1.fc44                   updates                            3.6 KiB
2026-10-07T12:38:36.8244797Z  mesa-libEGL                        x86_64 0:26.2.3-1.fc44                   updates                          398.4 KiB
2026-10-07T12:38:36.8245352Z  mesa-libGL                         x86_64 0:26.2.3-1.fc44                   updates                          374.1 KiB
2026-10-07T12:38:36.8245902Z  mesa-libgbm                        x86_64 0:26.2.3-1.fc44                   updates                           19.5 KiB
2026-10-07T12:38:36.8246459Z  mpdecimal                          x86_64 0:4.0.1-3.fc44                    fedora                           217.1 KiB
2026-10-07T12:38:36.8247015Z  mpg123-libs                        x86_64 0:1.32.10-3.fc44                  fedora                           825.7 KiB
2026-10-07T12:38:36.8247569Z  ncurses                            x86_64 0:6.6-1.fc44                      fedora                           611.4 KiB
2026-10-07T12:38:36.8248260Z  ngtcp2-crypto-gnutls               x86_64 0:1.22.1-1.fc44                   updates                           43.5 KiB
2026-10-07T12:38:36.8248830Z  nspr                               x86_64 0:4.39.0-5.fc44                   updates                          327.1 KiB
2026-10-07T12:38:36.8249355Z  nss                                x86_64 0:3.129.0-1.fc44                  updates                            2.0 MiB
2026-10-07T12:38:36.8249896Z  nss-softokn                        x86_64 0:3.129.0-1.fc44                  updates                            2.1 MiB
2026-10-07T12:38:36.8250478Z  nss-softokn-freebl                 x86_64 0:3.129.0-1.fc44                  updates                            1.1 MiB
2026-10-07T12:38:36.8251058Z  nss-sysinit                        x86_64 0:3.129.0-1.fc44                  updates                           17.9 KiB
2026-10-07T12:38:36.8251618Z  nss-util                           x86_64 0:3.129.0-1.fc44                  updates                          212.7 KiB
2026-10-07T12:38:36.8252166Z  oniguruma                          x86_64 0:6.9.10-4.fc44                   fedora                           770.9 KiB
2026-10-07T12:38:36.8252719Z  openal-soft                        x86_64 0:1.24.2-6.fc44                   fedora                             1.6 MiB
2026-10-07T12:38:36.8253425Z  openapv-libs                       x86_64 0:0.2.1.2-1.fc44                  fedora                           125.1 KiB
2026-10-07T12:38:36.8254114Z  opencore-amr                       x86_64 0:0.1.6-10.fc44                   fedora                           352.6 KiB
2026-10-07T12:38:36.8254686Z  openh264                           x86_64 0:2.6.0-3.fc44                    fedora-cisco-openh264              1.1 MiB
2026-10-07T12:38:36.8255245Z  openjpeg                           x86_64 0:2.5.4-3.fc44                    fedora                           464.2 KiB
2026-10-07T12:38:36.8255795Z  openpgm                            x86_64 0:5.3.128-6.fc44                  fedora                           320.3 KiB
2026-10-07T12:38:36.8256346Z  openssh                            x86_64 0:10.2p1-14.fc44                  updates                            1.4 MiB
2026-10-07T12:38:36.8256920Z  openssh-clients                    x86_64 0:10.2p1-14.fc44                  updates                            2.7 MiB
2026-10-07T12:38:36.8257485Z  opus                               x86_64 0:1.6-2.fc44                      fedora                           467.7 KiB
2026-10-07T12:38:36.8258008Z  orc                                x86_64 0:0.4.41-3.fc44                   fedora                           721.9 KiB
2026-10-07T12:38:36.8258564Z  osinfo-db                          noarch 0:20251212-1.fc44                 fedora                             4.2 MiB
2026-10-07T12:38:36.8259159Z  osinfo-db-tools                    x86_64 0:1.12.0-5.fc44                   fedora                           190.3 KiB
2026-10-07T12:38:36.8259738Z  pango                              x86_64 0:1.57.1-1.fc44                   fedora                             1.0 MiB
2026-10-07T12:38:36.8260306Z  pango-devel                        x86_64 0:1.57.1-1.fc44                   fedora                             1.5 MiB
2026-10-07T12:38:36.8260884Z  pcre2-devel                        x86_64 0:10.47-1.fc44.1                  fedora                             2.1 MiB
2026-10-07T12:38:36.8261452Z  pcre2-utf16                        x86_64 0:10.47-1.fc44.1                  fedora                           655.2 KiB
2026-10-07T12:38:36.8262016Z  pcre2-utf32                        x86_64 0:10.47-1.fc44.1                  fedora                           623.1 KiB
2026-10-07T12:38:36.8262615Z  perl-AutoLoader                    noarch 0:5.74-525.fc44                   updates                           20.6 KiB
2026-10-07T12:38:36.8263334Z  perl-B                             x86_64 0:1.89-525.fc44                   updates                          501.2 KiB
2026-10-07T12:38:36.8264046Z  perl-Carp                          noarch 0:1.54-521.fc44                   fedora                            46.6 KiB
2026-10-07T12:38:36.8264647Z  perl-Class-Struct                  noarch 0:0.68-525.fc44                   updates                           25.4 KiB
2026-10-07T12:38:36.8265269Z  perl-Data-Dumper                   x86_64 0:2.192-523.fc44                  updates                          115.5 KiB
2026-10-07T12:38:36.8265863Z  perl-Digest                        noarch 0:1.20-521.fc44                   fedora                            35.3 KiB
2026-10-07T12:38:36.8266456Z  perl-Digest-MD5                    x86_64 0:2.59-521.fc44                   fedora                            59.6 KiB
2026-10-07T12:38:36.8267050Z  perl-DynaLoader                    x86_64 0:1.57-525.fc44                   updates                           32.1 KiB
2026-10-07T12:38:36.8267628Z  perl-Encode                        x86_64 4:3.21-521.fc44                   fedora                             4.7 MiB
2026-10-07T12:38:36.8268196Z  perl-Errno                         x86_64 0:1.38-525.fc44                   updates                            8.4 KiB
2026-10-07T12:38:36.8268764Z  perl-Error                         noarch 1:0.17030-3.fc44                  fedora                            76.8 KiB
2026-10-07T12:38:36.8269348Z  perl-Exporter                      noarch 0:5.79-521.fc44                   fedora                            54.3 KiB
2026-10-07T12:38:36.8269923Z  perl-Fcntl                         x86_64 0:1.20-525.fc44                   updates                           48.7 KiB
2026-10-07T12:38:36.8270624Z  perl-File-Basename                 noarch 0:2.86-525.fc44                   updates                           14.0 KiB
2026-10-07T12:38:36.8271245Z  perl-File-Path                     noarch 0:2.18-522.fc44                   fedora                            63.5 KiB
2026-10-07T12:38:36.8271846Z  perl-File-Temp                     noarch 1:0.231.200-2.fc44                fedora                           163.7 KiB
2026-10-07T12:38:36.8272447Z  perl-File-stat                     noarch 0:1.14-525.fc44                   updates                           12.5 KiB
2026-10-07T12:38:36.8273049Z  perl-FileHandle                    noarch 0:2.05-525.fc44                   updates                            9.4 KiB
2026-10-07T12:38:36.8273777Z  perl-Getopt-Long                   noarch 1:2.58-521.fc44                   fedora                           144.5 KiB
2026-10-07T12:38:36.8274390Z  perl-Getopt-Std                    noarch 0:1.14-525.fc44                   updates                           11.2 KiB
2026-10-07T12:38:36.8274970Z  perl-Git                           noarch 0:2.56.0-1.fc44                   updates                           64.4 KiB
2026-10-07T12:38:36.8275609Z  perl-HTTP-Tiny                     noarch 0:0.096-1.fc44                    updates                          162.4 KiB
2026-10-07T12:38:36.8276183Z  perl-IO                            x86_64 0:1.55-525.fc44                   updates                          147.3 KiB
2026-10-07T12:38:36.8276767Z  perl-IO-Socket-IP                  noarch 0:0.43-522.fc44                   fedora                           100.3 KiB
2026-10-07T12:38:36.8277379Z  perl-IO-Socket-SSL                 noarch 0:2.098-2.fc44                    fedora                           723.5 KiB
2026-10-07T12:38:36.8277981Z  perl-IPC-Open3                     noarch 0:1.24-525.fc44                   updates                           27.7 KiB
2026-10-07T12:38:36.8278591Z  perl-MIME-Base32                   noarch 0:1.303-25.fc44                   fedora                            30.7 KiB
2026-10-07T12:38:36.8279190Z  perl-MIME-Base64                   x86_64 0:3.16-521.fc44                   fedora                            41.9 KiB
2026-10-07T12:38:36.8279772Z  perl-Net-SSLeay                    x86_64 0:1.94-12.fc44                    fedora                             1.3 MiB
2026-10-07T12:38:36.8280342Z  perl-POSIX                         x86_64 0:2.23-525.fc44                   updates                          229.4 KiB
2026-10-07T12:38:36.8281026Z  perl-PathTools                     x86_64 0:3.94-521.fc44                   fedora                           179.9 KiB
2026-10-07T12:38:36.8281615Z  perl-Pod-Escapes                   noarch 1:1.07-521.fc44                   fedora                            24.9 KiB
2026-10-07T12:38:36.8282226Z  perl-Pod-Perldoc                   noarch 0:3.28.01-522.fc44                fedora                           163.7 KiB
2026-10-07T12:38:36.8282835Z  perl-Pod-Simple                    noarch 1:3.47-4.fc44                     fedora                           565.3 KiB
2026-10-07T12:38:36.8283546Z  perl-Pod-Usage                     noarch 4:2.05-521.fc44                   fedora                            86.3 KiB
2026-10-07T12:38:36.8284157Z  perl-Scalar-List-Utils             x86_64 5:1.70-2.fc44                     fedora                           144.8 KiB
2026-10-07T12:38:36.8284775Z  perl-SelectSaver                   noarch 0:1.02-525.fc44                   updates                            2.2 KiB
2026-10-07T12:38:36.8285359Z  perl-Socket                        x86_64 4:2.043-1.fc44                    updates                          121.8 KiB
2026-10-07T12:38:36.8285935Z  perl-Storable                      x86_64 1:3.37-522.fc44                   fedora                           235.1 KiB
2026-10-07T12:38:36.8286510Z  perl-Symbol                        noarch 0:1.09-525.fc44                   updates                            6.8 KiB
2026-10-07T12:38:36.8287219Z  perl-Term-ANSIColor                noarch 0:5.01-522.fc44                   fedora                            97.5 KiB
2026-10-07T12:38:36.8287830Z  perl-Term-Cap                      noarch 0:1.18-521.fc44                   fedora                            29.3 KiB
2026-10-07T12:38:36.8288420Z  perl-TermReadKey                   x86_64 0:2.38-27.fc44                    fedora                            63.9 KiB
2026-10-07T12:38:36.8289032Z  perl-Text-ParseWords               noarch 0:3.31-521.fc44                   fedora                            13.6 KiB
2026-10-07T12:38:36.8289668Z  perl-Text-Tabs+Wrap                noarch 0:2024.001-521.fc44               fedora                            22.6 KiB
2026-10-07T12:38:36.8290291Z  perl-Time-HiRes                    x86_64 4:1.9778-521.fc44                 fedora                           115.6 KiB
2026-10-07T12:38:36.8290892Z  perl-Time-Local                    noarch 2:1.350-521.fc44                  fedora                            69.0 KiB
2026-10-07T12:38:36.8291478Z  perl-URI                           noarch 0:5.36-1.fc44                     updates                          275.7 KiB
2026-10-07T12:38:36.8292073Z  perl-Unicode-Normalize             x86_64 0:1.32-521.fc44                   fedora                           486.0 KiB
2026-10-07T12:38:36.8292681Z  perl-base                          noarch 0:2.27-525.fc44                   updates                           12.6 KiB
2026-10-07T12:38:36.8293385Z  perl-constant                      noarch 0:1.33-522.fc44                   fedora                            26.2 KiB
2026-10-07T12:38:36.8293978Z  perl-if                            noarch 0:0.61.000-525.fc44               updates                            5.8 KiB
2026-10-07T12:38:36.8294565Z  perl-interpreter                   x86_64 4:5.42.3-525.fc44                 updates                          118.8 KiB
2026-10-07T12:38:36.8295145Z  perl-lib                           x86_64 0:0.65-525.fc44                   updates                            8.5 KiB
2026-10-07T12:38:36.8295713Z  perl-libnet                        noarch 0:3.15-522.fc44                   fedora                           289.4 KiB
2026-10-07T12:38:36.8296283Z  perl-libs                          x86_64 4:5.42.3-525.fc44                 updates                           11.6 MiB
2026-10-07T12:38:36.8296852Z  perl-locale                        noarch 0:1.13-525.fc44                   updates                            6.1 KiB
2026-10-07T12:38:36.8297535Z  perl-mro                           x86_64 0:1.29-525.fc44                   updates                           41.4 KiB
2026-10-07T12:38:36.8298113Z  perl-overload                      noarch 0:1.40-525.fc44                   updates                           71.6 KiB
2026-10-07T12:38:36.8298714Z  perl-overloading                   noarch 0:0.02-525.fc44                   updates                            4.9 KiB
2026-10-07T12:38:36.8299314Z  perl-parent                        noarch 1:0.244-521.fc44                  fedora                            10.3 KiB
2026-10-07T12:38:36.8299917Z  perl-podlators                     noarch 1:6.0.2-522.fc44                  updates                          317.7 KiB
2026-10-07T12:38:36.8300503Z  perl-vars                          noarch 0:1.05-525.fc44                   updates                            3.9 KiB
2026-10-07T12:38:36.8301075Z  pipewire-libs                      x86_64 0:1.6.9-1.fc44                    updates                            9.7 MiB
2026-10-07T12:38:36.8301640Z  pixman                             x86_64 0:0.46.2-3.fc44                   fedora                           718.2 KiB
2026-10-07T12:38:36.8302193Z  pixman-devel                       x86_64 0:0.46.2-3.fc44                   fedora                            56.1 KiB
2026-10-07T12:38:36.8302749Z  pkgconf                            x86_64 0:2.5.1-1.fc44                    fedora                            92.7 KiB
2026-10-07T12:38:36.8303446Z  pkgconf-m4                         noarch 0:2.5.1-1.fc44                    fedora                            14.3 KiB
2026-10-07T12:38:36.8304115Z  poppler                            x86_64 0:26.01.0-3.fc44                  fedora                             4.0 MiB
2026-10-07T12:38:36.8304685Z  poppler-data                       noarch 0:0.4.11-11.fc44                  fedora                            12.3 MiB
2026-10-07T12:38:36.8305262Z  poppler-glib                       x86_64 0:26.01.0-3.fc44                  fedora                           658.8 KiB
2026-10-07T12:38:36.8305861Z  publicsuffix-list                  noarch 0:20260116-1.fc44                 fedora                           342.2 KiB
2026-10-07T12:38:36.8306469Z  pulseaudio-libs                    x86_64 0:17.0-9.fc44                     fedora                             3.4 MiB
2026-10-07T12:38:36.8307064Z  python-pip-wheel                   noarch 0:26.0.1-3.fc44                   updates                            1.2 MiB
2026-10-07T12:38:36.8307638Z  python3                            x86_64 0:3.14.8-1.fc44                   updates                           28.7 KiB
2026-10-07T12:38:36.8308194Z  python3-libs                       x86_64 0:3.14.8-1.fc44                   updates                           44.1 MiB
2026-10-07T12:38:36.8308784Z  python3-packaging                  noarch 0:25.0-8.fc44                     fedora                           607.4 KiB
2026-10-07T12:38:36.8309370Z  rav1e-libs                         x86_64 0:0.8.1-3.fc44                    fedora                             3.1 MiB
2026-10-07T12:38:36.8309959Z  redhat-display-fonts               noarch 0:4.1.0-3.fc44                    fedora                           963.9 KiB
2026-10-07T12:38:36.8310574Z  redhat-text-fonts                  noarch 0:4.1.0-3.fc44                    fedora                           788.2 KiB
2026-10-07T12:38:36.8311173Z  samba-client-libs                  x86_64 2:4.24.7-1.fc44                   updates                           11.2 MiB
2026-10-07T12:38:36.8311775Z  samba-common                       noarch 2:4.24.7-1.fc44                   updates                          223.1 KiB
2026-10-07T12:38:36.8312364Z  samba-core-libs                    x86_64 2:4.24.7-1.fc44                   updates                            1.7 MiB
2026-10-07T12:38:36.8312942Z  samba-ndr-libs                     x86_64 2:4.24.7-1.fc44                   updates                            4.7 MiB
2026-10-07T12:38:36.8313726Z  shared-mime-info                   x86_64 0:2.4-3.fc44                      fedora                             5.2 MiB
2026-10-07T12:38:36.8314400Z  snappy                             x86_64 0:1.2.2-4.fc44                    fedora                            79.9 KiB
2026-10-07T12:38:36.8314992Z  sound-theme-freedesktop            noarch 0:0.8-31.fc44                     fedora                           460.4 KiB
2026-10-07T12:38:36.8315597Z  soundtouch                         x86_64 0:2.4.0-3.fc44                    fedora                           225.3 KiB
2026-10-07T12:38:36.8316150Z  soxr                               x86_64 0:0.1.3-21.fc44                   fedora                           191.3 KiB
2026-10-07T12:38:36.8316695Z  spandsp                            x86_64 0:0.0.6-22.fc44                   fedora                           856.3 KiB
2026-10-07T12:38:36.8317238Z  speex                              x86_64 0:1.2.0-21.fc44                   fedora                           128.4 KiB
2026-10-07T12:38:36.8317829Z  spirv-tools-libs                   x86_64 0:2026.1-1.fc44                   fedora                             6.1 MiB
2026-10-07T12:38:36.8318404Z  sqlite                             x86_64 0:3.51.2-2.fc44                   updates                            1.9 MiB
2026-10-07T12:38:36.8318958Z  sqlite-devel                       x86_64 0:3.51.2-2.fc44                   updates                          694.0 KiB
2026-10-07T12:38:36.8319519Z  srt-libs                           x86_64 0:1.5.7-1.fc44                    updates                            1.1 MiB
2026-10-07T12:38:36.8320168Z  svt-av1-libs                       x86_64 0:3.1.2-2.fc44                    fedora                             5.6 MiB
2026-10-07T12:38:36.8320766Z  sysprof-capture-devel              x86_64 0:50.0-1.fc44                     fedora                           813.8 KiB
2026-10-07T12:38:36.8321411Z  systemd-standalone-tmpfiles        x86_64 0:259.9-1.fc44                    updates                          435.2 KiB
2026-10-07T12:38:36.8322016Z  taglib                             x86_64 0:2.3-2.fc44                      updates                            1.6 MiB
2026-10-07T12:38:36.8322580Z  totem-pl-parser                    x86_64 0:3.26.7-1.fc44                   updates                          315.2 KiB
2026-10-07T12:38:36.8323159Z  twolame-libs                       x86_64 0:0.4.0-9.fc44                    fedora                           161.4 KiB
2026-10-07T12:38:36.8323846Z  uchardet                           x86_64 0:0.0.8-10.fc44                   fedora                           275.3 KiB
2026-10-07T12:38:36.8324405Z  upower-libs                        x86_64 0:1.91.5-1.fc44                   updates                          178.7 KiB
2026-10-07T12:38:36.8324963Z  util-linux                         x86_64 0:2.41.5-1.fc44                   updates                            3.5 MiB
2026-10-07T12:38:36.8325520Z  vo-amrwbenc                        x86_64 0:0.1.3-24.fc44                   fedora                           157.8 KiB
2026-10-07T12:38:36.8326102Z  vulkan-headers                     noarch 0:1.4.341.0-1.fc44                fedora                            36.1 MiB
2026-10-07T12:38:36.8326697Z  vulkan-loader                      x86_64 0:1.4.341.0-1.fc44                fedora                           577.6 KiB
2026-10-07T12:38:36.8327300Z  vulkan-loader-devel                x86_64 0:1.4.341.0-1.fc44                fedora                             8.0 KiB
2026-10-07T12:38:36.8327878Z  wavpack                            x86_64 0:5.9.0-2.fc44                    fedora                           586.0 KiB
2026-10-07T12:38:36.8328439Z  wayland-devel                      x86_64 0:1.26.0-1.fc44                   updates                          724.6 KiB
2026-10-07T12:38:36.8329009Z  webkitgtk6.0                       x86_64 0:2.54.1-1.fc44                   updates                           96.2 MiB
2026-10-07T12:38:36.8329606Z  webrtc-audio-processing            x86_64 0:2.1-5.fc44                      fedora                             1.1 MiB
2026-10-07T12:38:36.8330341Z  xdg-dbus-proxy                     x86_64 0:0.1.9-1.fc44                    updates                           95.5 KiB
2026-10-07T12:38:36.8330940Z  xdg-desktop-portal                 x86_64 0:1.22.1-1.fc44                   updates                            1.9 MiB
2026-10-07T12:38:36.8331516Z  xevd-libs                          x86_64 0:0.5.0-6.fc44                    fedora                           379.9 KiB
2026-10-07T12:38:36.8332064Z  xeve-libs                          x86_64 0:0.5.1-6.fc44                    fedora                           904.7 KiB
2026-10-07T12:38:36.8332638Z  xkeyboard-config                   noarch 0:2.47-1.fc44                     fedora                             6.4 MiB
2026-10-07T12:38:36.8333340Z  xml-common                         noarch 0:0.6.3-68.fc44                   fedora                            78.4 KiB
2026-10-07T12:38:36.8333952Z  xorg-x11-proto-devel               noarch 0:2025.1-2.fc44                   fedora                             1.8 MiB
2026-10-07T12:38:36.8334546Z  xprop                              x86_64 0:1.2.8-5.fc44                    fedora                            54.5 KiB
2026-10-07T12:38:36.8335114Z  xvidcore                           x86_64 0:1.3.7-19.fc44                   fedora                           878.3 KiB
2026-10-07T12:38:36.8335657Z  xz-devel                           x86_64 1:5.8.2-2.fc44                    fedora                           258.8 KiB
2026-10-07T12:38:36.8336191Z  zeromq                             x86_64 0:4.3.5-22.fc43                   fedora                           894.1 KiB
2026-10-07T12:38:36.8336880Z  zlib-ng-compat-devel               x86_64 0:2.3.3-3.fc44                    fedora                           107.0 KiB
2026-10-07T12:38:36.8337458Z  zvbi                               x86_64 0:0.2.44-3.fc44                   fedora                             1.2 MiB
2026-10-07T12:38:36.8337882Z Installing weak dependencies:
2026-10-07T12:38:36.8338281Z  7zip                               x86_64 0:26.03-1.fc44                    updates                            3.3 MiB
2026-10-07T12:38:36.8338853Z  adwaita-mono-fonts                 noarch 0:50.0-1.fc44                     fedora                             5.6 MiB
2026-10-07T12:38:36.8339461Z  adwaita-sans-fonts                 noarch 0:50.0-1.fc44                     fedora                             1.7 MiB
2026-10-07T12:38:36.8340028Z  bat                                x86_64 0:0.26.1-4.fc44                   updates                            5.3 MiB
2026-10-07T12:38:36.8340558Z  dconf                              x86_64 0:0.49.0-5.fc44                   fedora                           306.9 KiB
2026-10-07T12:38:36.8341086Z  exiv2                              x86_64 0:0.28.9-1.fc44                   updates                           12.2 MiB
2026-10-07T12:38:36.8341620Z  geoclue2                           x86_64 0:2.8.2-1.fc44                    updates                          413.2 KiB
2026-10-07T12:38:36.8342202Z  gi-docgen-fonts                    noarch 0:2026.1-3.fc44                   fedora                             0.0   B
2026-10-07T12:38:36.8342835Z  gstreamer1-plugins-bad-free        x86_64 0:1.28.7-1.fc44                   updates                           10.2 MiB
2026-10-07T12:38:36.8343659Z  gstreamer1-plugins-good            x86_64 0:1.28.7-1.fc44                   updates                            7.5 MiB
2026-10-07T12:38:36.8344293Z  hunspell-en                        noarch 0:0.20260225-2.fc44               updates                            7.1 KiB
2026-10-07T12:38:36.8344897Z  intel-mediasdk                     x86_64 0:23.2.2-11.fc44                  updates                           24.5 MiB
2026-10-07T12:38:36.8345487Z  intel-vpl-gpu-rt                   x86_64 0:26.3.4-1.fc44                   updates                           11.7 MiB
2026-10-07T12:38:36.8346061Z  less-color                         x86_64 0:704-4.fc44                      updates                            2.4 KiB
2026-10-07T12:38:36.8346778Z  libcanberra-gtk3                   x86_64 0:0.30-39.fc44                    fedora                            70.4 KiB
2026-10-07T12:38:36.8347363Z  libheif-ffmpeg                     x86_64 0:1.23.5-3.fc44                   updates                           32.1 KiB
2026-10-07T12:38:36.8347937Z  localsearch                        x86_64 0:3.11.2-1.fc44                   updates                            3.5 MiB
2026-10-07T12:38:36.8348530Z  mesa-vulkan-drivers                x86_64 0:26.2.3-1.fc44                   updates                          173.9 MiB
2026-10-07T12:38:36.8349145Z  perl-NDBM_File                     x86_64 0:1.18-525.fc44                   updates                           28.4 KiB
2026-10-07T12:38:36.8349777Z  python-unversioned-command         noarch 0:3.14.8-1.fc44                   updates                           23.0   B
2026-10-07T12:38:36.8350420Z  python3-html2text                  noarch 0:2025.4.15-6.fc44                fedora                           289.4 KiB
2026-10-07T12:38:36.8351422Z  tinysparql                         x86_64 0:3.11.1-1.fc44                   updates                            2.6 MiB
2026-10-07T12:38:36.8352444Z  unzip                              x86_64 0:6.0-69.fc44                     fedora                           445.8 KiB
2026-10-07T12:38:36.8355074Z  xdg-desktop-portal-gtk             x86_64 0:1.15.3-3.fc44                   fedora                           469.2 KiB
2026-10-07T12:38:36.8355736Z 
2026-10-07T12:38:36.8355929Z Transaction Summary:
2026-10-07T12:38:36.8356317Z  Installing:       471 packages
2026-10-07T12:38:36.8356741Z  Upgrading:          6 packages
2026-10-07T12:38:36.8357468Z  Replacing:          6 packages
2026-10-07T12:38:36.8357793Z 
2026-10-07T12:38:36.8639207Z [  1/477] git-0:2.56.0-1.fc44.x86_64    100% |   1.4 MiB/s |  40.8 KiB |  00m00s
2026-10-07T12:38:36.8764164Z [  2/477] perl-Git-0:2.56.0-1.fc44.noar 100% |   3.0 MiB/s |  37.4 KiB |  00m00s
2026-10-07T12:38:36.8909332Z [  3/477] perl-Getopt-Long-1:2.58-521.f 100% |   4.8 MiB/s |  63.6 KiB |  00m00s
2026-10-07T12:38:36.9061792Z [  4/477] perl-PathTools-0:3.94-521.fc4 100% |   5.7 MiB/s |  87.3 KiB |  00m00s
2026-10-07T12:38:36.9163913Z [  5/477] perl-TermReadKey-0:2.38-27.fc 100% |   3.8 MiB/s |  35.5 KiB |  00m00s
2026-10-07T12:38:36.9312300Z [  6/477] expat-0:2.8.5-1.fc44.x86_64   100% |   9.4 MiB/s | 134.4 KiB |  00m00s
2026-10-07T12:38:36.9466387Z [  7/477] git-core-doc-0:2.56.0-1.fc44. 100% |  28.8 MiB/s |   3.2 MiB |  00m00s
2026-10-07T12:38:36.9481086Z [  8/477] perl-Error-1:0.17030-3.fc44.n 100% |   2.6 MiB/s |  40.3 KiB |  00m00s
2026-10-07T12:38:36.9556363Z [  9/477] perl-Exporter-0:5.79-521.fc44 100% |   3.8 MiB/s |  30.8 KiB |  00m00s
2026-10-07T12:38:36.9567622Z [ 10/477] perl-constant-0:1.33-522.fc44 100% |   2.8 MiB/s |  22.9 KiB |  00m00s
2026-10-07T12:38:36.9744875Z [ 11/477] git-core-0:2.56.0-1.fc44.x86_ 100% |  41.3 MiB/s |   5.7 MiB |  00m00s
2026-10-07T12:38:36.9755817Z [ 12/477] perl-Pod-Usage-4:2.05-521.fc4 100% |   2.1 MiB/s |  40.7 KiB |  00m00s
2026-10-07T12:38:36.9760965Z [ 13/477] perl-Text-ParseWords-0:3.31-5 100% | 915.1 KiB/s |  16.5 KiB |  00m00s
2026-10-07T12:38:36.9832506Z [ 14/477] perl-Carp-0:1.54-521.fc44.noa 100% |   3.5 MiB/s |  28.8 KiB |  00m00s
2026-10-07T12:38:36.9852891Z [ 15/477] perl-Scalar-List-Utils-5:1.70 100% |   9.2 MiB/s |  75.4 KiB |  00m00s
2026-10-07T12:38:36.9861206Z [ 16/477] perl-Pod-Perldoc-0:3.28.01-52 100% |   9.3 MiB/s |  86.1 KiB |  00m00s
2026-10-07T12:38:36.9952948Z [ 17/477] perl-File-Temp-1:0.231.200-2. 100% |   7.3 MiB/s |  59.6 KiB |  00m00s
2026-10-07T12:38:37.0008531Z [ 18/477] perl-Pod-Simple-1:3.47-4.fc44 100% |  15.3 MiB/s | 220.0 KiB |  00m00s
2026-10-07T12:38:37.0044662Z [ 19/477] perl-parent-1:0.244-521.fc44. 100% |   1.8 MiB/s |  14.9 KiB |  00m00s
2026-10-07T12:38:37.0092633Z [ 20/477] perl-File-Path-0:2.18-522.fc4 100% |   4.3 MiB/s |  35.3 KiB |  00m00s
2026-10-07T12:38:37.0119742Z [ 21/477] perl-Pod-Escapes-1:1.07-521.f 100% |   2.8 MiB/s |  19.8 KiB |  00m00s
2026-10-07T12:38:37.0180371Z [ 22/477] perl-Text-Tabs+Wrap-0:2024.00 100% |   2.7 MiB/s |  21.8 KiB |  00m00s
2026-10-07T12:38:37.0237917Z [ 23/477] groff-base-0:1.23.0-12.fc44.x 100% |  28.1 MiB/s |   1.1 MiB |  00m00s
2026-10-07T12:38:37.0388233Z [ 24/477] make-1:4.4.1-12.fc44.x86_64   100% |  44.2 MiB/s | 588.7 KiB |  00m00s
2026-10-07T12:38:37.1113000Z [ 25/477] cpp-0:16.2.1-2.fc44.x86_64    100% | 158.7 MiB/s |  14.6 MiB |  00m00s
2026-10-07T12:38:37.1204498Z [ 26/477] pkgconf-pkg-config-0:2.5.1-1. 100% |   1.2 MiB/s |   9.5 KiB |  00m00s
2026-10-07T12:38:37.1305278Z [ 27/477] pkgconf-0:2.5.1-1.fc44.x86_64 100% |   5.3 MiB/s |  48.7 KiB |  00m00s
2026-10-07T12:38:37.1393739Z [ 28/477] pkgconf-m4-0:2.5.1-1.fc44.noa 100% |   1.7 MiB/s |  13.8 KiB |  00m00s
2026-10-07T12:38:37.1686112Z [ 29/477] gcc-c++-0:16.2.1-2.fc44.x86_6 100% | 134.5 MiB/s |  17.3 MiB |  00m00s
2026-10-07T12:38:37.1699763Z [ 30/477] libpkgconf-0:2.5.1-1.fc44.x86 100% |   1.4 MiB/s |  42.7 KiB |  00m00s
2026-10-07T12:38:37.2738643Z [ 31/477] gcc-0:16.2.1-2.fc44.x86_64    100% | 165.8 MiB/s |  43.3 MiB |  00m00s
2026-10-07T12:38:37.2847463Z [ 32/477] gtk4-devel-0:4.22.5-2.fc44.x8 100% |  40.4 MiB/s |   4.6 MiB |  00m00s
2026-10-07T12:38:37.2867384Z [ 33/477] colord-libs-0:1.4.8-4.fc44.x8 100% |  19.0 MiB/s | 233.7 KiB |  00m00s
2026-10-07T12:38:37.3010303Z [ 34/477] gtk4-0:4.22.5-2.fc44.x86_64   100% |  51.7 MiB/s |   6.7 MiB |  00m00s
2026-10-07T12:38:37.3025212Z [ 35/477] fribidi-0:1.0.16-4.fc44.x86_6 100% |   3.5 MiB/s |  53.8 KiB |  00m00s
2026-10-07T12:38:37.3042572Z [ 36/477] fontconfig-0:2.17.0-4.fc44.x8 100% |  15.1 MiB/s | 278.2 KiB |  00m00s
2026-10-07T12:38:37.3109832Z [ 37/477] libXcursor-0:1.2.3-4.fc44.x86 100% |   4.5 MiB/s |  32.5 KiB |  00m00s
2026-10-07T12:38:37.3127455Z [ 38/477] libXdamage-0:1.1.6-7.fc44.x86 100% |   2.8 MiB/s |  23.3 KiB |  00m00s
2026-10-07T12:38:37.3196180Z [ 39/477] libXext-0:1.3.6-5.fc44.x86_64 100% |   5.0 MiB/s |  40.7 KiB |  00m00s
2026-10-07T12:38:37.3207707Z [ 40/477] graphene-0:1.10.8-4.fc44.x86_ 100% |   3.3 MiB/s |  60.9 KiB |  00m00s
2026-10-07T12:38:37.3217668Z [ 41/477] libXfixes-0:6.0.1-7.fc44.x86_ 100% |   2.4 MiB/s |  19.3 KiB |  00m00s
2026-10-07T12:38:37.3277951Z [ 42/477] libXinerama-0:1.1.5-10.fc44.x 100% |   2.0 MiB/s |  14.3 KiB |  00m00s
2026-10-07T12:38:37.3296360Z [ 43/477] libXrandr-0:1.5.4-7.fc44.x86_ 100% |   3.4 MiB/s |  27.8 KiB |  00m00s
2026-10-07T12:38:37.3311218Z [ 44/477] libepoxy-0:1.5.10-12.fc44.x86 100% |  25.0 MiB/s | 230.4 KiB |  00m00s
2026-10-07T12:38:37.3368942Z [ 45/477] libjpeg-turbo-0:3.1.3-1.fc44. 100% |  29.7 MiB/s | 243.4 KiB |  00m00s
2026-10-07T12:38:37.3391150Z [ 46/477] libxkbcommon-0:1.13.1-2.fc44. 100% |  20.2 MiB/s | 185.8 KiB |  00m00s
2026-10-07T12:38:37.3419171Z [ 47/477] pango-0:1.57.1-1.fc44.x86_64  100% |  35.7 MiB/s | 366.1 KiB |  00m00s
2026-10-07T12:38:37.3457658Z [ 48/477] vulkan-loader-0:1.4.341.0-1.f 100% |  20.2 MiB/s | 165.8 KiB |  00m00s
2026-10-07T12:38:37.3494432Z [ 49/477] adwaita-icon-theme-0:50.0-1.f 100% |  43.9 MiB/s | 404.9 KiB |  00m00s
2026-10-07T12:38:37.3505137Z [ 50/477] hicolor-icon-theme-0:0.18-3.f 100% |   8.1 MiB/s |  66.0 KiB |  00m00s
2026-10-07T12:38:37.3554931Z [ 51/477] shared-mime-info-0:2.4-3.fc44 100% |  43.6 MiB/s | 402.0 KiB |  00m00s
2026-10-07T12:38:37.3587213Z [ 52/477] lcms2-0:2.16-7.fc44.x86_64    100% |  23.4 MiB/s | 191.4 KiB |  00m00s
2026-10-07T12:38:37.3624849Z [ 53/477] libgusb-0:0.4.9-5.fc44.x86_64 100% |   5.7 MiB/s |  64.7 KiB |  00m00s
2026-10-07T12:38:37.3638488Z [ 54/477] default-fonts-core-sans-0:4.3 100% |   3.6 MiB/s |  29.2 KiB |  00m00s
2026-10-07T12:38:37.3673547Z [ 55/477] fonts-filesystem-1:5.0.0-2.fc 100% |   1.1 MiB/s |   8.9 KiB |  00m00s
2026-10-07T12:38:37.3707288Z [ 56/477] xml-common-0:0.6.3-68.fc44.no 100% |   4.3 MiB/s |  31.1 KiB |  00m00s
2026-10-07T12:38:37.3723315Z [ 57/477] libXrender-0:0.9.12-4.fc44.x8 100% |   3.4 MiB/s |  27.9 KiB |  00m00s
2026-10-07T12:38:37.3798349Z [ 58/477] xkeyboard-config-0:2.47-1.fc4 100% |  81.4 MiB/s |   1.0 MiB |  00m00s
2026-10-07T12:38:37.3813480Z [ 59/477] libXft-0:2.3.8-10.fc44.x86_64 100% |   7.3 MiB/s |  74.3 KiB |  00m00s
2026-10-07T12:38:37.3828254Z [ 60/477] libthai-0:0.1.30-2.fc44.x86_6 100% |  21.1 MiB/s | 216.1 KiB |  00m00s
2026-10-07T12:38:37.3907647Z [ 61/477] adwaita-cursor-theme-0:50.0-1 100% |  37.2 MiB/s | 380.7 KiB |  00m00s
2026-10-07T12:38:37.3946664Z [ 62/477] json-glib-0:1.10.8-5.fc44.x86 100% |  15.6 MiB/s | 175.5 KiB |  00m00s
2026-10-07T12:38:37.4011427Z [ 63/477] adwaita-icon-theme-legacy-0:4 100% | 130.4 MiB/s |   2.5 MiB |  00m00s
2026-10-07T12:38:37.4025907Z [ 64/477] abattis-cantarell-vf-fonts-0: 100% |  10.7 MiB/s | 120.4 KiB |  00m00s
2026-10-07T12:38:37.4060002Z [ 65/477] google-noto-sans-vf-fonts-0:2 100% |  60.1 MiB/s | 614.9 KiB |  00m00s
2026-10-07T12:38:37.4101244Z [ 66/477] libdatrie-0:0.2.14-2.fc44.x86 100% |   4.0 MiB/s |  33.1 KiB |  00m00s
2026-10-07T12:38:37.4113087Z [ 67/477] google-noto-fonts-common-0:20 100% |   2.2 MiB/s |  17.7 KiB |  00m00s
2026-10-07T12:38:37.4152210Z [ 68/477] webkitgtk6.0-devel-0:2.54.1-1 100% |  27.9 MiB/s | 228.6 KiB |  00m00s
2026-10-07T12:38:37.4208531Z [ 69/477] javascriptcoregtk6.0-devel-0: 100% |  16.1 MiB/s | 148.8 KiB |  00m00s
2026-10-07T12:38:37.4762765Z [ 70/477] javascriptcoregtk6.0-0:2.54.1 100% | 139.8 MiB/s |   9.1 MiB |  00m00s
2026-10-07T12:38:37.4856157Z [ 71/477] hyphen-0:2.8.8-28.fc44.x86_64 100% |   3.6 MiB/s |  29.6 KiB |  00m00s
2026-10-07T12:38:37.4958263Z [ 72/477] libavif-0:1.3.0-4.fc44.x86_64 100% |  13.6 MiB/s | 125.8 KiB |  00m00s
2026-10-07T12:38:37.5188839Z [ 73/477] flite-0:2.2-13.fc44.x86_64    100% | 128.6 MiB/s |  12.5 MiB |  00m00s
2026-10-07T12:38:37.5203973Z [ 74/477] libmanette-0:0.2.13-2.fc44.x8 100% |   2.9 MiB/s |  67.8 KiB |  00m00s
2026-10-07T12:38:37.5296115Z [ 75/477] libwebp-0:1.6.0-3.fc44.x86_64 100% |  35.8 MiB/s | 329.9 KiB |  00m00s
2026-10-07T12:38:37.5318464Z [ 76/477] libxslt-0:1.1.43-6.fc44.x86_6 100% |  17.1 MiB/s | 192.7 KiB |  00m00s
2026-10-07T12:38:37.5430768Z [ 77/477] pulseaudio-libs-0:17.0-9.fc44 100% |  57.4 MiB/s | 705.3 KiB |  00m00s
2026-10-07T12:38:37.5444137Z [ 78/477] libyuv-0:0-0.61.20260213git60 100% |  17.0 MiB/s | 209.3 KiB |  00m00s
2026-10-07T12:38:37.5583086Z [ 79/477] rav1e-libs-0:0.8.1-3.fc44.x86 100% |  76.3 MiB/s |   1.1 MiB |  00m00s
2026-10-07T12:38:37.5658720Z [ 80/477] svt-av1-libs-0:3.1.2-2.fc44.x 100% | 101.3 MiB/s |   2.0 MiB |  00m00s
2026-10-07T12:38:37.5673578Z [ 81/477] hidapi-0:0.15.0-3.fc44.x86_64 100% |   5.9 MiB/s |  48.0 KiB |  00m00s
2026-10-07T12:38:37.6138644Z [ 82/477] webkitgtk6.0-0:2.54.1-1.fc44. 100% | 148.6 MiB/s |  29.4 MiB |  00m00s
2026-10-07T12:38:37.6150636Z [ 83/477] libgudev-0:238-9.fc44.x86_64  100% | 733.2 KiB/s |  35.2 KiB |  00m00s
2026-10-07T12:38:37.6159967Z [ 84/477] dbus-libs-1:1.16.2-1.fc44.x86 100% |   3.2 MiB/s | 155.1 KiB |  00m00s
2026-10-07T12:38:37.6258256Z [ 85/477] libxcb-0:1.17.0-7.fc44.x86_64 100% |  25.8 MiB/s | 238.0 KiB |  00m00s
2026-10-07T12:38:37.6342388Z [ 86/477] gsm-0:1.0.24-2.fc44.x86_64    100% |   4.4 MiB/s |  36.0 KiB |  00m00s
2026-10-07T12:38:37.6404441Z [ 87/477] libsndfile-0:1.2.2-11.fc44.x8 100% |   8.8 MiB/s | 224.1 KiB |  00m00s
2026-10-07T12:38:37.6439898Z [ 88/477] lame-libs-0:3.100-21.fc44.x86 100% |  37.0 MiB/s | 341.0 KiB |  00m00s
2026-10-07T12:38:37.6487126Z [ 89/477] flac-libs-0:1.5.0-8.fc44.x86_ 100% |   6.9 MiB/s | 225.7 KiB |  00m00s
2026-10-07T12:38:37.6496745Z [ 90/477] libogg-2:1.3.6-2.fc44.x86_64  100% |   4.1 MiB/s |  33.5 KiB |  00m00s
2026-10-07T12:38:37.6530731Z [ 91/477] libvorbis-1:1.3.7-14.fc44.x86 100% |  23.3 MiB/s | 191.0 KiB |  00m00s
2026-10-07T12:38:37.6589041Z [ 92/477] mpg123-libs-0:1.32.10-3.fc44. 100% |  39.3 MiB/s | 362.3 KiB |  00m00s
2026-10-07T12:38:37.6607377Z [ 93/477] opus-0:1.6-2.fc44.x86_64      100% |  24.9 MiB/s | 255.4 KiB |  00m00s
2026-10-07T12:38:37.6617146Z [ 94/477] libXau-0:1.0.12-4.fc44.x86_64 100% |   4.1 MiB/s |  33.7 KiB |  00m00s
2026-10-07T12:38:37.6792331Z [ 95/477] perl-libs-4:5.42.3-525.fc44.x 100% | 151.3 MiB/s |   2.6 MiB |  00m00s
2026-10-07T12:38:37.6803557Z [ 96/477] libasyncns-0:0.8-34.fc44.x86_ 100% |   1.5 MiB/s |  30.2 KiB |  00m00s
2026-10-07T12:38:37.6811557Z [ 97/477] perl-interpreter-4:5.42.3-525 100% |   3.7 MiB/s |  71.7 KiB |  00m00s
2026-10-07T12:38:37.6896846Z [ 98/477] perl-DynaLoader-0:1.57-525.fc 100% |   3.1 MiB/s |  25.3 KiB |  00m00s
2026-10-07T12:38:37.6989128Z [ 99/477] perl-podlators-1:6.0.2-522.fc 100% |  15.6 MiB/s | 128.2 KiB |  00m00s
2026-10-07T12:38:37.7071687Z [100/477] perl-Term-ANSIColor-0:5.01-52 100% |   5.8 MiB/s |  47.7 KiB |  00m00s
2026-10-07T12:38:37.7174952Z [101/477] perl-Term-Cap-0:1.18-521.fc44 100% |   2.1 MiB/s |  22.0 KiB |  00m00s
2026-10-07T12:38:37.7219252Z [102/477] perl-Errno-0:1.38-525.fc44.x8 100% | 339.3 KiB/s |  14.3 KiB |  00m00s
2026-10-07T12:38:37.7229710Z [103/477] perl-vars-0:1.05-525.fc44.noa 100% | 299.8 KiB/s |  12.3 KiB |  00m00s
2026-10-07T12:38:37.7284636Z [104/477] ncurses-0:6.6-1.fc44.x86_64   100% |  42.0 MiB/s | 429.8 KiB |  00m00s
2026-10-07T12:38:37.7327023Z [105/477] perl-File-Basename-0:2.86-525 100% |   1.6 MiB/s |  16.5 KiB |  00m00s
2026-10-07T12:38:37.7336984Z [106/477] perl-Symbol-0:1.09-525.fc44.n 100% |   1.3 MiB/s |  13.5 KiB |  00m00s
2026-10-07T12:38:37.7366420Z [107/477] perl-if-0:0.61.000-525.fc44.n 100% |   1.9 MiB/s |  13.3 KiB |  00m00s
2026-10-07T12:38:37.7412533Z [108/477] perl-overload-0:1.40-525.fc44 100% |   5.5 MiB/s |  44.9 KiB |  00m00s
2026-10-07T12:38:37.7471436Z [109/477] perl-Encode-4:3.21-521.fc44.x 100% |  80.9 MiB/s |   1.1 MiB |  00m00s
2026-10-07T12:38:37.7478334Z [110/477] perl-MIME-Base64-0:3.16-521.f 100% |   2.9 MiB/s |  29.8 KiB |  00m00s
2026-10-07T12:38:37.7512510Z [111/477] perl-Storable-1:3.37-522.fc44 100% |  10.9 MiB/s | 100.9 KiB |  00m00s
2026-10-07T12:38:37.7563300Z [112/477] perl-Fcntl-0:1.20-525.fc44.x8 100% |   3.5 MiB/s |  29.1 KiB |  00m00s
2026-10-07T12:38:37.7575183Z [113/477] perl-HTTP-Tiny-0:0.096-1.fc44 100% |   6.3 MiB/s |  57.8 KiB |  00m00s
2026-10-07T12:38:37.7603415Z [114/477] perl-IO-Socket-SSL-0:2.098-2. 100% |  28.6 MiB/s | 234.7 KiB |  00m00s
2026-10-07T12:38:37.7662042Z [115/477] perl-Net-SSLeay-0:1.94-12.fc4 100% |  40.5 MiB/s | 373.4 KiB |  00m00s
2026-10-07T12:38:37.7674416Z [116/477] perl-Time-HiRes-4:1.9778-521. 100% |   6.2 MiB/s |  57.2 KiB |  00m00s
2026-10-07T12:38:37.7688140Z [117/477] perl-Time-Local-2:1.350-521.f 100% |   4.2 MiB/s |  34.5 KiB |  00m00s
2026-10-07T12:38:37.7747119Z [118/477] perl-IO-Socket-IP-0:0.43-522. 100% |   5.1 MiB/s |  42.2 KiB |  00m00s
2026-10-07T12:38:37.7759577Z [119/477] perl-IO-0:1.55-525.fc44.x86_6 100% |   9.9 MiB/s |  81.5 KiB |  00m00s
2026-10-07T12:38:37.7768904Z [120/477] perl-IPC-Open3-0:1.24-525.fc4 100% |   3.2 MiB/s |  23.2 KiB |  00m00s
2026-10-07T12:38:37.7830080Z [121/477] perl-AutoLoader-0:5.74-525.fc 100% |   2.5 MiB/s |  20.5 KiB |  00m00s
2026-10-07T12:38:37.7845125Z [122/477] perl-Socket-4:2.043-1.fc44.x8 100% |   6.8 MiB/s |  55.4 KiB |  00m00s
2026-10-07T12:38:37.7859983Z [123/477] perl-URI-0:5.36-1.fc44.noarch 100% |  18.2 MiB/s | 149.3 KiB |  00m00s
2026-10-07T12:38:37.7914205Z [124/477] perl-MIME-Base32-0:1.303-25.f 100% |   2.5 MiB/s |  20.5 KiB |  00m00s
2026-10-07T12:38:37.7947347Z [125/477] perl-libnet-0:3.15-522.fc44.n 100% |  15.7 MiB/s | 128.4 KiB |  00m00s
2026-10-07T12:38:37.7996670Z [126/477] perl-Digest-MD5-0:2.59-521.fc 100% |   4.4 MiB/s |  36.0 KiB |  00m00s
2026-10-07T12:38:37.8055808Z [127/477] perl-Unicode-Normalize-0:1.32 100% |   3.6 MiB/s |  74.4 KiB |  00m00s
2026-10-07T12:38:37.8065799Z [128/477] perl-Digest-0:1.20-521.fc44.n 100% |   2.2 MiB/s |  24.9 KiB |  00m00s
2026-10-07T12:38:37.8081413Z [129/477] perl-POSIX-0:2.23-525.fc44.x8 100% |  11.8 MiB/s |  96.3 KiB |  00m00s
2026-10-07T12:38:37.8138620Z [130/477] perl-base-0:2.27-525.fc44.noa 100% |   2.2 MiB/s |  15.5 KiB |  00m00s
2026-10-07T12:38:37.8147558Z [131/477] perl-Getopt-Std-0:1.14-525.fc 100% |   2.1 MiB/s |  15.0 KiB |  00m00s
2026-10-07T12:38:37.8188153Z [132/477] cairo-0:1.18.6-1.fc44.x86_64  100% |  74.0 MiB/s | 757.6 KiB |  00m00s
2026-10-07T12:38:37.8227840Z [133/477] lzo-0:2.10-16.fc44.x86_64     100% |   8.5 MiB/s |  69.7 KiB |  00m00s
2026-10-07T12:38:37.8246009Z [134/477] pixman-0:0.46.2-3.fc44.x86_64 100% |  32.3 MiB/s | 297.4 KiB |  00m00s
2026-10-07T12:38:37.8269533Z [135/477] cairo-gobject-0:1.18.6-1.fc44 100% |   2.4 MiB/s |  16.9 KiB |  00m00s
2026-10-07T12:38:37.8331921Z [136/477] freetype-0:2.14.3-1.fc44.x86_ 100% |  48.2 MiB/s | 444.0 KiB |  00m00s
2026-10-07T12:38:37.8357569Z [137/477] graphite2-0:1.3.14-20.fc44.x8 100% |  11.8 MiB/s |  96.5 KiB |  00m00s
2026-10-07T12:38:37.8389493Z [138/477] harfbuzz-0:14.1.0-2.fc44.x86_ 100% |  78.8 MiB/s |   1.1 MiB |  00m00s
2026-10-07T12:38:37.8438580Z [139/477] harfbuzz-icu-0:14.1.0-2.fc44. 100% |   1.6 MiB/s |  16.6 KiB |  00m00s
2026-10-07T12:38:37.8468097Z [140/477] libX11-0:1.8.13-3.fc44.x86_64 100% |  66.4 MiB/s | 680.0 KiB |  00m00s
2026-10-07T12:38:37.8483460Z [141/477] libX11-common-0:1.8.13-3.fc44 100% |  19.0 MiB/s | 175.3 KiB |  00m00s
2026-10-07T12:38:37.8524911Z [142/477] libevdev-0:1.13.7-1.fc44.x86_ 100% |   4.8 MiB/s |  39.0 KiB |  00m00s
2026-10-07T12:38:37.8619025Z [143/477] libaom-0:3.13.3-1.fc44.x86_64 100% | 134.4 MiB/s |   1.9 MiB |  00m00s
2026-10-07T12:38:37.8629514Z [144/477] libvmaf-0:3.0.0-5.fc44.x86_64 100% |  14.1 MiB/s | 202.9 KiB |  00m00s
2026-10-07T12:38:37.8660419Z [145/477] libdav1d-0:1.5.4-1.fc44.x86_6 100% |  49.9 MiB/s | 664.8 KiB |  00m00s
2026-10-07T12:38:37.8726402Z [146/477] python3-packaging-0:25.0-8.fc 100% |  19.7 MiB/s | 161.2 KiB |  00m00s
2026-10-07T12:38:37.8779487Z [147/477] glib2-devel-0:2.88.3-1.fc44.x 100% | 107.4 MiB/s |   1.5 MiB |  00m00s
2026-10-07T12:38:37.8838819Z [148/477] gstreamer1-0:1.28.7-1.fc44.x8 100% | 100.0 MiB/s |   1.7 MiB |  00m00s
2026-10-07T12:38:37.8851616Z [149/477] libsoup3-devel-0:3.6.6-10.fc4 100% |  10.2 MiB/s | 125.9 KiB |  00m00s
2026-10-07T12:38:37.8877457Z [150/477] libsoup3-0:3.6.6-10.fc44.x86_ 100% |  44.3 MiB/s | 408.4 KiB |  00m00s
2026-10-07T12:38:37.8931711Z [151/477] glib-networking-0:2.80.1-4.fc 100% |  24.8 MiB/s | 202.9 KiB |  00m00s
2026-10-07T12:38:37.8941747Z [152/477] libproxy-0:0.5.12-2.fc44.x86_ 100% |   5.5 MiB/s |  45.4 KiB |  00m00s
2026-10-07T12:38:37.8968968Z [153/477] duktape-0:2.7.0-11.fc44.x86_6 100% |  21.0 MiB/s | 172.0 KiB |  00m00s
2026-10-07T12:38:37.9019341Z [154/477] bubblewrap-0:0.12.0-1.fc44.x8 100% |   8.2 MiB/s |  66.9 KiB |  00m00s
2026-10-07T12:38:37.9031976Z [155/477] enchant2-0:2.8.21-1.fc44.x86_ 100% |  11.7 MiB/s |  95.4 KiB |  00m00s
2026-10-07T12:38:37.9066461Z [156/477] gdk-pixbuf2-0:2.44.6^really2. 100% |  53.2 MiB/s | 490.4 KiB |  00m00s
2026-10-07T12:38:37.9150127Z [157/477] cdparanoia-libs-0:10.2-50.fc4 100% |   5.0 MiB/s |  56.0 KiB |  00m00s
2026-10-07T12:38:37.9264790Z [158/477] gstreamer1-plugins-base-0:1.2 100% |  98.1 MiB/s |   2.4 MiB |  00m00s
2026-10-07T12:38:37.9364045Z [159/477] iso-codes-0:4.20.1-3.fc44.noa 100% | 136.4 MiB/s |   4.0 MiB |  00m00s
2026-10-07T12:38:37.9375163Z [160/477] libXv-0:1.0.13-4.fc44.x86_64  100% | 889.0 KiB/s |  18.7 KiB |  00m00s
2026-10-07T12:38:37.9381812Z [161/477] libglvnd-egl-1:1.7.0-9.fc44.x 100% |   3.3 MiB/s |  37.2 KiB |  00m00s
2026-10-07T12:38:37.9454023Z [162/477] libglvnd-glx-1:1.7.0-9.fc44.x 100% |  16.2 MiB/s | 132.5 KiB |  00m00s
2026-10-07T12:38:37.9475569Z [163/477] libtheora-1:1.1.1-41.fc44.x86 100% |  20.7 MiB/s | 170.0 KiB |  00m00s
2026-10-07T12:38:37.9485780Z [164/477] libvisual-1:0.4.2-4.fc44.x86_ 100% |  17.2 MiB/s | 158.5 KiB |  00m00s
2026-10-07T12:38:37.9547519Z [165/477] orc-0:0.4.41-3.fc44.x86_64    100% |  27.4 MiB/s | 224.2 KiB |  00m00s
2026-10-07T12:38:37.9574620Z [166/477] libatomic-0:16.2.1-2.fc44.x86 100% |   6.8 MiB/s |  55.3 KiB |  00m00s
2026-10-07T12:38:37.9587273Z [167/477] libglvnd-1:1.7.0-9.fc44.x86_6 100% |  12.4 MiB/s | 114.7 KiB |  00m00s
2026-10-07T12:38:37.9634704Z [168/477] libdrm-0:2.4.134-1.fc44.x86_6 100% |  20.3 MiB/s | 166.7 KiB |  00m00s
2026-10-07T12:38:37.9660175Z [169/477] libpciaccess-0:0.16-17.fc44.x 100% |   3.3 MiB/s |  27.2 KiB |  00m00s
2026-10-07T12:38:37.9783435Z [170/477] highway-0:1.3.0-2.fc44.x86_64 100% |  61.7 MiB/s | 694.6 KiB |  00m00s
2026-10-07T12:38:37.9855129Z [171/477] libjxl-1:0.11.2-1.fc44.x86_64 100% |  57.8 MiB/s |   1.2 MiB |  00m00s
2026-10-07T12:38:37.9878692Z [172/477] libpng-2:1.6.58-1.fc44.x86_64 100% |  15.8 MiB/s | 129.5 KiB |  00m00s
2026-10-07T12:38:37.9945151Z [173/477] libseccomp-0:2.6.1-2.fc44.x86 100% |   9.3 MiB/s |  76.0 KiB |  00m00s
2026-10-07T12:38:37.9972016Z [174/477] libsecret-0:0.21.8.2-2.fc44.x 100% |  22.0 MiB/s | 180.5 KiB |  00m00s
2026-10-07T12:38:38.0167281Z [175/477] libicu-0:77.1-3.fc44.x86_64   100% | 189.8 MiB/s |  10.8 MiB |  00m00s
2026-10-07T12:38:38.0177644Z [176/477] libwayland-client-0:1.26.0-1. 100% |   1.6 MiB/s |  35.5 KiB |  00m00s
2026-10-07T12:38:38.0183100Z [177/477] libwayland-cursor-0:1.26.0-1. 100% | 962.0 KiB/s |  19.2 KiB |  00m00s
2026-10-07T12:38:38.0267550Z [178/477] libwayland-server-0:1.26.0-1. 100% |   4.8 MiB/s |  44.0 KiB |  00m00s
2026-10-07T12:38:38.0279156Z [179/477] mesa-libgbm-0:26.2.3-1.fc44.x 100% |   1.6 MiB/s |  14.9 KiB |  00m00s
2026-10-07T12:38:38.0289616Z [180/477] mesa-libEGL-0:26.2.3-1.fc44.x 100% |  13.8 MiB/s | 140.8 KiB |  00m00s
2026-10-07T12:38:38.0382631Z [181/477] mesa-filesystem-0:26.2.3-1.fc 100% |   1.1 MiB/s |   8.9 KiB |  00m00s
2026-10-07T12:38:38.0403896Z [182/477] libxshmfence-0:1.3.2-8.fc44.x 100% |   1.3 MiB/s |  13.2 KiB |  00m00s
2026-10-07T12:38:38.0468457Z [183/477] lm_sensors-libs-0:3.6.0-24.fc 100% |   5.1 MiB/s |  41.9 KiB |  00m00s
2026-10-07T12:38:38.0564812Z [184/477] mesa-libGL-0:26.2.3-1.fc44.x8 100% |  15.0 MiB/s | 138.5 KiB |  00m00s
2026-10-07T12:38:38.0614255Z [185/477] spirv-tools-libs-0:2026.1-1.f 100% |  87.1 MiB/s |   1.7 MiB |  00m00s
2026-10-07T12:38:38.0652373Z [186/477] libXxf86vm-0:1.1.6-4.fc44.x86 100% |   2.5 MiB/s |  18.2 KiB |  00m00s
2026-10-07T12:38:38.0913141Z [187/477] mesa-dri-drivers-0:26.2.3-1.f 100% | 219.5 MiB/s |  13.8 MiB |  00m00s
2026-10-07T12:38:38.0924452Z [188/477] xdg-dbus-proxy-0:0.1.9-1.fc44 100% |   1.5 MiB/s |  47.4 KiB |  00m00s
2026-10-07T12:38:38.0929740Z [189/477] dbus-1:1.16.2-1.fc44.x86_64   100% | 276.7 KiB/s |   7.5 KiB |  00m00s
2026-10-07T12:38:38.0997790Z [190/477] libglvnd-gles-1:1.7.0-9.fc44. 100% |   3.5 MiB/s |  28.6 KiB |  00m00s
2026-10-07T12:38:38.1013486Z [191/477] perl-overloading-0:0.02-525.f 100% |   1.7 MiB/s |  12.2 KiB |  00m00s
2026-10-07T12:38:38.1024249Z [192/477] perl-mro-0:1.29-525.fc44.x86_ 100% |   3.2 MiB/s |  29.1 KiB |  00m00s
2026-10-07T12:38:38.1081617Z [193/477] perl-Data-Dumper-0:2.192-523. 100% |   6.9 MiB/s |  56.3 KiB |  00m00s
2026-10-07T12:38:38.1096830Z [194/477] perl-locale-0:1.13-525.fc44.n 100% |   1.8 MiB/s |  12.8 KiB |  00m00s
2026-10-07T12:38:38.1105891Z [195/477] perl-File-stat-0:1.14-525.fc4 100% |   2.3 MiB/s |  16.4 KiB |  00m00s
2026-10-07T12:38:38.1161410Z [196/477] perl-SelectSaver-0:1.02-525.f 100% |   1.5 MiB/s |  11.0 KiB |  00m00s
2026-10-07T12:38:38.1184191Z [197/477] perl-Class-Struct-0:0.68-525. 100% |   2.6 MiB/s |  21.4 KiB |  00m00s
2026-10-07T12:38:38.1198510Z [198/477] perl-B-0:1.89-525.fc44.x86_64 100% |  21.6 MiB/s | 177.1 KiB |  00m00s
2026-10-07T12:38:38.1242080Z [199/477] libX11-xcb-0:1.8.13-3.fc44.x8 100% |   1.5 MiB/s |  10.8 KiB |  00m00s
2026-10-07T12:38:38.1280811Z [200/477] llvm-filesystem-0:22.1.8-4.fc 100% |   1.4 MiB/s |  10.0 KiB |  00m00s
2026-10-07T12:38:38.1328425Z [201/477] libedit-0:3.1-59.20260512cvs. 100% |  13.5 MiB/s | 110.4 KiB |  00m00s
2026-10-07T12:38:38.1376008Z [202/477] krb5-devel-0:1.22.2-4.fc44.x8 100% |  15.6 MiB/s | 143.4 KiB |  00m00s
2026-10-07T12:38:38.1423655Z [203/477] libkadm5-0:1.22.2-4.fc44.x86_ 100% |   8.7 MiB/s |  80.0 KiB |  00m00s
2026-10-07T12:38:38.1465035Z [204/477] libnghttp2-devel-0:1.68.0-5.f 100% |   6.6 MiB/s |  53.9 KiB |  00m00s
2026-10-07T12:38:38.1526836Z [205/477] sqlite-devel-0:3.51.2-2.fc44. 100% |  18.6 MiB/s | 152.0 KiB |  00m00s
2026-10-07T12:38:38.1600317Z [206/477] sqlite-0:3.51.2-2.fc44.x86_64 100% |  72.2 MiB/s | 961.2 KiB |  00m00s
2026-10-07T12:38:38.1614481Z [207/477] brotli-devel-0:1.2.0-3.fc44.x 100% |   3.8 MiB/s |  34.6 KiB |  00m00s
2026-10-07T12:38:38.1693883Z [208/477] brotli-0:1.2.0-3.fc44.x86_64  100% |   2.9 MiB/s |  24.1 KiB |  00m00s
2026-10-07T12:38:38.1712621Z [209/477] libpsl-devel-0:0.21.5-7.fc44. 100% |   4.0 MiB/s |  32.8 KiB |  00m00s
2026-10-07T12:38:38.1779474Z [210/477] publicsuffix-list-0:20260116- 100% |  11.2 MiB/s |  91.7 KiB |  00m00s
2026-10-07T12:38:38.1801646Z [211/477] sysprof-capture-devel-0:50.0- 100% |  21.2 MiB/s | 174.1 KiB |  00m00s
2026-10-07T12:38:38.1864805Z [212/477] zlib-ng-compat-devel-0:2.3.3- 100% |   5.3 MiB/s |  38.1 KiB |  00m00s
2026-10-07T12:38:38.1888556Z [213/477] cmake-filesystem-0:4.3.0-1.fc 100% |   1.8 MiB/s |  15.0 KiB |  00m00s
2026-10-07T12:38:38.1955556Z [214/477] libselinux-devel-0:3.11-2.fc4 100% |  18.5 MiB/s | 151.4 KiB |  00m00s
2026-10-07T12:38:38.2552024Z [215/477] llvm-libs-0:22.1.8-4.fc44.x86 100% | 250.6 MiB/s |  34.1 MiB |  00m00s
2026-10-07T12:38:38.2557344Z [216/477] libsepol-devel-0:3.11-1.fc44. 100% | 730.1 KiB/s |  48.2 KiB |  00m00s
2026-10-07T12:38:38.2572025Z [217/477] keyutils-libs-devel-0:1.6.3-7 100% | 979.1 KiB/s |  59.7 KiB |  00m00s
2026-10-07T12:38:38.2644617Z [218/477] libverto-devel-0:0.3.2-12.fc4 100% |   2.0 MiB/s |  14.4 KiB |  00m00s
2026-10-07T12:38:38.2672627Z [219/477] libcom_err-devel-0:1.47.3-4.f 100% |   1.6 MiB/s |  16.8 KiB |  00m00s
2026-10-07T12:38:38.2687528Z [220/477] cairo-devel-0:1.18.6-1.fc44.x 100% |  17.0 MiB/s | 191.7 KiB |  00m00s
2026-10-07T12:38:38.2726375Z [221/477] cairo-gobject-devel-0:1.18.6- 100% |   1.5 MiB/s |  10.9 KiB |  00m00s
2026-10-07T12:38:38.2766496Z [222/477] cups-libs-1:2.4.19-3.fc44.x86 100% |  33.0 MiB/s | 270.2 KiB |  00m00s
2026-10-07T12:38:38.2796029Z [223/477] cups-filesystem-1:2.4.19-3.fc 100% |   1.5 MiB/s |  12.3 KiB |  00m00s
2026-10-07T12:38:38.2810925Z [224/477] avahi-libs-0:0.9~rc2-8.fc44.x 100% |   8.8 MiB/s |  71.7 KiB |  00m00s
2026-10-07T12:38:38.2863159Z [225/477] gdk-pixbuf2-devel-0:2.44.6^re 100% |  40.2 MiB/s | 370.0 KiB |  00m00s
2026-10-07T12:38:38.2909895Z [226/477] gstreamer1-plugins-bad-free-l 100% |  98.1 MiB/s |   1.2 MiB |  00m00s
2026-10-07T12:38:38.2925783Z [227/477] libnice-0:0.1.23-2.fc44.x86_6 100% |  18.4 MiB/s | 206.9 KiB |  00m00s
2026-10-07T12:38:38.2953639Z [228/477] libva-0:2.23.0-3.fc44.x86_64  100% |  14.8 MiB/s | 121.3 KiB |  00m00s
2026-10-07T12:38:38.2994685Z [229/477] gupnp-igd-0:1.6.0-8.fc44.x86_ 100% |   4.8 MiB/s |  34.1 KiB |  00m00s
2026-10-07T12:38:38.3054073Z [230/477] libX11-devel-0:1.8.13-3.fc44. 100% |  84.6 MiB/s |   1.0 MiB |  00m00s
2026-10-07T12:38:38.3071720Z [231/477] xorg-x11-proto-devel-0:2025.1 100% |  26.8 MiB/s | 302.3 KiB |  00m00s
2026-10-07T12:38:38.3082299Z [232/477] libXi-0:1.8.3-1.fc44.x86_64   100% |   5.0 MiB/s |  41.3 KiB |  00m00s
2026-10-07T12:38:38.3148649Z [233/477] libtiff-0:4.7.2-1.fc44.x86_64 100% |  28.2 MiB/s | 231.4 KiB |  00m00s
2026-10-07T12:38:38.3172127Z [234/477] jbigkit-libs-0:2.1-33.fc44.x8 100% |   5.9 MiB/s |  54.3 KiB |  00m00s
2026-10-07T12:38:38.3186459Z [235/477] liblerc-0:4.0.0-10.fc44.x86_6 100% |  22.1 MiB/s | 225.9 KiB |  00m00s
2026-10-07T12:38:38.3246297Z [236/477] libtinysparql-0:3.11.1-1.fc44 100% |  39.5 MiB/s | 364.3 KiB |  00m00s
2026-10-07T12:38:38.3255685Z [237/477] avahi-glib-0:0.9~rc2-8.fc44.x 100% |   2.1 MiB/s |  15.4 KiB |  00m00s
2026-10-07T12:38:38.3273829Z [238/477] libstemmer-0:3.0.1-11.fc44.x8 100% |  17.9 MiB/s | 146.2 KiB |  00m00s
2026-10-07T12:38:38.3328387Z [239/477] libwayland-egl-0:1.26.0-1.fc4 100% |   1.7 MiB/s |  12.4 KiB |  00m00s
2026-10-07T12:38:38.3344039Z [240/477] wayland-devel-0:1.26.0-1.fc44 100% |  19.4 MiB/s | 159.1 KiB |  00m00s
2026-10-07T12:38:38.3376450Z [241/477] graphene-devel-0:1.10.8-4.fc4 100% |  18.3 MiB/s | 168.4 KiB |  00m00s
2026-10-07T12:38:38.3464271Z [242/477] freetype-devel-0:2.14.3-1.fc4 100% |  94.3 MiB/s |   1.0 MiB |  00m00s
2026-10-07T12:38:38.3478363Z [243/477] fontconfig-devel-0:2.17.0-4.f 100% |  18.3 MiB/s | 169.0 KiB |  00m00s
2026-10-07T12:38:38.3492218Z [244/477] pango-devel-0:1.57.1-1.fc44.x 100% |   9.9 MiB/s | 162.1 KiB |  00m00s
2026-10-07T12:38:38.3575151Z [245/477] vulkan-loader-devel-0:1.4.341 100% |   1.2 MiB/s |  12.3 KiB |  00m00s
2026-10-07T12:38:38.3589299Z [246/477] gtk-update-icon-cache-0:3.24. 100% |   3.7 MiB/s |  33.8 KiB |  00m00s
2026-10-07T12:38:38.3644416Z [247/477] vulkan-headers-0:1.4.341.0-1. 100% | 103.5 MiB/s |   1.7 MiB |  00m00s
2026-10-07T12:38:38.3679959Z [248/477] alsa-lib-0:1.2.16.1-1.fc44.x8 100% |  61.4 MiB/s | 565.7 KiB |  00m00s
2026-10-07T12:38:38.3689766Z [249/477] python3-0:3.14.8-1.fc44.x86_6 100% |   3.2 MiB/s |  29.4 KiB |  00m00s
2026-10-07T12:38:38.3774145Z [250/477] libmount-devel-0:2.41.5-1.fc4 100% |   3.0 MiB/s |  24.9 KiB |  00m00s
2026-10-07T12:38:38.3799351Z [251/477] mpdecimal-0:4.0.1-3.fc44.x86_ 100% |   8.8 MiB/s |  99.1 KiB |  00m00s
2026-10-07T12:38:38.3860568Z [252/477] libffi-devel-0:3.5.2-2.fc44.x 100% |   3.6 MiB/s |  29.7 KiB |  00m00s
2026-10-07T12:38:38.3914334Z [253/477] pcre2-devel-0:10.47-1.fc44.1. 100% |  53.8 MiB/s | 550.9 KiB |  00m00s
2026-10-07T12:38:38.3959159Z [254/477] pcre2-utf16-0:10.47-1.fc44.1. 100% |  27.8 MiB/s | 256.3 KiB |  00m00s
2026-10-07T12:38:38.4147058Z [255/477] python3-libs-0:3.14.8-1.fc44. 100% | 207.2 MiB/s |  10.2 MiB |  00m00s
2026-10-07T12:38:38.4166692Z [256/477] pcre2-utf32-0:10.47-1.fc44.1. 100% |   9.9 MiB/s | 242.2 KiB |  00m00s
2026-10-07T12:38:38.4178640Z [257/477] less-0:704-4.fc44.x86_64      100% |  10.6 MiB/s | 227.8 KiB |  00m00s
2026-10-07T12:38:38.4276281Z [258/477] openssh-clients-0:10.2p1-14.f 100% |  63.4 MiB/s | 779.1 KiB |  00m00s
2026-10-07T12:38:38.4287323Z [259/477] perl-lib-0:0.65-525.fc44.x86_ 100% |   1.4 MiB/s |  14.2 KiB |  00m00s
2026-10-07T12:38:38.4307298Z [260/477] openssh-0:10.2p1-14.fc44.x86_ 100% |  29.0 MiB/s | 356.3 KiB |  00m00s
2026-10-07T12:38:38.4362404Z [261/477] glycin-devel-0:2.1.5-1.fc44.x 100% |   3.0 MiB/s |  24.9 KiB |  00m00s
2026-10-07T12:38:38.4447159Z [262/477] glycin-libs-0:2.1.5-1.fc44.x8 100% | 103.1 MiB/s |   1.5 MiB |  00m00s
2026-10-07T12:38:38.4459647Z [263/477] libmpc-0:1.4.1-1.fc44.x86_64  100% |   8.2 MiB/s |  75.5 KiB |  00m00s
2026-10-07T12:38:38.4569747Z [264/477] glycin-loaders-0:2.1.5-1.fc44 100% | 128.6 MiB/s |   3.2 MiB |  00m00s
2026-10-07T12:38:38.4693654Z [265/477] jansson-0:2.14-4.fc44.x86_64  100% |   4.2 MiB/s |  47.1 KiB |  00m00s
2026-10-07T12:38:38.4878209Z [266/477] libstdc++-devel-0:16.2.1-2.fc 100% | 142.3 MiB/s |   6.0 MiB |  00m00s
2026-10-07T12:38:38.5004063Z [267/477] binutils-0:2.46.1-1.fc44.x86_ 100% | 116.6 MiB/s |   6.2 MiB |  00m00s
2026-10-07T12:38:38.5015990Z [268/477] libxcrypt-devel-0:4.5.2-3.fc4 100% |   2.3 MiB/s |  30.0 KiB |  00m00s
2026-10-07T12:38:38.5038427Z [269/477] glibc-devel-0:2.43-9.fc44.x86 100% |  18.3 MiB/s | 619.5 KiB |  00m00s
2026-10-07T12:38:38.5102982Z [270/477] harfbuzz-cairo-0:14.1.0-2.fc4 100% |   3.9 MiB/s |  31.8 KiB |  00m00s
2026-10-07T12:38:38.5124833Z [271/477] harfbuzz-devel-0:14.1.0-2.fc4 100% |  53.3 MiB/s | 600.8 KiB |  00m00s
2026-10-07T12:38:38.5135597Z [272/477] harfbuzz-gpu-0:14.1.0-2.fc44. 100% |   3.6 MiB/s |  33.0 KiB |  00m00s
2026-10-07T12:38:38.5193137Z [273/477] harfbuzz-raster-0:14.1.0-2.fc 100% |  13.1 MiB/s | 107.2 KiB |  00m00s
2026-10-07T12:38:38.5210458Z [274/477] harfbuzz-vector-0:14.1.0-2.fc 100% |   7.0 MiB/s |  57.4 KiB |  00m00s
2026-10-07T12:38:38.5224934Z [275/477] glfw-1:3.4-6.fc44.x86_64      100% |  16.1 MiB/s | 131.6 KiB |  00m00s
2026-10-07T12:38:38.5283455Z [276/477] libGLEW-0:2.2.0-12.fc44.x86_6 100% |  20.9 MiB/s | 170.8 KiB |  00m00s
2026-10-07T12:38:38.5317883Z [277/477] bzip2-devel-0:1.0.8-23.fc44.x 100% |  23.2 MiB/s | 213.7 KiB |  00m00s
2026-10-07T12:38:38.5384856Z [278/477] hunspell-0:1.7.4-2.fc44.x86_6 100% |  48.7 MiB/s | 449.1 KiB |  00m00s
2026-10-07T12:38:38.5399292Z [279/477] hunspell-filesystem-0:1.7.4-2 100% |   1.1 MiB/s |   7.8 KiB |  00m00s
2026-10-07T12:38:38.5471320Z [280/477] libXext-devel-0:1.3.6-5.fc44. 100% |  10.4 MiB/s |  85.2 KiB |  00m00s
2026-10-07T12:38:38.5482984Z [281/477] libXrender-devel-0:0.9.12-4.f 100% |   2.3 MiB/s |  19.0 KiB |  00m00s
2026-10-07T12:38:38.5567556Z [282/477] pixman-devel-0:0.46.2-3.fc44. 100% |   2.2 MiB/s |  17.9 KiB |  00m00s
2026-10-07T12:38:38.5621460Z [283/477] libxcb-devel-0:1.17.0-7.fc44. 100% | 102.3 MiB/s |   1.4 MiB |  00m00s
2026-10-07T12:38:38.5655835Z [284/477] lzo-devel-0:2.10-16.fc44.x86_ 100% |   4.8 MiB/s |  39.1 KiB |  00m00s
2026-10-07T12:38:38.5705010Z [285/477] lzo-minilzo-0:2.10-16.fc44.x8 100% |   3.0 MiB/s |  24.3 KiB |  00m00s
2026-10-07T12:38:38.5741585Z [286/477] elfutils-debuginfod-client-0: 100% |   5.7 MiB/s |  46.5 KiB |  00m00s
2026-10-07T12:38:38.5795415Z [287/477] libpng-devel-2:1.6.58-1.fc44. 100% |   5.1 MiB/s | 303.1 KiB |  00m00s
2026-10-07T12:38:38.5805084Z [288/477] perl-FileHandle-0:2.05-525.fc 100% |   1.6 MiB/s |  14.8 KiB |  00m00s
2026-10-07T12:38:38.5829542Z [289/477] fribidi-devel-0:1.0.16-4.fc44 100% |   3.6 MiB/s |  29.4 KiB |  00m00s
2026-10-07T12:38:38.5889196Z [290/477] libXft-devel-0:2.3.8-10.fc44. 100% |   5.4 MiB/s |  49.3 KiB |  00m00s
2026-10-07T12:38:38.5919532Z [291/477] libthai-devel-0:0.1.30-2.fc44 100% |  11.5 MiB/s | 129.3 KiB |  00m00s
2026-10-07T12:38:38.5986879Z [292/477] libdatrie-devel-0:0.2.14-2.fc 100% |  15.1 MiB/s | 138.8 KiB |  00m00s
2026-10-07T12:38:38.6053271Z [293/477] libXau-devel-0:1.0.12-4.fc44. 100% | 634.3 KiB/s |  14.0 KiB |  00m00s
2026-10-07T12:38:38.6073363Z [294/477] gssdp-0:1.6.6-1.fc44.x86_64   100% |   7.4 MiB/s |  60.4 KiB |  00m00s
2026-10-07T12:38:38.6193410Z [295/477] gsettings-desktop-schemas-0:5 100% |  76.7 MiB/s | 864.4 KiB |  00m00s
2026-10-07T12:38:38.6313347Z [296/477] gupnp-0:1.6.10-1.fc44.x86_64  100% |   4.3 MiB/s | 109.9 KiB |  00m00s
2026-10-07T12:38:38.6361967Z [297/477] gettext-0:0.26-5.fc44.x86_64  100% | 105.9 MiB/s |   1.7 MiB |  00m00s
2026-10-07T12:38:38.6402199Z [298/477] hwdata-0:0.412-1.fc44.noarch  100% |  36.5 MiB/s |   1.7 MiB |  00m00s
2026-10-07T12:38:38.6448877Z [299/477] libtextstyle-0:0.26-5.fc44.x8 100% |  17.2 MiB/s | 140.7 KiB |  00m00s
2026-10-07T12:38:38.6486396Z [300/477] gettext-envsubst-0:0.26-5.fc4 100% |   6.3 MiB/s |  45.3 KiB |  00m00s
2026-10-07T12:38:38.6562718Z [301/477] gettext-libs-0:0.26-5.fc44.x8 100% |  70.1 MiB/s | 789.3 KiB |  00m00s
2026-10-07T12:38:38.6581913Z [302/477] gettext-runtime-0:0.26-5.fc44 100% |   6.5 MiB/s | 174.3 KiB |  00m00s
2026-10-07T12:38:38.6604490Z [303/477] libxml2-devel-0:2.12.10-6.fc4 100% |  46.5 MiB/s | 523.6 KiB |  00m00s
2026-10-07T12:38:38.6818456Z [304/477] xz-devel-1:5.8.2-2.fc44.x86_6 100% |   2.7 MiB/s |  67.0 KiB |  00m00s
2026-10-07T12:38:38.6852583Z [305/477] util-linux-0:2.41.5-1.fc44.x8 100% |  50.2 MiB/s |   1.2 MiB |  00m00s
2026-10-07T12:38:38.6904695Z [306/477] libblkid-devel-0:2.41.5-1.fc4 100% |   2.9 MiB/s |  23.7 KiB |  00m00s
2026-10-07T12:38:38.6943692Z [307/477] hunspell-en-US-0:0.20260225-2 100% |  20.9 MiB/s | 171.0 KiB |  00m00s
2026-10-07T12:38:38.7025516Z [308/477] libicu-devel-0:77.1-3.fc44.x8 100% |  70.5 MiB/s | 794.0 KiB |  00m00s
2026-10-07T12:38:38.7039771Z [309/477] graphite2-devel-0:1.3.14-20.f 100% |   2.2 MiB/s |  20.6 KiB |  00m00s
2026-10-07T12:38:38.7148483Z [310/477] libheif-0:1.23.5-3.fc44.x86_6 100% |  75.9 MiB/s | 855.1 KiB |  00m00s
2026-10-07T12:38:38.7182422Z [311/477] python-pip-wheel-0:26.0.1-3.f 100% |  19.5 MiB/s |   1.1 MiB |  00m00s
2026-10-07T12:38:38.7192124Z [312/477] libopenjph-0:0.25.3-3.fc44.x8 100% |  11.3 MiB/s | 161.9 KiB |  00m00s
2026-10-07T12:38:38.7242821Z [313/477] openjpeg-0:2.5.4-3.fc44.x86_6 100% |  24.2 MiB/s | 198.1 KiB |  00m00s
2026-10-07T12:38:38.7305215Z [314/477] libseccomp-devel-0:2.6.1-2.fc 100% |   6.3 MiB/s |  64.5 KiB |  00m00s
2026-10-07T12:38:38.7372231Z [315/477] librsvg2-0:2.62.4-1.fc44.x86_ 100% | 109.6 MiB/s |   1.9 MiB |  00m00s
2026-10-07T12:38:38.7465716Z [316/477] libfdisk-0:2.41.5-1.fc44.x86_ 100% |  20.6 MiB/s | 168.6 KiB |  00m00s
2026-10-07T12:38:38.7490176Z [317/477] lcms2-devel-0:2.16-7.fc44.x86 100% |   1.3 MiB/s |  31.9 KiB |  00m00s
2026-10-07T12:38:38.7553704Z [318/477] liblastlog2-0:2.41.5-1.fc44.x 100% |   3.4 MiB/s |  24.2 KiB |  00m00s
2026-10-07T12:38:38.7602474Z [319/477] kernel-headers-0:7.2.4-200.fc 100% |  62.5 MiB/s |   1.7 MiB |  00m00s
2026-10-07T12:38:38.7636706Z [320/477] hunspell-en-0:0.20260225-2.fc 100% |   1.9 MiB/s |  14.0 KiB |  00m00s
2026-10-07T12:38:38.7689762Z [321/477] hunspell-en-AU-0:0.20260225-2 100% |  20.6 MiB/s | 168.8 KiB |  00m00s
2026-10-07T12:38:38.7722980Z [322/477] hunspell-en-CA-0:0.20260225-2 100% |  20.5 MiB/s | 168.0 KiB |  00m00s
2026-10-07T12:38:38.7801788Z [323/477] hunspell-en-GB-0:0.20260225-2 100% |  22.0 MiB/s | 224.9 KiB |  00m00s
2026-10-07T12:38:38.7875540Z [324/477] xdg-desktop-portal-gtk-0:1.15 100% |  17.5 MiB/s | 143.4 KiB |  00m00s
2026-10-07T12:38:38.7891838Z [325/477] dconf-0:0.49.0-5.fc44.x86_64  100% |  13.8 MiB/s | 113.3 KiB |  00m00s
2026-10-07T12:38:38.8014244Z [326/477] libdisplay-info-0:0.3.0-1.fc4 100% |   8.0 MiB/s |  89.6 KiB |  00m00s
2026-10-07T12:38:38.8341370Z [327/477] gstreamer1-plugins-bad-free-0 100% | 104.7 MiB/s |   3.3 MiB |  00m00s
2026-10-07T12:38:38.8451046Z [328/477] faad2-libs-1:2.11.2-6.fc44.x8 100% |  22.5 MiB/s | 230.5 KiB |  00m00s
2026-10-07T12:38:38.8562219Z [329/477] fdk-aac-free-0:2.0.3-2.fc44.x 100% |  34.2 MiB/s | 350.3 KiB |  00m00s
2026-10-07T12:38:38.9127871Z [330/477] mesa-vulkan-drivers-0:26.2.3- 100% | 223.9 MiB/s |  27.8 MiB |  00m00s
2026-10-07T12:38:38.9138983Z [331/477] libdvdnav-0:7.0.0-1.fc44.x86_ 100% |   1.0 MiB/s |  58.7 KiB |  00m00s
2026-10-07T12:38:38.9214658Z [332/477] libdvdread-0:7.0.1-1.fc44.x86 100% |  10.0 MiB/s |  82.1 KiB |  00m00s
2026-10-07T12:38:38.9248687Z [333/477] liblc3-0:1.1.3-7.fc44.x86_64  100% |  10.4 MiB/s | 106.5 KiB |  00m00s
2026-10-07T12:38:38.9296383Z [334/477] libsbc-0:2.1-2.fc44.x86_64    100% |   7.0 MiB/s |  50.1 KiB |  00m00s
2026-10-07T12:38:38.9339607Z [335/477] libsrtp-0:2.8.0-1.fc44.x86_64 100% |   7.6 MiB/s |  62.4 KiB |  00m00s
2026-10-07T12:38:38.9408617Z [336/477] openal-soft-0:1.24.2-6.fc44.x 100% |  65.4 MiB/s | 670.0 KiB |  00m00s
2026-10-07T12:38:38.9423844Z [337/477] soundtouch-0:2.4.0-3.fc44.x86 100% |  11.2 MiB/s |  91.4 KiB |  00m00s
2026-10-07T12:38:38.9511113Z [338/477] webrtc-audio-processing-0:2.1 100% |  47.9 MiB/s | 441.9 KiB |  00m00s
2026-10-07T12:38:38.9546701Z [339/477] abseil-cpp-0:20260107.1-1.fc4 100% |  71.0 MiB/s | 799.6 KiB |  00m00s
2026-10-07T12:38:38.9630209Z [340/477] libXtst-0:1.2.5-4.fc44.x86_64 100% |   2.6 MiB/s |  21.0 KiB |  00m00s
2026-10-07T12:38:38.9691804Z [341/477] gstreamer1-plugins-good-0:1.2 100% | 147.5 MiB/s |   2.5 MiB |  00m00s
2026-10-07T12:38:38.9717554Z [342/477] libshout-0:2.4.6-10.fc44.x86_ 100% |   9.5 MiB/s |  78.2 KiB |  00m00s
2026-10-07T12:38:38.9782352Z [343/477] libv4l-0:1.32.0-3.fc44.x86_64 100% |  17.0 MiB/s | 139.2 KiB |  00m00s
2026-10-07T12:38:38.9842182Z [344/477] libvpx-0:1.15.0-5.fc44.x86_64 100% | 100.1 MiB/s |   1.2 MiB |  00m00s
2026-10-07T12:38:38.9875777Z [345/477] opencore-amr-0:0.1.6-10.fc44. 100% |  19.9 MiB/s | 183.4 KiB |  00m00s
2026-10-07T12:38:38.9926915Z [346/477] speex-0:1.2.0-21.fc44.x86_64  100% |   8.7 MiB/s |  71.6 KiB |  00m00s
2026-10-07T12:38:38.9959715Z [347/477] twolame-libs-0:0.4.0-9.fc44.x 100% |   8.4 MiB/s |  68.6 KiB |  00m00s
2026-10-07T12:38:39.0019485Z [348/477] wavpack-0:5.9.0-2.fc44.x86_64 100% |  26.2 MiB/s | 241.0 KiB |  00m00s
2026-10-07T12:38:39.0045181Z [349/477] geoclue2-0:2.8.2-1.fc44.x86_6 100% |  18.2 MiB/s | 149.2 KiB |  00m00s
2026-10-07T12:38:39.0115152Z [350/477] ModemManager-glib-0:1.24.2-3. 100% |  36.7 MiB/s | 337.9 KiB |  00m00s
2026-10-07T12:38:39.0133714Z [351/477] openh264-0:2.6.0-3.fc44.x86_6 100% |   1.6 MiB/s | 435.0 KiB |  00m00s
2026-10-07T12:38:39.0144864Z [352/477] libnotify-0:0.8.8-1.fc44.x86_ 100% |   6.2 MiB/s |  56.7 KiB |  00m00s
2026-10-07T12:38:39.0238907Z [353/477] perl-NDBM_File-0:1.18-525.fc4 100% |   1.9 MiB/s |  21.8 KiB |  00m00s
2026-10-07T12:38:39.0248521Z [354/477] gi-docgen-fonts-0:2026.1-3.fc 100% | 839.9 KiB/s |   9.2 KiB |  00m00s
2026-10-07T12:38:39.0350527Z [355/477] redhat-display-fonts-0:4.1.0- 100% |  54.3 MiB/s | 556.2 KiB |  00m00s
2026-10-07T12:38:39.0369621Z [356/477] redhat-text-fonts-0:4.1.0-3.f 100% |  43.0 MiB/s | 483.9 KiB |  00m00s
2026-10-07T12:38:39.0469563Z [357/477] tinysparql-0:3.11.1-1.fc44.x8 100% |  91.6 MiB/s |   1.0 MiB |  00m00s
2026-10-07T12:38:39.0474846Z [358/477] python-unversioned-command-0: 100% |   1.1 MiB/s |  11.6 KiB |  00m00s
2026-10-07T12:38:39.0608213Z [359/477] 7zip-0:26.03-1.fc44.x86_64    100% | 107.8 MiB/s |   1.3 MiB |  00m00s
2026-10-07T12:38:39.0624582Z [360/477] unzip-0:6.0-69.fc44.x86_64    100% |  13.9 MiB/s | 199.6 KiB |  00m00s
2026-10-07T12:38:39.0698325Z [361/477] python3-html2text-0:2025.4.15 100% |  10.0 MiB/s |  81.7 KiB |  00m00s
2026-10-07T12:38:39.0708566Z [362/477] less-color-0:704-4.fc44.x86_6 100% |   1.3 MiB/s |  10.7 KiB |  00m00s
2026-10-07T12:38:39.0790785Z [363/477] adobe-source-code-pro-fonts-0 100% |  12.3 MiB/s | 806.3 KiB |  00m00s
2026-10-07T12:38:39.0836100Z [364/477] adwaita-sans-fonts-0:50.0-1.f 100% |  62.2 MiB/s | 764.9 KiB |  00m00s
2026-10-07T12:38:39.0876619Z [365/477] adwaita-mono-fonts-0:50.0-1.f 100% |  82.7 MiB/s |   1.4 MiB |  00m00s
2026-10-07T12:38:39.0886384Z [366/477] libheif-ffmpeg-0:1.23.5-3.fc4 100% |   3.4 MiB/s |  27.8 KiB |  00m00s
2026-10-07T12:38:39.0960736Z [367/477] libXcomposite-0:0.4.6-7.fc44. 100% |   3.4 MiB/s |  24.2 KiB |  00m00s
2026-10-07T12:38:39.1047593Z [368/477] fuse3-0:3.18.3-1.fc44.x86_64  100% |   7.7 MiB/s |  63.2 KiB |  00m00s
2026-10-07T12:38:39.1190848Z [369/477] gtk3-0:3.24.52-2.fc44.x86_64  100% | 178.3 MiB/s |   6.1 MiB |  00m00s
2026-10-07T12:38:39.1210572Z [370/477] xdg-desktop-portal-0:1.22.1-1 100% |  16.2 MiB/s | 530.5 KiB |  00m00s
2026-10-07T12:38:39.1218629Z [371/477] fuse3-libs-0:3.18.3-1.fc44.x8 100% |   6.2 MiB/s | 102.2 KiB |  00m00s
2026-10-07T12:38:39.1319119Z [372/477] libebur128-0:1.2.6-15.fc44.x8 100% |   2.8 MiB/s |  25.7 KiB |  00m00s
2026-10-07T12:38:39.1380974Z [373/477] fftw-libs-single-0:3.3.10-17. 100% |  81.1 MiB/s |   1.2 MiB |  00m00s
2026-10-07T12:38:39.1439320Z [374/477] pipewire-libs-0:1.6.9-1.fc44. 100% | 110.4 MiB/s |   2.6 MiB |  00m00s
2026-10-07T12:38:39.1449185Z [375/477] libldac-0:2.0.2.3-19.fc44.x86 100% |   3.5 MiB/s |  43.5 KiB |  00m00s
2026-10-07T12:38:39.1478050Z [376/477] spandsp-0:0.0.6-22.fc44.x86_6 100% |  36.3 MiB/s | 335.0 KiB |  00m00s
2026-10-07T12:38:39.1524263Z [377/477] bluez-libs-0:5.87+1.git875012 100% |  10.3 MiB/s |  84.6 KiB |  00m00s
2026-10-07T12:38:39.1575262Z [378/477] libavutil-free-0:8.1.3-1.fc44 100% |  41.4 MiB/s | 381.3 KiB |  00m00s
2026-10-07T12:38:39.1610730Z [379/477] libswresample-free-0:8.1.3-1. 100% |   8.6 MiB/s |  70.7 KiB |  00m00s
2026-10-07T12:38:39.1658718Z [380/477] aribb24-0:1.0.3^20160216git5e 100% |   4.9 MiB/s |  40.5 KiB |  00m00s
2026-10-07T12:38:39.1745801Z [381/477] codec2-0:1.2.0-9.fc44.x86_64  100% |  52.4 MiB/s | 644.3 KiB |  00m00s
2026-10-07T12:38:39.1761960Z [382/477] ilbc-0:3.0.4-19.fc44.x86_64   100% |   6.2 MiB/s |  57.2 KiB |  00m00s
2026-10-07T12:38:39.1878178Z [383/477] libavcodec-free-0:8.1.3-1.fc4 100% | 107.2 MiB/s |   4.5 MiB |  00m00s
2026-10-07T12:38:39.1890098Z [384/477] libaribcaption-0:1.1.1-4.fc44 100% |   8.8 MiB/s | 117.7 KiB |  00m00s
2026-10-07T12:38:39.1915255Z [385/477] openapv-libs-0:0.2.1.2-1.fc44 100% |   4.7 MiB/s |  68.1 KiB |  00m00s
2026-10-07T12:38:39.1960484Z [386/477] snappy-0:1.2.2-4.fc44.x86_64  100% |   6.0 MiB/s |  43.2 KiB |  00m00s
2026-10-07T12:38:39.1973261Z [387/477] vo-amrwbenc-0:0.1.3-24.fc44.x 100% |  10.4 MiB/s |  85.0 KiB |  00m00s
2026-10-07T12:38:39.2004945Z [388/477] xevd-libs-0:0.5.0-6.fc44.x86_ 100% |  20.7 MiB/s | 169.6 KiB |  00m00s
2026-10-07T12:38:39.2058638Z [389/477] xeve-libs-0:0.5.1-6.fc44.x86_ 100% |  34.7 MiB/s | 283.9 KiB |  00m00s
2026-10-07T12:38:39.2070818Z [390/477] xvidcore-0:1.3.7-19.fc44.x86_ 100% |  29.0 MiB/s | 267.0 KiB |  00m00s
2026-10-07T12:38:39.2106283Z [391/477] zvbi-0:0.2.44-3.fc44.x86_64   100% |  48.1 MiB/s | 443.4 KiB |  00m00s
2026-10-07T12:38:39.2154019Z [392/477] libvdpau-0:1.5-11.fc44.x86_64 100% |   1.8 MiB/s |  16.5 KiB |  00m00s
2026-10-07T12:38:39.2161766Z [393/477] soxr-0:0.1.3-21.fc44.x86_64   100% |  10.8 MiB/s |  88.2 KiB |  00m00s
2026-10-07T12:38:39.2253170Z [394/477] libvpl-1:2.17.0-1.fc44.x86_64 100% |  20.4 MiB/s | 166.9 KiB |  00m00s
2026-10-07T12:38:39.2261739Z [395/477] at-spi2-atk-0:2.60.7-1.fc44.x 100% |   9.7 MiB/s |  89.6 KiB |  00m00s
2026-10-07T12:38:39.2354880Z [396/477] atk-0:2.60.7-1.fc44.x86_64    100% |  10.1 MiB/s |  82.4 KiB |  00m00s
2026-10-07T12:38:39.2433010Z [397/477] at-spi2-core-0:2.60.7-1.fc44. 100% |  24.5 MiB/s | 402.1 KiB |  00m00s
2026-10-07T12:38:39.2572938Z [398/477] lpcnetfreedv-0:0.5-10.fc44.x8 100% | 159.4 MiB/s |   7.3 MiB |  00m00s
2026-10-07T12:38:39.2579391Z [399/477] xprop-0:1.2.8-5.fc44.x86_64   100% |   1.6 MiB/s |  35.3 KiB |  00m00s
2026-10-07T12:38:39.2591656Z [400/477] libcloudproviders-0:0.4.1-1.f 100% |   3.0 MiB/s |  46.2 KiB |  00m00s
2026-10-07T12:38:39.2667455Z [401/477] fuse-common-0:3.18.3-1.fc44.x 100% |   1.0 MiB/s |   8.1 KiB |  00m00s
2026-10-07T12:38:39.2710381Z [402/477] localsearch-0:3.11.2-1.fc44.x 100% |  78.8 MiB/s | 887.2 KiB |  00m00s
2026-10-07T12:38:39.2793823Z [403/477] taglib-0:2.3-2.fc44.x86_64    100% |  25.1 MiB/s | 514.5 KiB |  00m00s
2026-10-07T12:38:39.2839400Z [404/477] libavformat-free-0:8.1.3-1.fc 100% |  78.0 MiB/s |   1.2 MiB |  00m00s
2026-10-07T12:38:39.2856206Z [405/477] exempi-0:2.6.4-9.fc44.x86_64  100% |  42.6 MiB/s | 611.0 KiB |  00m00s
2026-10-07T12:38:39.2880589Z [406/477] libcue-0:2.3.0-14.fc44.x86_64 100% |   4.9 MiB/s |  35.4 KiB |  00m00s
2026-10-07T12:38:39.2947459Z [407/477] libgxps-0:0.3.2-12.fc44.x86_6 100% |   9.6 MiB/s |  78.6 KiB |  00m00s
2026-10-07T12:38:39.2964712Z [408/477] libosinfo-0:1.12.0-5.fc44.x86 100% |  31.0 MiB/s | 317.4 KiB |  00m00s
2026-10-07T12:38:39.2977141Z [409/477] libzip-0:1.11.4-3.fc44.x86_64 100% |   8.1 MiB/s |  74.9 KiB |  00m00s
2026-10-07T12:38:39.3058208Z [410/477] game-music-emu-0:0.6.4-3.fc44 100% |  21.0 MiB/s | 172.2 KiB |  00m00s
2026-10-07T12:38:39.3075845Z [411/477] libbluray-0:1.4.0-3.fc44.x86_ 100% |  16.2 MiB/s | 149.5 KiB |  00m00s
2026-10-07T12:38:39.3089338Z [412/477] poppler-glib-0:26.01.0-3.fc44 100% |  16.2 MiB/s | 216.2 KiB |  00m00s
2026-10-07T12:38:39.3146459Z [413/477] libchromaprint-0:1.6.0-4.fc44 100% |   6.1 MiB/s |  44.0 KiB |  00m00s
2026-10-07T12:38:39.3166861Z [414/477] libmodplug-1:0.8.9.0-29.fc44. 100% |  22.3 MiB/s | 182.9 KiB |  00m00s
2026-10-07T12:38:39.3179022Z [415/477] librist-0:0.2.11-1.fc44.x86_6 100% |  10.8 MiB/s |  88.2 KiB |  00m00s
2026-10-07T12:38:39.3249652Z [416/477] zeromq-0:4.3.5-22.fc43.x86_64 100% |  50.8 MiB/s | 468.2 KiB |  00m00s
2026-10-07T12:38:39.3264109Z [417/477] osinfo-db-tools-0:1.12.0-5.fc 100% |   9.1 MiB/s |  74.4 KiB |  00m00s
2026-10-07T12:38:39.3284463Z [418/477] osinfo-db-0:20251212-1.fc44.n 100% |  43.6 MiB/s | 491.0 KiB |  00m00s
2026-10-07T12:38:39.3350405Z [419/477] libudfread-0:1.2.0-3.fc44.x86 100% |   4.2 MiB/s |  34.7 KiB |  00m00s
2026-10-07T12:38:39.3543692Z [420/477] poppler-data-0:0.4.11-11.fc44 100% | 109.2 MiB/s |   2.0 MiB |  00m00s
2026-10-07T12:38:39.3557907Z [421/477] openpgm-0:5.3.128-6.fc44.x86_ 100% |   6.7 MiB/s | 184.9 KiB |  00m00s
2026-10-07T12:38:39.3677691Z [422/477] oniguruma-0:6.9.10-4.fc44.x86 100% |  19.5 MiB/s | 220.0 KiB |  00m00s
2026-10-07T12:38:39.3737219Z [423/477] bat-0:0.26.1-4.fc44.x86_64    100% | 138.7 MiB/s |   2.5 MiB |  00m00s
2026-10-07T12:38:39.3762023Z [424/477] libcanberra-gtk3-0:0.30-39.fc 100% |   3.7 MiB/s |  30.5 KiB |  00m00s
2026-10-07T12:38:39.3798193Z [425/477] poppler-0:26.01.0-3.fc44.x86_ 100% |  25.3 MiB/s |   1.4 MiB |  00m00s
2026-10-07T12:38:39.3828812Z [426/477] libcanberra-0:0.30-39.fc44.x8 100% |  10.7 MiB/s |  88.0 KiB |  00m00s
2026-10-07T12:38:39.3846299Z [427/477] libtdb-0:1.4.15-1.fc44.x86_64 100% |   8.0 MiB/s |  57.2 KiB |  00m00s
2026-10-07T12:38:39.3901111Z [428/477] sound-theme-freedesktop-0:0.8 100% |  37.4 MiB/s | 382.5 KiB |  00m00s
2026-10-07T12:38:39.3998639Z [429/477] libsodium-0:1.0.22-1.fc44.x86 100% |  22.8 MiB/s | 210.0 KiB |  00m00s
2026-10-07T12:38:39.4080365Z [430/477] intel-mediasdk-0:23.2.2-11.fc 100% | 128.9 MiB/s |   3.1 MiB |  00m00s
2026-10-07T12:38:39.4094901Z [431/477] libunwind-0:1.8.3-4.fc44.x86_ 100% |   9.7 MiB/s |  79.6 KiB |  00m00s
2026-10-07T12:38:39.4183420Z [432/477] intel-vpl-gpu-rt-0:26.3.4-1.f 100% | 112.2 MiB/s |   3.7 MiB |  00m00s
2026-10-07T12:38:39.4198810Z [433/477] gobject-introspection-0:1.86. 100% |  10.9 MiB/s | 122.7 KiB |  00m00s
2026-10-07T12:38:39.4206884Z [434/477] gpgmepp-0:2.0.1-5.fc44.x86_64 100% |  14.6 MiB/s | 149.5 KiB |  00m00s
2026-10-07T12:38:39.4276924Z [435/477] gpgme-0:2.0.1-5.fc44.x86_64   100% |  28.3 MiB/s | 231.9 KiB |  00m00s
2026-10-07T12:38:39.4317110Z [436/477] nss-0:3.129.0-1.fc44.x86_64   100% |  74.5 MiB/s | 762.5 KiB |  00m00s
2026-10-07T12:38:39.4372326Z [437/477] nss-softokn-0:3.129.0-1.fc44. 100% |  48.6 MiB/s | 448.0 KiB |  00m00s
2026-10-07T12:38:39.4386678Z [438/477] nspr-0:4.39.0-5.fc44.x86_64   100% |   8.3 MiB/s | 144.3 KiB |  00m00s
2026-10-07T12:38:39.4409771Z [439/477] nss-softokn-freebl-0:3.129.0- 100% |  42.4 MiB/s | 390.9 KiB |  00m00s
2026-10-07T12:38:39.4456089Z [440/477] nss-sysinit-0:3.129.0-1.fc44. 100% |   2.8 MiB/s |  20.1 KiB |  00m00s
2026-10-07T12:38:39.4492594Z [441/477] nss-util-0:3.129.0-1.fc44.x86 100% |  11.1 MiB/s |  91.3 KiB |  00m00s
2026-10-07T12:38:39.4509774Z [442/477] cjson-0:1.7.19-1.fc44.x86_64  100% |   2.7 MiB/s |  32.6 KiB |  00m00s
2026-10-07T12:38:39.4538473Z [443/477] giflib-0:6.1.3-2.fc44.x86_64  100% |   6.8 MiB/s |  55.7 KiB |  00m00s
2026-10-07T12:38:39.4573949Z [444/477] libgexiv2-0:0.16.2-1.fc44.x86 100% |  14.2 MiB/s | 101.8 KiB |  00m00s
2026-10-07T12:38:39.4611748Z [445/477] libgsf-0:1.14.60-1.fc44.x86_6 100% |  29.5 MiB/s | 272.0 KiB |  00m00s
2026-10-07T12:38:39.4634436Z [446/477] totem-pl-parser-0:3.26.7-1.fc 100% |  16.1 MiB/s | 148.1 KiB |  00m00s
2026-10-07T12:38:39.4658831Z [447/477] uchardet-0:0.0.8-10.fc44.x86_ 100% |  13.0 MiB/s | 106.7 KiB |  00m00s
2026-10-07T12:38:39.4733910Z [448/477] upower-libs-0:1.91.5-1.fc44.x 100% |   5.4 MiB/s |  60.3 KiB |  00m00s
2026-10-07T12:38:39.4743373Z [449/477] inih-cpp-0:62-2.fc44.x86_64   100% |   3.0 MiB/s |  25.0 KiB |  00m00s
2026-10-07T12:38:39.4816612Z [450/477] inih-0:62-2.fc44.x86_64       100% |   2.5 MiB/s |  18.3 KiB |  00m00s
2026-10-07T12:38:39.4851057Z [451/477] libopenmpt-0:0.8.9-1.fc44.x86 100% |  79.1 MiB/s | 810.0 KiB |  00m00s
2026-10-07T12:38:39.4906335Z [452/477] librabbitmq-0:0.18.0-1.fc44.x 100% |   5.4 MiB/s |  44.4 KiB |  00m00s
2026-10-07T12:38:39.4939557Z [453/477] exiv2-libs-0:0.28.9-1.fc44.x8 100% |  30.6 MiB/s | 940.1 KiB |  00m00s
2026-10-07T12:38:39.4950478Z [454/477] libsmbclient-2:4.24.7-1.fc44. 100% |   8.9 MiB/s |  81.9 KiB |  00m00s
2026-10-07T12:38:39.5045860Z [455/477] samba-common-2:4.24.7-1.fc44. 100% |  20.2 MiB/s | 185.9 KiB |  00m00s
2026-10-07T12:38:39.5072456Z [456/477] samba-core-libs-2:4.24.7-1.fc 100% |  45.6 MiB/s | 514.1 KiB |  00m00s
2026-10-07T12:38:39.5155879Z [457/477] samba-client-libs-2:4.24.7-1. 100% | 133.9 MiB/s |   3.2 MiB |  00m00s
2026-10-07T12:38:39.5168628Z [458/477] libtalloc-0:2.4.4-1.fc44.x86_ 100% |   4.0 MiB/s |  36.5 KiB |  00m00s
2026-10-07T12:38:39.5212680Z [459/477] samba-ndr-libs-2:4.24.7-1.fc4 100% |  79.1 MiB/s |   1.3 MiB |  00m00s
2026-10-07T12:38:39.5243658Z [460/477] libtevent-0:0.17.1-4.fc44.x86 100% |   6.5 MiB/s |  53.4 KiB |  00m00s
2026-10-07T12:38:39.5252500Z [461/477] ngtcp2-crypto-gnutls-0:1.22.1 100% |   3.4 MiB/s |  24.6 KiB |  00m00s
2026-10-07T12:38:39.5334786Z [462/477] llhttp-0:9.3.1-1.fc44.x86_64  100% |   5.3 MiB/s |  37.8 KiB |  00m00s
2026-10-07T12:38:39.5356868Z [463/477] libgit2-0:1.9.7-1.fc44.x86_64 100% |  54.6 MiB/s | 614.5 KiB |  00m00s
2026-10-07T12:38:39.5427252Z [464/477] systemd-standalone-tmpfiles-0 100% |  25.2 MiB/s | 206.7 KiB |  00m00s
2026-10-07T12:38:39.5505425Z [465/477] glibc-gconv-extra-0:2.43-9.fc 100% | 116.5 MiB/s |   1.6 MiB |  00m00s
2026-10-07T12:38:39.5520830Z [466/477] libldb-2:4.24.7-1.fc44.x86_64 100% |  21.6 MiB/s | 199.1 KiB |  00m00s
2026-10-07T12:38:39.5591842Z [467/477] lmdb-libs-0:0.9.34-2.fc44.x86 100% |   7.8 MiB/s |  63.8 KiB |  00m00s
2026-10-07T12:38:39.5628251Z [468/477] libwbclient-2:4.24.7-1.fc44.x 100% |   4.8 MiB/s |  48.9 KiB |  00m00s
2026-10-07T12:38:39.5649320Z [469/477] srt-libs-0:1.5.7-1.fc44.x86_6 100% |   9.8 MiB/s | 429.3 KiB |  00m00s
2026-10-07T12:38:39.5678097Z [470/477] libssh2-0:1.11.1-9.fc44.x86_6 100% |  18.2 MiB/s | 149.1 KiB |  00m00s
2026-10-07T12:38:39.5801461Z [471/477] exiv2-0:0.28.9-1.fc44.x86_64  100% | 127.2 MiB/s |   2.0 MiB |  00m00s
2026-10-07T12:38:39.5833956Z [472/477] libselinux-0:3.11-2.fc44.x86_ 100% |   5.7 MiB/s | 104.3 KiB |  00m00s
2026-10-07T12:38:39.5895094Z [473/477] glibc-0:2.43-9.fc44.x86_64    100% | 112.9 MiB/s |   2.4 MiB |  00m00s
2026-10-07T12:38:39.5915593Z [474/477] glibc-common-0:2.43-9.fc44.x8 100% |  36.7 MiB/s | 375.6 KiB |  00m00s
2026-10-07T12:38:39.5972237Z [475/477] glibc-minimal-langpack-0:2.43 100% |   6.4 MiB/s |  85.4 KiB |  00m00s
2026-10-07T12:38:39.5993176Z [476/477] elfutils-libelf-0:0.196-1.fc4 100% |  25.8 MiB/s | 238.2 KiB |  00m00s
2026-10-07T12:38:39.6009166Z [477/477] elfutils-libs-0:0.196-1.fc44. 100% |  30.9 MiB/s | 284.5 KiB |  00m00s
2026-10-07T12:38:39.6009863Z --------------------------------------------------------------------------------
2026-10-07T12:38:39.6010318Z [477/477] Total                         100% | 151.8 MiB/s | 425.1 MiB |  00m03s
2026-10-07T12:38:39.6028098Z Running transaction
2026-10-07T12:38:44.5914392Z [  1/485] Verify package files          100% | 305.0   B/s | 477.0   B |  00m02s
2026-10-07T12:38:44.8214724Z [  2/485] Prepare transaction           100% |   1.6 KiB/s | 483.0   B |  00m00s
2026-10-07T12:38:44.8251509Z [  3/485] Installing fonts-filesystem-1 100% | 256.5 KiB/s | 788.0   B |  00m00s
2026-10-07T12:38:44.8268823Z [  4/485] Installing dbus-1:1.16.2-1.fc 100% | 121.1 KiB/s | 124.0   B |  00m00s
2026-10-07T12:38:44.8393857Z [  5/485] Installing hunspell-filesyste 100% |  75.8 KiB/s | 388.0   B |  00m00s
2026-10-07T12:38:44.9224529Z [  6/485] Installing cmake-filesystem-0 100% | 851.6 KiB/s |   9.4 KiB |  00m00s
2026-10-07T12:38:45.0162951Z [  7/485] Installing glibc-gconv-extra- 100% |  55.1 MiB/s |   7.5 MiB |  00m00s
2026-10-07T12:38:45.0490392Z [  8/485] Upgrading glibc-0:2.43-9.fc44 100% | 102.0 MiB/s |   6.9 MiB |  00m00s
2026-10-07T12:38:45.0761573Z [  9/485] Upgrading glibc-common-0:2.43 100% |  37.9 MiB/s |   1.0 MiB |  00m00s
2026-10-07T12:38:45.0835609Z [ 10/485] Upgrading glibc-minimal-langp 100% |  24.2 KiB/s | 124.0   B |  00m00s
2026-10-07T12:38:45.0882135Z [ 11/485] Installing libpng-2:1.6.58-1. 100% |  81.7 MiB/s | 250.9 KiB |  00m00s
2026-10-07T12:38:45.0912589Z [ 12/485] Installing libjpeg-turbo-0:3. 100% | 200.2 MiB/s | 819.9 KiB |  00m00s
2026-10-07T12:38:45.0953470Z [ 13/485] Installing libwayland-client- 100% |  21.9 MiB/s |  67.2 KiB |  00m00s
2026-10-07T12:38:45.1124128Z [ 14/485] Installing expat-0:2.8.5-1.fc 100% |  19.8 MiB/s | 344.3 KiB |  00m00s
2026-10-07T12:38:45.1176079Z [ 15/485] Installing lcms2-0:2.16-7.fc4 100% | 109.2 MiB/s | 447.3 KiB |  00m00s
2026-10-07T12:38:45.1209113Z [ 16/485] Installing json-glib-0:1.10.8 100% |  99.0 MiB/s | 608.3 KiB |  00m00s
2026-10-07T12:38:45.1264154Z [ 17/485] Installing libogg-2:1.3.6-2.f 100% |  23.0 MiB/s |  47.1 KiB |  00m00s
2026-10-07T12:38:45.1502053Z [ 18/485] Installing libvorbis-1:1.3.7- 100% | 136.6 MiB/s | 839.6 KiB |  00m00s
2026-10-07T12:38:45.2345426Z [ 19/485] Installing libicu-0:77.1-3.fc 100% | 352.1 MiB/s |  36.6 MiB |  00m00s
2026-10-07T12:38:45.2381063Z [ 20/485] Installing libX11-xcb-0:1.8.1 100% |   5.7 MiB/s |  11.6 KiB |  00m00s
2026-10-07T12:38:45.2433401Z [ 21/485] Upgrading libselinux-0:3.11-2 100% |  50.4 MiB/s | 206.5 KiB |  00m00s
2026-10-07T12:38:45.2509754Z [ 22/485] Installing vulkan-loader-0:1. 100% | 113.3 MiB/s | 580.2 KiB |  00m00s
2026-10-07T12:38:45.2554934Z [ 23/485] Installing libwebp-0:1.6.0-3. 100% | 135.6 MiB/s | 972.1 KiB |  00m00s
2026-10-07T12:38:45.2585160Z [ 24/485] Installing nspr-0:4.39.0-5.fc 100% |  80.3 MiB/s | 328.9 KiB |  00m00s
2026-10-07T12:38:45.2617136Z [ 25/485] Installing libtalloc-0:2.4.4- 100% |  31.8 MiB/s |  65.0 KiB |  00m00s
2026-10-07T12:38:45.2653577Z [ 26/485] Installing libtevent-0:0.17.1 100% |  33.4 MiB/s | 102.5 KiB |  00m00s
2026-10-07T12:38:45.2816591Z [ 27/485] Installing fribidi-0:1.0.16-4 100% |  11.8 MiB/s | 192.5 KiB |  00m00s
2026-10-07T12:38:45.2851458Z [ 28/485] Installing libgudev-0:238-9.f 100% |  30.3 MiB/s |  93.2 KiB |  00m00s
2026-10-07T12:38:45.2894917Z [ 29/485] Installing dbus-libs-1:1.16.2 100% | 116.7 MiB/s | 358.5 KiB |  00m00s
2026-10-07T12:38:45.2936944Z [ 30/485] Installing avahi-libs-0:0.9~r 100% |  44.4 MiB/s | 181.8 KiB |  00m00s
2026-10-07T12:38:45.2967334Z [ 31/485] Installing opus-0:1.6-2.fc44. 100% | 152.6 MiB/s | 468.8 KiB |  00m00s
2026-10-07T12:38:45.3022716Z [ 32/485] Installing libwayland-egl-0:1 100% |   2.6 MiB/s |  13.4 KiB |  00m00s
2026-10-07T12:38:45.3076672Z [ 33/485] Installing libtdb-0:1.4.15-1. 100% |  35.6 MiB/s | 109.5 KiB |  00m00s
2026-10-07T12:38:45.3112280Z [ 34/485] Upgrading elfutils-libelf-0:0 100% | 288.6 MiB/s |   1.4 MiB |  00m00s
2026-10-07T12:38:45.3140228Z [ 35/485] Installing nss-util-0:3.129.0 100% |  69.6 MiB/s | 213.7 KiB |  00m00s
2026-10-07T12:38:45.3173647Z [ 36/485] Installing libwayland-cursor- 100% |  18.7 MiB/s |  38.3 KiB |  00m00s
2026-10-07T12:38:45.3225618Z [ 37/485] Installing graphene-0:1.10.8- 100% |  52.1 MiB/s | 160.0 KiB |  00m00s
2026-10-07T12:38:45.3338323Z [ 38/485] Installing libepoxy-0:1.5.10- 100% | 217.2 MiB/s |   1.1 MiB |  00m00s
2026-10-07T12:38:45.3593534Z [ 39/485] Installing shared-mime-info-0 100% |  76.4 MiB/s |   2.6 MiB |  00m00s
2026-10-07T12:38:45.3848709Z [ 40/485] Installing svt-av1-libs-0:3.1 100% | 295.3 MiB/s |   5.6 MiB |  00m00s
2026-10-07T12:38:45.3880776Z [ 41/485] Installing libdav1d-0:1.5.4-1 100% | 251.4 MiB/s |   1.8 MiB |  00m00s
2026-10-07T12:38:45.3924088Z [ 42/485] Installing libseccomp-0:2.6.1 100% |  72.9 MiB/s | 224.0 KiB |  00m00s
2026-10-07T12:38:45.3968347Z [ 43/485] Installing openjpeg-0:2.5.4-3 100% | 113.8 MiB/s | 466.1 KiB |  00m00s
2026-10-07T12:38:45.3995050Z [ 44/485] Installing libvpl-1:2.17.0-1. 100% | 107.3 MiB/s | 439.6 KiB |  00m00s
2026-10-07T12:38:45.4038239Z [ 45/485] Installing avahi-glib-0:0.9~r 100% |   9.9 MiB/s |  20.3 KiB |  00m00s
2026-10-07T12:38:45.4147328Z [ 46/485] Installing libtheora-1:1.1.1- 100% | 118.0 MiB/s | 483.3 KiB |  00m00s
2026-10-07T12:38:45.4183436Z [ 47/485] Installing rav1e-libs-0:0.8.1 100% | 280.3 MiB/s |   3.1 MiB |  00m00s
2026-10-07T12:38:45.4227048Z [ 48/485] Installing gsm-0:1.0.24-2.fc4 100% |  21.9 MiB/s |  67.3 KiB |  00m00s
2026-10-07T12:38:45.4290686Z [ 49/485] Installing lame-libs-0:3.100- 100% | 300.6 MiB/s |   1.2 MiB |  00m00s
2026-10-07T12:38:45.4349803Z [ 50/485] Installing mpg123-libs-0:1.32 100% | 134.8 MiB/s | 828.3 KiB |  00m00s
2026-10-07T12:38:45.4527216Z [ 51/485] Installing orc-0:0.4.41-3.fc4 100% |  37.2 MiB/s | 724.4 KiB |  00m00s
2026-10-07T12:38:45.4551945Z [ 52/485] Installing libglvnd-1:1.7.0-9 100% | 171.8 MiB/s | 527.8 KiB |  00m00s
2026-10-07T12:38:45.4602975Z [ 53/485] Installing libatomic-0:16.2.1 100% |  22.7 MiB/s |  46.6 KiB |  00m00s
2026-10-07T12:38:45.5565655Z [ 54/485] Installing javascriptcoregtk6 100% | 391.3 MiB/s |  33.6 MiB |  00m00s
2026-10-07T12:38:45.5727416Z [ 55/485] Installing alsa-lib-0:1.2.16. 100% |  52.1 MiB/s |   1.5 MiB |  00m00s
2026-10-07T12:38:45.5785910Z [ 56/485] Installing libmpc-0:1.4.1-1.f 100% |  55.5 MiB/s | 170.4 KiB |  00m00s
2026-10-07T12:38:45.5823180Z [ 57/485] Installing fdk-aac-free-0:2.0 100% | 123.0 MiB/s | 629.8 KiB |  00m00s
2026-10-07T12:38:45.5866320Z [ 58/485] Installing libdvdread-0:7.0.1 100% |  44.8 MiB/s | 183.7 KiB |  00m00s
2026-10-07T12:38:45.5903607Z [ 59/485] Installing liblc3-0:1.1.3-7.f 100% |  57.2 MiB/s | 175.7 KiB |  00m00s
2026-10-07T12:38:45.5956354Z [ 60/485] Installing speex-0:1.2.0-21.f 100% |  42.4 MiB/s | 130.3 KiB |  00m00s
2026-10-07T12:38:45.6189442Z [ 61/485] Installing gobject-introspect 100% |  78.4 MiB/s | 401.5 KiB |  00m00s
2026-10-07T12:38:45.6213825Z [ 62/485] Installing hwdata-0:0.412-1.f 100% | 458.9 MiB/s |  10.1 MiB |  00m00s
2026-10-07T12:38:45.6240863Z [ 63/485] Installing mesa-filesystem-0: 100% |   4.2 MiB/s |   4.3 KiB |  00m00s
2026-10-07T12:38:45.6307978Z [ 64/485] Installing libdvdnav-0:7.0.0- 100% |  24.7 MiB/s | 126.5 KiB |  00m00s
2026-10-07T12:38:45.6510852Z [ 65/485] Installing bubblewrap-0:0.12. 100% |   7.3 MiB/s | 142.1 KiB |  00m00s
2026-10-07T12:38:45.6554939Z [ 66/485] Installing flac-libs-0:1.5.0- 100% | 123.1 MiB/s | 630.1 KiB |  00m00s
2026-10-07T12:38:45.6588819Z [ 67/485] Installing libsndfile-0:1.2.2 100% | 135.6 MiB/s | 555.4 KiB |  00m00s
2026-10-07T12:38:45.6640808Z [ 68/485] Installing libdatrie-0:0.2.14 100% |  30.7 MiB/s |  62.8 KiB |  00m00s
2026-10-07T12:38:45.6693872Z [ 69/485] Installing libthai-0:0.1.30-2 100% | 156.8 MiB/s | 802.7 KiB |  00m00s
2026-10-07T12:38:45.6846885Z [ 70/485] Installing libxslt-0:1.1.43-6 100% |  25.8 MiB/s | 474.9 KiB |  00m00s
2026-10-07T12:38:45.7051091Z [ 71/485] Installing libXau-0:1.0.12-4. 100% |  36.3 MiB/s |  74.3 KiB |  00m00s
2026-10-07T12:38:45.7108257Z [ 72/485] Installing libxcb-0:1.17.0-7. 100% |  49.0 MiB/s |   1.1 MiB |  00m00s
2026-10-07T12:38:45.7156044Z [ 73/485] Installing lzo-0:2.10-16.fc44 100% |  57.4 MiB/s | 176.4 KiB |  00m00s
2026-10-07T12:38:45.7191951Z [ 74/485] Installing pixman-0:0.46.2-3. 100% | 175.6 MiB/s | 719.3 KiB |  00m00s
2026-10-07T12:38:45.7384963Z [ 75/485] Installing graphite2-0:1.3.14 100% |  11.8 MiB/s | 193.6 KiB |  00m00s
2026-10-07T12:38:45.7508887Z [ 76/485] Installing freetype-0:2.14.3- 100% | 149.7 MiB/s | 920.0 KiB |  00m00s
2026-10-07T12:38:45.7542146Z [ 77/485] Installing harfbuzz-0:14.1.0- 100% | 234.4 MiB/s |   2.8 MiB |  00m00s
2026-10-07T12:38:45.7579839Z [ 78/485] Installing harfbuzz-icu-0:14. 100% |   7.9 MiB/s |  16.1 KiB |  00m00s
2026-10-07T12:38:45.7614275Z [ 79/485] Installing libwayland-server- 100% |  28.5 MiB/s |  87.7 KiB |  00m00s
2026-10-07T12:38:45.7819430Z [ 80/485] Installing libxshmfence-0:1.3 100% |   4.4 MiB/s |  13.4 KiB |  00m00s
2026-10-07T12:38:45.7857008Z [ 81/485] Installing spirv-tools-libs-0 100% | 290.3 MiB/s |   6.1 MiB |  00m00s
2026-10-07T12:38:45.7936800Z [ 82/485] Installing libedit-0:3.1-59.2 100% |  61.0 MiB/s | 250.0 KiB |  00m00s
2026-10-07T12:38:45.8111492Z [ 83/485] Installing less-0:704-4.fc44. 100% |  23.6 MiB/s | 483.2 KiB |  00m00s
2026-10-07T12:38:45.8151213Z [ 84/485] Installing jansson-0:2.14-4.f 100% |  29.4 MiB/s |  90.3 KiB |  00m00s
2026-10-07T12:38:45.8266023Z [ 85/485] Installing libtextstyle-0:0.2 100% |  93.5 MiB/s | 382.8 KiB |  00m00s
2026-10-07T12:38:45.8335199Z [ 86/485] Installing gettext-libs-0:0.2 100% | 214.9 MiB/s |   2.4 MiB |  00m00s
2026-10-07T12:38:45.8376625Z [ 87/485] Installing openh264-0:2.6.0-3 100% | 186.0 MiB/s |   1.1 MiB |  00m00s
2026-10-07T12:38:45.8496120Z [ 88/485] Installing libsbc-0:2.1-2.fc4 100% |  30.7 MiB/s |  94.4 KiB |  00m00s
2026-10-07T12:38:45.8572475Z [ 89/485] Installing libvpx-0:1.15.0-5. 100% | 219.4 MiB/s |   3.3 MiB |  00m00s
2026-10-07T12:38:45.8605991Z [ 90/485] Installing opencore-amr-0:0.1 100% |  86.7 MiB/s | 355.1 KiB |  00m00s
2026-10-07T12:38:45.8642851Z [ 91/485] Installing twolame-libs-0:0.4 100% |  52.9 MiB/s | 162.5 KiB |  00m00s
2026-10-07T12:38:45.8739470Z [ 92/485] Installing fuse3-libs-0:3.18. 100% |  29.2 MiB/s | 298.9 KiB |  00m00s
2026-10-07T12:38:45.8787001Z [ 93/485] Installing libwbclient-2:4.24 100% |  23.4 MiB/s |  71.9 KiB |  00m00s
2026-10-07T12:38:45.8871966Z [ 94/485] Installing hunspell-en-US-0:0 100% | 165.2 MiB/s | 507.4 KiB |  00m00s
2026-10-07T12:38:45.9041871Z [ 95/485] Installing gsettings-desktop- 100% | 291.9 MiB/s |   6.1 MiB |  00m00s
2026-10-07T12:38:45.9606656Z [ 96/485] Installing xml-common-0:0.6.3 100% |  19.8 MiB/s |  81.1 KiB |  00m00s
2026-10-07T12:38:45.9884499Z [ 97/485] Installing hicolor-icon-theme 100% |   2.3 MiB/s | 179.7 KiB |  00m00s
2026-10-07T12:38:46.0352409Z [ 98/485] Installing iso-codes-0:4.20.1 100% | 469.4 MiB/s |  22.5 MiB |  00m00s
2026-10-07T12:38:46.0574287Z [ 99/485] Installing hunspell-0:1.7.4-2 100% |  61.4 MiB/s |   1.4 MiB |  00m00s
2026-10-07T12:38:46.0750422Z [100/485] Installing enchant2-0:2.8.21- 100% |  12.2 MiB/s | 250.1 KiB |  00m00s
2026-10-07T12:38:46.0782996Z [101/485] Installing harfbuzz-gpu-0:14. 100% |  28.8 MiB/s |  88.5 KiB |  00m00s
2026-10-07T12:38:46.0818420Z [102/485] Installing harfbuzz-raster-0: 100% |  68.6 MiB/s | 210.6 KiB |  00m00s
2026-10-07T12:38:46.0852708Z [103/485] Installing harfbuzz-vector-0: 100% |  33.1 MiB/s | 101.8 KiB |  00m00s
2026-10-07T12:38:46.0896896Z [104/485] Installing libpciaccess-0:0.1 100% |  16.2 MiB/s |  49.8 KiB |  00m00s
2026-10-07T12:38:46.1909014Z [105/485] Installing libdrm-0:2.4.134-1 100% |  40.0 MiB/s | 409.7 KiB |  00m00s
2026-10-07T12:38:46.2410646Z [106/485] Installing osinfo-db-0:202512 100% |  31.2 MiB/s |   4.4 MiB |  00m00s
2026-10-07T12:38:46.2456609Z [107/485] Installing upower-libs-0:1.91 100% |  43.9 MiB/s | 180.0 KiB |  00m00s
2026-10-07T12:38:46.2919549Z [108/485] Installing libshout-0:2.4.6-1 100% |  10.4 MiB/s | 180.7 KiB |  00m00s
2026-10-07T12:38:46.3930042Z [109/485] Installing cpp-0:16.2.1-2.fc4 100% | 325.1 MiB/s |  42.6 MiB |  00m00s
2026-10-07T12:38:46.4062459Z [110/485] Installing libopenmpt-0:0.8.9 100% | 233.7 MiB/s |   1.9 MiB |  00m00s
2026-10-07T12:38:46.4159951Z [111/485] Installing nss-softokn-freebl 100% | 152.9 MiB/s |   1.1 MiB |  00m00s
2026-10-07T12:38:46.4198935Z [112/485] Installing nss-softokn-0:3.12 100% | 229.1 MiB/s |   2.1 MiB |  00m00s
2026-10-07T12:38:46.4433047Z [113/485] Installing nss-sysinit-0:3.12 100% |   1.2 MiB/s |  19.1 KiB |  00m00s
2026-10-07T12:38:46.4575355Z [114/485] Installing nss-0:3.129.0-1.fc 100% | 116.6 MiB/s |   2.0 MiB |  00m00s
2026-10-07T12:38:46.4633214Z [115/485] Upgrading elfutils-libs-0:0.1 100% | 100.1 MiB/s | 717.2 KiB |  00m00s
2026-10-07T12:38:46.4940596Z [116/485] Installing elfutils-debuginfo 100% |   4.4 MiB/s |  86.2 KiB |  00m00s
2026-10-07T12:38:46.5649509Z [117/485] Installing binutils-0:2.46.1- 100% | 344.6 MiB/s |  28.3 MiB |  00m00s
2026-10-07T12:38:46.5721406Z [118/485] Installing libgusb-0:0.4.9-5. 100% |  39.0 MiB/s | 159.6 KiB |  00m00s
2026-10-07T12:38:46.5800080Z [119/485] Installing colord-libs-0:1.4. 100% | 135.7 MiB/s | 833.4 KiB |  00m00s
2026-10-07T12:38:46.5962121Z [120/485] Installing exempi-0:2.6.4-9.f 100% |  68.6 MiB/s |   1.4 MiB |  00m00s
2026-10-07T12:38:46.6061942Z [121/485] Installing libyuv-0:0-0.61.20 100% | 133.9 MiB/s | 685.3 KiB |  00m00s
2026-10-07T12:38:46.6114589Z [122/485] Installing libv4l-0:1.32.0-3. 100% |  45.1 MiB/s | 369.2 KiB |  00m00s
2026-10-07T12:38:46.6212791Z [123/485] Installing aribb24-0:1.0.3^20 100% |  27.5 MiB/s |  84.4 KiB |  00m00s
2026-10-07T12:38:46.6847318Z [124/485] Installing zvbi-0:0.2.44-3.fc 100% |  31.0 MiB/s |   1.2 MiB |  00m00s
2026-10-07T12:38:46.7154226Z [125/485] Installing groff-base-0:1.23. 100% |  62.8 MiB/s |   3.9 MiB |  00m00s
2026-10-07T12:38:46.7387361Z [126/485] Installing make-1:4.4.1-12.fc 100% |  81.8 MiB/s |   1.8 MiB |  00m00s
2026-10-07T12:38:46.7440001Z [127/485] Installing libpkgconf-0:2.5.1 100% |  29.7 MiB/s |  91.3 KiB |  00m00s
2026-10-07T12:38:46.7600946Z [128/485] Installing pkgconf-0:2.5.1-1. 100% |   5.5 MiB/s |  95.2 KiB |  00m00s
2026-10-07T12:38:46.7633226Z [129/485] Installing hyphen-0:2.8.8-28. 100% |  26.1 MiB/s |  53.4 KiB |  00m00s
2026-10-07T12:38:46.7670370Z [130/485] Installing hidapi-0:0.15.0-3. 100% |  36.7 MiB/s | 112.6 KiB |  00m00s
2026-10-07T12:38:46.7770395Z [131/485] Installing libasyncns-0:0.8-3 100% |  18.5 MiB/s |  56.8 KiB |  00m00s
2026-10-07T12:38:46.8164894Z [132/485] Installing pulseaudio-libs-0: 100% | 308.9 MiB/s |   3.4 MiB |  00m00s
2026-10-07T12:38:46.8663771Z [133/485] Installing flite-0:2.2-13.fc4 100% | 265.5 MiB/s |  21.5 MiB |  00m00s
2026-10-07T12:38:46.8827012Z [134/485] Installing ncurses-0:6.6-1.fc 100% |  31.8 MiB/s | 618.0 KiB |  00m00s
2026-10-07T12:38:46.8847497Z [135/485] Installing perl-Digest-0:1.20 100% |  18.1 MiB/s |  37.1 KiB |  00m00s
2026-10-07T12:38:46.8894724Z [136/485] Installing perl-FileHandle-0: 100% |   4.8 MiB/s |   9.8 KiB |  00m00s
2026-10-07T12:38:46.8928304Z [137/485] Installing perl-B-0:1.89-525. 100% | 123.2 MiB/s | 504.4 KiB |  00m00s
2026-10-07T12:38:46.8978998Z [138/485] Installing perl-Digest-MD5-0: 100% |  20.0 MiB/s |  61.5 KiB |  00m00s
2026-10-07T12:38:46.9016856Z [139/485] Installing perl-libnet-0:3.15 100% |  57.6 MiB/s | 294.7 KiB |  00m00s
2026-10-07T12:38:46.9064265Z [140/485] Installing perl-Data-Dumper-0 100% |  38.2 MiB/s | 117.4 KiB |  00m00s
2026-10-07T12:38:46.9099382Z [141/485] Installing perl-Unicode-Norma 100% |  95.4 MiB/s | 488.3 KiB |  00m00s
2026-10-07T12:38:46.9173495Z [142/485] Installing perl-MIME-Base32-0 100% |  10.5 MiB/s |  32.2 KiB |  00m00s
2026-10-07T12:38:46.9240233Z [143/485] Installing perl-URI-0:5.36-1. 100% |  28.3 MiB/s | 289.5 KiB |  00m00s
2026-10-07T12:38:46.9271576Z [144/485] Installing perl-IO-Socket-IP- 100% |  33.3 MiB/s | 102.2 KiB |  00m00s
2026-10-07T12:38:46.9313241Z [145/485] Installing perl-AutoLoader-0: 100% |  10.3 MiB/s |  21.0 KiB |  00m00s
2026-10-07T12:38:46.9337999Z [146/485] Installing perl-IO-Socket-SSL 100% | 177.6 MiB/s | 727.6 KiB |  00m00s
2026-10-07T12:38:46.9467532Z [147/485] Installing perl-locale-0:1.13 100% |   3.2 MiB/s |   6.5 KiB |  00m00s
2026-10-07T12:38:46.9511162Z [148/485] Installing perl-Net-SSLeay-0: 100% |  96.2 MiB/s |   1.3 MiB |  00m00s
2026-10-07T12:38:46.9545655Z [149/485] Installing perl-Time-Local-2: 100% |  34.5 MiB/s |  70.6 KiB |  00m00s
2026-10-07T12:38:46.9569101Z [150/485] Installing perl-Time-HiRes-4: 100% |  38.3 MiB/s | 117.7 KiB |  00m00s
2026-10-07T12:38:46.9724871Z [151/485] Installing perl-if-0:0.61.000 100% | 416.1 KiB/s |   6.2 KiB |  00m00s
2026-10-07T12:38:46.9741588Z [152/485] Installing perl-File-Path-0:2 100% |  63.0 MiB/s |  64.5 KiB |  00m00s
2026-10-07T12:38:46.9758367Z [153/485] Installing perl-Pod-Escapes-1 100% |  25.3 MiB/s |  25.9 KiB |  00m00s
2026-10-07T12:38:46.9779438Z [154/485] Installing perl-Text-Tabs+Wra 100% |  23.3 MiB/s |  23.9 KiB |  00m00s
2026-10-07T12:38:46.9797625Z [155/485] Installing perl-HTTP-Tiny-0:0 100% |  80.3 MiB/s | 164.5 KiB |  00m00s
2026-10-07T12:38:46.9813044Z [156/485] Installing perl-Class-Struct- 100% |  25.3 MiB/s |  25.9 KiB |  00m00s
2026-10-07T12:38:46.9832712Z [157/485] Installing perl-IPC-Open3-0:1 100% |  27.8 MiB/s |  28.5 KiB |  00m00s
2026-10-07T12:38:46.9857451Z [158/485] Installing perl-File-Temp-1:0 100% |  80.8 MiB/s | 165.5 KiB |  00m00s
2026-10-07T12:38:46.9913972Z [159/485] Installing perl-POSIX-0:2.23- 100% | 112.6 MiB/s | 230.6 KiB |  00m00s
2026-10-07T12:38:46.9937702Z [160/485] Installing perl-Pod-Simple-1: 100% | 112.3 MiB/s | 574.9 KiB |  00m00s
2026-10-07T12:38:46.9956226Z [161/485] Installing perl-Term-Cap-0:1. 100% |  29.9 MiB/s |  30.6 KiB |  00m00s
2026-10-07T12:38:46.9992516Z [162/485] Installing perl-Term-ANSIColo 100% |  48.4 MiB/s |  99.2 KiB |  00m00s
2026-10-07T12:38:47.0166075Z [163/485] Installing perl-Pod-Perldoc-0 100% |   9.7 MiB/s | 169.2 KiB |  00m00s
2026-10-07T12:38:47.0305430Z [164/485] Installing perl-podlators-1:6 100% |  19.6 MiB/s | 321.7 KiB |  00m00s
2026-10-07T12:38:47.0322393Z [165/485] Installing perl-File-stat-0:1 100% |  12.8 MiB/s |  13.1 KiB |  00m00s
2026-10-07T12:38:47.0351727Z [166/485] Installing perl-SelectSaver-0 100% |   2.6 MiB/s |   2.6 KiB |  00m00s
2026-10-07T12:38:47.0371003Z [167/485] Installing perl-Socket-4:2.04 100% |  40.3 MiB/s | 123.8 KiB |  00m00s
2026-10-07T12:38:47.0391751Z [168/485] Installing perl-Symbol-0:1.09 100% |   7.1 MiB/s |   7.3 KiB |  00m00s
2026-10-07T12:38:47.0555196Z [169/485] Installing perl-Pod-Usage-4:2 100% |   6.1 MiB/s |  87.9 KiB |  00m00s
2026-10-07T12:38:47.0578321Z [170/485] Installing perl-IO-0:1.55-525 100% |  37.0 MiB/s | 151.5 KiB |  00m00s
2026-10-07T12:38:47.0598060Z [171/485] Installing perl-overloading-0 100% |   5.4 MiB/s |   5.6 KiB |  00m00s
2026-10-07T12:38:47.0614472Z [172/485] Installing perl-mro-0:1.29-52 100% |  20.8 MiB/s |  42.5 KiB |  00m00s
2026-10-07T12:38:47.0632843Z [173/485] Installing perl-base-0:2.27-5 100% |  12.7 MiB/s |  13.0 KiB |  00m00s
2026-10-07T12:38:47.0646918Z [174/485] Installing perl-Fcntl-0:1.20- 100% |  48.6 MiB/s |  49.8 KiB |  00m00s
2026-10-07T12:38:47.0668855Z [175/485] Installing perl-Text-ParseWor 100% |  14.2 MiB/s |  14.6 KiB |  00m00s
2026-10-07T12:38:47.0718907Z [176/485] Installing perl-Getopt-Long-1 100% |  35.9 MiB/s | 147.2 KiB |  00m00s
2026-10-07T12:38:47.0738389Z [177/485] Installing perl-Storable-1:3. 100% | 115.6 MiB/s | 236.7 KiB |  00m00s
2026-10-07T12:38:47.0752402Z [178/485] Installing perl-overload-0:1. 100% |  70.3 MiB/s |  72.0 KiB |  00m00s
2026-10-07T12:38:47.0775918Z [179/485] Installing perl-Getopt-Std-0: 100% |  11.5 MiB/s |  11.8 KiB |  00m00s
2026-10-07T12:38:47.0793836Z [180/485] Installing perl-MIME-Base64-0 100% |  21.6 MiB/s |  44.2 KiB |  00m00s
2026-10-07T12:38:47.0806315Z [181/485] Installing perl-File-Basename 100% |  14.3 MiB/s |  14.6 KiB |  00m00s
2026-10-07T12:38:47.0818280Z [182/485] Installing perl-vars-0:1.05-5 100% |   4.2 MiB/s |   4.3 KiB |  00m00s
2026-10-07T12:38:47.0830907Z [183/485] Installing perl-Errno-0:1.38- 100% |   8.6 MiB/s |   8.8 KiB |  00m00s
2026-10-07T12:38:47.0872281Z [184/485] Installing perl-parent-1:0.24 100% |  10.7 MiB/s |  11.0 KiB |  00m00s
2026-10-07T12:38:47.0892134Z [185/485] Installing perl-Scalar-List-U 100% |  36.3 MiB/s | 148.5 KiB |  00m00s
2026-10-07T12:38:47.1094541Z [186/485] Installing perl-constant-0:1. 100% |  26.7 MiB/s |  27.4 KiB |  00m00s
2026-10-07T12:38:47.1250769Z [187/485] Installing perl-Encode-4:3.21 100% | 138.0 MiB/s |   4.7 MiB |  00m00s
2026-10-07T12:38:47.1284838Z [188/485] Installing perl-DynaLoader-0: 100% |  31.7 MiB/s |  32.5 KiB |  00m00s
2026-10-07T12:38:47.1309917Z [189/485] Installing perl-PathTools-0:3 100% |  45.0 MiB/s | 184.4 KiB |  00m00s
2026-10-07T12:38:47.1321685Z [190/485] Installing perl-Carp-0:1.54-5 100% |  46.6 MiB/s |  47.7 KiB |  00m00s
2026-10-07T12:38:47.2475054Z [191/485] Installing perl-Exporter-0:5. 100% |  18.1 MiB/s |  55.6 KiB |  00m00s
2026-10-07T12:38:47.2542760Z [192/485] Installing perl-libs-4:5.42.3 100% |  99.8 MiB/s |  11.7 MiB |  00m00s
2026-10-07T12:38:47.2701964Z [193/485] Installing perl-interpreter-4 100% |   7.8 MiB/s | 120.5 KiB |  00m00s
2026-10-07T12:38:47.2731040Z [194/485] Installing perl-TermReadKey-0 100% |  21.5 MiB/s |  66.1 KiB |  00m00s
2026-10-07T12:38:47.2750342Z [195/485] Installing perl-Error-1:0.170 100% |  39.0 MiB/s |  80.0 KiB |  00m00s
2026-10-07T12:38:47.2769432Z [196/485] Installing perl-lib-0:0.65-52 100% |   8.7 MiB/s |   8.9 KiB |  00m00s
2026-10-07T12:38:47.2799410Z [197/485] Installing libevdev-0:1.13.7- 100% |  44.4 MiB/s |  91.0 KiB |  00m00s
2026-10-07T12:38:47.2840602Z [198/485] Installing libmanette-0:0.2.1 100% | 180.1 MiB/s | 368.9 KiB |  00m00s
2026-10-07T12:38:47.3020831Z [199/485] Installing libvmaf-0:3.0.0-5. 100% | 207.1 MiB/s | 848.2 KiB |  00m00s
2026-10-07T12:38:47.3044559Z [200/485] Installing libaom-0:3.13.3-1. 100% | 318.1 MiB/s |   5.1 MiB |  00m00s
2026-10-07T12:38:47.3086282Z [201/485] Installing libavif-0:1.3.0-4. 100% |  86.9 MiB/s | 266.9 KiB |  00m00s
2026-10-07T12:38:47.3119918Z [202/485] Installing duktape-0:2.7.0-11 100% | 152.7 MiB/s | 625.6 KiB |  00m00s
2026-10-07T12:38:47.3243386Z [203/485] Installing libproxy-0:0.5.12- 100% |  34.0 MiB/s | 104.4 KiB |  00m00s
2026-10-07T12:38:47.3311568Z [204/485] Installing glib-networking-0: 100% |  57.5 MiB/s | 765.3 KiB |  00m00s
2026-10-07T12:38:47.3350358Z [205/485] Installing libsoup3-0:3.6.6-1 100% | 197.2 MiB/s |   1.2 MiB |  00m00s
2026-10-07T12:38:47.3385459Z [206/485] Installing gssdp-0:1.6.6-1.fc 100% |  74.7 MiB/s | 153.1 KiB |  00m00s
2026-10-07T12:38:47.3412456Z [207/485] Installing gupnp-0:1.6.10-1.f 100% | 102.1 MiB/s | 313.7 KiB |  00m00s
2026-10-07T12:38:47.3459178Z [208/485] Installing gupnp-igd-0:1.6.0- 100% |  33.4 MiB/s |  68.4 KiB |  00m00s
2026-10-07T12:38:47.3607403Z [209/485] Installing libnice-0:0.1.23-2 100% |  27.8 MiB/s | 512.8 KiB |  00m00s
2026-10-07T12:38:47.3814526Z [210/485] Installing osinfo-db-tools-0: 100% |  12.0 MiB/s | 196.5 KiB |  00m00s
2026-10-07T12:38:47.3975400Z [211/485] Installing libosinfo-0:1.12.0 100% |  67.0 MiB/s |   1.2 MiB |  00m00s
2026-10-07T12:38:47.4032395Z [212/485] Installing cdparanoia-libs-0: 100% |  22.4 MiB/s | 114.7 KiB |  00m00s
2026-10-07T12:38:47.4191015Z [213/485] Installing libvisual-1:0.4.2- 100% | 152.0 MiB/s | 467.0 KiB |  00m00s
2026-10-07T12:38:47.4329964Z [214/485] Installing highway-0:1.3.0-2. 100% | 345.9 MiB/s |   5.5 MiB |  00m00s
2026-10-07T12:38:47.4397256Z [215/485] Installing libjxl-1:0.11.2-1. 100% | 294.2 MiB/s |   4.1 MiB |  00m00s
2026-10-07T12:38:47.4559485Z [216/485] Installing libsecret-0:0.21.8 100% |  25.6 MiB/s | 498.7 KiB |  00m00s
2026-10-07T12:38:47.4584159Z [217/485] Installing lm_sensors-libs-0: 100% |  42.4 MiB/s |  86.8 KiB |  00m00s
2026-10-07T12:38:47.4724269Z [218/485] Installing xdg-dbus-proxy-0:0 100% |   6.8 MiB/s |  97.0 KiB |  00m00s
2026-10-07T12:38:47.4832781Z [219/485] Installing libkadm5-0:1.22.2- 100% |  71.5 MiB/s | 219.7 KiB |  00m00s
2026-10-07T12:38:47.4986473Z [220/485] Installing sqlite-0:3.51.2-2. 100% |  91.3 MiB/s |   1.9 MiB |  00m00s
2026-10-07T12:38:47.5152919Z [221/485] Installing brotli-0:1.2.0-3.f 100% |   2.4 MiB/s |  34.3 KiB |  00m00s
2026-10-07T12:38:47.5190531Z [222/485] Installing jbigkit-libs-0:2.1 100% |  29.1 MiB/s | 119.2 KiB |  00m00s
2026-10-07T12:38:47.5234508Z [223/485] Installing liblerc-0:4.0.0-10 100% | 158.5 MiB/s | 649.4 KiB |  00m00s
2026-10-07T12:38:47.5288439Z [224/485] Installing libtiff-0:4.7.2-1. 100% | 156.9 MiB/s | 642.6 KiB |  00m00s
2026-10-07T12:38:47.5328445Z [225/485] Installing spandsp-0:0.0.6-22 100% | 209.6 MiB/s | 858.4 KiB |  00m00s
2026-10-07T12:38:47.5391389Z [226/485] Installing libstemmer-0:3.0.1 100% | 156.9 MiB/s | 642.7 KiB |  00m00s
2026-10-07T12:38:47.5425819Z [227/485] Installing libtinysparql-0:3. 100% | 167.9 MiB/s |   1.0 MiB |  00m00s
2026-10-07T12:38:47.5479956Z [228/485] Installing mpdecimal-0:4.0.1- 100% | 106.8 MiB/s | 218.6 KiB |  00m00s
2026-10-07T12:38:47.5515836Z [229/485] Installing pcre2-utf16-0:10.4 100% | 128.1 MiB/s | 656.1 KiB |  00m00s
2026-10-07T12:38:47.5548950Z [230/485] Installing pcre2-utf32-0:10.4 100% | 203.1 MiB/s | 623.9 KiB |  00m00s
2026-10-07T12:38:47.5573036Z [231/485] Installing glfw-1:3.4-6.fc44. 100% | 126.1 MiB/s | 387.4 KiB |  00m00s
2026-10-07T12:38:47.5597283Z [232/485] Installing lzo-minilzo-0:2.10 100% |  18.5 MiB/s |  37.8 KiB |  00m00s
2026-10-07T12:38:47.5745135Z [233/485] Installing gettext-envsubst-0 100% |   5.8 MiB/s |  88.9 KiB |  00m00s
2026-10-07T12:38:47.6256970Z [234/485] Installing gettext-runtime-0: 100% |  38.5 MiB/s | 748.8 KiB |  00m00s
2026-10-07T12:38:47.6444670Z [235/485] Installing gettext-0:0.26-5.f 100% | 268.6 MiB/s |  12.9 MiB |  00m00s
2026-10-07T12:38:47.6586697Z [236/485] Installing libopenjph-0:0.25. 100% | 118.0 MiB/s | 483.3 KiB |  00m00s
2026-10-07T12:38:47.6633079Z [237/485] Installing libheif-0:1.23.5-3 100% | 170.7 MiB/s |   2.4 MiB |  00m00s
2026-10-07T12:38:47.6678076Z [238/485] Installing libfdisk-0:2.41.5- 100% | 126.8 MiB/s | 389.4 KiB |  00m00s
2026-10-07T12:38:47.6797578Z [239/485] Installing liblastlog2-0:2.41 100% |   3.6 MiB/s |  43.7 KiB |  00m00s
2026-10-07T12:38:47.7645037Z [240/485] Installing util-linux-0:2.41. 100% |  43.2 MiB/s |   3.6 MiB |  00m00s
2026-10-07T12:38:47.7802317Z [241/485] Installing openssh-0:10.2p1-1 100% |  75.4 MiB/s |   1.4 MiB |  00m00s
2026-10-07T12:38:47.8766551Z [242/485] Installing openssh-clients-0: 100% |  86.8 MiB/s |   2.7 MiB |  00m00s
2026-10-07T12:38:47.8964621Z [243/485] Installing git-core-0:2.56.0- 100% | 330.3 MiB/s |  27.7 MiB |  00m00s
2026-10-07T12:38:47.9162591Z [244/485] Installing git-core-doc-0:2.5 100% |   1.0 GiB/s |  19.3 MiB |  00m00s
2026-10-07T12:38:47.9180841Z [245/485] Installing git-0:2.56.0-1.fc4 100% |  28.8 MiB/s |  59.0 KiB |  00m00s
2026-10-07T12:38:47.9207303Z [246/485] Installing perl-Git-0:2.56.0- 100% |  63.8 MiB/s |  65.4 KiB |  00m00s
2026-10-07T12:38:47.9249908Z [247/485] Installing libdisplay-info-0: 100% | 111.3 MiB/s | 227.9 KiB |  00m00s
2026-10-07T12:38:47.9277549Z [248/485] Installing faad2-libs-1:2.11. 100% | 151.5 MiB/s | 620.4 KiB |  00m00s
2026-10-07T12:38:47.9364244Z [249/485] Installing libsrtp-0:2.8.0-1. 100% |  63.9 MiB/s | 130.9 KiB |  00m00s
2026-10-07T12:38:47.9533017Z [250/485] Installing openal-soft-0:1.24 100% |  77.2 MiB/s |   1.6 MiB |  00m00s
2026-10-07T12:38:47.9974515Z [251/485] Installing soundtouch-0:2.4.0 100% |  13.1 MiB/s | 227.2 KiB |  00m00s
2026-10-07T12:38:48.0218610Z [252/485] Installing abseil-cpp-0:20260 100% |  57.6 MiB/s |   2.6 MiB |  00m00s
2026-10-07T12:38:48.0278074Z [253/485] Installing webrtc-audio-proce 100% | 106.6 MiB/s |   1.1 MiB |  00m00s
2026-10-07T12:38:48.0474168Z [254/485] Installing wavpack-0:5.9.0-2. 100% |  32.0 MiB/s | 590.0 KiB |  00m00s
2026-10-07T12:38:48.0591951Z [255/485] Installing ModemManager-glib- 100% | 253.8 MiB/s |   1.5 MiB |  00m00s
2026-10-07T12:38:48.0619639Z [256/485] Installing fftw-libs-single-0 100% | 301.2 MiB/s |   3.6 MiB |  00m00s
2026-10-07T12:38:48.0676391Z [257/485] Installing libebur128-0:1.2.6 100% |   9.9 MiB/s |  40.6 KiB |  00m00s
2026-10-07T12:38:48.0706071Z [258/485] Installing libldac-0:2.0.2.3- 100% |  26.0 MiB/s |  80.0 KiB |  00m00s
2026-10-07T12:38:48.0986203Z [259/485] Installing bluez-libs-0:5.87+ 100% |  66.2 MiB/s | 203.4 KiB |  00m00s
2026-10-07T12:38:48.1361858Z [260/485] Installing pipewire-libs-0:1. 100% | 160.3 MiB/s |   9.8 MiB |  00m00s
2026-10-07T12:38:48.1388659Z [261/485] Installing ilbc-0:3.0.4-19.fc 100% |  45.3 MiB/s |  92.8 KiB |  00m00s
2026-10-07T12:38:48.1414680Z [262/485] Installing openapv-libs-0:0.2 100% |  61.8 MiB/s | 126.5 KiB |  00m00s
2026-10-07T12:38:48.1440863Z [263/485] Installing snappy-0:1.2.2-4.f 100% |  39.8 MiB/s |  81.6 KiB |  00m00s
2026-10-07T12:38:48.1474963Z [264/485] Installing vo-amrwbenc-0:0.1. 100% |  77.8 MiB/s | 159.3 KiB |  00m00s
2026-10-07T12:38:48.1519339Z [265/485] Installing xevd-libs-0:0.5.0- 100% | 124.0 MiB/s | 381.1 KiB |  00m00s
2026-10-07T12:38:48.1561952Z [266/485] Installing xeve-libs-0:0.5.1- 100% | 221.2 MiB/s | 905.9 KiB |  00m00s
2026-10-07T12:38:48.1598631Z [267/485] Installing xvidcore-0:1.3.7-1 100% | 214.8 MiB/s | 879.9 KiB |  00m00s
2026-10-07T12:38:48.1897117Z [268/485] Installing soxr-0:0.1.3-21.fc 100% |  62.9 MiB/s | 193.3 KiB |  00m00s
2026-10-07T12:38:48.1959330Z [269/485] Installing lpcnetfreedv-0:0.5 100% | 511.1 MiB/s |  14.8 MiB |  00m00s
2026-10-07T12:38:48.1990853Z [270/485] Installing codec2-0:1.2.0-9.f 100% | 227.5 MiB/s |   1.4 MiB |  00m00s
2026-10-07T12:38:48.2002800Z [271/485] Installing libcloudproviders- 100% |  61.5 MiB/s | 125.9 KiB |  00m00s
2026-10-07T12:38:48.2089448Z [272/485] Installing taglib-0:2.3-2.fc4 100% | 230.2 MiB/s |   1.6 MiB |  00m00s
2026-10-07T12:38:48.2114650Z [273/485] Installing libcue-0:2.3.0-14. 100% |  42.6 MiB/s |  87.2 KiB |  00m00s
2026-10-07T12:38:48.2145261Z [274/485] Installing libzip-0:1.11.4-3. 100% |  70.7 MiB/s | 144.9 KiB |  00m00s
2026-10-07T12:38:48.2179471Z [275/485] Installing game-music-emu-0:0 100% | 117.7 MiB/s | 361.5 KiB |  00m00s
2026-10-07T12:38:48.2207223Z [276/485] Installing libmodplug-1:0.8.9 100% | 120.1 MiB/s | 369.0 KiB |  00m00s
2026-10-07T12:38:48.2239811Z [277/485] Installing libudfread-0:1.2.0 100% |  31.0 MiB/s |  63.4 KiB |  00m00s
2026-10-07T12:38:48.2281845Z [278/485] Installing openpgm-0:5.3.128- 100% | 104.7 MiB/s | 321.7 KiB |  00m00s
2026-10-07T12:38:48.2317312Z [279/485] Installing oniguruma-0:6.9.10 100% | 251.6 MiB/s | 773.1 KiB |  00m00s
2026-10-07T12:38:48.2355292Z [280/485] Installing libsodium-0:1.0.22 100% | 157.1 MiB/s | 482.6 KiB |  00m00s
2026-10-07T12:38:48.2405688Z [281/485] Installing libunwind-0:1.8.3- 100% |  48.2 MiB/s | 197.3 KiB |  00m00s
2026-10-07T12:38:48.2591327Z [282/485] Installing zeromq-0:4.3.5-22. 100% |  49.2 MiB/s | 906.6 KiB |  00m00s
2026-10-07T12:38:48.2758743Z [283/485] Installing gpgme-0:2.0.1-5.fc 100% |  33.7 MiB/s | 620.8 KiB |  00m00s
2026-10-07T12:38:48.2787008Z [284/485] Installing gpgmepp-0:2.0.1-5. 100% | 144.1 MiB/s | 442.7 KiB |  00m00s
2026-10-07T12:38:48.2814837Z [285/485] Installing cjson-0:1.7.19-1.f 100% |  33.8 MiB/s |  69.2 KiB |  00m00s
2026-10-07T12:38:48.2841379Z [286/485] Installing librist-0:0.2.11-1 100% |  59.8 MiB/s | 183.6 KiB |  00m00s
2026-10-07T12:38:48.2917521Z [287/485] Installing giflib-0:6.1.3-2.f 100% |  20.1 MiB/s | 123.8 KiB |  00m00s
2026-10-07T12:38:48.3071577Z [288/485] Installing uchardet-0:0.0.8-1 100% |  15.9 MiB/s | 277.4 KiB |  00m00s
2026-10-07T12:38:48.3193936Z [289/485] Installing totem-pl-parser-0: 100% |  54.5 MiB/s | 334.7 KiB |  00m00s
2026-10-07T12:38:48.3209942Z [290/485] Installing inih-0:62-2.fc44.x 100% |   3.3 MiB/s |  23.5 KiB |  00m00s
2026-10-07T12:38:48.3305600Z [291/485] Installing inih-cpp-0:62-2.fc 100% |  39.7 MiB/s |  40.7 KiB |  00m00s
2026-10-07T12:38:48.3342227Z [292/485] Installing exiv2-libs-0:0.28. 100% | 324.3 MiB/s |   2.9 MiB |  00m00s
2026-10-07T12:38:48.3373189Z [293/485] Installing libgexiv2-0:0.16.2 100% |  87.9 MiB/s | 270.0 KiB |  00m00s
2026-10-07T12:38:48.3394326Z [294/485] Installing librabbitmq-0:0.18 100% |  44.2 MiB/s |  90.6 KiB |  00m00s
2026-10-07T12:38:48.3445537Z [295/485] Installing ngtcp2-crypto-gnut 100% |  43.3 MiB/s |  44.4 KiB |  00m00s
2026-10-07T12:38:48.3472112Z [296/485] Installing srt-libs-0:1.5.7-1 100% | 210.7 MiB/s |   1.1 MiB |  00m00s
2026-10-07T12:38:48.3502218Z [297/485] Installing llhttp-0:9.3.1-1.f 100% |  47.9 MiB/s |  98.0 KiB |  00m00s
2026-10-07T12:38:48.3890102Z [298/485] Installing systemd-standalone 100% |  11.8 MiB/s | 435.8 KiB |  00m00s
2026-10-07T12:38:48.3890691Z >>> Running sysusers scriptlet: samba-common-2:4.24.7-1.fc44.noarch
2026-10-07T12:38:48.3891174Z >>> Finished sysusers scriptlet: samba-common-2:4.24.7-1.fc44.noarch
2026-10-07T12:38:48.3891550Z >>> Scriptlet output:
2026-10-07T12:38:48.3891806Z >>> Creating group 'printadmin' with GID 999.
2026-10-07T12:38:48.3892093Z >>> 
2026-10-07T12:38:48.4099225Z [299/485] Installing samba-common-2:4.2 100% |   9.2 MiB/s | 226.6 KiB |  00m00s
2026-10-07T12:38:48.4361316Z [300/485] Installing samba-core-libs-2: 100% | 168.3 MiB/s |   1.7 MiB |  00m00s
2026-10-07T12:38:48.4403714Z [301/485] Installing samba-ndr-libs-2:4 100% | 246.4 MiB/s |   4.7 MiB |  00m00s
2026-10-07T12:38:48.4471593Z [302/485] Installing lmdb-libs-0:0.9.34 100% |  56.3 MiB/s | 115.3 KiB |  00m00s
2026-10-07T12:38:48.4956366Z [303/485] Installing libldb-2:4.24.7-1. 100% |  57.5 MiB/s | 471.3 KiB |  00m00s
2026-10-07T12:38:48.5012589Z [304/485] Installing samba-client-libs- 100% | 228.7 MiB/s |  11.2 MiB |  00m00s
2026-10-07T12:38:48.5048818Z [305/485] Installing libsmbclient-2:4.2 100% |  84.2 MiB/s | 172.5 KiB |  00m00s
2026-10-07T12:38:48.5107693Z [306/485] Installing libssh2-0:1.11.1-9 100% |  66.5 MiB/s | 340.2 KiB |  00m00s
2026-10-07T12:38:48.5172249Z [307/485] Installing libgit2-0:1.9.7-1. 100% | 233.3 MiB/s |   1.4 MiB |  00m00s
2026-10-07T12:38:48.5200729Z [308/485] Installing hunspell-en-AU-0:0 100% | 245.4 MiB/s | 502.5 KiB |  00m00s
2026-10-07T12:38:48.5229800Z [309/485] Installing hunspell-en-CA-0:0 100% | 244.2 MiB/s | 500.0 KiB |  00m00s
2026-10-07T12:38:48.5302542Z [310/485] Installing hunspell-en-GB-0:0 100% | 177.1 MiB/s | 543.9 KiB |  00m00s
2026-10-07T12:38:48.5379698Z [311/485] Installing abattis-cantarell- 100% |  27.1 MiB/s | 194.4 KiB |  00m00s
2026-10-07T12:38:48.5442033Z [312/485] Installing adobe-source-code- 100% | 201.7 MiB/s |   1.6 MiB |  00m00s
2026-10-07T12:38:48.5489590Z [313/485] Installing redhat-display-fon 100% | 189.1 MiB/s | 968.0 KiB |  00m00s
2026-10-07T12:38:48.5559655Z [314/485] Installing redhat-text-fonts- 100% | 193.2 MiB/s | 791.5 KiB |  00m00s
2026-10-07T12:38:48.6121100Z [315/485] Installing sound-theme-freede 100% |  30.4 MiB/s | 467.2 KiB |  00m00s
2026-10-07T12:38:48.6272165Z [316/485] Installing poppler-data-0:0.4 100% | 203.1 MiB/s |  12.4 MiB |  00m00s
2026-10-07T12:38:48.6297335Z [317/485] Installing fuse-common-0:3.18 100% | 285.2 KiB/s | 292.0   B |  00m00s
2026-10-07T12:38:48.7132207Z [318/485] Installing fuse3-0:3.18.3-1.f 100% |   7.3 MiB/s | 141.4 KiB |  00m00s
2026-10-07T12:38:48.7833744Z [319/485] Installing kernel-headers-0:7 100% |  54.2 MiB/s |   7.1 MiB |  00m00s
2026-10-07T12:38:48.8142956Z [320/485] Installing python-pip-wheel-0 100% | 135.9 MiB/s |   1.2 MiB |  00m00s
2026-10-07T12:38:49.1212104Z [321/485] Installing python3-libs-0:3.1 100% | 134.8 MiB/s |  44.5 MiB |  00m00s
2026-10-07T12:38:49.1617310Z [322/485] Installing python3-0:3.14.8-1 100% |   2.0 MiB/s |  30.4 KiB |  00m00s
2026-10-07T12:38:49.1818318Z [323/485] Installing gstreamer1-0:1.28. 100% | 133.4 MiB/s |   5.5 MiB |  00m00s
2026-10-07T12:38:49.2111489Z [324/485] Installing libcanberra-0:0.30 100% |  10.6 MiB/s | 270.5 KiB |  00m00s
2026-10-07T12:38:49.2221993Z [325/485] Installing python3-packaging- 100% |  67.3 MiB/s | 619.9 KiB |  00m00s
2026-10-07T12:38:49.3233449Z [326/485] Installing vulkan-headers-0:1 100% | 564.6 MiB/s |  36.1 MiB |  00m00s
2026-10-07T12:38:49.4581797Z [327/485] Installing libstdc++-devel-0: 100% | 230.9 MiB/s |  41.3 MiB |  00m00s
2026-10-07T12:38:49.4625023Z [328/485] Installing cups-filesystem-1: 100% | 890.6 KiB/s |   1.8 KiB |  00m00s
2026-10-07T12:38:49.4669914Z [329/485] Installing cups-libs-1:2.4.19 100% | 124.3 MiB/s | 636.2 KiB |  00m00s
2026-10-07T12:38:49.4687746Z [330/485] Installing publicsuffix-list- 100% | 111.7 MiB/s | 343.2 KiB |  00m00s
2026-10-07T12:38:49.5521653Z [331/485] Installing llvm-filesystem-0: 100% |   1.0 MiB/s |   1.1 KiB |  00m00s
2026-10-07T12:38:49.8552631Z [332/485] Installing llvm-libs-0:22.1.8 100% | 408.3 MiB/s | 140.5 MiB |  00m00s
2026-10-07T12:38:49.9458154Z [333/485] Installing mesa-dri-drivers-0 100% | 409.3 MiB/s |  53.2 MiB |  00m00s
2026-10-07T12:38:49.9561262Z [334/485] Installing mesa-libgbm-0:26.2 100% |   9.9 MiB/s |  20.4 KiB |  00m00s
2026-10-07T12:38:49.9882619Z [335/485] Installing libX11-common-0:1. 100% |  32.9 MiB/s |   1.2 MiB |  00m00s
2026-10-07T12:38:49.9906824Z [336/485] Installing libX11-0:1.8.13-3. 100% | 224.0 MiB/s |   1.3 MiB |  00m00s
2026-10-07T12:38:49.9924702Z [337/485] Installing libXext-0:1.3.6-5. 100% |  88.9 MiB/s |  91.1 KiB |  00m00s
2026-10-07T12:38:49.9943767Z [338/485] Installing libXfixes-0:6.0.1- 100% |  34.6 MiB/s |  35.4 KiB |  00m00s
2026-10-07T12:38:49.9964347Z [339/485] Installing libXi-0:1.8.3-1.fc 100% |  79.7 MiB/s |  81.6 KiB |  00m00s
2026-10-07T12:38:49.9983000Z [340/485] Installing libXrender-0:0.9.1 100% |  50.0 MiB/s |  51.2 KiB |  00m00s
2026-10-07T12:38:50.0004531Z [341/485] Installing libXdamage-0:1.1.6 100% |  40.1 MiB/s |  41.1 KiB |  00m00s
2026-10-07T12:38:50.0023471Z [342/485] Installing libXcursor-0:1.2.3 100% |  26.9 MiB/s |  55.0 KiB |  00m00s
2026-10-07T12:38:50.0043349Z [343/485] Installing libXrandr-0:1.5.4- 100% |  27.8 MiB/s |  56.9 KiB |  00m00s
2026-10-07T12:38:50.0061590Z [344/485] Installing libXinerama-0:1.1. 100% |  15.6 MiB/s |  15.9 KiB |  00m00s
2026-10-07T12:38:50.0094691Z [345/485] Installing libXtst-0:1.2.5-4. 100% |  16.8 MiB/s |  34.5 KiB |  00m00s
2026-10-07T12:38:50.0125689Z [346/485] Installing mesa-libEGL-0:26.2 100% | 130.0 MiB/s | 399.4 KiB |  00m00s
2026-10-07T12:38:50.0152198Z [347/485] Installing libglvnd-egl-1:1.7 100% |  34.3 MiB/s |  70.2 KiB |  00m00s
2026-10-07T12:38:50.0170134Z [348/485] Installing libglvnd-gles-1:1. 100% |  48.4 MiB/s |  99.1 KiB |  00m00s
2026-10-07T12:38:50.0191284Z [349/485] Installing libXv-0:1.0.13-4.f 100% |  26.5 MiB/s |  27.1 KiB |  00m00s
2026-10-07T12:38:50.0249720Z [350/485] Installing libXxf86vm-0:1.1.6 100% |   6.4 MiB/s |  26.4 KiB |  00m00s
2026-10-07T12:38:50.0293537Z [351/485] Installing mesa-libGL-0:26.2. 100% | 122.1 MiB/s | 375.1 KiB |  00m00s
2026-10-07T12:38:50.0342791Z [352/485] Installing libglvnd-glx-1:1.7 100% | 147.1 MiB/s | 602.4 KiB |  00m00s
2026-10-07T12:38:50.0388688Z [353/485] Installing libva-0:2.23.0-3.f 100% |  68.3 MiB/s | 349.6 KiB |  00m00s
2026-10-07T12:38:50.0411066Z [354/485] Installing libGLEW-0:2.2.0-12 100% | 247.8 MiB/s | 761.3 KiB |  00m00s
2026-10-07T12:38:50.0459096Z [355/485] Installing libvdpau-0:1.5-11. 100% |  10.9 MiB/s |  22.3 KiB |  00m00s
2026-10-07T12:38:50.0490338Z [356/485] Installing libavutil-free-0:8 100% | 190.7 MiB/s | 976.5 KiB |  00m00s
2026-10-07T12:38:50.0517058Z [357/485] Installing libswresample-free 100% |  76.4 MiB/s | 156.5 KiB |  00m00s
2026-10-07T12:38:50.0559415Z [358/485] Installing libchromaprint-0:1 100% |  17.3 MiB/s |  70.7 KiB |  00m00s
2026-10-07T12:38:50.0571837Z [359/485] Installing libXcomposite-0:0. 100% |  40.9 MiB/s |  41.9 KiB |  00m00s
2026-10-07T12:38:50.0821405Z [360/485] Installing xprop-0:1.2.8-5.fc 100% |   3.4 MiB/s |  55.9 KiB |  00m00s
2026-10-07T12:38:50.0871906Z [361/485] Installing at-spi2-core-0:2.6 100% | 145.5 MiB/s |   1.6 MiB |  00m00s
2026-10-07T12:38:50.0912553Z [362/485] Installing atk-0:2.60.7-1.fc4 100% |  82.7 MiB/s | 253.9 KiB |  00m00s
2026-10-07T12:38:50.0932821Z [363/485] Installing at-spi2-atk-0:2.60 100% |  69.9 MiB/s | 286.2 KiB |  00m00s
2026-10-07T12:38:50.0993143Z [364/485] Installing google-noto-fonts- 100% |  18.1 MiB/s |  18.5 KiB |  00m00s
2026-10-07T12:38:50.1040232Z [365/485] Installing google-noto-sans-v 100% | 231.9 MiB/s |   1.4 MiB |  00m00s
2026-10-07T12:38:50.1176947Z [366/485] Installing default-fonts-core 100% |   3.6 MiB/s |  18.2 KiB |  00m00s
2026-10-07T12:38:51.1723923Z [367/485] Installing fontconfig-0:2.17. 100% | 746.5 KiB/s | 795.8 KiB |  00m01s
2026-10-07T12:38:51.1821216Z [368/485] Installing cairo-0:1.18.6-1.f 100% | 203.1 MiB/s |   1.8 MiB |  00m00s
2026-10-07T12:38:51.1842249Z [369/485] Installing cairo-gobject-0:1. 100% |  31.1 MiB/s |  31.8 KiB |  00m00s
2026-10-07T12:38:51.1931034Z [370/485] Installing libXft-0:2.3.8-10. 100% |  82.9 MiB/s | 169.8 KiB |  00m00s
2026-10-07T12:38:51.2467503Z [371/485] Installing pango-0:1.57.1-1.f 100% |  42.3 MiB/s |   1.0 MiB |  00m00s
2026-10-07T12:38:51.2738330Z [372/485] Installing gstreamer1-plugins 100% | 179.6 MiB/s |   7.5 MiB |  00m00s
2026-10-07T12:38:51.2887463Z [373/485] Installing gstreamer1-plugins 100% | 151.1 MiB/s |   3.6 MiB |  00m00s
2026-10-07T12:38:51.2965212Z [374/485] Installing glycin-libs-0:2.1. 100% | 328.1 MiB/s |   4.3 MiB |  00m00s
2026-10-07T12:38:51.3270043Z [375/485] Installing gdk-pixbuf2-0:2.44 100% | 120.6 MiB/s |   2.5 MiB |  00m00s
2026-10-07T12:38:51.3622579Z [376/485] Installing librsvg2-0:2.62.4- 100% | 311.5 MiB/s |   5.0 MiB |  00m00s
2026-10-07T12:38:51.3654072Z [377/485] Installing glycin-loaders-0:2 100% | 395.7 MiB/s |  13.8 MiB |  00m00s
2026-10-07T12:38:51.3793591Z [378/485] Installing gtk-update-icon-ca 100% |   4.4 MiB/s |  63.2 KiB |  00m00s
2026-10-07T12:38:51.4262375Z [379/485] Installing libnotify-0:0.8.8- 100% |   3.0 MiB/s | 128.7 KiB |  00m00s
2026-10-07T12:38:51.4263756Z >>> Running sysusers scriptlet: geoclue2-0:2.8.2-1.fc44.x86_64
2026-10-07T12:38:51.4264613Z >>> Finished sysusers scriptlet: geoclue2-0:2.8.2-1.fc44.x86_64
2026-10-07T12:38:51.4265204Z >>> Scriptlet output:
2026-10-07T12:38:51.4265611Z >>> Creating group 'geoclue' with GID 998.
2026-10-07T12:38:51.4266225Z >>> Creating user 'geoclue' (n/a) with UID 998 and GID 998.
2026-10-07T12:38:51.4266755Z >>> 
2026-10-07T12:38:51.4495926Z [380/485] Installing geoclue2-0:2.8.2-1 100% |  29.1 MiB/s | 417.4 KiB |  00m00s
2026-10-07T12:38:51.4639042Z [381/485] Installing xdg-desktop-portal 100% |  83.9 MiB/s |   1.9 MiB |  00m00s
2026-10-07T12:38:51.4825972Z [382/485] Installing libgsf-0:1.14.60-1 100% |  44.6 MiB/s |   1.0 MiB |  00m00s
2026-10-07T12:38:51.4884813Z [383/485] Installing harfbuzz-cairo-0:1 100% |  12.9 MiB/s |  52.9 KiB |  00m00s
2026-10-07T12:38:51.4921232Z [384/485] Installing libgxps-0:0.3.2-12 100% |  63.2 MiB/s | 194.2 KiB |  00m00s
2026-10-07T12:38:51.5239532Z [385/485] Installing libaribcaption-0:1 100% |  85.1 MiB/s | 261.5 KiB |  00m00s
2026-10-07T12:38:51.5279784Z [386/485] Installing libavcodec-free-0: 100% | 322.8 MiB/s |  10.3 MiB |  00m00s
2026-10-07T12:38:51.5386908Z [387/485] Installing libbluray-0:1.4.0- 100% | 104.1 MiB/s | 319.9 KiB |  00m00s
2026-10-07T12:38:51.5519198Z [388/485] Installing libavformat-free-0 100% | 282.4 MiB/s |   2.8 MiB |  00m00s
2026-10-07T12:38:51.5565775Z [389/485] Installing poppler-0:26.01.0- 100% | 304.9 MiB/s |   4.0 MiB |  00m00s
2026-10-07T12:38:51.5836182Z [390/485] Installing poppler-glib-0:26. 100% |  92.1 MiB/s | 659.8 KiB |  00m00s
2026-10-07T12:38:51.7805277Z [391/485] Installing adwaita-icon-theme 100% |  12.2 MiB/s |   2.4 MiB |  00m00s
2026-10-07T12:38:51.7857488Z [392/485] Installing adwaita-cursor-the 100% | 457.1 MiB/s |  11.4 MiB |  00m00s
2026-10-07T12:38:51.8869335Z [393/485] Installing adwaita-icon-theme 100% |  15.3 MiB/s |   1.3 MiB |  00m00s
2026-10-07T12:38:51.9178270Z [394/485] Installing xkeyboard-config-0 100% | 137.6 MiB/s |   6.5 MiB |  00m00s
2026-10-07T12:38:51.9836486Z [395/485] Installing libxkbcommon-0:1.1 100% | 105.9 MiB/s | 433.9 KiB |  00m00s
2026-10-07T12:38:52.0015804Z [396/485] Installing gtk4-0:4.22.5-2.fc 100% | 348.1 MiB/s |  28.2 MiB |  00m00s
2026-10-07T12:38:52.1026749Z [397/485] Installing gtk3-0:3.24.52-2.f 100% | 296.0 MiB/s |  22.8 MiB |  00m00s
2026-10-07T12:38:52.3226692Z [398/485] Installing webkitgtk6.0-0:2.5 100% | 397.4 MiB/s |  96.2 MiB |  00m00s
2026-10-07T12:38:52.3244375Z [399/485] Installing pkgconf-m4-0:2.5.1 100% |   7.2 MiB/s |  14.7 KiB |  00m00s
2026-10-07T12:38:52.3404745Z [400/485] Installing pkgconf-pkg-config 100% | 118.2 KiB/s |   1.8 KiB |  00m00s
2026-10-07T12:38:52.3599638Z [401/485] Installing zlib-ng-compat-dev 100% |  35.3 MiB/s | 108.6 KiB |  00m00s
2026-10-07T12:38:52.3677663Z [402/485] Installing xorg-x11-proto-dev 100% |  85.5 MiB/s |   1.8 MiB |  00m00s
2026-10-07T12:38:52.3861815Z [403/485] Installing libpng-devel-2:1.6 100% |  42.4 MiB/s | 911.0 KiB |  00m00s
2026-10-07T12:38:52.3913147Z [404/485] Installing brotli-devel-0:1.2 100% |  22.3 MiB/s |  68.4 KiB |  00m00s
2026-10-07T12:38:52.3933818Z [405/485] Installing sysprof-capture-de 100% | 159.5 MiB/s | 816.6 KiB |  00m00s
2026-10-07T12:38:52.3985403Z [406/485] Installing libffi-devel-0:3.5 100% |  17.4 MiB/s |  35.6 KiB |  00m00s
2026-10-07T12:38:52.4137876Z [407/485] Installing pcre2-devel-0:10.4 100% | 117.7 MiB/s |   2.1 MiB |  00m00s
2026-10-07T12:38:52.4204437Z [408/485] Installing pixman-devel-0:0.4 100% |  27.8 MiB/s |  56.9 KiB |  00m00s
2026-10-07T12:38:52.4358723Z [409/485] Installing wayland-devel-0:1. 100% |  37.7 MiB/s | 733.3 KiB |  00m00s
2026-10-07T12:38:52.4589022Z [410/485] Installing libXau-devel-0:1.0 100% |   1.3 MiB/s |   9.1 KiB |  00m00s
2026-10-07T12:38:52.4732107Z [411/485] Installing libxcb-devel-0:1.1 100% | 116.0 MiB/s |   3.0 MiB |  00m00s
2026-10-07T12:38:52.5000930Z [412/485] Installing libX11-devel-0:1.8 100% |  36.8 MiB/s |   1.1 MiB |  00m00s
2026-10-07T12:38:52.5039003Z [413/485] Installing libXrender-devel-0 100% |  24.9 MiB/s |  51.0 KiB |  00m00s
2026-10-07T12:38:52.5079340Z [414/485] Installing libXext-devel-0:1. 100% |  26.8 MiB/s | 109.8 KiB |  00m00s
2026-10-07T12:38:52.5102969Z [415/485] Installing lzo-devel-0:2.10-1 100% |  70.1 MiB/s | 215.3 KiB |  00m00s
2026-10-07T12:38:52.5136889Z [416/485] Installing libnghttp2-devel-0 100% | 141.2 MiB/s | 289.1 KiB |  00m00s
2026-10-07T12:38:52.5146935Z [417/485] Installing sqlite-devel-0:3.5 100% | 226.1 MiB/s | 694.7 KiB |  00m00s
2026-10-07T12:38:52.5220359Z [418/485] Installing libpsl-devel-0:0.2 100% |  55.4 MiB/s | 113.5 KiB |  00m00s
2026-10-07T12:38:52.5262509Z [419/485] Installing libsepol-devel-0:3 100% |  17.9 MiB/s | 128.2 KiB |  00m00s
2026-10-07T12:38:52.5294837Z [420/485] Installing libselinux-devel-0 100% |  38.2 MiB/s | 156.6 KiB |  00m00s
2026-10-07T12:38:52.5321149Z [421/485] Installing keyutils-libs-deve 100% |  53.9 MiB/s |  55.2 KiB |  00m00s
2026-10-07T12:38:52.5467681Z [422/485] Installing libcom_err-devel-0 100% |   1.2 MiB/s |  18.3 KiB |  00m00s
2026-10-07T12:38:52.5558119Z [423/485] Installing libverto-devel-0:0 100% |  12.9 MiB/s |  26.4 KiB |  00m00s
2026-10-07T12:38:52.5714820Z [424/485] Installing krb5-devel-0:1.22. 100% |  31.9 MiB/s | 719.2 KiB |  00m00s
2026-10-07T12:38:52.5734058Z [425/485] Installing vulkan-loader-deve 100% |   4.4 MiB/s |   9.1 KiB |  00m00s
2026-10-07T12:38:52.6160185Z [426/485] Installing libxcrypt-devel-0: 100% |  10.8 MiB/s |  33.3 KiB |  00m00s
2026-10-07T12:38:52.7170623Z [427/485] Installing glibc-devel-0:2.43 100% |  36.1 MiB/s |   2.4 MiB |  00m00s
2026-10-07T12:38:52.9573654Z [428/485] Installing gcc-0:16.2.1-2.fc4 100% | 389.4 MiB/s | 121.9 MiB |  00m00s
2026-10-07T12:38:52.9608585Z [429/485] Installing bzip2-devel-0:1.0. 100% | 303.5 MiB/s | 310.7 KiB |  00m00s
2026-10-07T12:38:52.9642705Z [430/485] Installing fribidi-devel-0:1. 100% |  26.7 MiB/s |  81.9 KiB |  00m00s
2026-10-07T12:38:52.9819557Z [431/485] Installing libdatrie-devel-0: 100% |  34.8 MiB/s | 570.6 KiB |  00m00s
2026-10-07T12:38:52.9864739Z [432/485] Installing libthai-devel-0:0. 100% | 162.0 MiB/s | 663.6 KiB |  00m00s
2026-10-07T12:38:52.9964794Z [433/485] Installing xz-devel-1:5.8.2-2 100% |  64.1 MiB/s | 262.6 KiB |  00m00s
2026-10-07T12:38:53.0131597Z [434/485] Installing libxml2-devel-0:2. 100% | 148.5 MiB/s |   3.4 MiB |  00m00s
2026-10-07T12:38:53.0152239Z [435/485] Installing libblkid-devel-0:2 100% |  22.5 MiB/s |  46.0 KiB |  00m00s
2026-10-07T12:38:53.0199294Z [436/485] Installing libmount-devel-0:2 100% |  21.7 MiB/s |  66.5 KiB |  00m00s
2026-10-07T12:38:53.1107366Z [437/485] Installing glib2-devel-0:2.88 100% | 177.9 MiB/s |  15.8 MiB |  00m00s
2026-10-07T12:38:53.1197808Z [438/485] Installing javascriptcoregtk6 100% | 129.3 MiB/s | 662.2 KiB |  00m00s
2026-10-07T12:38:53.1211528Z [439/485] Installing libsoup3-devel-0:3 100% | 130.8 MiB/s |   1.0 MiB |  00m00s
2026-10-07T12:38:53.1632671Z [440/485] Installing graphene-devel-0:1 100% | 334.4 MiB/s |   2.3 MiB |  00m00s
2026-10-07T12:38:53.1815986Z [441/485] Installing libicu-devel-0:77. 100% |  99.7 MiB/s |   5.1 MiB |  00m00s
2026-10-07T12:38:53.1984033Z [442/485] Installing graphite2-devel-0: 100% |  16.5 MiB/s |  50.8 KiB |  00m00s
2026-10-07T12:38:53.2224595Z [443/485] Installing harfbuzz-devel-0:1 100% | 191.0 MiB/s |   6.1 MiB |  00m00s
2026-10-07T12:38:53.2474617Z [444/485] Installing freetype-devel-0:2 100% | 296.3 MiB/s |   8.6 MiB |  00m00s
2026-10-07T12:38:53.2541579Z [445/485] Installing fontconfig-devel-0 100% |  38.9 MiB/s | 159.4 KiB |  00m00s
2026-10-07T12:38:53.2568253Z [446/485] Installing cairo-devel-0:1.18 100% | 381.8 MiB/s |   2.3 MiB |  00m00s
2026-10-07T12:38:53.2591694Z [447/485] Installing cairo-gobject-deve 100% |   7.4 MiB/s |   7.6 KiB |  00m00s
2026-10-07T12:38:53.2687185Z [448/485] Installing libXft-devel-0:2.3 100% |  20.3 MiB/s |  41.6 KiB |  00m00s
2026-10-07T12:38:53.2716567Z [449/485] Installing pango-devel-0:1.57 100% | 169.3 MiB/s |   1.5 MiB |  00m00s
2026-10-07T12:38:53.2870565Z [450/485] Installing libseccomp-devel-0 100% |   8.0 MiB/s | 122.5 KiB |  00m00s
2026-10-07T12:38:53.2894892Z [451/485] Installing lcms2-devel-0:2.16 100% |  66.6 MiB/s | 136.4 KiB |  00m00s
2026-10-07T12:38:53.2958819Z [452/485] Installing glycin-devel-0:2.1 100% |  41.4 MiB/s | 127.3 KiB |  00m00s
2026-10-07T12:38:53.3234595Z [453/485] Installing gdk-pixbuf2-devel- 100% | 107.5 MiB/s |   2.3 MiB |  00m00s
2026-10-07T12:38:53.4286085Z [454/485] Installing gtk4-devel-0:4.22. 100% | 209.6 MiB/s |  24.1 MiB |  00m00s
2026-10-07T12:38:53.5297669Z [455/485] Installing webkitgtk6.0-devel 100% | 153.8 MiB/s |   2.3 MiB |  00m00s
2026-10-07T12:38:53.5864953Z [456/485] Installing gcc-c++-0:16.2.1-2 100% | 337.0 MiB/s |  46.8 MiB |  00m00s
2026-10-07T12:38:53.6314885Z [457/485] Installing xdg-desktop-portal 100% |  35.8 MiB/s | 477.1 KiB |  00m00s
2026-10-07T12:38:53.6923995Z [458/485] Installing gstreamer1-plugins 100% | 122.2 MiB/s |  10.3 MiB |  00m00s
2026-10-07T12:38:53.7324421Z [459/485] Installing libcanberra-gtk3-0 100% |   2.8 MiB/s |  73.7 KiB |  00m00s
2026-10-07T12:38:53.7585112Z [460/485] Installing localsearch-0:3.11 100% |  71.4 MiB/s |   3.5 MiB |  00m00s
2026-10-07T12:38:53.8009548Z [461/485] Installing libheif-ffmpeg-0:1 100% |  10.7 MiB/s |  32.8 KiB |  00m00s
2026-10-07T12:38:53.8335345Z [462/485] Installing gstreamer1-plugins 100% | 167.8 MiB/s |   7.6 MiB |  00m00s
2026-10-07T12:38:53.8890596Z [463/485] Installing intel-mediasdk-0:2 100% | 479.9 MiB/s |  24.5 MiB |  00m00s
2026-10-07T12:38:53.9345476Z [464/485] Installing intel-vpl-gpu-rt-0 100% | 364.1 MiB/s |  11.7 MiB |  00m00s
2026-10-07T12:38:54.2753141Z [465/485] Installing mesa-vulkan-driver 100% | 454.0 MiB/s | 173.9 MiB |  00m00s
2026-10-07T12:38:54.2955817Z [466/485] Installing python-unversioned 100% |  27.6 KiB/s | 424.0   B |  00m00s
2026-10-07T12:38:54.3105141Z [467/485] Installing python3-html2text- 100% |  15.3 MiB/s | 297.9 KiB |  00m00s
2026-10-07T12:38:54.3140843Z [468/485] Installing gi-docgen-fonts-0: 100% | 121.1 KiB/s | 124.0   B |  00m00s
2026-10-07T12:38:54.3332189Z [469/485] Installing hunspell-en-0:0.20 100% |   4.3 MiB/s |  13.3 KiB |  00m00s
2026-10-07T12:38:54.3632059Z [470/485] Installing bat-0:0.26.1-4.fc4 100% | 160.3 MiB/s |   5.3 MiB |  00m00s
2026-10-07T12:38:54.3782556Z [471/485] Installing exiv2-0:0.28.9-1.f 100% | 422.4 MiB/s |  12.2 MiB |  00m00s
2026-10-07T12:38:54.4091999Z [472/485] Installing tinysparql-0:3.11. 100% |  88.7 MiB/s |   2.6 MiB |  00m00s
2026-10-07T12:38:54.4110198Z [473/485] Installing perl-NDBM_File-0:1 100% |  14.4 MiB/s |  29.5 KiB |  00m00s
2026-10-07T12:38:54.4331989Z [474/485] Installing less-color-0:704-4 100% | 176.8 KiB/s |   2.7 KiB |  00m00s
2026-10-07T12:38:54.4598200Z [475/485] Installing dconf-0:0.49.0-5.f 100% |  10.1 MiB/s | 311.5 KiB |  00m00s
2026-10-07T12:38:54.4794040Z [476/485] Installing unzip-0:6.0-69.fc4 100% |  19.9 MiB/s | 449.3 KiB |  00m00s
2026-10-07T12:38:54.5192489Z [477/485] Installing 7zip-0:26.03-1.fc4 100% | 134.1 MiB/s |   3.4 MiB |  00m00s
2026-10-07T12:38:54.5271301Z [478/485] Installing adwaita-mono-fonts 100% | 349.6 MiB/s |   5.6 MiB |  00m00s
2026-10-07T12:38:54.5286588Z [479/485] Installing adwaita-sans-fonts 100% | 245.6 MiB/s |   1.7 MiB |  00m00s
2026-10-07T12:38:54.5313778Z [480/485] Removing elfutils-libs-0:0.19 100% |   5.9 KiB/s |  12.0   B |  00m00s
2026-10-07T12:38:54.5384021Z [481/485] Removing libselinux-0:3.11-1. 100% |   3.9 KiB/s |   8.0   B |  00m00s
2026-10-07T12:38:54.5508046Z [482/485] Removing elfutils-libelf-0:0. 100% |   1.0 KiB/s |  15.0   B |  00m00s
2026-10-07T12:38:54.5628013Z [483/485] Removing glibc-0:2.43-8.fc44. 100% |   7.3 KiB/s | 105.0   B |  00m00s
2026-10-07T12:38:54.5724551Z [484/485] Removing glibc-minimal-langpa 100% |  12.2 KiB/s | 100.0   B |  00m00s
2026-10-07T12:38:58.8487014Z [485/485] Removing glibc-common-0:2.43- 100% |  12.0   B/s |  52.0   B |  00m04s
2026-10-07T12:38:58.8494077Z Complete!
2026-10-07T12:38:58.8906688Z ##[group]Run actions/checkout@v4
2026-10-07T12:38:58.8906986Z with:
2026-10-07T12:38:58.8907208Z   repository: merely-made/wgpu-scry
2026-10-07T12:38:58.8910063Z   token: ***
2026-10-07T12:38:58.8910276Z   ssh-strict: true
2026-10-07T12:38:58.8910491Z   ssh-user: git
2026-10-07T12:38:58.8910702Z   persist-credentials: true
2026-10-07T12:38:58.8910944Z   clean: true
2026-10-07T12:38:58.8911150Z   sparse-checkout-cone-mode: true
2026-10-07T12:38:58.8911407Z   fetch-depth: 1
2026-10-07T12:38:58.8911602Z   fetch-tags: false
2026-10-07T12:38:58.8911802Z   show-progress: true
2026-10-07T12:38:58.8912006Z   lfs: false
2026-10-07T12:38:58.8912185Z   submodules: false
2026-10-07T12:38:58.8912389Z   set-safe-directory: true
2026-10-07T12:38:58.8912630Z   allow-unsafe-pr-checkout: false
2026-10-07T12:38:58.8912869Z env:
2026-10-07T12:38:58.8913073Z   CARGO_NET_GIT_FETCH_WITH_CLI: true
2026-10-07T12:38:58.8913518Z ##[endgroup]
2026-10-07T12:38:58.8960346Z ##[command]/usr/bin/docker exec  ba4fe95a767e9da9da021af817e793022f17b19481fddc032a8c218fa99fae99 sh -c "cat /etc/*release | grep ^ID"
2026-10-07T12:38:59.0949645Z Syncing repository: merely-made/wgpu-scry
2026-10-07T12:38:59.0951416Z ##[group]Getting Git version info
2026-10-07T12:38:59.0952028Z Working directory is '/__w/wgpu-scry/wgpu-scry'
2026-10-07T12:38:59.0952922Z [command]/usr/sbin/git version
2026-10-07T12:38:59.0953533Z git version 2.56.0
2026-10-07T12:38:59.0954542Z ##[endgroup]
2026-10-07T12:38:59.0962950Z Temporarily overriding HOME='/__w/_temp/94aebed4-6dc5-4fb9-a5f3-cc9a8ac0adaa' before making global git config changes
2026-10-07T12:38:59.0968946Z Adding repository directory to the temporary git global config as a safe directory
2026-10-07T12:38:59.0971369Z [command]/usr/sbin/git config --global --add safe.directory /__w/wgpu-scry/wgpu-scry
2026-10-07T12:38:59.1007910Z Deleting the contents of '/__w/wgpu-scry/wgpu-scry'
2026-10-07T12:38:59.1012322Z ##[group]Initializing the repository
2026-10-07T12:38:59.1017069Z [command]/usr/sbin/git init /__w/wgpu-scry/wgpu-scry
2026-10-07T12:38:59.1065234Z hint: Using 'master' as the name for the initial branch. This default branch name
2026-10-07T12:38:59.1066492Z hint: will change to "main" in Git 3.0. To configure the initial branch name
2026-10-07T12:38:59.1067651Z hint: to use in all of your new repositories, which will suppress this warning,
2026-10-07T12:38:59.1068575Z hint: call:
2026-10-07T12:38:59.1068905Z hint:
2026-10-07T12:38:59.1069349Z hint: 	git config --global init.defaultBranch <name>
2026-10-07T12:38:59.1069837Z hint:
2026-10-07T12:38:59.1070148Z hint: Names commonly chosen instead of 'master' are 'main', 'trunk' and
2026-10-07T12:38:59.1070802Z hint: 'development'. The just-created branch can be renamed via this command:
2026-10-07T12:38:59.1072600Z hint:
2026-10-07T12:38:59.1073030Z hint: 	git branch -m <name>
2026-10-07T12:38:59.1073975Z hint:
2026-10-07T12:38:59.1074573Z hint: Disable this message with "git config set advice.defaultBranchName false"
2026-10-07T12:38:59.1075530Z Initialized empty Git repository in /__w/wgpu-scry/wgpu-scry/.git/
2026-10-07T12:38:59.1080493Z [command]/usr/sbin/git remote add origin https://github.com/merely-made/wgpu-scry
2026-10-07T12:38:59.1118530Z ##[endgroup]
2026-10-07T12:38:59.1118944Z ##[group]Disabling automatic garbage collection
2026-10-07T12:38:59.1122345Z [command]/usr/sbin/git config --local gc.auto 0
2026-10-07T12:38:59.1154253Z ##[endgroup]
2026-10-07T12:38:59.1154897Z ##[group]Setting up auth
2026-10-07T12:38:59.1161258Z [command]/usr/sbin/git config --local --name-only --get-regexp core\.sshCommand
2026-10-07T12:38:59.1193683Z [command]/usr/sbin/git submodule foreach --recursive sh -c "git config --local --name-only --get-regexp 'core\.sshCommand' && git config --local --unset-all 'core.sshCommand' || :"
2026-10-07T12:38:59.1479762Z [command]/usr/sbin/git config --local --name-only --get-regexp http\.https\:\/\/github\.com\/\.extraheader
2026-10-07T12:38:59.1515061Z [command]/usr/sbin/git submodule foreach --recursive sh -c "git config --local --name-only --get-regexp 'http\.https\:\/\/github\.com\/\.extraheader' && git config --local --unset-all 'http.https://github.com/.extraheader' || :"
2026-10-07T12:38:59.1805317Z [command]/usr/sbin/git config --local --name-only --get-regexp ^includeIf\.gitdir:
2026-10-07T12:38:59.1838620Z [command]/usr/sbin/git submodule foreach --recursive git config --local --show-origin --name-only --get-regexp remote.origin.url
2026-10-07T12:38:59.2096967Z [command]/usr/sbin/git config --local http.https://github.com/.extraheader AUTHORIZATION: basic ***
2026-10-07T12:38:59.2128993Z ##[endgroup]
2026-10-07T12:38:59.2130211Z ##[group]Fetching the repository
2026-10-07T12:38:59.2140351Z [command]/usr/sbin/git -c protocol.version=2 fetch --no-tags --prune --no-recurse-submodules --depth=1 origin +4771072a6827695dfaba9db104cd48b87e6cd543:refs/remotes/origin/main
2026-10-07T12:38:59.6263739Z From https://github.com/merely-made/wgpu-scry
2026-10-07T12:38:59.6264823Z  * [new ref]         4771072a6827695dfaba9db104cd48b87e6cd543 -> origin/main
2026-10-07T12:38:59.6276362Z ##[endgroup]
2026-10-07T12:38:59.6277128Z ##[group]Determining the checkout info
2026-10-07T12:38:59.6277884Z ##[endgroup]
2026-10-07T12:38:59.6280810Z [command]/usr/sbin/git sparse-checkout disable
2026-10-07T12:38:59.6326684Z [command]/usr/sbin/git config --local --unset-all extensions.worktreeConfig
2026-10-07T12:38:59.6358513Z ##[group]Checking out the ref
2026-10-07T12:38:59.6363337Z [command]/usr/sbin/git checkout --progress --force -B main refs/remotes/origin/main
2026-10-07T12:38:59.6636701Z Switched to a new branch 'main'
2026-10-07T12:38:59.6642726Z branch 'main' set up to track 'origin/main'.
2026-10-07T12:38:59.6644782Z ##[endgroup]
2026-10-07T12:38:59.6692682Z [command]/usr/sbin/git log -1 --format=%H
2026-10-07T12:38:59.6720428Z 4771072a6827695dfaba9db104cd48b87e6cd543
2026-10-07T12:38:59.7033607Z ##[group]Run dtolnay/rust-toolchain@1.92.0
2026-10-07T12:38:59.7033950Z with:
2026-10-07T12:38:59.7034133Z env:
2026-10-07T12:38:59.7034324Z   CARGO_NET_GIT_FETCH_WITH_CLI: true
2026-10-07T12:38:59.7034578Z ##[endgroup]
2026-10-07T12:38:59.7097573Z ##[start-action display=Parse toolchain version;id=__dtolnay_rust-toolchain.parse]
2026-10-07T12:38:59.7144111Z ##[group]Run if [[ -z $toolchain ]]; then
2026-10-07T12:38:59.7144471Z [36;1mif [[ -z $toolchain ]]; then[0m
2026-10-07T12:38:59.7145015Z [36;1m  # GitHub does not enforce `required: true` inputs itself. https://github.com/actions/runner/issues/1070[0m
2026-10-07T12:38:59.7145566Z [36;1m  echo "'toolchain' is a required input" >&2[0m
2026-10-07T12:38:59.7145861Z [36;1m  exit 1[0m
2026-10-07T12:38:59.7146193Z [36;1melif [[ $toolchain =~ ^stable' '[0-9]+' '(year|month|week|day)s?' 'ago$ ]]; then[0m
2026-10-07T12:38:59.7146612Z [36;1m  if [[ Linux == macOS ]]; then[0m
2026-10-07T12:38:59.7147187Z [36;1m    echo "toolchain=1.$((($(date -v-$(sed 's/stable \([0-9]*\) \(.\).*/\1\2/' <<< $toolchain) +%s)/60/60/24-16569)/7/6))" >> $GITHUB_OUTPUT[0m
2026-10-07T12:38:59.7147717Z [36;1m  else[0m
2026-10-07T12:38:59.7148119Z [36;1m    echo "toolchain=1.$((($(date --date "${toolchain#stable }" +%s)/60/60/24-16569)/7/6))" >> $GITHUB_OUTPUT[0m
2026-10-07T12:38:59.7148576Z [36;1m  fi[0m
2026-10-07T12:38:59.7148897Z [36;1melif [[ $toolchain =~ ^stable' 'minus' '[0-9]+' 'releases?$ ]]; then[0m
2026-10-07T12:38:59.7165385Z [36;1m  echo "toolchain=1.$((($(date +%s)/60/60/24-16569)/7/6-${toolchain//[^0-9]/}))" >> $GITHUB_OUTPUT[0m
2026-10-07T12:38:59.7166009Z [36;1melif [[ $toolchain =~ ^1\.[0-9]+$ ]]; then[0m
2026-10-07T12:38:59.7166576Z [36;1m  echo "toolchain=1.$((i=${toolchain#1.}, c=($(date +%s)/60/60/24-16569)/7/6, i+9*i*(10*i<=c)+90*i*(100*i<=c)))" >> $GITHUB_OUTPUT[0m
2026-10-07T12:38:59.7167092Z [36;1melse[0m
2026-10-07T12:38:59.7167340Z [36;1m  echo "toolchain=$toolchain" >> $GITHUB_OUTPUT[0m
2026-10-07T12:38:59.7167662Z [36;1mfi[0m
2026-10-07T12:38:59.7169975Z shell: bash --noprofile --norc -e -o pipefail {0}
2026-10-07T12:38:59.7170307Z env:
2026-10-07T12:38:59.7170517Z   CARGO_NET_GIT_FETCH_WITH_CLI: true
2026-10-07T12:38:59.7170772Z   toolchain: 1.92.0
2026-10-07T12:38:59.7170973Z ##[endgroup]
2026-10-07T12:38:59.7781304Z ##[end-action id=__dtolnay_rust-toolchain.parse;outcome=success;conclusion=success;duration_ms=68]
2026-10-07T12:38:59.7792892Z ##[start-action display=Construct rustup command line;id=__dtolnay_rust-toolchain.flags]
2026-10-07T12:38:59.7822546Z ##[group]Run echo "targets=$(for t in ${targets//,/ }; do echo -n ' --target' $t; done)" >> $GITHUB_OUTPUT
2026-10-07T12:38:59.7823483Z [36;1mecho "targets=$(for t in ${targets//,/ }; do echo -n ' --target' $t; done)" >> $GITHUB_OUTPUT[0m
2026-10-07T12:38:59.7824265Z [36;1mecho "components=$(for c in ${components//,/ }; do echo -n ' --component' $c; done)" >> $GITHUB_OUTPUT[0m
2026-10-07T12:38:59.7824772Z [36;1mecho "downgrade=" >> $GITHUB_OUTPUT[0m
2026-10-07T12:38:59.7825210Z shell: bash --noprofile --norc -e -o pipefail {0}
2026-10-07T12:38:59.7825509Z env:
2026-10-07T12:38:59.7825712Z   CARGO_NET_GIT_FETCH_WITH_CLI: true
2026-10-07T12:38:59.7825966Z   targets: 
2026-10-07T12:38:59.7826157Z   components: 
2026-10-07T12:38:59.7826350Z ##[endgroup]
2026-10-07T12:38:59.8414892Z ##[end-action id=__dtolnay_rust-toolchain.flags;outcome=success;conclusion=success;duration_ms=62]
2026-10-07T12:38:59.8417558Z ##[start-action display=Set $CARGO_HOME;id=__dtolnay_rust-toolchain.__run]
2026-10-07T12:38:59.8437935Z ##[group]Run echo CARGO_HOME=${CARGO_HOME:-"$HOME/.cargo"} >> $GITHUB_ENV
2026-10-07T12:38:59.8438415Z [36;1mecho CARGO_HOME=${CARGO_HOME:-"$HOME/.cargo"} >> $GITHUB_ENV[0m
2026-10-07T12:38:59.8438903Z shell: bash --noprofile --norc -e -o pipefail {0}
2026-10-07T12:38:59.8439202Z env:
2026-10-07T12:38:59.8439399Z   CARGO_NET_GIT_FETCH_WITH_CLI: true
2026-10-07T12:38:59.8439664Z ##[endgroup]
2026-10-07T12:38:59.9006941Z ##[end-action id=__dtolnay_rust-toolchain.__run;outcome=success;conclusion=success;duration_ms=58]
2026-10-07T12:38:59.9009813Z ##[start-action display=Install rustup if needed;id=__dtolnay_rust-toolchain.__run_2]
2026-10-07T12:38:59.9037176Z ##[group]Run if ! command -v rustup &>/dev/null; then
2026-10-07T12:38:59.9037554Z [36;1mif ! command -v rustup &>/dev/null; then[0m
2026-10-07T12:38:59.9038328Z [36;1m  curl --proto '=https' --tlsv1.2 --retry 10 --retry-connrefused --location --silent --show-error --fail https://sh.rustup.rs | sh -s -- --default-toolchain none -y[0m
2026-10-07T12:38:59.9039067Z [36;1m  echo "$CARGO_HOME/bin" >> $GITHUB_PATH[0m
2026-10-07T12:38:59.9039352Z [36;1mfi[0m
2026-10-07T12:38:59.9039690Z shell: bash --noprofile --norc -e -o pipefail {0}
2026-10-07T12:38:59.9039984Z env:
2026-10-07T12:38:59.9040185Z   CARGO_NET_GIT_FETCH_WITH_CLI: true
2026-10-07T12:38:59.9040453Z   CARGO_HOME: /github/home/.cargo
2026-10-07T12:38:59.9040696Z ##[endgroup]
2026-10-07T12:39:00.0345955Z info: downloading installer
2026-10-07T12:39:00.2625495Z error: $HOME differs from euid-obtained home directory: you may be using sudo
2026-10-07T12:39:00.2626715Z error: $HOME directory: /github/home
2026-10-07T12:39:00.2627549Z error: euid-obtained home directory: /root
2026-10-07T12:39:00.2725801Z info: profile set to default
2026-10-07T12:39:00.2726177Z 
2026-10-07T12:39:00.2726489Z info: default host tuple is x86_64-unknown-linux-gnu
2026-10-07T12:39:00.2728122Z info: skipping toolchain installation
2026-10-07T12:39:00.2728579Z 
2026-10-07T12:39:00.2728961Z Rust is installed now. Great!
2026-10-07T12:39:00.2729808Z 
2026-10-07T12:39:00.2730098Z To get started you may need to restart your current shell.
2026-10-07T12:39:00.2731000Z This would reload your PATH environment variable to include
2026-10-07T12:39:00.2731654Z Cargo's bin directory ($HOME/.cargo/bin).
2026-10-07T12:39:00.2732001Z 
2026-10-07T12:39:00.2732240Z To configure your current shell, you need to source the
2026-10-07T12:39:00.2732775Z corresponding env file under $HOME/.cargo.
2026-10-07T12:39:00.2733002Z 
2026-10-07T12:39:00.2733685Z Consider running the right command for your shell (note the leading DOT):
2026-10-07T12:39:00.2734185Z . "$HOME/.cargo/env" # For sh/ash/dash/pdksh
2026-10-07T12:39:00.2734545Z cargo:rerun-if-env-changed=CC_x86_64-unknown-linux-gnu
2026-10-07T12:39:00.2734890Z CC_x86_64-unknown-linux-gnu = None
2026-10-07T12:39:00.2735213Z cargo:rerun-if-env-changed=CC_x86_64_unknown_linux_gnu
2026-10-07T12:39:00.2735544Z CC_x86_64_unknown_linux_gnu = None
2026-10-07T12:39:00.2735820Z cargo:rerun-if-env-changed=HOST_CC
2026-10-07T12:39:00.2736080Z HOST_CC = None
2026-10-07T12:39:00.2736300Z cargo:rerun-if-env-changed=CC
2026-10-07T12:39:00.2736544Z CC = None
2026-10-07T12:39:00.2736792Z cargo:rerun-if-env-changed=CC_ENABLE_DEBUG_OUTPUT
2026-10-07T12:39:00.2820172Z cargo:rerun-if-env-changed=CRATE_CC_NO_DEFAULTS
2026-10-07T12:39:00.2821098Z CRATE_CC_NO_DEFAULTS = None
2026-10-07T12:39:00.2822218Z cargo:rerun-if-env-changed=CFLAGS
2026-10-07T12:39:00.2822580Z CFLAGS = None
2026-10-07T12:39:00.2822834Z cargo:rerun-if-env-changed=HOST_CFLAGS
2026-10-07T12:39:00.2823110Z HOST_CFLAGS = None
2026-10-07T12:39:00.2823815Z cargo:rerun-if-env-changed=CFLAGS_x86_64_unknown_linux_gnu
2026-10-07T12:39:00.2824406Z CFLAGS_x86_64_unknown_linux_gnu = None
2026-10-07T12:39:00.2825388Z cargo:rerun-if-env-changed=CFLAGS_x86_64-unknown-linux-gnu
2026-10-07T12:39:00.2826105Z CFLAGS_x86_64-unknown-linux-gnu = None
2026-10-07T12:39:00.2929600Z ##[end-action id=__dtolnay_rust-toolchain.__run_2;outcome=success;conclusion=success;duration_ms=391]
2026-10-07T12:39:00.2932824Z ##[start-action display=Install rustup if needed on windows;id=__dtolnay_rust-toolchain.__run_3]
2026-10-07T12:39:00.2940389Z ##[end-action id=__dtolnay_rust-toolchain.__run_3;outcome=skipped;conclusion=skipped;duration_ms=0]
2026-10-07T12:39:00.2951605Z ##[start-action display=rustup toolchain install 1.92.0;id=__dtolnay_rust-toolchain.__run_4]
2026-10-07T12:39:00.2971073Z ##[group]Run log=$(mktemp)
2026-10-07T12:39:00.2971675Z [36;1mlog=$(mktemp)[0m
2026-10-07T12:39:00.2971921Z [36;1mtrap 'rm -f "$log"' EXIT[0m
2026-10-07T12:39:00.2972195Z [36;1mfor attempt in 1 2 3 4 5; do[0m
2026-10-07T12:39:00.2972738Z [36;1m  if rustup toolchain install 1.92.0 --profile minimal --no-self-update --force-non-host 2>&1 | tee "$log"; then[0m
2026-10-07T12:39:00.2973578Z [36;1m    break[0m
2026-10-07T12:39:00.2973840Z [36;1m  else[0m
2026-10-07T12:39:00.2974043Z [36;1m    status=$?[0m
2026-10-07T12:39:00.2974265Z [36;1m  fi[0m
2026-10-07T12:39:00.2974565Z [36;1m  if [[ $attempt == 5 ]] || ! grep -Fq 'checksum failed for ' "$log" \[0m
2026-10-07T12:39:00.2975127Z [36;1m      || ! grep -Fq 'this is likely due to an ongoing update of the official release server' "$log"; then[0m
2026-10-07T12:39:00.2975593Z [36;1m    exit "$status"[0m
2026-10-07T12:39:00.2975814Z [36;1m  fi[0m
2026-10-07T12:39:00.2976170Z [36;1m  echo "Retrying rustup toolchain install in 30 seconds (retry $attempt of 4)" >&2[0m
2026-10-07T12:39:00.2976608Z [36;1m  sleep 30[0m
2026-10-07T12:39:00.2976809Z [36;1mdone[0m
2026-10-07T12:39:00.2977330Z shell: bash --noprofile --norc -e -o pipefail {0}
2026-10-07T12:39:00.2977631Z env:
2026-10-07T12:39:00.2977823Z   CARGO_NET_GIT_FETCH_WITH_CLI: true
2026-10-07T12:39:00.2978097Z   CARGO_HOME: /github/home/.cargo
2026-10-07T12:39:00.2978360Z   RUSTUP_PERMIT_COPY_RENAME: 1
2026-10-07T12:39:00.2978604Z ##[endgroup]
2026-10-07T12:39:00.3571869Z info: syncing channel updates for 1.92.0-x86_64-unknown-linux-gnu
2026-10-07T12:39:00.4645916Z info: latest update on 2025-12-11 for version 1.92.0 (ded5c06cf 2025-12-08)
2026-10-07T12:39:00.4655503Z info: downloading 3 components
2026-10-07T12:39:07.8408670Z 
2026-10-07T12:39:07.8482501Z   1.92.0-x86_64-unknown-linux-gnu installed - rustc 1.92.0 (ded5c06cf 2025-12-08)
2026-10-07T12:39:07.8483064Z 
2026-10-07T12:39:07.8486961Z info: default toolchain set to 1.92.0-x86_64-unknown-linux-gnu
2026-10-07T12:39:07.8598000Z ##[end-action id=__dtolnay_rust-toolchain.__run_4;outcome=success;conclusion=success;duration_ms=7564]
2026-10-07T12:39:07.8603197Z ##[start-action display=rustup default 1.92.0;id=__dtolnay_rust-toolchain.__run_5]
2026-10-07T12:39:07.8622586Z ##[group]Run rustup default 1.92.0 --force-non-host
2026-10-07T12:39:07.8622964Z [36;1mrustup default 1.92.0 --force-non-host[0m
2026-10-07T12:39:07.8623716Z shell: bash --noprofile --norc -e -o pipefail {0}
2026-10-07T12:39:07.8624027Z env:
2026-10-07T12:39:07.8624223Z   CARGO_NET_GIT_FETCH_WITH_CLI: true
2026-10-07T12:39:07.8624494Z   CARGO_HOME: /github/home/.cargo
2026-10-07T12:39:07.8624740Z ##[endgroup]
2026-10-07T12:39:07.9181888Z info: using existing install for 1.92.0-x86_64-unknown-linux-gnu
2026-10-07T12:39:07.9188550Z info: default toolchain set to 1.92.0-x86_64-unknown-linux-gnu
2026-10-07T12:39:07.9189053Z 
2026-10-07T12:39:07.9262797Z   1.92.0-x86_64-unknown-linux-gnu unchanged - rustc 1.92.0 (ded5c06cf 2025-12-08)
2026-10-07T12:39:07.9263550Z 
2026-10-07T12:39:07.9264198Z info: note that the toolchain '1.97.1-x86_64-unknown-linux-gnu' is currently in use (overridden by '/__w/wgpu-scry/wgpu-scry/rust-toolchain.toml')
2026-10-07T12:39:07.9307462Z ##[end-action id=__dtolnay_rust-toolchain.__run_5;outcome=success;conclusion=success;duration_ms=70]
2026-10-07T12:39:07.9310014Z ##[start-action display=Create cachekey;id=__dtolnay_rust-toolchain.rustc-version]
2026-10-07T12:39:07.9330005Z ##[group]Run DATE=$(rustc +1.92.0 --version --verbose | sed -ne 's/^commit-date: \(20[0-9][0-9]\)-\([01][0-9]\)-\([0-3][0-9]\)$/\1\2\3/p')
2026-10-07T12:39:07.9330815Z [36;1mDATE=$(rustc +1.92.0 --version --verbose | sed -ne 's/^commit-date: \(20[0-9][0-9]\)-\([01][0-9]\)-\([0-3][0-9]\)$/\1\2\3/p')[0m
2026-10-07T12:39:07.9331435Z [36;1mHASH=$(rustc +1.92.0 --version --verbose | sed -ne 's/^commit-hash: //p')[0m
2026-10-07T12:39:07.9331923Z [36;1mecho "cachekey=$(echo $DATE$HASH | head -c12)" >> $GITHUB_OUTPUT[0m
2026-10-07T12:39:07.9332427Z shell: bash --noprofile --norc -e -o pipefail {0}
2026-10-07T12:39:07.9332720Z env:
2026-10-07T12:39:07.9333218Z   CARGO_NET_GIT_FETCH_WITH_CLI: true
2026-10-07T12:39:07.9333852Z   CARGO_HOME: /github/home/.cargo
2026-10-07T12:39:07.9334101Z ##[endgroup]
2026-10-07T12:39:08.0154297Z ##[end-action id=__dtolnay_rust-toolchain.rustc-version;outcome=success;conclusion=success;duration_ms=84]
2026-10-07T12:39:08.0156843Z ##[start-action display=Disable incremental compilation;id=__dtolnay_rust-toolchain.__run_6]
2026-10-07T12:39:08.0175615Z ##[group]Run if [ -z "${CARGO_INCREMENTAL+set}" ]; then
2026-10-07T12:39:08.0176001Z [36;1mif [ -z "${CARGO_INCREMENTAL+set}" ]; then[0m
2026-10-07T12:39:08.0176329Z [36;1m  echo CARGO_INCREMENTAL=0 >> $GITHUB_ENV[0m
2026-10-07T12:39:08.0176615Z [36;1mfi[0m
2026-10-07T12:39:08.0176978Z shell: bash --noprofile --norc -e -o pipefail {0}
2026-10-07T12:39:08.0177273Z env:
2026-10-07T12:39:08.0177469Z   CARGO_NET_GIT_FETCH_WITH_CLI: true
2026-10-07T12:39:08.0177738Z   CARGO_HOME: /github/home/.cargo
2026-10-07T12:39:08.0177979Z ##[endgroup]
2026-10-07T12:39:08.0893985Z ##[end-action id=__dtolnay_rust-toolchain.__run_6;outcome=success;conclusion=success;duration_ms=73]
2026-10-07T12:39:08.0899768Z ##[start-action display=Enable colors in Cargo output;id=__dtolnay_rust-toolchain.__run_7]
2026-10-07T12:39:08.0952976Z ##[group]Run if [ -z "${CARGO_TERM_COLOR+set}" ]; then
2026-10-07T12:39:08.0954011Z [36;1mif [ -z "${CARGO_TERM_COLOR+set}" ]; then[0m
2026-10-07T12:39:08.0954679Z [36;1m  echo CARGO_TERM_COLOR=always >> $GITHUB_ENV[0m
2026-10-07T12:39:08.0955265Z [36;1mfi[0m
2026-10-07T12:39:08.0956042Z shell: bash --noprofile --norc -e -o pipefail {0}
2026-10-07T12:39:08.0956584Z env:
2026-10-07T12:39:08.0956920Z   CARGO_NET_GIT_FETCH_WITH_CLI: true
2026-10-07T12:39:08.0957413Z   CARGO_HOME: /github/home/.cargo
2026-10-07T12:39:08.0957872Z   CARGO_INCREMENTAL: 0
2026-10-07T12:39:08.0958258Z ##[endgroup]
2026-10-07T12:39:08.1663502Z ##[end-action id=__dtolnay_rust-toolchain.__run_7;outcome=success;conclusion=success;duration_ms=76]
2026-10-07T12:39:08.1666218Z ##[start-action display=Enable Cargo sparse registry;id=__dtolnay_rust-toolchain.__run_8]
2026-10-07T12:39:08.1686974Z ##[group]Run # implemented in 1.66, stabilized in 1.68, made default in 1.70
2026-10-07T12:39:08.1687500Z [36;1m# implemented in 1.66, stabilized in 1.68, made default in 1.70[0m
2026-10-07T12:39:08.1688223Z [36;1mif [ -z "${CARGO_REGISTRIES_CRATES_IO_PROTOCOL+set}" -o -f "/home/runner/work/_temp"/.implicit_cargo_registries_crates_io_protocol ]; then[0m
2026-10-07T12:39:08.1688947Z [36;1m  if rustc +1.92.0 --version --verbose | grep -q '^release: 1\.6[89]\.'; then[0m
2026-10-07T12:39:08.1689509Z [36;1m    touch "/home/runner/work/_temp"/.implicit_cargo_registries_crates_io_protocol || true[0m
2026-10-07T12:39:08.1690052Z [36;1m    echo CARGO_REGISTRIES_CRATES_IO_PROTOCOL=sparse >> $GITHUB_ENV[0m
2026-10-07T12:39:08.1690540Z [36;1m  elif rustc +1.92.0 --version --verbose | grep -q '^release: 1\.6[67]\.'; then[0m
2026-10-07T12:39:08.1691104Z [36;1m    touch "/home/runner/work/_temp"/.implicit_cargo_registries_crates_io_protocol || true[0m
2026-10-07T12:39:08.1691644Z [36;1m    echo CARGO_REGISTRIES_CRATES_IO_PROTOCOL=git >> $GITHUB_ENV[0m
2026-10-07T12:39:08.1691996Z [36;1m  fi[0m
2026-10-07T12:39:08.1692186Z [36;1mfi[0m
2026-10-07T12:39:08.1692566Z shell: bash --noprofile --norc -e -o pipefail {0}
2026-10-07T12:39:08.1692857Z env:
2026-10-07T12:39:08.1693047Z   CARGO_NET_GIT_FETCH_WITH_CLI: true
2026-10-07T12:39:08.1693616Z   CARGO_HOME: /github/home/.cargo
2026-10-07T12:39:08.1693871Z   CARGO_INCREMENTAL: 0
2026-10-07T12:39:08.1694096Z   CARGO_TERM_COLOR: always
2026-10-07T12:39:08.1694325Z ##[endgroup]
2026-10-07T12:39:08.2519541Z ##[end-action id=__dtolnay_rust-toolchain.__run_8;outcome=success;conclusion=success;duration_ms=85]
2026-10-07T12:39:08.2522227Z ##[start-action display=Work around spurious network errors in curl 8.0;id=__dtolnay_rust-toolchain.__run_9]
2026-10-07T12:39:08.2543219Z ##[group]Run # https://rust-lang.zulipchat.com/#narrow/stream/246057-t-cargo/topic/timeout.20investigation
2026-10-07T12:39:08.2544847Z [36;1m# https://rust-lang.zulipchat.com/#narrow/stream/246057-t-cargo/topic/timeout.20investigation[0m
2026-10-07T12:39:08.2545647Z [36;1mif rustc +1.92.0 --version --verbose | grep -q '^release: 1\.7[01]\.'; then[0m
2026-10-07T12:39:08.2546110Z [36;1m  echo CARGO_HTTP_MULTIPLEXING=false >> $GITHUB_ENV[0m
2026-10-07T12:39:08.2546432Z [36;1mfi[0m
2026-10-07T12:39:08.2546743Z shell: bash --noprofile --norc -e -o pipefail {0}
2026-10-07T12:39:08.2547040Z env:
2026-10-07T12:39:08.2547239Z   CARGO_NET_GIT_FETCH_WITH_CLI: true
2026-10-07T12:39:08.2547512Z   CARGO_HOME: /github/home/.cargo
2026-10-07T12:39:08.2547759Z   CARGO_INCREMENTAL: 0
2026-10-07T12:39:08.2547974Z   CARGO_TERM_COLOR: always
2026-10-07T12:39:08.2548195Z ##[endgroup]
2026-10-07T12:39:08.3248282Z ##[end-action id=__dtolnay_rust-toolchain.__run_9;outcome=success;conclusion=success;duration_ms=72]
2026-10-07T12:39:08.3252375Z ##[start-action display=rustc +1.92.0 --version --verbose;id=__dtolnay_rust-toolchain.__run_10]
2026-10-07T12:39:08.3272108Z ##[group]Run rustc +1.92.0 --version --verbose
2026-10-07T12:39:08.3272470Z [36;1mrustc +1.92.0 --version --verbose[0m
2026-10-07T12:39:08.3272855Z shell: bash --noprofile --norc -e -o pipefail {0}
2026-10-07T12:39:08.3273159Z env:
2026-10-07T12:39:08.3273811Z   CARGO_NET_GIT_FETCH_WITH_CLI: true
2026-10-07T12:39:08.3274114Z   CARGO_HOME: /github/home/.cargo
2026-10-07T12:39:08.3274363Z   CARGO_INCREMENTAL: 0
2026-10-07T12:39:08.3274600Z   CARGO_TERM_COLOR: always
2026-10-07T12:39:08.3274843Z ##[endgroup]
2026-10-07T12:39:08.3922054Z rustc 1.92.0 (ded5c06cf 2025-12-08)
2026-10-07T12:39:08.3922591Z binary: rustc
2026-10-07T12:39:08.3922903Z commit-hash: ded5c06cf21d2b93bffd5d884aa6e96934ee4234
2026-10-07T12:39:08.3923547Z commit-date: 2025-12-08
2026-10-07T12:39:08.3923906Z host: x86_64-unknown-linux-gnu
2026-10-07T12:39:08.3924192Z release: 1.92.0
2026-10-07T12:39:08.3924415Z LLVM version: 21.1.3
2026-10-07T12:39:08.3965293Z ##[end-action id=__dtolnay_rust-toolchain.__run_10;outcome=success;conclusion=success;duration_ms=71]
2026-10-07T12:39:08.4022317Z ##[group]Run cargo check --locked -p scrying --lib --no-default-features --features wgpu-30,webkit6
2026-10-07T12:39:08.4023040Z [36;1mcargo check --locked -p scrying --lib --no-default-features --features wgpu-30,webkit6[0m
2026-10-07T12:39:08.4023850Z shell: sh -e {0}
2026-10-07T12:39:08.4024059Z env:
2026-10-07T12:39:08.4024257Z   CARGO_NET_GIT_FETCH_WITH_CLI: true
2026-10-07T12:39:08.4024531Z   CARGO_HOME: /github/home/.cargo
2026-10-07T12:39:08.4024782Z   CARGO_INCREMENTAL: 0
2026-10-07T12:39:08.4025013Z   CARGO_TERM_COLOR: always
2026-10-07T12:39:08.4025243Z ##[endgroup]
2026-10-07T12:39:08.4611652Z info: syncing channel updates for 1.97.1-x86_64-unknown-linux-gnu
2026-10-07T12:39:08.5539689Z info: latest update on 2026-07-16 for version 1.97.1 (8bab26f4f 2026-07-14)
2026-10-07T12:39:08.5540823Z info: downloading 6 components
2026-10-07T12:39:21.1581633Z warn: the missing active toolchain `1.97.1-x86_64-unknown-linux-gnu` has been auto-installed
2026-10-07T12:39:21.1583397Z warn: this might cause rustup commands to take longer time to finish than expected
2026-10-07T12:39:21.1584853Z info: you may opt out with `RUSTUP_AUTO_INSTALL=0` or `rustup set auto-install disable`
2026-10-07T12:39:21.2020542Z [1m[92m    Updating[0m crates.io index
2026-10-07T12:39:21.8102755Z [1m[92m Downloading[0m crates ...
2026-10-07T12:39:21.8483018Z [1m[92m  Downloaded[0m new_debug_unreachable v1.0.6
2026-10-07T12:39:21.8500127Z [1m[92m  Downloaded[0m noop_proc_macro v0.3.0
2026-10-07T12:39:21.8536793Z [1m[92m  Downloaded[0m serde_spanned v1.1.1
2026-10-07T12:39:21.8556150Z [1m[92m  Downloaded[0m scopeguard v1.2.0
2026-10-07T12:39:21.8575764Z [1m[92m  Downloaded[0m soup3-sys v0.9.0
2026-10-07T12:39:21.8598597Z [1m[92m  Downloaded[0m palette v0.7.7
2026-10-07T12:39:21.8795971Z [1m[92m  Downloaded[0m unicode-width v0.2.2
2026-10-07T12:39:21.8876313Z [1m[92m  Downloaded[0m pkg-config v0.3.34
2026-10-07T12:39:21.8899491Z [1m[92m  Downloaded[0m profiling-procmacros v1.0.18
2026-10-07T12:39:21.8909116Z [1m[92m  Downloaded[0m quick-error v2.0.1
2026-10-07T12:39:21.8927126Z [1m[92m  Downloaded[0m num-integer v0.1.47
2026-10-07T12:39:21.8948937Z [1m[92m  Downloaded[0m ravif v0.13.0
2026-10-07T12:39:21.8960182Z [1m[92m  Downloaded[0m ordered-float v5.5.0
2026-10-07T12:39:21.8980901Z [1m[92m  Downloaded[0m profiling v1.0.18
2026-10-07T12:39:21.8996153Z [1m[92m  Downloaded[0m dlib v0.5.3
2026-10-07T12:39:21.9008996Z [1m[92m  Downloaded[0m toml v1.1.4+spec-1.1.0
2026-10-07T12:39:21.9059717Z [1m[92m  Downloaded[0m memoffset v0.9.1
2026-10-07T12:39:21.9074948Z [1m[92m  Downloaded[0m miniz_oxide v0.8.9
2026-10-07T12:39:21.9122235Z [1m[92m  Downloaded[0m num-traits v0.2.19
2026-10-07T12:39:21.9166639Z [1m[92m  Downloaded[0m toml_writer v1.1.2+spec-1.1.0
2026-10-07T12:39:21.9190315Z [1m[92m  Downloaded[0m v_frame v0.3.9
2026-10-07T12:39:21.9216295Z [1m[92m  Downloaded[0m system-deps v7.0.8
2026-10-07T12:39:21.9255658Z [1m[92m  Downloaded[0m thiserror v2.0.20
2026-10-07T12:39:21.9361573Z [1m[92m  Downloaded[0m nom v8.0.0
2026-10-07T12:39:21.9444195Z [1m[92m  Downloaded[0m reborrow v0.5.5
2026-10-07T12:39:21.9453446Z [1m[92m  Downloaded[0m num-complex v0.4.6
2026-10-07T12:39:21.9472262Z [1m[92m  Downloaded[0m presser v0.3.1
2026-10-07T12:39:21.9497037Z [1m[92m  Downloaded[0m proc-macro2 v1.0.107
2026-10-07T12:39:21.9540346Z [1m[92m  Downloaded[0m qoi v0.4.1
2026-10-07T12:39:21.9577141Z [1m[92m  Downloaded[0m raw-cpuid v11.6.0
2026-10-07T12:39:21.9623377Z [1m[92m  Downloaded[0m rustc-hash v1.1.0
2026-10-07T12:39:21.9635067Z [1m[92m  Downloaded[0m simd-adler32 v0.3.10
2026-10-07T12:39:21.9662386Z [1m[92m  Downloaded[0m wasm-bindgen-macro v0.2.127
2026-10-07T12:39:21.9677483Z [1m[92m  Downloaded[0m webkit6 v0.6.1
2026-10-07T12:39:21.9815505Z [1m[92m  Downloaded[0m rayon-core v1.13.0
2026-10-07T12:39:21.9872368Z [1m[92m  Downloaded[0m rustc_version v0.4.1
2026-10-07T12:39:21.9895918Z [1m[92m  Downloaded[0m serde_derive v1.0.229
2026-10-07T12:39:21.9944996Z [1m[92m  Downloaded[0m wasm-bindgen v0.2.127
2026-10-07T12:39:21.9989349Z [1m[92m  Downloaded[0m weezl v0.1.12
2026-10-07T12:39:22.0030708Z [1m[92m  Downloaded[0m num-derive v0.4.2
2026-10-07T12:39:22.0051051Z [1m[92m  Downloaded[0m renderdoc-sys v1.1.0
2026-10-07T12:39:22.0061852Z [1m[92m  Downloaded[0m rgb v0.8.53
2026-10-07T12:39:22.0091200Z [1m[92m  Downloaded[0m rustversion v1.0.23
2026-10-07T12:39:22.0124489Z [1m[92m  Downloaded[0m version_check v0.9.5
2026-10-07T12:39:22.0140453Z [1m[92m  Downloaded[0m adler2 v2.0.1
2026-10-07T12:39:22.0154012Z [1m[92m  Downloaded[0m quote v1.0.47
2026-10-07T12:39:22.0186413Z [1m[92m  Downloaded[0m stable_deref_trait v1.2.1
2026-10-07T12:39:22.0196054Z [1m[92m  Downloaded[0m system-deps v9.0.0
2026-10-07T12:39:22.0234353Z [1m[92m  Downloaded[0m version-compare v0.2.1
2026-10-07T12:39:22.0250026Z [1m[92m  Downloaded[0m arrayvec v0.7.8
2026-10-07T12:39:22.0274344Z [1m[92m  Downloaded[0m num-rational v0.4.2
2026-10-07T12:39:22.0288247Z [1m[92m  Downloaded[0m once_cell v1.21.4
2026-10-07T12:39:22.0318271Z [1m[92m  Downloaded[0m spirv v0.4.0+sdk-1.4.341.0
2026-10-07T12:39:22.0331733Z [1m[92m  Downloaded[0m zerocopy-derive v0.8.56
2026-10-07T12:39:22.0444309Z [1m[92m  Downloaded[0m simd_helpers v0.1.0
2026-10-07T12:39:22.0453471Z [1m[92m  Downloaded[0m wgpu-core-deps-windows-linux-android v30.0.1
2026-10-07T12:39:22.0464319Z [1m[92m  Downloaded[0m palette_math v0.7.7
2026-10-07T12:39:22.0480344Z [1m[92m  Downloaded[0m target-lexicon v0.13.5
2026-10-07T12:39:22.0498086Z [1m[92m  Downloaded[0m pastey v0.1.1
2026-10-07T12:39:22.0518815Z [1m[92m  Downloaded[0m pulp-wasm-simd-flag v0.1.1
2026-10-07T12:39:22.0526355Z [1m[92m  Downloaded[0m wayland-sys v0.31.11
2026-10-07T12:39:22.0540575Z [1m[92m  Downloaded[0m pin-project-lite v0.2.17
2026-10-07T12:39:22.0612178Z [1m[92m  Downloaded[0m static_assertions v1.1.0
2026-10-07T12:39:22.0628643Z [1m[92m  Downloaded[0m toml_parser v1.1.3+spec-1.1.0
2026-10-07T12:39:22.0654062Z [1m[92m  Downloaded[0m y4m v0.8.0
2026-10-07T12:39:22.0668331Z [1m[92m  Downloaded[0m javascriptcore6-sys v0.6.0
2026-10-07T12:39:22.0682269Z [1m[92m  Downloaded[0m loop9 v0.1.5
2026-10-07T12:39:22.0690564Z [1m[92m  Downloaded[0m lock_api v0.4.14
2026-10-07T12:39:22.0704636Z [1m[92m  Downloaded[0m pango-sys v0.22.9
2026-10-07T12:39:22.0722015Z [1m[92m  Downloaded[0m raw-window-handle v0.6.2
2026-10-07T12:39:22.0742897Z [1m[92m  Downloaded[0m toml_datetime v1.1.1+spec-1.1.0
2026-10-07T12:39:22.0757426Z [1m[92m  Downloaded[0m palette_derive v0.7.7
2026-10-07T12:39:22.0778557Z [1m[92m  Downloaded[0m paste v1.0.15
2026-10-07T12:39:22.0816944Z [1m[92m  Downloaded[0m proc-macro-crate v3.5.0
2026-10-07T12:39:22.0832404Z [1m[92m  Downloaded[0m thiserror-impl v2.0.20
2026-10-07T12:39:22.0849585Z [1m[92m  Downloaded[0m khronos-egl v6.0.0
2026-10-07T12:39:22.0870964Z [1m[92m  Downloaded[0m lebe v0.5.3
2026-10-07T12:39:22.0886196Z [1m[92m  Downloaded[0m parking_lot v0.12.5
2026-10-07T12:39:22.0914753Z [1m[92m  Downloaded[0m semver v1.0.28
2026-10-07T12:39:22.0941732Z [1m[92m  Downloaded[0m termcolor v1.4.1
2026-10-07T12:39:22.0955830Z [1m[92m  Downloaded[0m toml_edit v0.25.13+spec-1.1.0
2026-10-07T12:39:22.1001215Z [1m[92m  Downloaded[0m serde_core v1.0.229
2026-10-07T12:39:22.1032422Z [1m[92m  Downloaded[0m smallvec v1.15.2
2026-10-07T12:39:22.1048456Z [1m[92m  Downloaded[0m wasm-bindgen-shared v0.2.127
2026-10-07T12:39:22.1060726Z [1m[92m  Downloaded[0m webkit6-sys v0.6.0
2026-10-07T12:39:22.1079398Z [1m[92m  Downloaded[0m wgpu-naga-bridge v30.0.1
2026-10-07T12:39:22.1088679Z [1m[92m  Downloaded[0m litrs v1.0.0
2026-10-07T12:39:22.1123430Z [1m[92m  Downloaded[0m no_std_io2 v0.9.4
2026-10-07T12:39:22.1146038Z [1m[92m  Downloaded[0m pango v0.22.9
2026-10-07T12:39:22.1201672Z [1m[92m  Downloaded[0m parking_lot_core v0.9.12
2026-10-07T12:39:22.1227148Z [1m[92m  Downloaded[0m unicode-ident v1.0.24
2026-10-07T12:39:22.1258691Z [1m[92m  Downloaded[0m xml-rs v0.8.29
2026-10-07T12:39:22.1293983Z [1m[92m  Downloaded[0m libloading v0.8.9
2026-10-07T12:39:22.1321318Z [1m[92m  Downloaded[0m log v0.4.34
2026-10-07T12:39:22.1349783Z [1m[92m  Downloaded[0m serde v1.0.229
2026-10-07T12:39:22.1390219Z [1m[92m  Downloaded[0m png v0.18.1
2026-10-07T12:39:22.1436838Z [1m[92m  Downloaded[0m wasm-bindgen-macro-support v0.2.127
2026-10-07T12:39:22.1459080Z [1m[92m  Downloaded[0m tiff v0.11.3
2026-10-07T12:39:22.1509077Z [1m[92m  Downloaded[0m wgpu-core v30.0.1
2026-10-07T12:39:22.1621187Z [1m[92m  Downloaded[0m num-bigint v0.4.8
2026-10-07T12:39:22.1676620Z [1m[92m  Downloaded[0m rayon v1.12.0
2026-10-07T12:39:22.1789488Z [1m[92m  Downloaded[0m wgpu-hal v30.0.1
2026-10-07T12:39:22.1918566Z [1m[92m  Downloaded[0m pulp v0.22.3
2026-10-07T12:39:22.1977991Z [1m[92m  Downloaded[0m slab v0.4.12
2026-10-07T12:39:22.1992333Z [1m[92m  Downloaded[0m wgpu-types v30.0.1
2026-10-07T12:39:22.2038146Z [1m[92m  Downloaded[0m winnow v1.0.4
2026-10-07T12:39:22.2151313Z [1m[92m  Downloaded[0m zerocopy v0.8.56
2026-10-07T12:39:22.2405374Z [1m[92m  Downloaded[0m document-features v0.2.12
2026-10-07T12:39:22.2418891Z [1m[92m  Downloaded[0m heck v0.5.0
2026-10-07T12:39:22.2434234Z [1m[92m  Downloaded[0m libm v0.2.16
2026-10-07T12:39:22.2566900Z [1m[92m  Downloaded[0m syn v3.0.4
2026-10-07T12:39:22.2687855Z [1m[92m  Downloaded[0m wgpu v30.0.1
2026-10-07T12:39:22.2866265Z [1m[92m  Downloaded[0m syn v2.0.119
2026-10-07T12:39:22.2987733Z [1m[92m  Downloaded[0m cfg_aliases v0.2.2
2026-10-07T12:39:22.2999081Z [1m[92m  Downloaded[0m futures-io v0.3.34
2026-10-07T12:39:22.3009806Z [1m[92m  Downloaded[0m equator-macro v0.4.2
2026-10-07T12:39:22.3019435Z [1m[92m  Downloaded[0m equivalent v1.0.2
2026-10-07T12:39:22.3031735Z [1m[92m  Downloaded[0m khronos_api v3.1.0
2026-10-07T12:39:22.3230450Z [1m[92m  Downloaded[0m libc v0.2.189
2026-10-07T12:39:22.3735756Z [1m[92m  Downloaded[0m pxfm v0.1.30
2026-10-07T12:39:22.4019771Z [1m[92m  Downloaded[0m javascriptcore6 v0.6.0
2026-10-07T12:39:22.4036665Z [1m[92m  Downloaded[0m cfg-if v1.0.4
2026-10-07T12:39:22.4053397Z [1m[92m  Downloaded[0m futures-core v0.3.34
2026-10-07T12:39:22.4069837Z [1m[92m  Downloaded[0m futures-macro v0.3.34
2026-10-07T12:39:22.4083345Z [1m[92m  Downloaded[0m dpi v0.1.2
2026-10-07T12:39:22.4096016Z [1m[92m  Downloaded[0m graphene-sys v0.22.9
2026-10-07T12:39:22.4111305Z [1m[92m  Downloaded[0m rav1e v0.8.1
2026-10-07T12:39:22.4471655Z [1m[92m  Downloaded[0m gdk-pixbuf-sys v0.22.9
2026-10-07T12:39:22.4486032Z [1m[92m  Downloaded[0m aligned v0.4.3
2026-10-07T12:39:22.4500023Z [1m[92m  Downloaded[0m approx v0.5.1
2026-10-07T12:39:22.4521126Z [1m[92m  Downloaded[0m arg_enum_proc_macro v0.3.4
2026-10-07T12:39:22.4535318Z [1m[92m  Downloaded[0m by_address v1.2.1
2026-10-07T12:39:22.4545090Z [1m[92m  Downloaded[0m maybe-rayon v0.1.1
2026-10-07T12:39:22.4554535Z [1m[92m  Downloaded[0m aligned-vec v0.6.4
2026-10-07T12:39:22.4565899Z [1m[92m  Downloaded[0m byteorder-lite v0.1.0
2026-10-07T12:39:22.4577864Z [1m[92m  Downloaded[0m color_quant v1.1.0
2026-10-07T12:39:22.4590583Z [1m[92m  Downloaded[0m as-slice v0.2.1
2026-10-07T12:39:22.4601584Z [1m[92m  Downloaded[0m cairo-sys-rs v0.22.9
2026-10-07T12:39:22.4613836Z [1m[92m  Downloaded[0m equator v0.4.2
2026-10-07T12:39:22.4630302Z [1m[92m  Downloaded[0m bit_field v0.10.3
2026-10-07T12:39:22.4645071Z [1m[92m  Downloaded[0m field-offset v0.3.6
2026-10-07T12:39:22.4658301Z [1m[92m  Downloaded[0m futures-task v0.3.34
2026-10-07T12:39:22.4672526Z [1m[92m  Downloaded[0m gtk4-macros v0.11.4
2026-10-07T12:39:22.4699253Z [1m[92m  Downloaded[0m autocfg v1.5.1
2026-10-07T12:39:22.4722529Z [1m[92m  Downloaded[0m bytemuck_derive v1.12.0
2026-10-07T12:39:22.4738153Z [1m[92m  Downloaded[0m either v1.18.0
2026-10-07T12:39:22.4755285Z [1m[92m  Downloaded[0m graphene-rs v0.22.8
2026-10-07T12:39:22.4796059Z [1m[92m  Downloaded[0m avif-serialize v0.8.9
2026-10-07T12:39:22.4807662Z [1m[92m  Downloaded[0m gl_generator v0.14.0
2026-10-07T12:39:22.4827071Z [1m[92m  Downloaded[0m gsk4-sys v0.11.4
2026-10-07T12:39:22.4844647Z [1m[92m  Downloaded[0m naga-types v30.0.1
2026-10-07T12:39:22.4858391Z [1m[92m  Downloaded[0m bit-vec v0.9.1
2026-10-07T12:39:22.4877150Z [1m[92m  Downloaded[0m fdeflate v0.3.7
2026-10-07T12:39:22.4897262Z [1m[92m  Downloaded[0m futures-executor v0.3.34
2026-10-07T12:39:22.4913508Z [1m[92m  Downloaded[0m bit-set v0.10.0
2026-10-07T12:39:22.4930067Z [1m[92m  Downloaded[0m zune-core v0.5.3
2026-10-07T12:39:22.4957154Z [1m[92m  Downloaded[0m foldhash v0.2.0
2026-10-07T12:39:22.4971900Z [1m[92m  Downloaded[0m crossbeam-deque v0.8.7
2026-10-07T12:39:22.4990176Z [1m[92m  Downloaded[0m gdk-pixbuf v0.22.0
2026-10-07T12:39:22.5017545Z [1m[92m  Downloaded[0m gobject-sys v0.22.9
2026-10-07T12:39:22.5034792Z [1m[92m  Downloaded[0m imgref v1.12.3
2026-10-07T12:39:22.5048321Z [1m[92m  Downloaded[0m fax v0.2.7
2026-10-07T12:39:22.5071978Z [1m[92m  Downloaded[0m futures-channel v0.3.34
2026-10-07T12:39:22.5094073Z [1m[92m  Downloaded[0m built v0.8.1
2026-10-07T12:39:22.5117502Z [1m[92m  Downloaded[0m crossbeam-utils v0.8.22
2026-10-07T12:39:22.5149481Z [1m[92m  Downloaded[0m cfg-expr v0.20.9
2026-10-07T12:39:22.5184104Z [1m[92m  Downloaded[0m crc32fast v1.5.1
2026-10-07T12:39:22.5208352Z [1m[92m  Downloaded[0m gif v0.14.2
2026-10-07T12:39:22.5227936Z [1m[92m  Downloaded[0m gsk4 v0.11.4
2026-10-07T12:39:22.5313562Z [1m[92m  Downloaded[0m cairo-rs v0.22.9
2026-10-07T12:39:22.5352314Z [1m[92m  Downloaded[0m bitstream-io v4.10.0
2026-10-07T12:39:22.5384590Z [1m[92m  Downloaded[0m bytemuck v1.25.2
2026-10-07T12:39:22.5421575Z [1m[92m  Downloaded[0m zune-inflate v0.2.54
2026-10-07T12:39:22.5441721Z [1m[92m  Downloaded[0m anyhow v1.0.104
2026-10-07T12:39:22.5489246Z [1m[92m  Downloaded[0m av1-grain v0.2.5
2026-10-07T12:39:22.5517088Z [1m[92m  Downloaded[0m bitflags v2.13.1
2026-10-07T12:39:22.5570396Z [1m[92m  Downloaded[0m codespan-reporting v0.13.1
2026-10-07T12:39:22.5660108Z [1m[92m  Downloaded[0m crossbeam-epoch v0.9.20
2026-10-07T12:39:22.5689105Z [1m[92m  Downloaded[0m glib-sys v0.22.9
2026-10-07T12:39:22.5712650Z [1m[92m  Downloaded[0m gdk4-sys v0.11.4
2026-10-07T12:39:22.5737575Z [1m[92m  Downloaded[0m miniz_oxide v0.9.1
2026-10-07T12:39:22.5766759Z [1m[92m  Downloaded[0m soup3 v0.9.0
2026-10-07T12:39:22.6404166Z [1m[92m  Downloaded[0m allocator-api2 v0.2.21
2026-10-07T12:39:22.6432859Z [1m[92m  Downloaded[0m half v2.7.1
2026-10-07T12:39:22.6464098Z [1m[92m  Downloaded[0m gpu-allocator v0.28.0
2026-10-07T12:39:22.6497235Z [1m[92m  Downloaded[0m flate2 v1.1.10
2026-10-07T12:39:22.6556868Z [1m[92m  Downloaded[0m grafting v0.6.0
2026-10-07T12:39:22.6593785Z [1m[92m  Downloaded[0m image-webp v0.2.4
2026-10-07T12:39:22.6618276Z [1m[92m  Downloaded[0m gio-sys v0.22.9
2026-10-07T12:39:22.6646930Z [1m[92m  Downloaded[0m glib-macros v0.22.9
2026-10-07T12:39:22.6738200Z [1m[92m  Downloaded[0m memchr v2.8.3
2026-10-07T12:39:22.6803479Z [1m[92m  Downloaded[0m zune-jpeg v0.5.15
2026-10-07T12:39:22.6844869Z [1m[92m  Downloaded[0m bumpalo v3.20.3
2026-10-07T12:39:22.6873914Z [1m[92m  Downloaded[0m gdk4 v0.11.4
2026-10-07T12:39:22.6974355Z [1m[92m  Downloaded[0m indexmap v2.14.1
2026-10-07T12:39:22.7023166Z [1m[92m  Downloaded[0m hashbrown v0.16.1
2026-10-07T12:39:22.7081830Z [1m[92m  Downloaded[0m hashbrown v0.17.1
2026-10-07T12:39:22.7142198Z [1m[92m  Downloaded[0m futures-util v0.3.34
2026-10-07T12:39:22.7302718Z [1m[92m  Downloaded[0m glow v0.17.0
2026-10-07T12:39:22.7350722Z [1m[92m  Downloaded[0m gtk4-sys v0.11.4
2026-10-07T12:39:22.7384165Z [1m[92m  Downloaded[0m itertools v0.14.0
2026-10-07T12:39:22.7465795Z [1m[92m  Downloaded[0m moxcms v0.8.1
2026-10-07T12:39:22.7587625Z [1m[92m  Downloaded[0m zlib-rs v0.6.7
2026-10-07T12:39:22.7652055Z [1m[92m  Downloaded[0m gio v0.22.9
2026-10-07T12:39:22.7873271Z [1m[92m  Downloaded[0m exr v1.74.2
2026-10-07T12:39:22.7994074Z [1m[92m  Downloaded[0m glib v0.22.9
2026-10-07T12:39:22.8136280Z [1m[92m  Downloaded[0m image v0.25.10
2026-10-07T12:39:22.8240462Z [1m[92m  Downloaded[0m ash v0.38.0+1.3.281
2026-10-07T12:39:22.8415343Z [1m[92m  Downloaded[0m av-scenechange v0.14.1
2026-10-07T12:39:22.8536819Z [1m[92m  Downloaded[0m gtk4 v0.11.4
2026-10-07T12:39:22.8965274Z [1m[92m  Downloaded[0m naga v30.0.1
2026-10-07T12:39:22.9984408Z [1m[92m   Compiling[0m pkg-config v0.3.34
2026-10-07T12:39:22.9985219Z [1m[92m   Compiling[0m proc-macro2 v1.0.107
2026-10-07T12:39:22.9985765Z [1m[92m   Compiling[0m unicode-ident v1.0.24
2026-10-07T12:39:22.9986264Z [1m[92m   Compiling[0m quote v1.0.47
2026-10-07T12:39:23.0652964Z [1m[92m   Compiling[0m winnow v1.0.4
2026-10-07T12:39:23.1567850Z [1m[92m   Compiling[0m toml_datetime v1.1.1+spec-1.1.0
2026-10-07T12:39:23.3365495Z [1m[92m   Compiling[0m target-lexicon v0.13.5
2026-10-07T12:39:23.4785798Z [1m[92m   Compiling[0m smallvec v1.15.2
2026-10-07T12:39:23.6494789Z [1m[92m   Compiling[0m heck v0.5.0
2026-10-07T12:39:23.8917983Z [1m[92m   Compiling[0m serde_spanned v1.1.1
2026-10-07T12:39:23.9070747Z [1m[92m   Compiling[0m version-compare v0.2.1
2026-10-07T12:39:23.9574055Z [1m[92m   Compiling[0m system-deps v9.0.0
2026-10-07T12:39:24.0655063Z [1m[92m   Compiling[0m syn v3.0.4
2026-10-07T12:39:24.0698103Z [1m[92m   Compiling[0m libc v0.2.189
2026-10-07T12:39:24.1564438Z [1m[92m   Compiling[0m cfg-expr v0.20.9
2026-10-07T12:39:24.3124356Z [1m[92m   Compiling[0m toml_parser v1.1.3+spec-1.1.0
2026-10-07T12:39:24.7216593Z [1m[92m   Compiling[0m toml v1.1.4+spec-1.1.0
2026-10-07T12:39:24.9545411Z [1m[92m   Compiling[0m autocfg v1.5.1
2026-10-07T12:39:25.2735562Z [1m[92m   Compiling[0m syn v2.0.119
2026-10-07T12:39:25.3667134Z [1m[92m    Checking[0m bitflags v2.13.1
2026-10-07T12:39:25.4689319Z [1m[92m    Checking[0m cfg-if v1.0.4
2026-10-07T12:39:25.4993058Z [1m[92m   Compiling[0m libm v0.2.16
2026-10-07T12:39:25.6914744Z [1m[92m   Compiling[0m num-traits v0.2.19
2026-10-07T12:39:26.0676031Z [1m[92m   Compiling[0m glib-sys v0.22.9
2026-10-07T12:39:26.5284483Z [1m[92m   Compiling[0m system-deps v7.0.8
2026-10-07T12:39:27.3032273Z [1m[92m   Compiling[0m gobject-sys v0.22.9
2026-10-07T12:39:27.5037372Z [1m[92m   Compiling[0m gio-sys v0.22.9
2026-10-07T12:39:27.6383918Z [1m[92m    Checking[0m memchr v2.8.3
2026-10-07T12:39:27.9550125Z [1m[92m   Compiling[0m thiserror v2.0.20
2026-10-07T12:39:28.0094966Z [1m[92m   Compiling[0m thiserror-impl v2.0.20
2026-10-07T12:39:28.2122711Z [1m[92m   Compiling[0m cfg_aliases v0.2.2
2026-10-07T12:39:28.2482992Z [1m[92m    Checking[0m log v0.4.34
2026-10-07T12:39:28.3375897Z [1m[92m    Checking[0m futures-core v0.3.34
2026-10-07T12:39:28.3462315Z [1m[92m   Compiling[0m futures-macro v0.3.34
2026-10-07T12:39:28.3997300Z [1m[92m    Checking[0m pin-project-lite v0.2.17
2026-10-07T12:39:28.4351348Z [1m[92m    Checking[0m slab v0.4.12
2026-10-07T12:39:28.5380653Z [1m[92m    Checking[0m futures-task v0.3.34
2026-10-07T12:39:28.6260491Z [1m[92m   Compiling[0m bytemuck_derive v1.12.0
2026-10-07T12:39:28.9863808Z [1m[92m    Checking[0m futures-util v0.3.34
2026-10-07T12:39:29.2291309Z [1m[92m    Checking[0m foldhash v0.2.0
2026-10-07T12:39:29.3045705Z [1m[92m   Compiling[0m zerocopy v0.8.56
2026-10-07T12:39:29.5404465Z [1m[92m    Checking[0m arrayvec v0.7.8
2026-10-07T12:39:29.7140763Z [1m[92m    Checking[0m futures-channel v0.3.34
2026-10-07T12:39:29.7389756Z [1m[92m    Checking[0m bytemuck v1.25.2
2026-10-07T12:39:29.8456652Z [1m[92m   Compiling[0m glib-macros v0.22.9
2026-10-07T12:39:29.9215191Z [1m[92m   Compiling[0m crossbeam-utils v0.8.22
2026-10-07T12:39:30.0807581Z [1m[92m    Checking[0m equivalent v1.0.2
2026-10-07T12:39:30.1216124Z [1m[92m   Compiling[0m pango-sys v0.22.9
2026-10-07T12:39:30.1606332Z [1m[92m   Compiling[0m zerocopy-derive v0.8.56
2026-10-07T12:39:30.2385432Z [1m[92m   Compiling[0m cairo-sys-rs v0.22.9
2026-10-07T12:39:30.3625972Z [1m[92m   Compiling[0m gdk-pixbuf-sys v0.22.9
2026-10-07T12:39:30.4945217Z [1m[92m   Compiling[0m crossbeam-epoch v0.9.20
2026-10-07T12:39:30.6864740Z [1m[92m    Checking[0m futures-executor v0.3.34
2026-10-07T12:39:30.8102524Z [1m[92m    Checking[0m hashbrown v0.17.1
2026-10-07T12:39:31.1181620Z [1m[92m    Checking[0m libloading v0.8.9
2026-10-07T12:39:31.2070256Z [1m[92m   Compiling[0m crossbeam-deque v0.8.7
2026-10-07T12:39:31.3211109Z [1m[92m    Checking[0m indexmap v2.14.1
2026-10-07T12:39:31.8509009Z [1m[92m   Compiling[0m profiling-procmacros v1.0.18
2026-10-07T12:39:31.8923078Z [1m[92m   Compiling[0m gdk4-sys v0.11.4
2026-10-07T12:39:32.0434496Z [1m[92m   Compiling[0m graphene-sys v0.22.9
2026-10-07T12:39:32.0495871Z [1m[92m    Checking[0m simd-adler32 v0.3.10
2026-10-07T12:39:32.1392677Z [1m[92m   Compiling[0m rayon-core v1.13.0
2026-10-07T12:39:32.1653825Z [1m[92m    Checking[0m rustc-hash v1.1.0
2026-10-07T12:39:32.2094080Z [1m[92m    Checking[0m naga-types v30.0.1
2026-10-07T12:39:32.2879142Z [1m[92m    Checking[0m profiling v1.0.18
2026-10-07T12:39:32.3665087Z [1m[92m   Compiling[0m equator-macro v0.4.2
2026-10-07T12:39:32.4396273Z [1m[92m   Compiling[0m naga v30.0.1
2026-10-07T12:39:32.6145121Z [1m[92m    Checking[0m unicode-width v0.2.2
2026-10-07T12:39:32.7804409Z [1m[92m   Compiling[0m ash v0.38.0+1.3.281
2026-10-07T12:39:32.8744060Z [1m[92m    Checking[0m once_cell v1.21.4
2026-10-07T12:39:32.9244637Z [1m[92m    Checking[0m futures-io v0.3.34
2026-10-07T12:39:32.9880612Z [1m[92m    Checking[0m bit-vec v0.9.1
2026-10-07T12:39:32.9978491Z [1m[92m   Compiling[0m parking_lot_core v0.9.12
2026-10-07T12:39:33.1334865Z [1m[92m    Checking[0m equator v0.4.2
2026-10-07T12:39:33.1405686Z [1m[92m    Checking[0m bit-set v0.10.0
2026-10-07T12:39:33.2376225Z [1m[92m    Checking[0m codespan-reporting v0.13.1
2026-10-07T12:39:33.3923746Z [1m[92m    Checking[0m glib v0.22.9
2026-10-07T12:39:33.7120449Z [1m[92m    Checking[0m num-integer v0.1.47
2026-10-07T12:39:33.7299970Z [1m[92m   Compiling[0m gsk4-sys v0.11.4
2026-10-07T12:39:33.8725401Z [1m[92m    Checking[0m spirv v0.4.0+sdk-1.4.341.0
2026-10-07T12:39:33.9014504Z [1m[92m   Compiling[0m wayland-sys v0.31.11
2026-10-07T12:39:34.0073746Z [1m[92m   Compiling[0m anyhow v1.0.104
2026-10-07T12:39:34.1756559Z [1m[92m    Checking[0m either v1.18.0
2026-10-07T12:39:34.3356357Z [1m[92m    Checking[0m adler2 v2.0.1
2026-10-07T12:39:34.3874267Z [1m[92m    Checking[0m static_assertions v1.1.0
2026-10-07T12:39:34.4724490Z [1m[92m    Checking[0m scopeguard v1.2.0
2026-10-07T12:39:34.5101622Z [1m[92m   Compiling[0m paste v1.0.15
2026-10-07T12:39:34.6607733Z [1m[92m   Compiling[0m khronos-egl v6.0.0
2026-10-07T12:39:34.7543197Z [1m[92m    Checking[0m raw-window-handle v0.6.2
2026-10-07T12:39:34.9045786Z [1m[92m    Checking[0m allocator-api2 v0.2.21
2026-10-07T12:39:35.0051276Z [1m[92m    Checking[0m wgpu-types v30.0.1
2026-10-07T12:39:35.2165365Z [1m[92m    Checking[0m hashbrown v0.16.1
2026-10-07T12:39:35.4725758Z [1m[92m    Checking[0m half v2.7.1
2026-10-07T12:39:35.7149254Z [1m[92m    Checking[0m lock_api v0.4.14
2026-10-07T12:39:35.9379309Z [1m[92m    Checking[0m num-bigint v0.4.8
2026-10-07T12:39:36.9970169Z [1m[92m    Checking[0m aligned-vec v0.6.4
2026-10-07T12:39:37.2363451Z [1m[92m    Checking[0m dlib v0.5.3
2026-10-07T12:39:37.2792584Z [1m[92m   Compiling[0m wgpu-hal v30.0.1
2026-10-07T12:39:37.5595060Z [1m[92m   Compiling[0m gtk4-sys v0.11.4
2026-10-07T12:39:37.6974109Z [1m[92m    Checking[0m presser v0.3.1
2026-10-07T12:39:37.7621889Z [1m[92m   Compiling[0m crc32fast v1.5.1
2026-10-07T12:39:38.5280921Z [1m[92m    Checking[0m stable_deref_trait v1.2.1
2026-10-07T12:39:38.5604272Z [1m[92m   Compiling[0m khronos_api v3.1.0
2026-10-07T12:39:38.7006269Z [1m[92m   Compiling[0m semver v1.0.28
2026-10-07T12:39:38.9687417Z [1m[92m   Compiling[0m rustc_version v0.4.1
2026-10-07T12:39:39.0338922Z [1m[92m    Checking[0m gio v0.22.9
2026-10-07T12:39:39.2030630Z [1m[92m    Checking[0m as-slice v0.2.1
2026-10-07T12:39:40.1171035Z [1m[92m    Checking[0m parking_lot v0.12.5
2026-10-07T12:39:40.2534943Z [1m[92m    Checking[0m v_frame v0.3.9
2026-10-07T12:39:40.5223103Z [1m[92m    Checking[0m num-rational v0.4.2
2026-10-07T12:39:41.6182546Z [1m[92m    Checking[0m rayon v1.12.0
2026-10-07T12:39:43.4380002Z [1m[92m    Checking[0m wgpu-naga-bridge v30.0.1
2026-10-07T12:39:43.4722523Z [1m[92m    Checking[0m ordered-float v5.5.0
2026-10-07T12:39:43.4862071Z [1m[92m   Compiling[0m soup3-sys v0.9.0
2026-10-07T12:39:43.6152591Z [1m[92m   Compiling[0m javascriptcore6-sys v0.6.0
2026-10-07T12:39:43.7144049Z [1m[92m   Compiling[0m memoffset v0.9.1
2026-10-07T12:39:43.7439335Z [1m[92m   Compiling[0m built v0.8.1
2026-10-07T12:39:43.8114405Z [1m[92m   Compiling[0m av-scenechange v0.14.1
2026-10-07T12:39:43.9307670Z [1m[92m   Compiling[0m version_check v0.9.5
2026-10-07T12:39:44.1729567Z [1m[92m    Checking[0m glow v0.17.0
2026-10-07T12:39:44.2352664Z [1m[92m    Checking[0m renderdoc-sys v1.1.0
2026-10-07T12:39:44.2922252Z [1m[92m   Compiling[0m rav1e v0.8.1
2026-10-07T12:39:44.4276925Z [1m[92m   Compiling[0m pulp v0.22.3
2026-10-07T12:39:44.8473903Z [1m[92m   Compiling[0m toml_edit v0.25.13+spec-1.1.0
2026-10-07T12:39:45.4364756Z [1m[92m    Checking[0m aligned v0.4.3
2026-10-07T12:39:45.5735714Z [1m[92m   Compiling[0m field-offset v0.3.6
2026-10-07T12:39:45.6811742Z [1m[92m    Checking[0m cairo-rs v0.22.9
2026-10-07T12:39:45.9160722Z [1m[92m    Checking[0m miniz_oxide v0.9.1
2026-10-07T12:39:46.2601936Z [1m[92m   Compiling[0m arg_enum_proc_macro v0.3.4
2026-10-07T12:39:46.2708771Z [1m[92m   Compiling[0m wgpu-core v30.0.1
2026-10-07T12:39:46.5243825Z [1m[92m    Checking[0m no_std_io2 v0.9.4
2026-10-07T12:39:46.5517438Z [1m[92m    Checking[0m nom v8.0.0
2026-10-07T12:39:46.6350581Z [1m[92m    Checking[0m y4m v0.8.0
2026-10-07T12:39:46.7262397Z [1m[92m   Compiling[0m xml-rs v0.8.29
2026-10-07T12:39:46.7851961Z [1m[92m    Checking[0m gpu-allocator v0.28.0
2026-10-07T12:39:47.6175934Z [1m[92m   Compiling[0m litrs v1.0.0
2026-10-07T12:39:48.0956569Z [1m[92m   Compiling[0m pastey v0.1.1
2026-10-07T12:39:48.5786391Z [1m[92m    Checking[0m quick-error v2.0.1
2026-10-07T12:39:48.6191935Z [1m[92m   Compiling[0m gl_generator v0.14.0
2026-10-07T12:39:49.1330510Z [1m[92m    Checking[0m av1-grain v0.2.5
2026-10-07T12:39:49.4584952Z [1m[92m   Compiling[0m document-features v0.2.12
2026-10-07T12:39:49.5297675Z [1m[92m    Checking[0m bitstream-io v4.10.0
2026-10-07T12:39:49.6408813Z [1m[92m    Checking[0m wgpu-core-deps-windows-linux-android v30.0.1
2026-10-07T12:39:49.6811762Z [1m[92m    Checking[0m flate2 v1.1.10
2026-10-07T12:39:49.8651590Z [1m[92m    Checking[0m pango v0.22.9
2026-10-07T12:39:49.8992190Z [1m[92m    Checking[0m gdk-pixbuf v0.22.0
2026-10-07T12:39:49.9388900Z [1m[92m   Compiling[0m proc-macro-crate v3.5.0
2026-10-07T12:39:50.3419437Z [1m[92m    Checking[0m maybe-rayon v0.1.1
2026-10-07T12:39:50.3738683Z [1m[92m    Checking[0m graphene-rs v0.22.8
2026-10-07T12:39:50.4647131Z [1m[92m    Checking[0m miniz_oxide v0.8.9
2026-10-07T12:39:50.8297097Z [1m[92m    Checking[0m itertools v0.14.0
2026-10-07T12:39:51.0688636Z [1m[92m   Compiling[0m num-derive v0.4.2
2026-10-07T12:39:51.2138588Z [1m[92m    Checking[0m num-complex v0.4.6
2026-10-07T12:39:51.5516982Z [1m[92m   Compiling[0m wgpu v30.0.1
2026-10-07T12:39:51.6373530Z [1m[92m    Checking[0m gdk4 v0.11.4
2026-10-07T12:39:51.8651065Z [1m[92m   Compiling[0m webkit6-sys v0.6.0
2026-10-07T12:39:51.9624855Z [1m[92m    Checking[0m raw-cpuid v11.6.0
2026-10-07T12:39:51.9969212Z [1m[92m   Compiling[0m simd_helpers v0.1.0
2026-10-07T12:39:52.0695260Z [1m[92m    Checking[0m pulp-wasm-simd-flag v0.1.1
2026-10-07T12:39:52.0971532Z [1m[92m    Checking[0m weezl v0.1.12
2026-10-07T12:39:52.1674027Z [1m[92m    Checking[0m new_debug_unreachable v1.0.6
2026-10-07T12:39:52.1991485Z [1m[92m    Checking[0m reborrow v0.5.5
2026-10-07T12:39:52.2351545Z [1m[92m   Compiling[0m noop_proc_macro v0.3.0
2026-10-07T12:39:52.2800735Z [1m[92m    Checking[0m imgref v1.12.3
2026-10-07T12:39:52.3835369Z [1m[92m    Checking[0m zune-core v0.5.3
2026-10-07T12:39:52.4155124Z [1m[92m    Checking[0m loop9 v0.1.5
2026-10-07T12:39:52.5477261Z [1m[92m    Checking[0m zune-jpeg v0.5.15
2026-10-07T12:39:53.1560231Z [1m[92m   Compiling[0m gtk4-macros v0.11.4
2026-10-07T12:39:54.8451756Z [1m[92m    Checking[0m gsk4 v0.11.4
2026-10-07T12:39:56.3795386Z [1m[92m   Compiling[0m grafting v0.6.0
2026-10-07T12:39:56.4837010Z [1m[92m    Checking[0m fdeflate v0.3.7
2026-10-07T12:39:56.5633912Z [1m[92m    Checking[0m zune-inflate v0.2.54
2026-10-07T12:39:56.6971215Z [1m[92m    Checking[0m avif-serialize v0.8.9
2026-10-07T12:39:56.7040001Z [1m[92m    Checking[0m pxfm v0.1.30
2026-10-07T12:39:56.8861959Z [1m[92m   Compiling[0m by_address v1.2.1
2026-10-07T12:39:56.9414330Z [1m[92m    Checking[0m color_quant v1.1.0
2026-10-07T12:39:56.9502135Z [1m[92m    Checking[0m rgb v0.8.53
2026-10-07T12:39:57.0134109Z [1m[92m    Checking[0m bit_field v0.10.3
2026-10-07T12:39:57.0966822Z [1m[92m    Checking[0m fax v0.2.7
2026-10-07T12:39:57.2218031Z [1m[92m    Checking[0m byteorder-lite v0.1.0
2026-10-07T12:39:57.2584158Z [1m[92m    Checking[0m lebe v0.5.3
2026-10-07T12:39:57.3702210Z [1m[92m    Checking[0m exr v1.74.2
2026-10-07T12:39:57.4096753Z [1m[92m    Checking[0m image-webp v0.2.4
2026-10-07T12:39:58.1721237Z [1m[92m    Checking[0m tiff v0.11.3
2026-10-07T12:39:58.7090171Z [1m[92m    Checking[0m moxcms v0.8.1
2026-10-07T12:39:59.0231805Z [1m[92m    Checking[0m ravif v0.13.0
2026-10-07T12:39:59.1805946Z [1m[92m    Checking[0m gif v0.14.2
2026-10-07T12:39:59.4465233Z [1m[92m   Compiling[0m palette_derive v0.7.7
2026-10-07T12:39:59.8158931Z [1m[92m    Checking[0m png v0.18.1
2026-10-07T12:40:00.1102760Z [1m[92m    Checking[0m gtk4 v0.11.4
2026-10-07T12:40:00.4841760Z [1m[92m    Checking[0m javascriptcore6 v0.6.0
2026-10-07T12:40:00.4898155Z [1m[92m    Checking[0m soup3 v0.9.0
2026-10-07T12:40:00.8414546Z [1m[92m    Checking[0m qoi v0.4.1
2026-10-07T12:40:00.9855356Z [1m[92m   Compiling[0m scrying v0.7.1 (/__w/wgpu-scry/wgpu-scry/scrying)
2026-10-07T12:40:01.0904696Z [1m[92m    Checking[0m dpi v0.1.2
2026-10-07T12:40:01.2089332Z [1m[92m    Checking[0m palette_math v0.7.7
2026-10-07T12:40:01.2973813Z [1m[92m    Checking[0m palette v0.7.7
2026-10-07T12:40:02.0495463Z [1m[92m    Checking[0m image v0.25.10
2026-10-07T12:40:14.9028697Z [1m[92m    Checking[0m webkit6 v0.6.1
2026-10-07T12:40:17.4519406Z [1m[92m    Finished[0m `dev` profile [unoptimized + debuginfo] target(s) in 56.28s
2026-10-07T12:40:17.5354009Z Post job cleanup.
2026-10-07T12:40:17.5362438Z ##[command]/usr/bin/docker exec  ba4fe95a767e9da9da021af817e793022f17b19481fddc032a8c218fa99fae99 sh -c "cat /etc/*release | grep ^ID"
2026-10-07T12:40:17.7181202Z [command]/usr/sbin/git version
2026-10-07T12:40:17.7225722Z git version 2.56.0
2026-10-07T12:40:17.7275486Z Temporarily overriding HOME='/__w/_temp/1a2fd0b6-106a-4ab0-8b83-d4149bba3987' before making global git config changes
2026-10-07T12:40:17.7276838Z Adding repository directory to the temporary git global config as a safe directory
2026-10-07T12:40:17.7283916Z [command]/usr/sbin/git config --global --add safe.directory /__w/wgpu-scry/wgpu-scry
2026-10-07T12:40:17.7322844Z [command]/usr/sbin/git config --local --name-only --get-regexp core\.sshCommand
2026-10-07T12:40:17.7360977Z [command]/usr/sbin/git submodule foreach --recursive sh -c "git config --local --name-only --get-regexp 'core\.sshCommand' && git config --local --unset-all 'core.sshCommand' || :"
2026-10-07T12:40:17.7646650Z [command]/usr/sbin/git config --local --name-only --get-regexp http\.https\:\/\/github\.com\/\.extraheader
2026-10-07T12:40:17.7685333Z http.https://github.com/.extraheader
2026-10-07T12:40:17.7707609Z [command]/usr/sbin/git config --local --unset-all http.https://github.com/.extraheader
2026-10-07T12:40:17.7743074Z [command]/usr/sbin/git submodule foreach --recursive sh -c "git config --local --name-only --get-regexp 'http\.https\:\/\/github\.com\/\.extraheader' && git config --local --unset-all 'http.https://github.com/.extraheader' || :"
2026-10-07T12:40:17.8055404Z [command]/usr/sbin/git config --local --name-only --get-regexp ^includeIf\.gitdir:
2026-10-07T12:40:17.8069611Z [command]/usr/sbin/git submodule foreach --recursive git config --local --show-origin --name-only --get-regexp remote.origin.url
2026-10-07T12:40:17.8507930Z Stop and remove container: efe759f2784b409e9730d30f4f528fc7_fedora44_fb3232
2026-10-07T12:40:17.8512339Z ##[command]/usr/bin/docker rm --force ba4fe95a767e9da9da021af817e793022f17b19481fddc032a8c218fa99fae99
2026-10-07T12:40:19.8221074Z ba4fe95a767e9da9da021af817e793022f17b19481fddc032a8c218fa99fae99
2026-10-07T12:40:19.8256907Z Remove container network: github_network_c58e71c2422d4d0bbf1c82513ad54790
2026-10-07T12:40:19.8261241Z ##[command]/usr/bin/docker network rm github_network_c58e71c2422d4d0bbf1c82513ad54790
2026-10-07T12:40:19.9560118Z github_network_c58e71c2422d4d0bbf1c82513ad54790
2026-10-07T12:40:19.9637452Z Cleaning up orphan processes
2026-10-07T12:40:20.0184034Z ##[warning]Node.js 20 is deprecated. The following actions target Node.js 20 but are being forced to run on Node.js 24: actions/checkout@v4. For more information see: https://github.blog/changelog/2025-09-19-deprecation-of-node-20-on-github-actions-runners/
