2026-10-07T12:38:19.7989920Z Current runner version: '2.337.0'
2026-10-07T12:38:19.7992450Z Runner name: 'wgpu-imac-m4'
2026-10-07T12:38:19.7992760Z Runner group name: 'wgpu-hardware'
2026-10-07T12:38:19.7993170Z Machine name: 'Mayolas-iMac'
2026-10-07T12:38:19.7994380Z ##[group]GITHUB_TOKEN Permissions
2026-10-07T12:38:19.7995100Z Contents: read
2026-10-07T12:38:19.7995350Z Metadata: read
2026-10-07T12:38:19.7995580Z ##[endgroup]
2026-10-07T12:38:19.7996350Z Secret source: Actions
2026-10-07T12:38:19.7996730Z Cache mode: write
2026-10-07T12:38:19.7997020Z Prepare workflow directory
2026-10-07T12:38:19.8327390Z Prepare all required actions
2026-10-07T12:38:19.8349740Z Getting action download info
2026-10-07T12:38:20.2080220Z Download action repository 'actions/checkout@v7' (SHA:3d3c42e5aac5ba805825da76410c181273ba90b1)
2026-10-07T12:38:20.8408010Z Download action repository 'dtolnay/rust-toolchain@1.97.1' (SHA:9ca9f0b320e19763058bc9531663c225d20db487)
2026-10-07T12:38:21.1879070Z Complete job name: Apple M4 WKWebView and ScreenCaptureKit battery
2026-10-07T12:38:21.2236840Z ##[group]Run actions/checkout@v7
2026-10-07T12:38:21.2237340Z with:
2026-10-07T12:38:21.2237700Z   repository: merely-made/wgpu-scry
2026-10-07T12:38:21.2241230Z   token: ***
2026-10-07T12:38:21.2241620Z   ssh-strict: true
2026-10-07T12:38:21.2241980Z   ssh-user: git
2026-10-07T12:38:21.2242340Z   persist-credentials: true
2026-10-07T12:38:21.2242750Z   clean: true
2026-10-07T12:38:21.2243110Z   sparse-checkout-cone-mode: true
2026-10-07T12:38:21.2243530Z   fetch-depth: 1
2026-10-07T12:38:21.2243900Z   fetch-tags: false
2026-10-07T12:38:21.2244250Z   show-progress: true
2026-10-07T12:38:21.2244620Z   lfs: false
2026-10-07T12:38:21.2244990Z   submodules: false
2026-10-07T12:38:21.2245350Z   set-safe-directory: true
2026-10-07T12:38:21.2245760Z   allow-unsafe-pr-checkout: false
2026-10-07T12:38:21.2246250Z env:
2026-10-07T12:38:21.2246600Z   CARGO_NET_GIT_FETCH_WITH_CLI: true
2026-10-07T12:38:21.2247030Z   RUSTFLAGS: -D warnings
2026-10-07T12:38:21.2247550Z   CARGO_TARGET_DIR: /Users/markik/Code/targets/wgpu-scry-hardware
2026-10-07T12:38:21.2248300Z   CAPTURE: 1
2026-10-07T12:38:21.2248680Z   TIMEOUT: 90
2026-10-07T12:38:21.2249040Z   VISIBLE: 1
2026-10-07T12:38:21.2249410Z ##[endgroup]
2026-10-07T12:38:21.4123330Z Syncing repository: merely-made/wgpu-scry
2026-10-07T12:38:21.4124520Z ##[group]Getting Git version info
2026-10-07T12:38:21.4125260Z Working directory is '/Users/markik/actions-runner-wgpu/_work/wgpu-scry/wgpu-scry'
2026-10-07T12:38:21.4126280Z [command]/usr/bin/git version
2026-10-07T12:38:21.4206620Z git version 2.50.1 (Apple Git-155)
2026-10-07T12:38:21.4214580Z ##[endgroup]
2026-10-07T12:38:21.4219240Z Copying '/Users/markik/.gitconfig' to '/Users/markik/actions-runner-wgpu/_work/_temp/dc78c548-9760-435f-93b1-acd77c13ee4b/.gitconfig'
2026-10-07T12:38:21.4222840Z Temporarily overriding HOME='/Users/markik/actions-runner-wgpu/_work/_temp/dc78c548-9760-435f-93b1-acd77c13ee4b' before making global git config changes
2026-10-07T12:38:21.4224170Z Adding repository directory to the temporary git global config as a safe directory
2026-10-07T12:38:21.4225330Z [command]/usr/bin/git config --global --add safe.directory /Users/markik/actions-runner-wgpu/_work/wgpu-scry/wgpu-scry
2026-10-07T12:38:21.5150400Z [command]/usr/bin/git config --local --get remote.origin.url
2026-10-07T12:38:21.5219250Z https://github.com/merely-made/wgpu-scry
2026-10-07T12:38:21.5225490Z ##[group]Removing previously created refs, to avoid conflicts
2026-10-07T12:38:21.5226980Z [command]/usr/bin/git rev-parse --symbolic-full-name --verify --quiet HEAD
2026-10-07T12:38:21.5300790Z refs/heads/main
2026-10-07T12:38:21.5304840Z [command]/usr/bin/git checkout --detach
2026-10-07T12:38:21.5530570Z HEAD is now at 6143ed7 Establish the Mac capture surface before attaching the browser
2026-10-07T12:38:21.5614540Z [command]/usr/bin/git branch --delete --force main
2026-10-07T12:38:21.5697490Z Deleted branch main (was 6143ed7).
2026-10-07T12:38:21.5788210Z ##[endgroup]
2026-10-07T12:38:21.5788720Z [command]/usr/bin/git submodule status
2026-10-07T12:38:21.6441040Z ##[group]Cleaning the repository
2026-10-07T12:38:21.6441630Z [command]/usr/bin/git clean -ffdx
2026-10-07T12:38:21.6560420Z Removing .host-hardware-lock/
2026-10-07T12:38:21.6566150Z [command]/usr/bin/git reset --hard HEAD
2026-10-07T12:38:21.6717440Z HEAD is now at 6143ed7 Establish the Mac capture surface before attaching the browser
2026-10-07T12:38:21.6719860Z ##[endgroup]
2026-10-07T12:38:21.6720940Z ##[group]Disabling automatic garbage collection
2026-10-07T12:38:21.6722180Z [command]/usr/bin/git config --local gc.auto 0
2026-10-07T12:38:21.6794560Z ##[endgroup]
2026-10-07T12:38:21.6795230Z ##[group]Setting up auth
2026-10-07T12:38:21.6795710Z Removing SSH command configuration
2026-10-07T12:38:21.6799590Z [command]/usr/bin/git config --local --name-only --get-regexp core\.sshCommand
2026-10-07T12:38:21.6870700Z [command]/usr/bin/git submodule foreach --recursive sh -c "git config --local --name-only --get-regexp 'core\.sshCommand' && git config --local --unset-all 'core.sshCommand' || :"
2026-10-07T12:38:21.7463080Z Removing HTTP extra header
2026-10-07T12:38:21.7465280Z [command]/usr/bin/git config --local --name-only --get-regexp http\.https\:\/\/github\.com\/\.extraheader
2026-10-07T12:38:21.7540800Z [command]/usr/bin/git submodule foreach --recursive sh -c "git config --local --name-only --get-regexp 'http\.https\:\/\/github\.com\/\.extraheader' && git config --local --unset-all 'http.https://github.com/.extraheader' || :"
2026-10-07T12:38:21.8136740Z Removing includeIf entries pointing to credentials config files
2026-10-07T12:38:21.8139230Z [command]/usr/bin/git config --local --name-only --get-regexp ^includeIf\.gitdir:
2026-10-07T12:38:21.8210500Z [command]/usr/bin/git submodule foreach --recursive git config --local --show-origin --name-only --get-regexp remote.origin.url
2026-10-07T12:38:21.8727400Z [command]/usr/bin/git config --file /Users/markik/actions-runner-wgpu/_work/_temp/git-credentials-1296d81c-bce8-4562-91f3-db1d51b89c24.config http.https://github.com/.extraheader AUTHORIZATION: basic ***
2026-10-07T12:38:21.8804520Z [command]/usr/bin/git config --local includeIf.gitdir:/Users/markik/actions-runner-wgpu/_work/wgpu-scry/wgpu-scry/.git.path /Users/markik/actions-runner-wgpu/_work/_temp/git-credentials-1296d81c-bce8-4562-91f3-db1d51b89c24.config
2026-10-07T12:38:21.8879990Z [command]/usr/bin/git config --local includeIf.gitdir:/Users/markik/actions-runner-wgpu/_work/wgpu-scry/wgpu-scry/.git/worktrees/*.path /Users/markik/actions-runner-wgpu/_work/_temp/git-credentials-1296d81c-bce8-4562-91f3-db1d51b89c24.config
2026-10-07T12:38:21.8959550Z [command]/usr/bin/git config --local includeIf.gitdir:/github/workspace/.git.path /github/runner_temp/git-credentials-1296d81c-bce8-4562-91f3-db1d51b89c24.config
2026-10-07T12:38:21.9049150Z [command]/usr/bin/git config --local includeIf.gitdir:/github/workspace/.git/worktrees/*.path /github/runner_temp/git-credentials-1296d81c-bce8-4562-91f3-db1d51b89c24.config
2026-10-07T12:38:21.9117280Z ##[endgroup]
2026-10-07T12:38:21.9117690Z ##[group]Fetching the repository
2026-10-07T12:38:21.9120130Z [command]/usr/bin/git -c protocol.version=2 fetch --no-tags --prune --no-recurse-submodules --depth=1 origin +4771072a6827695dfaba9db104cd48b87e6cd543:refs/remotes/origin/main
2026-10-07T12:38:22.6264790Z From https://github.com/merely-made/wgpu-scry
2026-10-07T12:38:22.6265200Z  + 6143ed7...4771072 4771072a6827695dfaba9db104cd48b87e6cd543 -> origin/main  (forced update)
2026-10-07T12:38:22.6315540Z [command]/usr/bin/git branch --list --remote origin/main
2026-10-07T12:38:22.6394100Z   origin/main
2026-10-07T12:38:22.6399000Z [command]/usr/bin/git rev-parse refs/remotes/origin/main
2026-10-07T12:38:22.6468010Z 4771072a6827695dfaba9db104cd48b87e6cd543
2026-10-07T12:38:22.6470410Z ##[endgroup]
2026-10-07T12:38:22.6470690Z ##[group]Determining the checkout info
2026-10-07T12:38:22.6470980Z ##[endgroup]
2026-10-07T12:38:22.6472060Z [command]/usr/bin/git sparse-checkout disable
2026-10-07T12:38:22.6562840Z [command]/usr/bin/git config --local --unset-all extensions.worktreeConfig
2026-10-07T12:38:22.6635340Z ##[group]Checking out the ref
2026-10-07T12:38:22.6637100Z [command]/usr/bin/git checkout --progress --force -B main refs/remotes/origin/main
2026-10-07T12:38:22.6847890Z Warning: you are leaving 1 commit behind, not connected to
2026-10-07T12:38:22.6848150Z any of your branches:
2026-10-07T12:38:22.6848270Z 
2026-10-07T12:38:22.6848420Z   6143ed7 Establish the Mac capture surface before attaching the browser
2026-10-07T12:38:22.6848600Z 
2026-10-07T12:38:22.6848720Z If you want to keep it by creating a new branch, this may be a good time
2026-10-07T12:38:22.6848950Z to do so with:
2026-10-07T12:38:22.6849050Z 
2026-10-07T12:38:22.6849140Z  git branch <new-branch-name> 6143ed7
2026-10-07T12:38:22.6849280Z 
2026-10-07T12:38:22.6865360Z Switched to a new branch 'main'
2026-10-07T12:38:22.6868460Z branch 'main' set up to track 'origin/main'.
2026-10-07T12:38:22.6873490Z ##[endgroup]
2026-10-07T12:38:22.6961490Z [command]/usr/bin/git log -1 --format=%H
2026-10-07T12:38:22.7055550Z 4771072a6827695dfaba9db104cd48b87e6cd543
2026-10-07T12:38:22.7198010Z ##[group]Run actions/checkout@v7
2026-10-07T12:38:22.7198160Z with:
2026-10-07T12:38:22.7198270Z   repository: merely-made/wgpu-graft
2026-10-07T12:38:22.7198420Z   ref: 781aa6aad3f63b83ad48b192a6a5d078be1d71b8
2026-10-07T12:38:22.7198570Z   path: .host-hardware-lock
2026-10-07T12:38:22.7198720Z   sparse-checkout: .github/actions/host-hardware-lock
2026-10-07T12:38:22.7198920Z   sparse-checkout-cone-mode: false
2026-10-07T12:38:22.7200060Z   token: ***
2026-10-07T12:38:22.7200170Z   ssh-strict: true
2026-10-07T12:38:22.7200330Z   ssh-user: git
2026-10-07T12:38:22.7200450Z   persist-credentials: true
2026-10-07T12:38:22.7200570Z   clean: true
2026-10-07T12:38:22.7200680Z   fetch-depth: 1
2026-10-07T12:38:22.7200790Z   fetch-tags: false
2026-10-07T12:38:22.7200940Z   show-progress: true
2026-10-07T12:38:22.7201060Z   lfs: false
2026-10-07T12:38:22.7201170Z   submodules: false
2026-10-07T12:38:22.7201300Z   set-safe-directory: true
2026-10-07T12:38:22.7201450Z   allow-unsafe-pr-checkout: false
2026-10-07T12:38:22.7201580Z env:
2026-10-07T12:38:22.7201690Z   CARGO_NET_GIT_FETCH_WITH_CLI: true
2026-10-07T12:38:22.7201820Z   RUSTFLAGS: -D warnings
2026-10-07T12:38:22.7201990Z   CARGO_TARGET_DIR: /Users/markik/Code/targets/wgpu-scry-hardware
2026-10-07T12:38:22.7202160Z   CAPTURE: 1
2026-10-07T12:38:22.7202260Z   TIMEOUT: 90
2026-10-07T12:38:22.7202350Z   VISIBLE: 1
2026-10-07T12:38:22.7202440Z ##[endgroup]
2026-10-07T12:38:22.7896030Z Syncing repository: merely-made/wgpu-graft
2026-10-07T12:38:22.7896400Z ##[group]Getting Git version info
2026-10-07T12:38:22.7896710Z Working directory is '/Users/markik/actions-runner-wgpu/_work/wgpu-scry/wgpu-scry/.host-hardware-lock'
2026-10-07T12:38:22.7904070Z [command]/usr/bin/git version
2026-10-07T12:38:22.7987280Z git version 2.50.1 (Apple Git-155)
2026-10-07T12:38:22.7994160Z ##[endgroup]
2026-10-07T12:38:22.7996730Z Copying '/Users/markik/.gitconfig' to '/Users/markik/actions-runner-wgpu/_work/_temp/9b739058-a31b-42d6-af1b-c635d6a871e3/.gitconfig'
2026-10-07T12:38:22.8003600Z Temporarily overriding HOME='/Users/markik/actions-runner-wgpu/_work/_temp/9b739058-a31b-42d6-af1b-c635d6a871e3' before making global git config changes
2026-10-07T12:38:22.8004120Z Adding repository directory to the temporary git global config as a safe directory
2026-10-07T12:38:22.8005680Z [command]/usr/bin/git config --global --add safe.directory /Users/markik/actions-runner-wgpu/_work/wgpu-scry/wgpu-scry/.host-hardware-lock
2026-10-07T12:38:22.8478960Z ##[group]Determining repository object format
2026-10-07T12:38:22.8479600Z ##[endgroup]
2026-10-07T12:38:22.8479880Z ##[group]Initializing the repository
2026-10-07T12:38:22.8482540Z [command]/usr/bin/git init /Users/markik/actions-runner-wgpu/_work/wgpu-scry/wgpu-scry/.host-hardware-lock
2026-10-07T12:38:22.8593910Z Initialized empty Git repository in /Users/markik/actions-runner-wgpu/_work/wgpu-scry/wgpu-scry/.host-hardware-lock/.git/
2026-10-07T12:38:22.8598460Z [command]/usr/bin/git remote add origin https://github.com/merely-made/wgpu-graft
2026-10-07T12:38:22.8681370Z ##[endgroup]
2026-10-07T12:38:22.8681660Z ##[group]Disabling automatic garbage collection
2026-10-07T12:38:22.8683010Z [command]/usr/bin/git config --local gc.auto 0
2026-10-07T12:38:22.8753850Z ##[endgroup]
2026-10-07T12:38:22.8754140Z ##[group]Setting up auth
2026-10-07T12:38:22.8754340Z Removing SSH command configuration
2026-10-07T12:38:22.8756190Z [command]/usr/bin/git config --local --name-only --get-regexp core\.sshCommand
2026-10-07T12:38:22.8821130Z [command]/usr/bin/git submodule foreach --recursive sh -c "git config --local --name-only --get-regexp 'core\.sshCommand' && git config --local --unset-all 'core.sshCommand' || :"
2026-10-07T12:38:22.9382280Z Removing HTTP extra header
2026-10-07T12:38:22.9384650Z [command]/usr/bin/git config --local --name-only --get-regexp http\.https\:\/\/github\.com\/\.extraheader
2026-10-07T12:38:22.9459030Z [command]/usr/bin/git submodule foreach --recursive sh -c "git config --local --name-only --get-regexp 'http\.https\:\/\/github\.com\/\.extraheader' && git config --local --unset-all 'http.https://github.com/.extraheader' || :"
2026-10-07T12:38:22.9992730Z Removing includeIf entries pointing to credentials config files
2026-10-07T12:38:22.9995260Z [command]/usr/bin/git config --local --name-only --get-regexp ^includeIf\.gitdir:
2026-10-07T12:38:23.0069930Z [command]/usr/bin/git submodule foreach --recursive git config --local --show-origin --name-only --get-regexp remote.origin.url
2026-10-07T12:38:23.0609470Z [command]/usr/bin/git config --file /Users/markik/actions-runner-wgpu/_work/_temp/git-credentials-6c2db890-d292-4448-ab59-7d2923740284.config http.https://github.com/.extraheader AUTHORIZATION: basic ***
2026-10-07T12:38:23.0687370Z [command]/usr/bin/git config --local includeIf.gitdir:/Users/markik/actions-runner-wgpu/_work/wgpu-scry/wgpu-scry/.host-hardware-lock/.git.path /Users/markik/actions-runner-wgpu/_work/_temp/git-credentials-6c2db890-d292-4448-ab59-7d2923740284.config
2026-10-07T12:38:23.0757720Z [command]/usr/bin/git config --local includeIf.gitdir:/Users/markik/actions-runner-wgpu/_work/wgpu-scry/wgpu-scry/.host-hardware-lock/.git/worktrees/*.path /Users/markik/actions-runner-wgpu/_work/_temp/git-credentials-6c2db890-d292-4448-ab59-7d2923740284.config
2026-10-07T12:38:23.0823780Z [command]/usr/bin/git config --local includeIf.gitdir:/github/workspace/.host-hardware-lock/.git.path /github/runner_temp/git-credentials-6c2db890-d292-4448-ab59-7d2923740284.config
2026-10-07T12:38:23.0894580Z [command]/usr/bin/git config --local includeIf.gitdir:/github/workspace/.host-hardware-lock/.git/worktrees/*.path /github/runner_temp/git-credentials-6c2db890-d292-4448-ab59-7d2923740284.config
2026-10-07T12:38:23.0964880Z ##[endgroup]
2026-10-07T12:38:23.0965100Z ##[group]Fetching the repository
2026-10-07T12:38:23.0967950Z [command]/usr/bin/git -c protocol.version=2 fetch --no-tags --prune --no-recurse-submodules --filter=blob:none --depth=1 origin 781aa6aad3f63b83ad48b192a6a5d078be1d71b8
2026-10-07T12:38:23.4985520Z From https://github.com/merely-made/wgpu-graft
2026-10-07T12:38:23.4985780Z  * branch            781aa6aad3f63b83ad48b192a6a5d078be1d71b8 -> FETCH_HEAD
2026-10-07T12:38:23.5031630Z [command]/usr/bin/git rev-parse --verify --quiet 781aa6aad3f63b83ad48b192a6a5d078be1d71b8^{object}
2026-10-07T12:38:23.5100690Z 781aa6aad3f63b83ad48b192a6a5d078be1d71b8
2026-10-07T12:38:23.5102740Z ##[endgroup]
2026-10-07T12:38:23.5102940Z ##[group]Determining the checkout info
2026-10-07T12:38:23.5103170Z ##[endgroup]
2026-10-07T12:38:23.5103350Z ##[group]Setting up sparse checkout
2026-10-07T12:38:23.5104710Z [command]/usr/bin/git config core.sparseCheckout true
2026-10-07T12:38:23.5168540Z [command]/usr/bin/git rev-parse --git-path info/sparse-checkout
2026-10-07T12:38:23.5227440Z .git/info/sparse-checkout
2026-10-07T12:38:23.5231280Z ##[endgroup]
2026-10-07T12:38:23.5231490Z ##[group]Checking out the ref
2026-10-07T12:38:23.5232770Z [command]/usr/bin/git checkout --progress --force 781aa6aad3f63b83ad48b192a6a5d078be1d71b8
2026-10-07T12:38:24.3259240Z Note: switching to '781aa6aad3f63b83ad48b192a6a5d078be1d71b8'.
2026-10-07T12:38:24.3259640Z 
2026-10-07T12:38:24.3259900Z You are in 'detached HEAD' state. You can look around, make experimental
2026-10-07T12:38:24.3260410Z changes and commit them, and you can discard any commits you make in this
2026-10-07T12:38:24.3260910Z state without impacting any branches by switching back to a branch.
2026-10-07T12:38:24.3261210Z 
2026-10-07T12:38:24.3261400Z If you want to create a new branch to retain commits you create, you may
2026-10-07T12:38:24.3261870Z do so (now or later) by using -c with the switch command. Example:
2026-10-07T12:38:24.3262130Z 
2026-10-07T12:38:24.3262260Z   git switch -c <new-branch-name>
2026-10-07T12:38:24.3262440Z 
2026-10-07T12:38:24.3262570Z Or undo this operation with:
2026-10-07T12:38:24.3262710Z 
2026-10-07T12:38:24.3262810Z   git switch -
2026-10-07T12:38:24.3262930Z 
2026-10-07T12:38:24.3263680Z Turn off this advice by setting config variable advice.detachedHead to false
2026-10-07T12:38:24.3264000Z 
2026-10-07T12:38:24.3264150Z HEAD is now at 781aa6a Document-node24-host-lock
2026-10-07T12:38:24.3270650Z ##[endgroup]
2026-10-07T12:38:24.3414090Z [command]/usr/bin/git log -1 --format=%H
2026-10-07T12:38:24.3514030Z 781aa6aad3f63b83ad48b192a6a5d078be1d71b8
2026-10-07T12:38:24.3586050Z ##[group]Run ./.host-hardware-lock/.github/actions/host-hardware-lock
2026-10-07T12:38:24.3586310Z with:
2026-10-07T12:38:24.3586430Z   timeout_seconds: 7200
2026-10-07T12:38:24.3586590Z   stale_seconds: 14400
2026-10-07T12:38:24.3586730Z   poll_seconds: 5
2026-10-07T12:38:24.3586870Z env:
2026-10-07T12:38:24.3586990Z   CARGO_NET_GIT_FETCH_WITH_CLI: true
2026-10-07T12:38:24.3587170Z   RUSTFLAGS: -D warnings
2026-10-07T12:38:24.3587370Z   CARGO_TARGET_DIR: /Users/markik/Code/targets/wgpu-scry-hardware
2026-10-07T12:38:24.3587590Z   CAPTURE: 1
2026-10-07T12:38:24.3587710Z   TIMEOUT: 90
2026-10-07T12:38:24.3587860Z   VISIBLE: 1
2026-10-07T12:38:24.3587980Z ##[endgroup]
2026-10-07T12:38:24.4106350Z Acquired host hardware lock at /var/folders/96/dck6q6xj3490x43zr8fb8pbm0000gp/T/merely-wgpu-hardware-lock/host.lock
2026-10-07T12:38:24.4207200Z ##[group]Run dtolnay/rust-toolchain@1.97.1
2026-10-07T12:38:24.4207320Z with:
2026-10-07T12:38:24.4207400Z env:
2026-10-07T12:38:24.4207480Z   CARGO_NET_GIT_FETCH_WITH_CLI: true
2026-10-07T12:38:24.4207620Z   RUSTFLAGS: -D warnings
2026-10-07T12:38:24.4207760Z   CARGO_TARGET_DIR: /Users/markik/Code/targets/wgpu-scry-hardware
2026-10-07T12:38:24.4207930Z   CAPTURE: 1
2026-10-07T12:38:24.4208020Z   TIMEOUT: 90
2026-10-07T12:38:24.4208100Z   VISIBLE: 1
2026-10-07T12:38:24.4208190Z ##[endgroup]
2026-10-07T12:38:24.4240590Z ##[start-action display=Parse toolchain version;id=__dtolnay_rust-toolchain.parse]
2026-10-07T12:38:24.4264120Z ##[group]Run if [[ -z $toolchain ]]; then
2026-10-07T12:38:24.4264330Z [36;1mif [[ -z $toolchain ]]; then[0m
2026-10-07T12:38:24.4264610Z [36;1m  # GitHub does not enforce `required: true` inputs itself. https://github.com/actions/runner/issues/1070[0m
2026-10-07T12:38:24.4264860Z [36;1m  echo "'toolchain' is a required input" >&2[0m
2026-10-07T12:38:24.4265020Z [36;1m  exit 1[0m
2026-10-07T12:38:24.4265180Z [36;1melif [[ $toolchain =~ ^stable' '[0-9]+' '(year|month|week|day)s?' 'ago$ ]]; then[0m
2026-10-07T12:38:24.4265360Z [36;1m  if [[ macOS == macOS ]]; then[0m
2026-10-07T12:38:24.4265610Z [36;1m    echo "toolchain=1.$((($(date -v-$(sed 's/stable \([0-9]*\) \(.\).*/\1\2/' <<< $toolchain) +%s)/60/60/24-16569)/7/6))" >> $GITHUB_OUTPUT[0m
2026-10-07T12:38:24.4265840Z [36;1m  else[0m
2026-10-07T12:38:24.4266020Z [36;1m    echo "toolchain=1.$((($(date --date "${toolchain#stable }" +%s)/60/60/24-16569)/7/6))" >> $GITHUB_OUTPUT[0m
2026-10-07T12:38:24.4266220Z [36;1m  fi[0m
2026-10-07T12:38:24.4266340Z [36;1melif [[ $toolchain =~ ^stable' 'minus' '[0-9]+' 'releases?$ ]]; then[0m
2026-10-07T12:38:24.4266590Z [36;1m  echo "toolchain=1.$((($(date +%s)/60/60/24-16569)/7/6-${toolchain//[^0-9]/}))" >> $GITHUB_OUTPUT[0m
2026-10-07T12:38:24.4266940Z [36;1melif [[ $toolchain =~ ^1\.[0-9]+$ ]]; then[0m
2026-10-07T12:38:24.4267200Z [36;1m  echo "toolchain=1.$((i=${toolchain#1.}, c=($(date +%s)/60/60/24-16569)/7/6, i+9*i*(10*i<=c)+90*i*(100*i<=c)))" >> $GITHUB_OUTPUT[0m
2026-10-07T12:38:24.4267430Z [36;1melse[0m
2026-10-07T12:38:24.4267540Z [36;1m  echo "toolchain=$toolchain" >> $GITHUB_OUTPUT[0m
2026-10-07T12:38:24.4267660Z [36;1mfi[0m
2026-10-07T12:38:24.4279390Z shell: /bin/bash --noprofile --norc -e -o pipefail {0}
2026-10-07T12:38:24.4279550Z env:
2026-10-07T12:38:24.4279630Z   CARGO_NET_GIT_FETCH_WITH_CLI: true
2026-10-07T12:38:24.4279760Z   RUSTFLAGS: -D warnings
2026-10-07T12:38:24.4279910Z   CARGO_TARGET_DIR: /Users/markik/Code/targets/wgpu-scry-hardware
2026-10-07T12:38:24.4280080Z   CAPTURE: 1
2026-10-07T12:38:24.4280180Z   TIMEOUT: 90
2026-10-07T12:38:24.4280260Z   VISIBLE: 1
2026-10-07T12:38:24.4280370Z   toolchain: 1.97.1
2026-10-07T12:38:24.4280460Z ##[endgroup]
2026-10-07T12:38:24.4531160Z ##[end-action id=__dtolnay_rust-toolchain.parse;outcome=success;conclusion=success;duration_ms=29]
2026-10-07T12:38:24.4536420Z ##[start-action display=Construct rustup command line;id=__dtolnay_rust-toolchain.flags]
2026-10-07T12:38:24.4549840Z ##[group]Run echo "targets=$(for t in ${targets//,/ }; do echo -n ' --target' $t; done)" >> $GITHUB_OUTPUT
2026-10-07T12:38:24.4550160Z [36;1mecho "targets=$(for t in ${targets//,/ }; do echo -n ' --target' $t; done)" >> $GITHUB_OUTPUT[0m
2026-10-07T12:38:24.4550460Z [36;1mecho "components=$(for c in ${components//,/ }; do echo -n ' --component' $c; done)" >> $GITHUB_OUTPUT[0m
2026-10-07T12:38:24.4550690Z [36;1mecho "downgrade=" >> $GITHUB_OUTPUT[0m
2026-10-07T12:38:24.4557050Z shell: /bin/bash --noprofile --norc -e -o pipefail {0}
2026-10-07T12:38:24.4557210Z env:
2026-10-07T12:38:24.4557310Z   CARGO_NET_GIT_FETCH_WITH_CLI: true
2026-10-07T12:38:24.4557440Z   RUSTFLAGS: -D warnings
2026-10-07T12:38:24.4557610Z   CARGO_TARGET_DIR: /Users/markik/Code/targets/wgpu-scry-hardware
2026-10-07T12:38:24.4557770Z   CAPTURE: 1
2026-10-07T12:38:24.4557860Z   TIMEOUT: 90
2026-10-07T12:38:24.4557960Z   VISIBLE: 1
2026-10-07T12:38:24.4558290Z   targets: 
2026-10-07T12:38:24.4558390Z   components: 
2026-10-07T12:38:24.4558480Z ##[endgroup]
2026-10-07T12:38:24.4786830Z ##[end-action id=__dtolnay_rust-toolchain.flags;outcome=success;conclusion=success;duration_ms=24]
2026-10-07T12:38:24.4788100Z ##[start-action display=Set $CARGO_HOME;id=__dtolnay_rust-toolchain.__run]
2026-10-07T12:38:24.4798210Z ##[group]Run echo CARGO_HOME=${CARGO_HOME:-"$HOME/.cargo"} >> $GITHUB_ENV
2026-10-07T12:38:24.4798440Z [36;1mecho CARGO_HOME=${CARGO_HOME:-"$HOME/.cargo"} >> $GITHUB_ENV[0m
2026-10-07T12:38:24.4804940Z shell: /bin/bash --noprofile --norc -e -o pipefail {0}
2026-10-07T12:38:24.4805090Z env:
2026-10-07T12:38:24.4814070Z   CARGO_NET_GIT_FETCH_WITH_CLI: true
2026-10-07T12:38:24.4814220Z   RUSTFLAGS: -D warnings
2026-10-07T12:38:24.4814380Z   CARGO_TARGET_DIR: /Users/markik/Code/targets/wgpu-scry-hardware
2026-10-07T12:38:24.4814540Z   CAPTURE: 1
2026-10-07T12:38:24.4814620Z   TIMEOUT: 90
2026-10-07T12:38:24.4814720Z   VISIBLE: 1
2026-10-07T12:38:24.4814810Z ##[endgroup]
2026-10-07T12:38:24.5035560Z ##[end-action id=__dtolnay_rust-toolchain.__run;outcome=success;conclusion=success;duration_ms=24]
2026-10-07T12:38:24.5036640Z ##[start-action display=Install rustup if needed;id=__dtolnay_rust-toolchain.__run_2]
2026-10-07T12:38:24.5048720Z ##[group]Run if ! command -v rustup &>/dev/null; then
2026-10-07T12:38:24.5048900Z [36;1mif ! command -v rustup &>/dev/null; then[0m
2026-10-07T12:38:24.5049270Z [36;1m  curl --proto '=https' --tlsv1.2 --retry 10 --retry-connrefused --location --silent --show-error --fail https://sh.rustup.rs | sh -s -- --default-toolchain none -y[0m
2026-10-07T12:38:24.5049610Z [36;1m  echo "$CARGO_HOME/bin" >> $GITHUB_PATH[0m
2026-10-07T12:38:24.5049750Z [36;1mfi[0m
2026-10-07T12:38:24.5055880Z shell: /bin/bash --noprofile --norc -e -o pipefail {0}
2026-10-07T12:38:24.5056030Z env:
2026-10-07T12:38:24.5056120Z   CARGO_NET_GIT_FETCH_WITH_CLI: true
2026-10-07T12:38:24.5056240Z   RUSTFLAGS: -D warnings
2026-10-07T12:38:24.5056400Z   CARGO_TARGET_DIR: /Users/markik/Code/targets/wgpu-scry-hardware
2026-10-07T12:38:24.5056550Z   CAPTURE: 1
2026-10-07T12:38:24.5056640Z   TIMEOUT: 90
2026-10-07T12:38:24.5056720Z   VISIBLE: 1
2026-10-07T12:38:24.5056820Z   CARGO_HOME: /Users/markik/.cargo
2026-10-07T12:38:24.5056930Z ##[endgroup]
2026-10-07T12:38:24.9385880Z info: downloading installer
2026-10-07T12:38:25.7184960Z warn: it looks like you have an existing rustup settings file at:
2026-10-07T12:38:25.7185610Z warn: /Users/markik/.rustup/settings.toml
2026-10-07T12:38:25.7186250Z warn: rustup will install the default toolchain as specified in the settings file,
2026-10-07T12:38:25.7187020Z warn: instead of the one inferred from the default host tuple.
2026-10-07T12:38:25.7383130Z info: profile set to default
2026-10-07T12:38:25.7383700Z 
2026-10-07T12:38:25.7384010Z info: default host tuple is aarch64-apple-darwin
2026-10-07T12:38:25.7384750Z info: skipping toolchain installation
2026-10-07T12:38:25.7387460Z 
2026-10-07T12:38:25.7388210Z Rust is installed now. Great!
2026-10-07T12:38:25.7388640Z 
2026-10-07T12:38:25.7388990Z To get started you may need to restart your current shell.
2026-10-07T12:38:25.7389950Z This would reload your PATH environment variable to include
2026-10-07T12:38:25.7390800Z Cargo's bin directory ($HOME/.cargo/bin).
2026-10-07T12:38:25.7391250Z 
2026-10-07T12:38:25.7391590Z To configure your current shell, you need to source the
2026-10-07T12:38:25.7392370Z corresponding env file under $HOME/.cargo.
2026-10-07T12:38:25.7392840Z 
2026-10-07T12:38:25.7393300Z Consider running the right command for your shell (note the leading DOT):
2026-10-07T12:38:25.7394310Z . "$HOME/.cargo/env"           # For sh/ash/dash/pdksh/zsh
2026-10-07T12:38:25.7395050Z source "$HOME/.cargo/env.tcsh" # For tcsh
2026-10-07T12:38:25.7535990Z ##[end-action id=__dtolnay_rust-toolchain.__run_2;outcome=success;conclusion=success;duration_ms=1249]
2026-10-07T12:38:25.7539550Z ##[start-action display=Install rustup if needed on windows;id=__dtolnay_rust-toolchain.__run_3]
2026-10-07T12:38:25.7547930Z ##[end-action id=__dtolnay_rust-toolchain.__run_3;outcome=skipped;conclusion=skipped;duration_ms=0]
2026-10-07T12:38:25.7558030Z ##[start-action display=rustup toolchain install 1.97.1;id=__dtolnay_rust-toolchain.__run_4]
2026-10-07T12:38:25.7569680Z ##[group]Run log=$(mktemp)
2026-10-07T12:38:25.7569820Z [36;1mlog=$(mktemp)[0m
2026-10-07T12:38:25.7569940Z [36;1mtrap 'rm -f "$log"' EXIT[0m
2026-10-07T12:38:25.7570060Z [36;1mfor attempt in 1 2 3 4 5; do[0m
2026-10-07T12:38:25.7570320Z [36;1m  if rustup toolchain install 1.97.1 --profile minimal --no-self-update --force-non-host 2>&1 | tee "$log"; then[0m
2026-10-07T12:38:25.7570560Z [36;1m    break[0m
2026-10-07T12:38:25.7570660Z [36;1m  else[0m
2026-10-07T12:38:25.7570750Z [36;1m    status=$?[0m
2026-10-07T12:38:25.7570860Z [36;1m  fi[0m
2026-10-07T12:38:25.7571010Z [36;1m  if [[ $attempt == 5 ]] || ! grep -Fq 'checksum failed for ' "$log" \[0m
2026-10-07T12:38:25.7571280Z [36;1m      || ! grep -Fq 'this is likely due to an ongoing update of the official release server' "$log"; then[0m
2026-10-07T12:38:25.7571510Z [36;1m    exit "$status"[0m
2026-10-07T12:38:25.7571610Z [36;1m  fi[0m
2026-10-07T12:38:25.7571790Z [36;1m  echo "Retrying rustup toolchain install in 30 seconds (retry $attempt of 4)" >&2[0m
2026-10-07T12:38:25.7571980Z [36;1m  sleep 30[0m
2026-10-07T12:38:25.7572080Z [36;1mdone[0m
2026-10-07T12:38:25.7580730Z shell: /bin/bash --noprofile --norc -e -o pipefail {0}
2026-10-07T12:38:25.7580880Z env:
2026-10-07T12:38:25.7580970Z   CARGO_NET_GIT_FETCH_WITH_CLI: true
2026-10-07T12:38:25.7581100Z   RUSTFLAGS: -D warnings
2026-10-07T12:38:25.7581240Z   CARGO_TARGET_DIR: /Users/markik/Code/targets/wgpu-scry-hardware
2026-10-07T12:38:25.7581400Z   CAPTURE: 1
2026-10-07T12:38:25.7581610Z   TIMEOUT: 90
2026-10-07T12:38:25.7581710Z   VISIBLE: 1
2026-10-07T12:38:25.7581810Z   CARGO_HOME: /Users/markik/.cargo
2026-10-07T12:38:25.7581930Z   RUSTUP_PERMIT_COPY_RENAME: 1
2026-10-07T12:38:25.7582040Z ##[endgroup]
2026-10-07T12:38:26.1616970Z info: syncing channel updates for 1.97.1-aarch64-apple-darwin
2026-10-07T12:38:26.2553420Z 
2026-10-07T12:38:26.2627390Z   1.97.1-aarch64-apple-darwin unchanged - rustc 1.97.1 (8bab26f4f 2026-07-14)
2026-10-07T12:38:26.2627590Z 
2026-10-07T12:38:26.2664560Z ##[end-action id=__dtolnay_rust-toolchain.__run_4;outcome=success;conclusion=success;duration_ms=510]
2026-10-07T12:38:26.2666880Z ##[start-action display=rustup default 1.97.1;id=__dtolnay_rust-toolchain.__run_5]
2026-10-07T12:38:26.2677740Z ##[group]Run rustup default 1.97.1 --force-non-host
2026-10-07T12:38:26.2677950Z [36;1mrustup default 1.97.1 --force-non-host[0m
2026-10-07T12:38:26.2685810Z shell: /bin/bash --noprofile --norc -e -o pipefail {0}
2026-10-07T12:38:26.2686000Z env:
2026-10-07T12:38:26.2686100Z   CARGO_NET_GIT_FETCH_WITH_CLI: true
2026-10-07T12:38:26.2686250Z   RUSTFLAGS: -D warnings
2026-10-07T12:38:26.2686400Z   CARGO_TARGET_DIR: /Users/markik/Code/targets/wgpu-scry-hardware
2026-10-07T12:38:26.2686590Z   CAPTURE: 1
2026-10-07T12:38:26.2686700Z   TIMEOUT: 90
2026-10-07T12:38:26.2686780Z   VISIBLE: 1
2026-10-07T12:38:26.2686890Z   CARGO_HOME: /Users/markik/.cargo
2026-10-07T12:38:26.2687010Z ##[endgroup]
2026-10-07T12:38:26.3038620Z info: using existing install for 1.97.1-aarch64-apple-darwin
2026-10-07T12:38:26.3078520Z info: default toolchain set to 1.97.1-aarch64-apple-darwin
2026-10-07T12:38:26.3078640Z 
2026-10-07T12:38:26.3141410Z   1.97.1-aarch64-apple-darwin unchanged - rustc 1.97.1 (8bab26f4f 2026-07-14)
2026-10-07T12:38:26.3141580Z 
2026-10-07T12:38:26.3144260Z info: note that the toolchain '1.97.1-aarch64-apple-darwin' is currently in use (overridden by '/Users/markik/actions-runner-wgpu/_work/wgpu-scry/wgpu-scry/rust-toolchain.toml')
2026-10-07T12:38:26.3154840Z ##[end-action id=__dtolnay_rust-toolchain.__run_5;outcome=success;conclusion=success;duration_ms=48]
2026-10-07T12:38:26.3156260Z ##[start-action display=Create cachekey;id=__dtolnay_rust-toolchain.rustc-version]
2026-10-07T12:38:26.3166570Z ##[group]Run DATE=$(rustc +1.97.1 --version --verbose | sed -ne 's/^commit-date: \(20[0-9][0-9]\)-\([01][0-9]\)-\([0-3][0-9]\)$/\1\2\3/p')
2026-10-07T12:38:26.3166990Z [36;1mDATE=$(rustc +1.97.1 --version --verbose | sed -ne 's/^commit-date: \(20[0-9][0-9]\)-\([01][0-9]\)-\([0-3][0-9]\)$/\1\2\3/p')[0m
2026-10-07T12:38:26.3167300Z [36;1mHASH=$(rustc +1.97.1 --version --verbose | sed -ne 's/^commit-hash: //p')[0m
2026-10-07T12:38:26.3167550Z [36;1mecho "cachekey=$(echo $DATE$HASH | head -c12)" >> $GITHUB_OUTPUT[0m
2026-10-07T12:38:26.3174990Z shell: /bin/bash --noprofile --norc -e -o pipefail {0}
2026-10-07T12:38:26.3175140Z env:
2026-10-07T12:38:26.3175230Z   CARGO_NET_GIT_FETCH_WITH_CLI: true
2026-10-07T12:38:26.3175350Z   RUSTFLAGS: -D warnings
2026-10-07T12:38:26.3175490Z   CARGO_TARGET_DIR: /Users/markik/Code/targets/wgpu-scry-hardware
2026-10-07T12:38:26.3175660Z   CAPTURE: 1
2026-10-07T12:38:26.3175740Z   TIMEOUT: 90
2026-10-07T12:38:26.3175840Z   VISIBLE: 1
2026-10-07T12:38:26.3175950Z   CARGO_HOME: /Users/markik/.cargo
2026-10-07T12:38:26.3176070Z ##[endgroup]
2026-10-07T12:38:26.3788580Z ##[end-action id=__dtolnay_rust-toolchain.rustc-version;outcome=success;conclusion=success;duration_ms=63]
2026-10-07T12:38:26.3789880Z ##[start-action display=Disable incremental compilation;id=__dtolnay_rust-toolchain.__run_6]
2026-10-07T12:38:26.3799170Z ##[group]Run if [ -z "${CARGO_INCREMENTAL+set}" ]; then
2026-10-07T12:38:26.3799350Z [36;1mif [ -z "${CARGO_INCREMENTAL+set}" ]; then[0m
2026-10-07T12:38:26.3799500Z [36;1m  echo CARGO_INCREMENTAL=0 >> $GITHUB_ENV[0m
2026-10-07T12:38:26.3799650Z [36;1mfi[0m
2026-10-07T12:38:26.3806300Z shell: /bin/bash --noprofile --norc -e -o pipefail {0}
2026-10-07T12:38:26.3806440Z env:
2026-10-07T12:38:26.3806540Z   CARGO_NET_GIT_FETCH_WITH_CLI: true
2026-10-07T12:38:26.3806810Z   RUSTFLAGS: -D warnings
2026-10-07T12:38:26.3806960Z   CARGO_TARGET_DIR: /Users/markik/Code/targets/wgpu-scry-hardware
2026-10-07T12:38:26.3807120Z   CAPTURE: 1
2026-10-07T12:38:26.3807220Z   TIMEOUT: 90
2026-10-07T12:38:26.3807300Z   VISIBLE: 1
2026-10-07T12:38:26.3807400Z   CARGO_HOME: /Users/markik/.cargo
2026-10-07T12:38:26.3807510Z ##[endgroup]
2026-10-07T12:38:26.4025820Z ##[end-action id=__dtolnay_rust-toolchain.__run_6;outcome=success;conclusion=success;duration_ms=23]
2026-10-07T12:38:26.4027050Z ##[start-action display=Enable colors in Cargo output;id=__dtolnay_rust-toolchain.__run_7]
2026-10-07T12:38:26.4036300Z ##[group]Run if [ -z "${CARGO_TERM_COLOR+set}" ]; then
2026-10-07T12:38:26.4036480Z [36;1mif [ -z "${CARGO_TERM_COLOR+set}" ]; then[0m
2026-10-07T12:38:26.4036650Z [36;1m  echo CARGO_TERM_COLOR=always >> $GITHUB_ENV[0m
2026-10-07T12:38:26.4036780Z [36;1mfi[0m
2026-10-07T12:38:26.4043450Z shell: /bin/bash --noprofile --norc -e -o pipefail {0}
2026-10-07T12:38:26.4043620Z env:
2026-10-07T12:38:26.4043710Z   CARGO_NET_GIT_FETCH_WITH_CLI: true
2026-10-07T12:38:26.4043840Z   RUSTFLAGS: -D warnings
2026-10-07T12:38:26.4044000Z   CARGO_TARGET_DIR: /Users/markik/Code/targets/wgpu-scry-hardware
2026-10-07T12:38:26.4044160Z   CAPTURE: 1
2026-10-07T12:38:26.4044260Z   TIMEOUT: 90
2026-10-07T12:38:26.4044340Z   VISIBLE: 1
2026-10-07T12:38:26.4044440Z   CARGO_HOME: /Users/markik/.cargo
2026-10-07T12:38:26.4044550Z   CARGO_INCREMENTAL: 0
2026-10-07T12:38:26.4044660Z ##[endgroup]
2026-10-07T12:38:26.4259520Z ##[end-action id=__dtolnay_rust-toolchain.__run_7;outcome=success;conclusion=success;duration_ms=23]
2026-10-07T12:38:26.4260670Z ##[start-action display=Enable Cargo sparse registry;id=__dtolnay_rust-toolchain.__run_8]
2026-10-07T12:38:26.4270230Z ##[group]Run # implemented in 1.66, stabilized in 1.68, made default in 1.70
2026-10-07T12:38:26.4270480Z [36;1m# implemented in 1.66, stabilized in 1.68, made default in 1.70[0m
2026-10-07T12:38:26.4270870Z [36;1mif [ -z "${CARGO_REGISTRIES_CRATES_IO_PROTOCOL+set}" -o -f "/Users/markik/actions-runner-wgpu/_work/_temp"/.implicit_cargo_registries_crates_io_protocol ]; then[0m
2026-10-07T12:38:26.4271370Z [36;1m  if rustc +1.97.1 --version --verbose | grep -q '^release: 1\.6[89]\.'; then[0m
2026-10-07T12:38:26.4271680Z [36;1m    touch "/Users/markik/actions-runner-wgpu/_work/_temp"/.implicit_cargo_registries_crates_io_protocol || true[0m
2026-10-07T12:38:26.4271970Z [36;1m    echo CARGO_REGISTRIES_CRATES_IO_PROTOCOL=sparse >> $GITHUB_ENV[0m
2026-10-07T12:38:26.4272200Z [36;1m  elif rustc +1.97.1 --version --verbose | grep -q '^release: 1\.6[67]\.'; then[0m
2026-10-07T12:38:26.4272500Z [36;1m    touch "/Users/markik/actions-runner-wgpu/_work/_temp"/.implicit_cargo_registries_crates_io_protocol || true[0m
2026-10-07T12:38:26.4272790Z [36;1m    echo CARGO_REGISTRIES_CRATES_IO_PROTOCOL=git >> $GITHUB_ENV[0m
2026-10-07T12:38:26.4272950Z [36;1m  fi[0m
2026-10-07T12:38:26.4273040Z [36;1mfi[0m
2026-10-07T12:38:26.4279640Z shell: /bin/bash --noprofile --norc -e -o pipefail {0}
2026-10-07T12:38:26.4279790Z env:
2026-10-07T12:38:26.4279890Z   CARGO_NET_GIT_FETCH_WITH_CLI: true
2026-10-07T12:38:26.4280010Z   RUSTFLAGS: -D warnings
2026-10-07T12:38:26.4280170Z   CARGO_TARGET_DIR: /Users/markik/Code/targets/wgpu-scry-hardware
2026-10-07T12:38:26.4280320Z   CAPTURE: 1
2026-10-07T12:38:26.4280420Z   TIMEOUT: 90
2026-10-07T12:38:26.4280500Z   VISIBLE: 1
2026-10-07T12:38:26.4280600Z   CARGO_HOME: /Users/markik/.cargo
2026-10-07T12:38:26.4280730Z   CARGO_INCREMENTAL: 0
2026-10-07T12:38:26.4280830Z   CARGO_TERM_COLOR: always
2026-10-07T12:38:26.4280940Z ##[endgroup]
2026-10-07T12:38:26.4748380Z ##[end-action id=__dtolnay_rust-toolchain.__run_8;outcome=success;conclusion=success;duration_ms=48]
2026-10-07T12:38:26.4749600Z ##[start-action display=Work around spurious network errors in curl 8.0;id=__dtolnay_rust-toolchain.__run_9]
2026-10-07T12:38:26.4768740Z ##[group]Run # https://rust-lang.zulipchat.com/#narrow/stream/246057-t-cargo/topic/timeout.20investigation
2026-10-07T12:38:26.4769250Z [36;1m# https://rust-lang.zulipchat.com/#narrow/stream/246057-t-cargo/topic/timeout.20investigation[0m
2026-10-07T12:38:26.4769550Z [36;1mif rustc +1.97.1 --version --verbose | grep -q '^release: 1\.7[01]\.'; then[0m
2026-10-07T12:38:26.4769760Z [36;1m  echo CARGO_HTTP_MULTIPLEXING=false >> $GITHUB_ENV[0m
2026-10-07T12:38:26.4769900Z [36;1mfi[0m
2026-10-07T12:38:26.4776620Z shell: /bin/bash --noprofile --norc -e -o pipefail {0}
2026-10-07T12:38:26.4776750Z env:
2026-10-07T12:38:26.4776850Z   CARGO_NET_GIT_FETCH_WITH_CLI: true
2026-10-07T12:38:26.4776980Z   RUSTFLAGS: -D warnings
2026-10-07T12:38:26.4777130Z   CARGO_TARGET_DIR: /Users/markik/Code/targets/wgpu-scry-hardware
2026-10-07T12:38:26.4777280Z   CAPTURE: 1
2026-10-07T12:38:26.4777370Z   TIMEOUT: 90
2026-10-07T12:38:26.4777460Z   VISIBLE: 1
2026-10-07T12:38:26.4777550Z   CARGO_HOME: /Users/markik/.cargo
2026-10-07T12:38:26.4777670Z   CARGO_INCREMENTAL: 0
2026-10-07T12:38:26.4777790Z   CARGO_TERM_COLOR: always
2026-10-07T12:38:26.4777900Z ##[endgroup]
2026-10-07T12:38:26.5120430Z ##[end-action id=__dtolnay_rust-toolchain.__run_9;outcome=success;conclusion=success;duration_ms=37]
2026-10-07T12:38:26.5122300Z ##[start-action display=rustc +1.97.1 --version --verbose;id=__dtolnay_rust-toolchain.__run_10]
2026-10-07T12:38:26.5132730Z ##[group]Run rustc +1.97.1 --version --verbose
2026-10-07T12:38:26.5132890Z [36;1mrustc +1.97.1 --version --verbose[0m
2026-10-07T12:38:26.5139760Z shell: /bin/bash --noprofile --norc -e -o pipefail {0}
2026-10-07T12:38:26.5139910Z env:
2026-10-07T12:38:26.5140010Z   CARGO_NET_GIT_FETCH_WITH_CLI: true
2026-10-07T12:38:26.5140130Z   RUSTFLAGS: -D warnings
2026-10-07T12:38:26.5140280Z   CARGO_TARGET_DIR: /Users/markik/Code/targets/wgpu-scry-hardware
2026-10-07T12:38:26.5140440Z   CAPTURE: 1
2026-10-07T12:38:26.5140530Z   TIMEOUT: 90
2026-10-07T12:38:26.5140630Z   VISIBLE: 1
2026-10-07T12:38:26.5140720Z   CARGO_HOME: /Users/markik/.cargo
2026-10-07T12:38:26.5140880Z   CARGO_INCREMENTAL: 0
2026-10-07T12:38:26.5140970Z   CARGO_TERM_COLOR: always
2026-10-07T12:38:26.5141090Z ##[endgroup]
2026-10-07T12:38:26.5474070Z rustc 1.97.1 (8bab26f4f 2026-07-14)
2026-10-07T12:38:26.5474720Z binary: rustc
2026-10-07T12:38:26.5474880Z commit-hash: 8bab26f4f68e0e26f0bb7960be334d5b520ea452
2026-10-07T12:38:26.5475050Z commit-date: 2026-07-14
2026-10-07T12:38:26.5475170Z host: aarch64-apple-darwin
2026-10-07T12:38:26.5475280Z release: 1.97.1
2026-10-07T12:38:26.5477230Z LLVM version: 22.1.6
2026-10-07T12:38:26.5489750Z ##[end-action id=__dtolnay_rust-toolchain.__run_10;outcome=success;conclusion=success;duration_ms=36]
2026-10-07T12:38:26.5520080Z ##[group]Run cargo test --locked -p scrying --lib latest_image_sample
2026-10-07T12:38:26.5520330Z [36;1mcargo test --locked -p scrying --lib latest_image_sample[0m
2026-10-07T12:38:26.5527370Z shell: /bin/bash -e {0}
2026-10-07T12:38:26.5527470Z env:
2026-10-07T12:38:26.5527570Z   CARGO_NET_GIT_FETCH_WITH_CLI: true
2026-10-07T12:38:26.5527740Z   RUSTFLAGS: -D warnings
2026-10-07T12:38:26.5527880Z   CARGO_TARGET_DIR: /Users/markik/Code/targets/wgpu-scry-hardware
2026-10-07T12:38:26.5528040Z   CAPTURE: 1
2026-10-07T12:38:26.5528140Z   TIMEOUT: 90
2026-10-07T12:38:26.5528230Z   VISIBLE: 1
2026-10-07T12:38:26.5528350Z   CARGO_HOME: /Users/markik/.cargo
2026-10-07T12:38:26.5528470Z   CARGO_INCREMENTAL: 0
2026-10-07T12:38:26.5528570Z   CARGO_TERM_COLOR: always
2026-10-07T12:38:26.5528670Z ##[endgroup]
2026-10-07T12:38:26.9801980Z [1m[92m    Finished[0m `test` profile [unoptimized + debuginfo] target(s) in 0.37s
2026-10-07T12:38:26.9846170Z [1m[92m     Running[0m unittests src/lib.rs (/Users/markik/Code/targets/wgpu-scry-hardware/debug/deps/scrying-0a40c7f6f00520b3)
2026-10-07T12:38:27.0089650Z 
2026-10-07T12:38:27.0089940Z running 2 tests
2026-10-07T12:38:27.0093560Z test latest_image_sample::tests::newer_image_replaces_only_one_pending_image ... ok
2026-10-07T12:38:27.0093900Z test latest_image_sample::tests::status_only_burst_preserves_pending_image_and_its_custody ... ok
2026-10-07T12:38:27.0094580Z 
2026-10-07T12:38:27.0094730Z test result: ok. 2 passed; 0 failed; 0 ignored; 0 measured; 18 filtered out; finished in 0.00s
2026-10-07T12:38:27.0094910Z 
2026-10-07T12:38:27.0130020Z ##[group]Run cargo test --locked -p demo-mac --bin demo-mac capture_size_tests
2026-10-07T12:38:27.0130280Z [36;1mcargo test --locked -p demo-mac --bin demo-mac capture_size_tests[0m
2026-10-07T12:38:27.0137330Z shell: /bin/bash -e {0}
2026-10-07T12:38:27.0137440Z env:
2026-10-07T12:38:27.0137540Z   CARGO_NET_GIT_FETCH_WITH_CLI: true
2026-10-07T12:38:27.0137660Z   RUSTFLAGS: -D warnings
2026-10-07T12:38:27.0137810Z   CARGO_TARGET_DIR: /Users/markik/Code/targets/wgpu-scry-hardware
2026-10-07T12:38:27.0137960Z   CAPTURE: 1
2026-10-07T12:38:27.0138060Z   TIMEOUT: 90
2026-10-07T12:38:27.0138140Z   VISIBLE: 1
2026-10-07T12:38:27.0138240Z   CARGO_HOME: /Users/markik/.cargo
2026-10-07T12:38:27.0138350Z   CARGO_INCREMENTAL: 0
2026-10-07T12:38:27.0138460Z   CARGO_TERM_COLOR: always
2026-10-07T12:38:27.0138560Z ##[endgroup]
2026-10-07T12:38:27.1738010Z [1m[92m   Compiling[0m demo-mac v0.1.0 (/Users/markik/actions-runner-wgpu/_work/wgpu-scry/wgpu-scry/demo-mac)
2026-10-07T12:38:28.8869220Z [1m[92m    Finished[0m `test` profile [unoptimized + debuginfo] target(s) in 1.83s
2026-10-07T12:38:28.8932180Z [1m[92m     Running[0m unittests src/main.rs (/Users/markik/Code/targets/wgpu-scry-hardware/debug/deps/demo_mac-0640c1bcf540d6fd)
2026-10-07T12:38:29.1152840Z 
2026-10-07T12:38:29.1153650Z running 1 test
2026-10-07T12:38:29.1154630Z test capture_size_tests::capture_resize_expectations_follow_display_scale ... ok
2026-10-07T12:38:29.1155310Z 
2026-10-07T12:38:29.1155830Z test result: ok. 1 passed; 0 failed; 0 ignored; 0 measured; 0 filtered out; finished in 0.00s
2026-10-07T12:38:29.1156560Z 
2026-10-07T12:38:29.1286660Z ##[group]Run bash scripts/test-mac.sh
2026-10-07T12:38:29.1286830Z [36;1mbash scripts/test-mac.sh[0m
2026-10-07T12:38:29.1303270Z shell: /bin/bash -e {0}
2026-10-07T12:38:29.1303550Z env:
2026-10-07T12:38:29.1303810Z   CARGO_NET_GIT_FETCH_WITH_CLI: true
2026-10-07T12:38:29.1304130Z   RUSTFLAGS: -D warnings
2026-10-07T12:38:29.1304550Z   CARGO_TARGET_DIR: /Users/markik/Code/targets/wgpu-scry-hardware
2026-10-07T12:38:29.1304990Z   CAPTURE: 1
2026-10-07T12:38:29.1305230Z   TIMEOUT: 90
2026-10-07T12:38:29.1305470Z   VISIBLE: 1
2026-10-07T12:38:29.1305740Z   CARGO_HOME: /Users/markik/.cargo
2026-10-07T12:38:29.1306060Z   CARGO_INCREMENTAL: 0
2026-10-07T12:38:29.1306360Z   CARGO_TERM_COLOR: always
2026-10-07T12:38:29.1306660Z ##[endgroup]
2026-10-07T12:38:31.1760830Z ==> ScreenCaptureKit display-awake hold active
2026-10-07T12:38:31.1762370Z ==> building demo-mac
2026-10-07T12:38:32.5549800Z /Users/markik/Code/targets/wgpu-scry-hardware/debug/scry-demo-mac-hardware.app: replacing existing signature
2026-10-07T12:38:32.7127120Z ==> code-signing identity: -
2026-10-07T12:38:32.7163440Z Executable=/Users/markik/Code/targets/wgpu-scry-hardware/debug/scry-demo-mac-hardware.app/Contents/MacOS/demo-mac
2026-10-07T12:38:32.7163850Z designated => identifier "org.merely.scry.hardware-demo"
2026-10-07T12:38:32.7165680Z ==> LaunchServices app: /Users/markik/Code/targets/wgpu-scry-hardware/debug/scry-demo-mac-hardware.app
2026-10-07T12:38:32.7167030Z 
2026-10-07T12:38:32.7167180Z ==> --scripted
2026-10-07T12:38:32.9970990Z ps: stdout: Broken pipe
2026-10-07T12:38:33.1348710Z ps: stdout: Broken pipe
2026-10-07T12:38:33.2997010Z ps: stdout: Broken pipe
2026-10-07T12:38:33.4451810Z ps: stdout: Broken pipe
2026-10-07T12:38:33.6315910Z ps: stdout: Broken pipe
2026-10-07T12:38:33.7960970Z ps: stdout: Broken pipe
2026-10-07T12:38:33.9696920Z ps: stdout: Broken pipe
2026-10-07T12:38:34.1195700Z ps: stdout: Broken pipe
2026-10-07T12:38:34.2733820Z ps: stdout: Broken pipe
2026-10-07T12:38:34.4397210Z ps: stdout: Broken pipe
2026-10-07T12:38:34.5932250Z ps: stdout: Broken pipe
2026-10-07T12:38:34.7537940Z ps: stdout: Broken pipe
2026-10-07T12:38:34.9096040Z ps: stdout: Broken pipe
2026-10-07T12:38:35.0682830Z ps: stdout: Broken pipe
2026-10-07T12:38:35.2267200Z ps: stdout: Broken pipe
2026-10-07T12:38:35.3863180Z ps: stdout: Broken pipe
2026-10-07T12:38:35.5328050Z ps: stdout: Broken pipe
2026-10-07T12:38:35.6893040Z ps: stdout: Broken pipe
2026-10-07T12:38:35.8426820Z ps: stdout: Broken pipe
2026-10-07T12:38:36.0019870Z ps: stdout: Broken pipe
2026-10-07T12:38:36.1605170Z ps: stdout: Broken pipe
2026-10-07T12:38:36.3184850Z ps: stdout: Broken pipe
2026-10-07T12:38:36.4755240Z ps: stdout: Broken pipe
2026-10-07T12:38:36.6330460Z ps: stdout: Broken pipe
2026-10-07T12:38:36.7887800Z ps: stdout: Broken pipe
2026-10-07T12:38:36.9487130Z ps: stdout: Broken pipe
2026-10-07T12:38:37.1093130Z ps: stdout: Broken pipe
2026-10-07T12:38:37.2668600Z ps: stdout: Broken pipe
2026-10-07T12:38:37.4299610Z ps: stdout: Broken pipe
2026-10-07T12:38:37.5921700Z ps: stdout: Broken pipe
2026-10-07T12:38:37.7528970Z ps: stdout: Broken pipe
2026-10-07T12:38:37.9112850Z ps: stdout: Broken pipe
2026-10-07T12:38:38.0717890Z ps: stdout: Broken pipe
2026-10-07T12:38:38.1878860Z demo-mac: nav event: Starting { url: "about:blank" }
2026-10-07T12:38:38.1879240Z demo-mac: nav event: SourceChanged { url: "about:blank" }
2026-10-07T12:38:38.1879450Z demo-mac: js->host: ready
2026-10-07T12:38:38.1879590Z demo-mac: scripted: page ready
2026-10-07T12:38:38.1879780Z demo-mac: nav event: Completed { url: "about:blank", success: true }
2026-10-07T12:38:38.1879970Z demo-mac: js->host: echo:ping-from-host
2026-10-07T12:38:38.1880130Z demo-mac: scripted: JS echoed host message
2026-10-07T12:38:38.1880320Z demo-mac: scripted: 6 ScrollWheel events dispatched without error
2026-10-07T12:38:38.1880520Z demo-mac: cursor change: Default
2026-10-07T12:38:38.1880690Z demo-mac: nav event: TitleChanged { title: "scrying-test" }
2026-10-07T12:38:38.1881370Z demo-mac: scripted: 3 KeyDown/KeyUp pairs dispatched without error
2026-10-07T12:38:38.1881860Z demo-mac: scripted: PASS — slices E + G + I + cursor handler verified at runtime
2026-10-07T12:38:38.1882110Z   - cursor handler fired 1 time(s) over the run
2026-10-07T12:38:38.1898090Z   -> PASS
2026-10-07T12:38:38.1915850Z 
2026-10-07T12:38:38.1915910Z ==> --browser-test
2026-10-07T12:38:38.4491860Z ps: stdout: Broken pipe
2026-10-07T12:38:38.5952150Z ps: stdout: Broken pipe
2026-10-07T12:38:38.7372330Z ps: stdout: Broken pipe
2026-10-07T12:38:38.8826570Z ps: stdout: Broken pipe
2026-10-07T12:38:39.0373700Z ps: stdout: Broken pipe
2026-10-07T12:38:39.1956710Z ps: stdout: Broken pipe
2026-10-07T12:38:39.3567380Z ps: stdout: Broken pipe
2026-10-07T12:38:39.5182810Z ps: stdout: Broken pipe
2026-10-07T12:38:39.6726250Z ps: stdout: Broken pipe
2026-10-07T12:38:39.8329360Z ps: stdout: Broken pipe
2026-10-07T12:38:39.9186310Z demo-mac: nav event: Starting { url: "scrying-test://history-1" }
2026-10-07T12:38:39.9186720Z demo-mac: nav event: SourceChanged { url: "scrying-test://history-1" }
2026-10-07T12:38:39.9186970Z demo-mac: js->host: loaded:history-1
2026-10-07T12:38:39.9187170Z demo-mac: browser-test: history-1 loaded
2026-10-07T12:38:39.9187410Z demo-mac: nav event: Completed { url: "scrying-test://history-2", success: true }
2026-10-07T12:38:39.9187680Z demo-mac: nav event: Starting { url: "scrying-test://history-2" }
2026-10-07T12:38:39.9187930Z demo-mac: nav event: SourceChanged { url: "scrying-test://history-2" }
2026-10-07T12:38:39.9188140Z demo-mac: js->host: loaded:history-2
2026-10-07T12:38:39.9188290Z demo-mac: browser-test: history-2 loaded
2026-10-07T12:38:39.9188520Z demo-mac: nav event: Completed { url: "scrying-test://history-2", success: true }
2026-10-07T12:38:39.9188790Z demo-mac: nav event: Starting { url: "scrying-test://history-1" }
2026-10-07T12:38:39.9189030Z demo-mac: nav event: SourceChanged { url: "scrying-test://history-1" }
2026-10-07T12:38:39.9189280Z demo-mac: nav event: Completed { url: "scrying-test://history-1", success: true }
2026-10-07T12:38:39.9189530Z demo-mac: browser-test: go_back navigated to history-1
2026-10-07T12:38:39.9189730Z demo-mac: nav event: Starting { url: "scrying-test://history-2" }
2026-10-07T12:38:39.9190190Z demo-mac: nav event: SourceChanged { url: "scrying-test://history-2" }
2026-10-07T12:38:39.9190450Z demo-mac: nav event: Completed { url: "scrying-test://history-2", success: true }
2026-10-07T12:38:39.9190700Z demo-mac: browser-test: go_forward navigated to history-2
2026-10-07T12:38:39.9190890Z demo-mac: browser-test: apply_settings ok
2026-10-07T12:38:39.9191070Z demo-mac: nav event: Starting { url: "scrying-test://find-target" }
2026-10-07T12:38:39.9191310Z demo-mac: nav event: SourceChanged { url: "scrying-test://find-target" }
2026-10-07T12:38:39.9191510Z demo-mac: js->host: loaded:find-target
2026-10-07T12:38:39.9191730Z demo-mac: nav event: Completed { url: "scrying-test://find-target", success: true }
2026-10-07T12:38:39.9191950Z demo-mac: browser-test: find_in_page matched
2026-10-07T12:38:39.9192120Z demo-mac: browser-test: PDF rendered (12150 bytes)
2026-10-07T12:38:39.9192420Z demo-mac: browser-test: PASS — items 1, 3, 4, 9 verified at runtime
2026-10-07T12:38:39.9192680Z   - history controls (go_back/go_forward observed via SourceChanged events)
2026-10-07T12:38:39.9192890Z   - settings (apply_settings returned Ok)
2026-10-07T12:38:39.9193060Z   - URL schemes (scrying-test:// served 3 pages successfully)
2026-10-07T12:38:39.9193350Z   - find_in_page → Some(true), request_pdf → 12150 bytes
2026-10-07T12:38:39.9193580Z demo-mac: browser-test: PASS — items 1, 3, 4, 9 verified at runtime
2026-10-07T12:38:39.9193830Z   - history controls (go_back/go_forward observed via SourceChanged events)
2026-10-07T12:38:39.9194030Z   - settings (apply_settings returned Ok)
2026-10-07T12:38:39.9194220Z   - URL schemes (scrying-test:// served 3 pages successfully)
2026-10-07T12:38:39.9194430Z   - find_in_page → Some(true), request_pdf → 12150 bytes
2026-10-07T12:38:39.9194880Z demo-mac: browser-test: PASS — items 1, 3, 4, 9 verified at runtime
2026-10-07T12:38:39.9195140Z   - history controls (go_back/go_forward observed via SourceChanged events)
2026-10-07T12:38:39.9195340Z   - settings (apply_settings returned Ok)
2026-10-07T12:38:39.9195520Z   - URL schemes (scrying-test:// served 3 pages successfully)
2026-10-07T12:38:39.9195740Z   - find_in_page → Some(true), request_pdf → 12150 bytes
2026-10-07T12:38:39.9195960Z demo-mac: browser-test: PASS — items 1, 3, 4, 9 verified at runtime
2026-10-07T12:38:39.9196190Z   - history controls (go_back/go_forward observed via SourceChanged events)
2026-10-07T12:38:39.9196390Z   - settings (apply_settings returned Ok)
2026-10-07T12:38:39.9196560Z   - URL schemes (scrying-test:// served 3 pages successfully)
2026-10-07T12:38:39.9196790Z   - find_in_page → Some(true), request_pdf → 12150 bytes
2026-10-07T12:38:39.9197020Z demo-mac: browser-test: PASS — items 1, 3, 4, 9 verified at runtime
2026-10-07T12:38:39.9197250Z   - history controls (go_back/go_forward observed via SourceChanged events)
2026-10-07T12:38:39.9197450Z   - settings (apply_settings returned Ok)
2026-10-07T12:38:39.9197620Z   - URL schemes (scrying-test:// served 3 pages successfully)
2026-10-07T12:38:39.9197840Z   - find_in_page → Some(true), request_pdf → 12150 bytes
2026-10-07T12:38:39.9198060Z demo-mac: browser-test: PASS — items 1, 3, 4, 9 verified at runtime
2026-10-07T12:38:39.9198290Z   - history controls (go_back/go_forward observed via SourceChanged events)
2026-10-07T12:38:39.9198480Z   - settings (apply_settings returned Ok)
2026-10-07T12:38:39.9198660Z   - URL schemes (scrying-test:// served 3 pages successfully)
2026-10-07T12:38:39.9198870Z   - find_in_page → Some(true), request_pdf → 12150 bytes
2026-10-07T12:38:39.9199090Z demo-mac: browser-test: PASS — items 1, 3, 4, 9 verified at runtime
2026-10-07T12:38:39.9199330Z   - history controls (go_back/go_forward observed via SourceChanged events)
2026-10-07T12:38:39.9199530Z   - settings (apply_settings returned Ok)
2026-10-07T12:38:39.9199700Z   - URL schemes (scrying-test:// served 3 pages successfully)
2026-10-07T12:38:39.9199910Z   - find_in_page → Some(true), request_pdf → 12150 bytes
2026-10-07T12:38:39.9200260Z demo-mac: browser-test: PASS — items 1, 3, 4, 9 verified at runtime
2026-10-07T12:38:39.9200480Z   - history controls (go_back/go_forward observed via SourceChanged events)
2026-10-07T12:38:39.9200680Z   - settings (apply_settings returned Ok)
2026-10-07T12:38:39.9200860Z   - URL schemes (scrying-test:// served 3 pages successfully)
2026-10-07T12:38:39.9201060Z   - find_in_page → Some(true), request_pdf → 12150 bytes
2026-10-07T12:38:39.9201280Z demo-mac: browser-test: PASS — items 1, 3, 4, 9 verified at runtime
2026-10-07T12:38:39.9201500Z   - history controls (go_back/go_forward observed via SourceChanged events)
2026-10-07T12:38:39.9201700Z   - settings (apply_settings returned Ok)
2026-10-07T12:38:39.9201860Z   - URL schemes (scrying-test:// served 3 pages successfully)
2026-10-07T12:38:39.9202080Z   - find_in_page → Some(true), request_pdf → 12150 bytes
2026-10-07T12:38:39.9202290Z demo-mac: browser-test: PASS — items 1, 3, 4, 9 verified at runtime
2026-10-07T12:38:39.9202520Z   - history controls (go_back/go_forward observed via SourceChanged events)
2026-10-07T12:38:39.9202720Z   - settings (apply_settings returned Ok)
2026-10-07T12:38:39.9202880Z   - URL schemes (scrying-test:// served 3 pages successfully)
2026-10-07T12:38:39.9203090Z   - find_in_page → Some(true), request_pdf → 12150 bytes
2026-10-07T12:38:39.9203320Z demo-mac: browser-test: PASS — items 1, 3, 4, 9 verified at runtime
2026-10-07T12:38:39.9203550Z   - history controls (go_back/go_forward observed via SourceChanged events)
2026-10-07T12:38:39.9203740Z   - settings (apply_settings returned Ok)
2026-10-07T12:38:39.9203920Z   - URL schemes (scrying-test:// served 3 pages successfully)
2026-10-07T12:38:39.9204120Z   - find_in_page → Some(true), request_pdf → 12150 bytes
2026-10-07T12:38:39.9204430Z demo-mac: browser-test: PASS — items 1, 3, 4, 9 verified at runtime
2026-10-07T12:38:39.9204670Z   - history controls (go_back/go_forward observed via SourceChanged events)
2026-10-07T12:38:39.9204870Z   - settings (apply_settings returned Ok)
2026-10-07T12:38:39.9205050Z   - URL schemes (scrying-test:// served 3 pages successfully)
2026-10-07T12:38:39.9205260Z   - find_in_page → Some(true), request_pdf → 12150 bytes
2026-10-07T12:38:39.9205480Z demo-mac: browser-test: PASS — items 1, 3, 4, 9 verified at runtime
2026-10-07T12:38:39.9205730Z   - history controls (go_back/go_forward observed via SourceChanged events)
2026-10-07T12:38:39.9205960Z   - settings (apply_settings returned Ok)
2026-10-07T12:38:39.9206160Z   - URL schemes (scrying-test:// served 3 pages successfully)
2026-10-07T12:38:39.9206380Z   - find_in_page → Some(true), request_pdf → 12150 bytes
2026-10-07T12:38:39.9206600Z demo-mac: browser-test: PASS — items 1, 3, 4, 9 verified at runtime
2026-10-07T12:38:39.9206840Z   - history controls (go_back/go_forward observed via SourceChanged events)
2026-10-07T12:38:39.9207050Z   - settings (apply_settings returned Ok)
2026-10-07T12:38:39.9207230Z   - URL schemes (scrying-test:// served 3 pages successfully)
2026-10-07T12:38:39.9207440Z   - find_in_page → Some(true), request_pdf → 12150 bytes
2026-10-07T12:38:39.9207660Z demo-mac: browser-test: PASS — items 1, 3, 4, 9 verified at runtime
2026-10-07T12:38:39.9207930Z   - history controls (go_back/go_forward observed via SourceChanged events)
2026-10-07T12:38:39.9208140Z   - settings (apply_settings returned Ok)
2026-10-07T12:38:39.9208310Z   - URL schemes (scrying-test:// served 3 pages successfully)
2026-10-07T12:38:39.9208520Z   - find_in_page → Some(true), request_pdf → 12150 bytes
2026-10-07T12:38:39.9208740Z demo-mac: browser-test: PASS — items 1, 3, 4, 9 verified at runtime
2026-10-07T12:38:39.9208970Z   - history controls (go_back/go_forward observed via SourceChanged events)
2026-10-07T12:38:39.9209160Z   - settings (apply_settings returned Ok)
2026-10-07T12:38:39.9209330Z   - URL schemes (scrying-test:// served 3 pages successfully)
2026-10-07T12:38:39.9209530Z   - find_in_page → Some(true), request_pdf → 12150 bytes
2026-10-07T12:38:39.9209750Z demo-mac: browser-test: PASS — items 1, 3, 4, 9 verified at runtime
2026-10-07T12:38:39.9210080Z   - history controls (go_back/go_forward observed via SourceChanged events)
2026-10-07T12:38:39.9210270Z   - settings (apply_settings returned Ok)
2026-10-07T12:38:39.9210450Z   - URL schemes (scrying-test:// served 3 pages successfully)
2026-10-07T12:38:39.9210650Z   - find_in_page → Some(true), request_pdf → 12150 bytes
2026-10-07T12:38:39.9210870Z demo-mac: browser-test: PASS — items 1, 3, 4, 9 verified at runtime
2026-10-07T12:38:39.9211140Z   - history controls (go_back/go_forward observed via SourceChanged events)
2026-10-07T12:38:39.9211330Z   - settings (apply_settings returned Ok)
2026-10-07T12:38:39.9211500Z   - URL schemes (scrying-test:// served 3 pages successfully)
2026-10-07T12:38:39.9211710Z   - find_in_page → Some(true), request_pdf → 12150 bytes
2026-10-07T12:38:39.9211930Z demo-mac: browser-test: PASS — items 1, 3, 4, 9 verified at runtime
2026-10-07T12:38:39.9212150Z   - history controls (go_back/go_forward observed via SourceChanged events)
2026-10-07T12:38:39.9212360Z   - settings (apply_settings returned Ok)
2026-10-07T12:38:39.9212520Z   - URL schemes (scrying-test:// served 3 pages successfully)
2026-10-07T12:38:39.9212730Z   - find_in_page → Some(true), request_pdf → 12150 bytes
2026-10-07T12:38:39.9212940Z demo-mac: browser-test: PASS — items 1, 3, 4, 9 verified at runtime
2026-10-07T12:38:39.9213170Z   - history controls (go_back/go_forward observed via SourceChanged events)
2026-10-07T12:38:39.9213360Z   - settings (apply_settings returned Ok)
2026-10-07T12:38:39.9213530Z   - URL schemes (scrying-test:// served 3 pages successfully)
2026-10-07T12:38:39.9213740Z   - find_in_page → Some(true), request_pdf → 12150 bytes
2026-10-07T12:38:39.9213950Z demo-mac: browser-test: PASS — items 1, 3, 4, 9 verified at runtime
2026-10-07T12:38:39.9214280Z   - history controls (go_back/go_forward observed via SourceChanged events)
2026-10-07T12:38:39.9214500Z   - settings (apply_settings returned Ok)
2026-10-07T12:38:39.9214680Z   - URL schemes (scrying-test:// served 3 pages successfully)
2026-10-07T12:38:39.9214890Z   - find_in_page → Some(true), request_pdf → 12150 bytes
2026-10-07T12:38:39.9215110Z demo-mac: browser-test: PASS — items 1, 3, 4, 9 verified at runtime
2026-10-07T12:38:39.9215370Z   - history controls (go_back/go_forward observed via SourceChanged events)
2026-10-07T12:38:39.9215550Z   - settings (apply_settings returned Ok)
2026-10-07T12:38:39.9221630Z   - URL schemes (scrying-test:// served 3 pages successfully)
2026-10-07T12:38:39.9221900Z   - find_in_page → Some(true), request_pdf → 12150 bytes
2026-10-07T12:38:39.9222130Z demo-mac: browser-test: PASS — items 1, 3, 4, 9 verified at runtime
2026-10-07T12:38:39.9222380Z   - history controls (go_back/go_forward observed via SourceChanged events)
2026-10-07T12:38:39.9222590Z   - settings (apply_settings returned Ok)
2026-10-07T12:38:39.9222760Z   - URL schemes (scrying-test:// served 3 pages successfully)
2026-10-07T12:38:39.9222960Z   - find_in_page → Some(true), request_pdf → 12150 bytes
2026-10-07T12:38:39.9223190Z demo-mac: browser-test: PASS — items 1, 3, 4, 9 verified at runtime
2026-10-07T12:38:39.9223430Z   - history controls (go_back/go_forward observed via SourceChanged events)
2026-10-07T12:38:39.9223630Z   - settings (apply_settings returned Ok)
2026-10-07T12:38:39.9223800Z   - URL schemes (scrying-test:// served 3 pages successfully)
2026-10-07T12:38:39.9224010Z   - find_in_page → Some(true), request_pdf → 12150 bytes
2026-10-07T12:38:39.9224240Z demo-mac: browser-test: PASS — items 1, 3, 4, 9 verified at runtime
2026-10-07T12:38:39.9224460Z   - history controls (go_back/go_forward observed via SourceChanged events)
2026-10-07T12:38:39.9224660Z   - settings (apply_settings returned Ok)
2026-10-07T12:38:39.9224860Z   - URL schemes (scrying-test:// served 3 pages successfully)
2026-10-07T12:38:39.9225070Z   - find_in_page → Some(true), request_pdf → 12150 bytes
2026-10-07T12:38:39.9225300Z demo-mac: browser-test: PASS — items 1, 3, 4, 9 verified at runtime
2026-10-07T12:38:39.9225660Z   - history controls (go_back/go_forward observed via SourceChanged events)
2026-10-07T12:38:39.9225850Z   - settings (apply_settings returned Ok)
2026-10-07T12:38:39.9226030Z   - URL schemes (scrying-test:// served 3 pages successfully)
2026-10-07T12:38:39.9226230Z   - find_in_page → Some(true), request_pdf → 12150 bytes
2026-10-07T12:38:39.9226450Z demo-mac: browser-test: PASS — items 1, 3, 4, 9 verified at runtime
2026-10-07T12:38:39.9226670Z   - history controls (go_back/go_forward observed via SourceChanged events)
2026-10-07T12:38:39.9226870Z   - settings (apply_settings returned Ok)
2026-10-07T12:38:39.9227030Z   - URL schemes (scrying-test:// served 3 pages successfully)
2026-10-07T12:38:39.9227230Z   - find_in_page → Some(true), request_pdf → 12150 bytes
2026-10-07T12:38:39.9227440Z demo-mac: browser-test: PASS — items 1, 3, 4, 9 verified at runtime
2026-10-07T12:38:39.9227670Z   - history controls (go_back/go_forward observed via SourceChanged events)
2026-10-07T12:38:39.9227860Z   - settings (apply_settings returned Ok)
2026-10-07T12:38:39.9228030Z   - URL schemes (scrying-test:// served 3 pages successfully)
2026-10-07T12:38:39.9228250Z   - find_in_page → Some(true), request_pdf → 12150 bytes
2026-10-07T12:38:39.9228470Z demo-mac: browser-test: PASS — items 1, 3, 4, 9 verified at runtime
2026-10-07T12:38:39.9228710Z   - history controls (go_back/go_forward observed via SourceChanged events)
2026-10-07T12:38:39.9228900Z   - settings (apply_settings returned Ok)
2026-10-07T12:38:39.9229060Z   - URL schemes (scrying-test:// served 3 pages successfully)
2026-10-07T12:38:39.9229280Z   - find_in_page → Some(true), request_pdf → 12150 bytes
2026-10-07T12:38:39.9229500Z demo-mac: browser-test: PASS — items 1, 3, 4, 9 verified at runtime
2026-10-07T12:38:39.9229840Z   - history controls (go_back/go_forward observed via SourceChanged events)
2026-10-07T12:38:39.9230040Z   - settings (apply_settings returned Ok)
2026-10-07T12:38:39.9230220Z   - URL schemes (scrying-test:// served 3 pages successfully)
2026-10-07T12:38:39.9230420Z   - find_in_page → Some(true), request_pdf → 12150 bytes
2026-10-07T12:38:39.9230640Z demo-mac: browser-test: PASS — items 1, 3, 4, 9 verified at runtime
2026-10-07T12:38:39.9230860Z   - history controls (go_back/go_forward observed via SourceChanged events)
2026-10-07T12:38:39.9231060Z   - settings (apply_settings returned Ok)
2026-10-07T12:38:39.9231240Z   - URL schemes (scrying-test:// served 3 pages successfully)
2026-10-07T12:38:39.9232090Z   - find_in_page → Some(true), request_pdf → 12150 bytes
2026-10-07T12:38:39.9232410Z demo-mac: browser-test: PASS — items 1, 3, 4, 9 verified at runtime
2026-10-07T12:38:39.9232680Z   - history controls (go_back/go_forward observed via SourceChanged events)
2026-10-07T12:38:39.9232900Z   - settings (apply_settings returned Ok)
2026-10-07T12:38:39.9233110Z   - URL schemes (scrying-test:// served 3 pages successfully)
2026-10-07T12:38:39.9233340Z   - find_in_page → Some(true), request_pdf → 12150 bytes
2026-10-07T12:38:39.9233580Z demo-mac: browser-test: PASS — items 1, 3, 4, 9 verified at runtime
2026-10-07T12:38:39.9233830Z   - history controls (go_back/go_forward observed via SourceChanged events)
2026-10-07T12:38:39.9234030Z   - settings (apply_settings returned Ok)
2026-10-07T12:38:39.9234210Z   - URL schemes (scrying-test:// served 3 pages successfully)
2026-10-07T12:38:39.9234440Z   - find_in_page → Some(true), request_pdf → 12150 bytes
2026-10-07T12:38:39.9234650Z demo-mac: browser-test: PASS — items 1, 3, 4, 9 verified at runtime
2026-10-07T12:38:39.9234870Z   - history controls (go_back/go_forward observed via SourceChanged events)
2026-10-07T12:38:39.9235060Z   - settings (apply_settings returned Ok)
2026-10-07T12:38:39.9235220Z   - URL schemes (scrying-test:// served 3 pages successfully)
2026-10-07T12:38:39.9235420Z   - find_in_page → Some(true), request_pdf → 12150 bytes
2026-10-07T12:38:39.9235640Z demo-mac: browser-test: PASS — items 1, 3, 4, 9 verified at runtime
2026-10-07T12:38:39.9235880Z   - history controls (go_back/go_forward observed via SourceChanged events)
2026-10-07T12:38:39.9236220Z   - settings (apply_settings returned Ok)
2026-10-07T12:38:39.9236400Z   - URL schemes (scrying-test:// served 3 pages successfully)
2026-10-07T12:38:39.9236620Z   - find_in_page → Some(true), request_pdf → 12150 bytes
2026-10-07T12:38:39.9236840Z demo-mac: browser-test: PASS — items 1, 3, 4, 9 verified at runtime
2026-10-07T12:38:39.9237060Z   - history controls (go_back/go_forward observed via SourceChanged events)
2026-10-07T12:38:39.9237240Z   - settings (apply_settings returned Ok)
2026-10-07T12:38:39.9237410Z   - URL schemes (scrying-test:// served 3 pages successfully)
2026-10-07T12:38:39.9237600Z   - find_in_page → Some(true), request_pdf → 12150 bytes
2026-10-07T12:38:39.9237810Z demo-mac: browser-test: PASS — items 1, 3, 4, 9 verified at runtime
2026-10-07T12:38:39.9238030Z   - history controls (go_back/go_forward observed via SourceChanged events)
2026-10-07T12:38:39.9238210Z   - settings (apply_settings returned Ok)
2026-10-07T12:38:39.9238370Z   - URL schemes (scrying-test:// served 3 pages successfully)
2026-10-07T12:38:39.9238570Z   - find_in_page → Some(true), request_pdf → 12150 bytes
2026-10-07T12:38:39.9238780Z demo-mac: browser-test: PASS — items 1, 3, 4, 9 verified at runtime
2026-10-07T12:38:39.9238990Z   - history controls (go_back/go_forward observed via SourceChanged events)
2026-10-07T12:38:39.9239170Z   - settings (apply_settings returned Ok)
2026-10-07T12:38:39.9239330Z   - URL schemes (scrying-test:// served 3 pages successfully)
2026-10-07T12:38:39.9239530Z   - find_in_page → Some(true), request_pdf → 12150 bytes
2026-10-07T12:38:39.9239740Z demo-mac: browser-test: PASS — items 1, 3, 4, 9 verified at runtime
2026-10-07T12:38:39.9239960Z   - history controls (go_back/go_forward observed via SourceChanged events)
2026-10-07T12:38:39.9240250Z   - settings (apply_settings returned Ok)
2026-10-07T12:38:39.9240420Z   - URL schemes (scrying-test:// served 3 pages successfully)
2026-10-07T12:38:39.9240620Z   - find_in_page → Some(true), request_pdf → 12150 bytes
2026-10-07T12:38:39.9240840Z demo-mac: browser-test: PASS — items 1, 3, 4, 9 verified at runtime
2026-10-07T12:38:39.9241050Z   - history controls (go_back/go_forward observed via SourceChanged events)
2026-10-07T12:38:39.9241250Z   - settings (apply_settings returned Ok)
2026-10-07T12:38:39.9241400Z   - URL schemes (scrying-test:// served 3 pages successfully)
2026-10-07T12:38:39.9241600Z   - find_in_page → Some(true), request_pdf → 12150 bytes
2026-10-07T12:38:39.9241810Z demo-mac: browser-test: PASS — items 1, 3, 4, 9 verified at runtime
2026-10-07T12:38:39.9242030Z   - history controls (go_back/go_forward observed via SourceChanged events)
2026-10-07T12:38:39.9242210Z   - settings (apply_settings returned Ok)
2026-10-07T12:38:39.9242370Z   - URL schemes (scrying-test:// served 3 pages successfully)
2026-10-07T12:38:39.9242570Z   - find_in_page → Some(true), request_pdf → 12150 bytes
2026-10-07T12:38:39.9242770Z demo-mac: browser-test: PASS — items 1, 3, 4, 9 verified at runtime
2026-10-07T12:38:39.9243000Z   - history controls (go_back/go_forward observed via SourceChanged events)
2026-10-07T12:38:39.9243180Z   - settings (apply_settings returned Ok)
2026-10-07T12:38:39.9243340Z   - URL schemes (scrying-test:// served 3 pages successfully)
2026-10-07T12:38:39.9243530Z   - find_in_page → Some(true), request_pdf → 12150 bytes
2026-10-07T12:38:39.9243730Z demo-mac: browser-test: PASS — items 1, 3, 4, 9 verified at runtime
2026-10-07T12:38:39.9243950Z   - history controls (go_back/go_forward observed via SourceChanged events)
2026-10-07T12:38:39.9244130Z   - settings (apply_settings returned Ok)
2026-10-07T12:38:39.9244290Z   - URL schemes (scrying-test:// served 3 pages successfully)
2026-10-07T12:38:39.9244490Z   - find_in_page → Some(true), request_pdf → 12150 bytes
2026-10-07T12:38:39.9244700Z demo-mac: browser-test: PASS — items 1, 3, 4, 9 verified at runtime
2026-10-07T12:38:39.9244910Z   - history controls (go_back/go_forward observed via SourceChanged events)
2026-10-07T12:38:39.9245240Z   - settings (apply_settings returned Ok)
2026-10-07T12:38:39.9245400Z   - URL schemes (scrying-test:// served 3 pages successfully)
2026-10-07T12:38:39.9245600Z   - find_in_page → Some(true), request_pdf → 12150 bytes
2026-10-07T12:38:39.9245810Z demo-mac: browser-test: PASS — items 1, 3, 4, 9 verified at runtime
2026-10-07T12:38:39.9246030Z   - history controls (go_back/go_forward observed via SourceChanged events)
2026-10-07T12:38:39.9246210Z   - settings (apply_settings returned Ok)
2026-10-07T12:38:39.9246370Z   - URL schemes (scrying-test:// served 3 pages successfully)
2026-10-07T12:38:39.9246560Z   - find_in_page → Some(true), request_pdf → 12150 bytes
2026-10-07T12:38:39.9246770Z demo-mac: browser-test: PASS — items 1, 3, 4, 9 verified at runtime
2026-10-07T12:38:39.9246990Z   - history controls (go_back/go_forward observed via SourceChanged events)
2026-10-07T12:38:39.9247170Z   - settings (apply_settings returned Ok)
2026-10-07T12:38:39.9247330Z   - URL schemes (scrying-test:// served 3 pages successfully)
2026-10-07T12:38:39.9247530Z   - find_in_page → Some(true), request_pdf → 12150 bytes
2026-10-07T12:38:39.9247730Z demo-mac: browser-test: PASS — items 1, 3, 4, 9 verified at runtime
2026-10-07T12:38:39.9247950Z   - history controls (go_back/go_forward observed via SourceChanged events)
2026-10-07T12:38:39.9248160Z   - settings (apply_settings returned Ok)
2026-10-07T12:38:39.9248330Z   - URL schemes (scrying-test:// served 3 pages successfully)
2026-10-07T12:38:39.9248540Z   - find_in_page → Some(true), request_pdf → 12150 bytes
2026-10-07T12:38:39.9248750Z demo-mac: browser-test: PASS — items 1, 3, 4, 9 verified at runtime
2026-10-07T12:38:39.9248980Z   - history controls (go_back/go_forward observed via SourceChanged events)
2026-10-07T12:38:39.9249250Z   - settings (apply_settings returned Ok)
2026-10-07T12:38:39.9249420Z   - URL schemes (scrying-test:// served 3 pages successfully)
2026-10-07T12:38:39.9249630Z   - find_in_page → Some(true), request_pdf → 12150 bytes
2026-10-07T12:38:39.9249840Z demo-mac: browser-test: PASS — items 1, 3, 4, 9 verified at runtime
2026-10-07T12:38:39.9250060Z   - history controls (go_back/go_forward observed via SourceChanged events)
2026-10-07T12:38:39.9250250Z   - settings (apply_settings returned Ok)
2026-10-07T12:38:39.9250420Z   - URL schemes (scrying-test:// served 3 pages successfully)
2026-10-07T12:38:39.9250610Z   - find_in_page → Some(true), request_pdf → 12150 bytes
2026-10-07T12:38:39.9250830Z demo-mac: browser-test: PASS — items 1, 3, 4, 9 verified at runtime
2026-10-07T12:38:39.9251040Z   - history controls (go_back/go_forward observed via SourceChanged events)
2026-10-07T12:38:39.9251230Z   - settings (apply_settings returned Ok)
2026-10-07T12:38:39.9251380Z   - URL schemes (scrying-test:// served 3 pages successfully)
2026-10-07T12:38:39.9251590Z   - find_in_page → Some(true), request_pdf → 12150 bytes
2026-10-07T12:38:39.9251790Z demo-mac: browser-test: PASS — items 1, 3, 4, 9 verified at runtime
2026-10-07T12:38:39.9252010Z   - history controls (go_back/go_forward observed via SourceChanged events)
2026-10-07T12:38:39.9252190Z   - settings (apply_settings returned Ok)
2026-10-07T12:38:39.9252350Z   - URL schemes (scrying-test:// served 3 pages successfully)
2026-10-07T12:38:39.9252540Z   - find_in_page → Some(true), request_pdf → 12150 bytes
2026-10-07T12:38:39.9252750Z demo-mac: browser-test: PASS — items 1, 3, 4, 9 verified at runtime
2026-10-07T12:38:39.9252970Z   - history controls (go_back/go_forward observed via SourceChanged events)
2026-10-07T12:38:39.9253160Z   - settings (apply_settings returned Ok)
2026-10-07T12:38:39.9253320Z   - URL schemes (scrying-test:// served 3 pages successfully)
2026-10-07T12:38:39.9253510Z   - find_in_page → Some(true), request_pdf → 12150 bytes
2026-10-07T12:38:39.9253720Z demo-mac: browser-test: PASS — items 1, 3, 4, 9 verified at runtime
2026-10-07T12:38:39.9253940Z   - history controls (go_back/go_forward observed via SourceChanged events)
2026-10-07T12:38:39.9254170Z   - settings (apply_settings returned Ok)
2026-10-07T12:38:39.9254330Z   - URL schemes (scrying-test:// served 3 pages successfully)
2026-10-07T12:38:39.9254530Z   - find_in_page → Some(true), request_pdf → 12150 bytes
2026-10-07T12:38:39.9254730Z demo-mac: browser-test: PASS — items 1, 3, 4, 9 verified at runtime
2026-10-07T12:38:39.9254950Z   - history controls (go_back/go_forward observed via SourceChanged events)
2026-10-07T12:38:39.9255130Z   - settings (apply_settings returned Ok)
2026-10-07T12:38:39.9255290Z   - URL schemes (scrying-test:// served 3 pages successfully)
2026-10-07T12:38:39.9255480Z   - find_in_page → Some(true), request_pdf → 12150 bytes
2026-10-07T12:38:39.9255690Z demo-mac: browser-test: PASS — items 1, 3, 4, 9 verified at runtime
2026-10-07T12:38:39.9255910Z   - history controls (go_back/go_forward observed via SourceChanged events)
2026-10-07T12:38:39.9256090Z   - settings (apply_settings returned Ok)
2026-10-07T12:38:39.9256250Z   - URL schemes (scrying-test:// served 3 pages successfully)
2026-10-07T12:38:39.9256450Z   - find_in_page → Some(true), request_pdf → 12150 bytes
2026-10-07T12:38:39.9256660Z demo-mac: browser-test: PASS — items 1, 3, 4, 9 verified at runtime
2026-10-07T12:38:39.9256870Z   - history controls (go_back/go_forward observed via SourceChanged events)
2026-10-07T12:38:39.9257050Z   - settings (apply_settings returned Ok)
2026-10-07T12:38:39.9257210Z   - URL schemes (scrying-test:// served 3 pages successfully)
2026-10-07T12:38:39.9257400Z   - find_in_page → Some(true), request_pdf → 12150 bytes
2026-10-07T12:38:39.9257610Z demo-mac: browser-test: PASS — items 1, 3, 4, 9 verified at runtime
2026-10-07T12:38:39.9257820Z   - history controls (go_back/go_forward observed via SourceChanged events)
2026-10-07T12:38:39.9258000Z   - settings (apply_settings returned Ok)
2026-10-07T12:38:39.9258230Z   - URL schemes (scrying-test:// served 3 pages successfully)
2026-10-07T12:38:39.9258430Z   - find_in_page → Some(true), request_pdf → 12150 bytes
2026-10-07T12:38:39.9258640Z demo-mac: browser-test: PASS — items 1, 3, 4, 9 verified at runtime
2026-10-07T12:38:39.9258860Z   - history controls (go_back/go_forward observed via SourceChanged events)
2026-10-07T12:38:39.9259080Z   - settings (apply_settings returned Ok)
2026-10-07T12:38:39.9259240Z   - URL schemes (scrying-test:// served 3 pages successfully)
2026-10-07T12:38:39.9259440Z   - find_in_page → Some(true), request_pdf → 12150 bytes
2026-10-07T12:38:39.9259640Z demo-mac: browser-test: PASS — items 1, 3, 4, 9 verified at runtime
2026-10-07T12:38:39.9259860Z   - history controls (go_back/go_forward observed via SourceChanged events)
2026-10-07T12:38:39.9260050Z   - settings (apply_settings returned Ok)
2026-10-07T12:38:39.9260200Z   - URL schemes (scrying-test:// served 3 pages successfully)
2026-10-07T12:38:39.9260400Z   - find_in_page → Some(true), request_pdf → 12150 bytes
2026-10-07T12:38:39.9260600Z demo-mac: browser-test: PASS — items 1, 3, 4, 9 verified at runtime
2026-10-07T12:38:39.9260820Z   - history controls (go_back/go_forward observed via SourceChanged events)
2026-10-07T12:38:39.9261000Z   - settings (apply_settings returned Ok)
2026-10-07T12:38:39.9261160Z   - URL schemes (scrying-test:// served 3 pages successfully)
2026-10-07T12:38:39.9261360Z   - find_in_page → Some(true), request_pdf → 12150 bytes
2026-10-07T12:38:39.9261570Z demo-mac: browser-test: PASS — items 1, 3, 4, 9 verified at runtime
2026-10-07T12:38:39.9261780Z   - history controls (go_back/go_forward observed via SourceChanged events)
2026-10-07T12:38:39.9261970Z   - settings (apply_settings returned Ok)
2026-10-07T12:38:39.9262120Z   - URL schemes (scrying-test:// served 3 pages successfully)
2026-10-07T12:38:39.9262320Z   - find_in_page → Some(true), request_pdf → 12150 bytes
2026-10-07T12:38:39.9262530Z demo-mac: browser-test: PASS — items 1, 3, 4, 9 verified at runtime
2026-10-07T12:38:39.9262750Z   - history controls (go_back/go_forward observed via SourceChanged events)
2026-10-07T12:38:39.9262940Z   - settings (apply_settings returned Ok)
2026-10-07T12:38:39.9263140Z   - URL schemes (scrying-test:// served 3 pages successfully)
2026-10-07T12:38:39.9263340Z   - find_in_page → Some(true), request_pdf → 12150 bytes
2026-10-07T12:38:39.9263540Z demo-mac: browser-test: PASS — items 1, 3, 4, 9 verified at runtime
2026-10-07T12:38:39.9263760Z   - history controls (go_back/go_forward observed via SourceChanged events)
2026-10-07T12:38:39.9263940Z   - settings (apply_settings returned Ok)
2026-10-07T12:38:39.9264100Z   - URL schemes (scrying-test:// served 3 pages successfully)
2026-10-07T12:38:39.9264270Z   - find_in_page → Some(true), request_pdf → 12150 bytes
2026-10-07T12:38:39.9264460Z demo-mac: browser-test: PASS — items 1, 3, 4, 9 verified at runtime
2026-10-07T12:38:39.9264650Z   - history controls (go_back/go_forward observed via SourceChanged events)
2026-10-07T12:38:39.9264820Z   - settings (apply_settings returned Ok)
2026-10-07T12:38:39.9264960Z   - URL schemes (scrying-test:// served 3 pages successfully)
2026-10-07T12:38:39.9265140Z   - find_in_page → Some(true), request_pdf → 12150 bytes
2026-10-07T12:38:39.9265330Z demo-mac: browser-test: PASS — items 1, 3, 4, 9 verified at runtime
2026-10-07T12:38:39.9265520Z   - history controls (go_back/go_forward observed via SourceChanged events)
2026-10-07T12:38:39.9265690Z   - settings (apply_settings returned Ok)
2026-10-07T12:38:39.9265830Z   - URL schemes (scrying-test:// served 3 pages successfully)
2026-10-07T12:38:39.9266000Z   - find_in_page → Some(true), request_pdf → 12150 bytes
2026-10-07T12:38:39.9266190Z demo-mac: browser-test: PASS — items 1, 3, 4, 9 verified at runtime
2026-10-07T12:38:39.9266380Z   - history controls (go_back/go_forward observed via SourceChanged events)
2026-10-07T12:38:39.9266550Z   - settings (apply_settings returned Ok)
2026-10-07T12:38:39.9266770Z   - URL schemes (scrying-test:// served 3 pages successfully)
2026-10-07T12:38:39.9266950Z   - find_in_page → Some(true), request_pdf → 12150 bytes
2026-10-07T12:38:39.9267130Z demo-mac: browser-test: PASS — items 1, 3, 4, 9 verified at runtime
2026-10-07T12:38:39.9267340Z   - history controls (go_back/go_forward observed via SourceChanged events)
2026-10-07T12:38:39.9267500Z   - settings (apply_settings returned Ok)
2026-10-07T12:38:39.9267640Z   - URL schemes (scrying-test:// served 3 pages successfully)
2026-10-07T12:38:39.9267820Z   - find_in_page → Some(true), request_pdf → 12150 bytes
2026-10-07T12:38:39.9268010Z demo-mac: browser-test: PASS — items 1, 3, 4, 9 verified at runtime
2026-10-07T12:38:39.9268200Z   - history controls (go_back/go_forward observed via SourceChanged events)
2026-10-07T12:38:39.9268360Z   - settings (apply_settings returned Ok)
2026-10-07T12:38:39.9268500Z   - URL schemes (scrying-test:// served 3 pages successfully)
2026-10-07T12:38:39.9268680Z   - find_in_page → Some(true), request_pdf → 12150 bytes
2026-10-07T12:38:39.9268870Z demo-mac: browser-test: PASS — items 1, 3, 4, 9 verified at runtime
2026-10-07T12:38:39.9269070Z   - history controls (go_back/go_forward observed via SourceChanged events)
2026-10-07T12:38:39.9269230Z   - settings (apply_settings returned Ok)
2026-10-07T12:38:39.9269370Z   - URL schemes (scrying-test:// served 3 pages successfully)
2026-10-07T12:38:39.9269550Z   - find_in_page → Some(true), request_pdf → 12150 bytes
2026-10-07T12:38:39.9269740Z demo-mac: browser-test: PASS — items 1, 3, 4, 9 verified at runtime
2026-10-07T12:38:39.9269930Z   - history controls (go_back/go_forward observed via SourceChanged events)
2026-10-07T12:38:39.9270090Z   - settings (apply_settings returned Ok)
2026-10-07T12:38:39.9270240Z   - URL schemes (scrying-test:// served 3 pages successfully)
2026-10-07T12:38:39.9270410Z   - find_in_page → Some(true), request_pdf → 12150 bytes
2026-10-07T12:38:39.9270600Z demo-mac: browser-test: PASS — items 1, 3, 4, 9 verified at runtime
2026-10-07T12:38:39.9270800Z   - history controls (go_back/go_forward observed via SourceChanged events)
2026-10-07T12:38:39.9270970Z   - settings (apply_settings returned Ok)
2026-10-07T12:38:39.9271110Z   - URL schemes (scrying-test:// served 3 pages successfully)
2026-10-07T12:38:39.9271330Z   - find_in_page → Some(true), request_pdf → 12150 bytes
2026-10-07T12:38:39.9271510Z demo-mac: browser-test: PASS — items 1, 3, 4, 9 verified at runtime
2026-10-07T12:38:39.9271700Z   - history controls (go_back/go_forward observed via SourceChanged events)
2026-10-07T12:38:39.9271870Z   - settings (apply_settings returned Ok)
2026-10-07T12:38:39.9272010Z   - URL schemes (scrying-test:// served 3 pages successfully)
2026-10-07T12:38:39.9272190Z   - find_in_page → Some(true), request_pdf → 12150 bytes
2026-10-07T12:38:39.9272380Z demo-mac: browser-test: PASS — items 1, 3, 4, 9 verified at runtime
2026-10-07T12:38:39.9272570Z   - history controls (go_back/go_forward observed via SourceChanged events)
2026-10-07T12:38:39.9272740Z   - settings (apply_settings returned Ok)
2026-10-07T12:38:39.9272890Z   - URL schemes (scrying-test:// served 3 pages successfully)
2026-10-07T12:38:39.9273060Z   - find_in_page → Some(true), request_pdf → 12150 bytes
2026-10-07T12:38:39.9273270Z demo-mac: browser-test: PASS — items 1, 3, 4, 9 verified at runtime
2026-10-07T12:38:39.9273480Z   - history controls (go_back/go_forward observed via SourceChanged events)
2026-10-07T12:38:39.9273660Z   - settings (apply_settings returned Ok)
2026-10-07T12:38:39.9273800Z   - URL schemes (scrying-test:// served 3 pages successfully)
2026-10-07T12:38:39.9273970Z   - find_in_page → Some(true), request_pdf → 12150 bytes
2026-10-07T12:38:39.9274150Z demo-mac: browser-test: PASS — items 1, 3, 4, 9 verified at runtime
2026-10-07T12:38:39.9274350Z   - history controls (go_back/go_forward observed via SourceChanged events)
2026-10-07T12:38:39.9274510Z   - settings (apply_settings returned Ok)
2026-10-07T12:38:39.9274650Z   - URL schemes (scrying-test:// served 3 pages successfully)
2026-10-07T12:38:39.9274890Z   - find_in_page → Some(true), request_pdf → 12150 bytes
2026-10-07T12:38:39.9275080Z demo-mac: browser-test: PASS — items 1, 3, 4, 9 verified at runtime
2026-10-07T12:38:39.9275280Z   - history controls (go_back/go_forward observed via SourceChanged events)
2026-10-07T12:38:39.9275450Z   - settings (apply_settings returned Ok)
2026-10-07T12:38:39.9275590Z   - URL schemes (scrying-test:// served 3 pages successfully)
2026-10-07T12:38:39.9275760Z   - find_in_page → Some(true), request_pdf → 12150 bytes
2026-10-07T12:38:39.9275950Z demo-mac: browser-test: PASS — items 1, 3, 4, 9 verified at runtime
2026-10-07T12:38:39.9276150Z   - history controls (go_back/go_forward observed via SourceChanged events)
2026-10-07T12:38:39.9276310Z   - settings (apply_settings returned Ok)
2026-10-07T12:38:39.9276450Z   - URL schemes (scrying-test:// served 3 pages successfully)
2026-10-07T12:38:39.9276620Z   - find_in_page → Some(true), request_pdf → 12150 bytes
2026-10-07T12:38:39.9276810Z demo-mac: browser-test: PASS — items 1, 3, 4, 9 verified at runtime
2026-10-07T12:38:39.9277010Z   - history controls (go_back/go_forward observed via SourceChanged events)
2026-10-07T12:38:39.9277170Z   - settings (apply_settings returned Ok)
2026-10-07T12:38:39.9277320Z   - URL schemes (scrying-test:// served 3 pages successfully)
2026-10-07T12:38:39.9277510Z   - find_in_page → Some(true), request_pdf → 12150 bytes
2026-10-07T12:38:39.9277710Z demo-mac: browser-test: PASS — items 1, 3, 4, 9 verified at runtime
2026-10-07T12:38:39.9277920Z   - history controls (go_back/go_forward observed via SourceChanged events)
2026-10-07T12:38:39.9278110Z   - settings (apply_settings returned Ok)
2026-10-07T12:38:39.9278260Z   - URL schemes (scrying-test:// served 3 pages successfully)
2026-10-07T12:38:39.9278450Z   - find_in_page → Some(true), request_pdf → 12150 bytes
2026-10-07T12:38:39.9278640Z demo-mac: browser-test: PASS — items 1, 3, 4, 9 verified at runtime
2026-10-07T12:38:39.9278830Z   - history controls (go_back/go_forward observed via SourceChanged events)
2026-10-07T12:38:39.9279000Z   - settings (apply_settings returned Ok)
2026-10-07T12:38:39.9279150Z   - URL schemes (scrying-test:// served 3 pages successfully)
2026-10-07T12:38:39.9279400Z   - find_in_page → Some(true), request_pdf → 12150 bytes
2026-10-07T12:38:39.9279580Z demo-mac: browser-test: PASS — items 1, 3, 4, 9 verified at runtime
2026-10-07T12:38:39.9279840Z   - history controls (go_back/go_forward observed via SourceChanged events)
2026-10-07T12:38:39.9280030Z   - settings (apply_settings returned Ok)
2026-10-07T12:38:39.9280190Z   - URL schemes (scrying-test:// served 3 pages successfully)
2026-10-07T12:38:39.9280390Z   - find_in_page → Some(true), request_pdf → 12150 bytes
2026-10-07T12:38:39.9280590Z demo-mac: browser-test: PASS — items 1, 3, 4, 9 verified at runtime
2026-10-07T12:38:39.9280810Z   - history controls (go_back/go_forward observed via SourceChanged events)
2026-10-07T12:38:39.9281000Z   - settings (apply_settings returned Ok)
2026-10-07T12:38:39.9281160Z   - URL schemes (scrying-test:// served 3 pages successfully)
2026-10-07T12:38:39.9281360Z   - find_in_page → Some(true), request_pdf → 12150 bytes
2026-10-07T12:38:39.9281560Z demo-mac: browser-test: PASS — items 1, 3, 4, 9 verified at runtime
2026-10-07T12:38:39.9281780Z   - history controls (go_back/go_forward observed via SourceChanged events)
2026-10-07T12:38:39.9281970Z   - settings (apply_settings returned Ok)
2026-10-07T12:38:39.9282130Z   - URL schemes (scrying-test:// served 3 pages successfully)
2026-10-07T12:38:39.9282330Z   - find_in_page → Some(true), request_pdf → 12150 bytes
2026-10-07T12:38:39.9282530Z demo-mac: browser-test: PASS — items 1, 3, 4, 9 verified at runtime
2026-10-07T12:38:39.9282750Z   - history controls (go_back/go_forward observed via SourceChanged events)
2026-10-07T12:38:39.9282930Z   - settings (apply_settings returned Ok)
2026-10-07T12:38:39.9283090Z   - URL schemes (scrying-test:// served 3 pages successfully)
2026-10-07T12:38:39.9283290Z   - find_in_page → Some(true), request_pdf → 12150 bytes
2026-10-07T12:38:39.9283570Z demo-mac: browser-test: PASS — items 1, 3, 4, 9 verified at runtime
2026-10-07T12:38:39.9283810Z   - history controls (go_back/go_forward observed via SourceChanged events)
2026-10-07T12:38:39.9284000Z   - settings (apply_settings returned Ok)
2026-10-07T12:38:39.9284150Z   - URL schemes (scrying-test:// served 3 pages successfully)
2026-10-07T12:38:39.9284360Z   - find_in_page → Some(true), request_pdf → 12150 bytes
2026-10-07T12:38:39.9284570Z demo-mac: browser-test: PASS — items 1, 3, 4, 9 verified at runtime
2026-10-07T12:38:39.9284770Z   - history controls (go_back/go_forward observed via SourceChanged events)
2026-10-07T12:38:39.9284930Z   - settings (apply_settings returned Ok)
2026-10-07T12:38:39.9285110Z   - URL schemes (scrying-test:// served 3 pages successfully)
2026-10-07T12:38:39.9285320Z   - find_in_page → Some(true), request_pdf → 12150 bytes
2026-10-07T12:38:39.9285520Z demo-mac: browser-test: PASS — items 1, 3, 4, 9 verified at runtime
2026-10-07T12:38:39.9285750Z   - history controls (go_back/go_forward observed via SourceChanged events)
2026-10-07T12:38:39.9285940Z   - settings (apply_settings returned Ok)
2026-10-07T12:38:39.9286120Z   - URL schemes (scrying-test:// served 3 pages successfully)
2026-10-07T12:38:39.9286360Z   - find_in_page → Some(true), request_pdf → 12150 bytes
2026-10-07T12:38:39.9290870Z demo-mac: browser-test: PASS — items 1, 3, 4, 9 verified at runtime
2026-10-07T12:38:39.9291090Z   - history controls (go_back/go_forward observed via SourceChanged events)
2026-10-07T12:38:39.9291260Z   - settings (apply_settings returned Ok)
2026-10-07T12:38:39.9291410Z   - URL schemes (scrying-test:// served 3 pages successfully)
2026-10-07T12:38:39.9291600Z   - find_in_page → Some(true), request_pdf → 12150 bytes
2026-10-07T12:38:39.9291800Z demo-mac: browser-test: PASS — items 1, 3, 4, 9 verified at runtime
2026-10-07T12:38:39.9291990Z   - history controls (go_back/go_forward observed via SourceChanged events)
2026-10-07T12:38:39.9292160Z   - settings (apply_settings returned Ok)
2026-10-07T12:38:39.9292300Z   - URL schemes (scrying-test:// served 3 pages successfully)
2026-10-07T12:38:39.9292480Z   - find_in_page → Some(true), request_pdf → 12150 bytes
2026-10-07T12:38:39.9292780Z demo-mac: browser-test: PASS — items 1, 3, 4, 9 verified at runtime
2026-10-07T12:38:39.9292980Z   - history controls (go_back/go_forward observed via SourceChanged events)
2026-10-07T12:38:39.9293150Z   - settings (apply_settings returned Ok)
2026-10-07T12:38:39.9293290Z   - URL schemes (scrying-test:// served 3 pages successfully)
2026-10-07T12:38:39.9293460Z   - find_in_page → Some(true), request_pdf → 12150 bytes
2026-10-07T12:38:39.9293650Z demo-mac: browser-test: PASS — items 1, 3, 4, 9 verified at runtime
2026-10-07T12:38:39.9293840Z   - history controls (go_back/go_forward observed via SourceChanged events)
2026-10-07T12:38:39.9294000Z   - settings (apply_settings returned Ok)
2026-10-07T12:38:39.9294140Z   - URL schemes (scrying-test:// served 3 pages successfully)
2026-10-07T12:38:39.9294320Z   - find_in_page → Some(true), request_pdf → 12150 bytes
2026-10-07T12:38:39.9294510Z demo-mac: browser-test: PASS — items 1, 3, 4, 9 verified at runtime
2026-10-07T12:38:39.9294700Z   - history controls (go_back/go_forward observed via SourceChanged events)
2026-10-07T12:38:39.9294860Z   - settings (apply_settings returned Ok)
2026-10-07T12:38:39.9295010Z   - URL schemes (scrying-test:// served 3 pages successfully)
2026-10-07T12:38:39.9295180Z   - find_in_page → Some(true), request_pdf → 12150 bytes
2026-10-07T12:38:39.9295370Z demo-mac: browser-test: PASS — items 1, 3, 4, 9 verified at runtime
2026-10-07T12:38:39.9295560Z   - history controls (go_back/go_forward observed via SourceChanged events)
2026-10-07T12:38:39.9295730Z   - settings (apply_settings returned Ok)
2026-10-07T12:38:39.9295870Z   - URL schemes (scrying-test:// served 3 pages successfully)
2026-10-07T12:38:39.9296040Z   - find_in_page → Some(true), request_pdf → 12150 bytes
2026-10-07T12:38:39.9296330Z demo-mac: browser-test: PASS — items 1, 3, 4, 9 verified at runtime
2026-10-07T12:38:39.9296540Z   - history controls (go_back/go_forward observed via SourceChanged events)
2026-10-07T12:38:39.9296710Z   - settings (apply_settings returned Ok)
2026-10-07T12:38:39.9296850Z   - URL schemes (scrying-test:// served 3 pages successfully)
2026-10-07T12:38:39.9297030Z   - find_in_page → Some(true), request_pdf → 12150 bytes
2026-10-07T12:38:39.9297210Z demo-mac: browser-test: PASS — items 1, 3, 4, 9 verified at runtime
2026-10-07T12:38:39.9297410Z   - history controls (go_back/go_forward observed via SourceChanged events)
2026-10-07T12:38:39.9297570Z   - settings (apply_settings returned Ok)
2026-10-07T12:38:39.9297720Z   - URL schemes (scrying-test:// served 3 pages successfully)
2026-10-07T12:38:39.9297890Z   - find_in_page → Some(true), request_pdf → 12150 bytes
2026-10-07T12:38:39.9298080Z demo-mac: browser-test: PASS — items 1, 3, 4, 9 verified at runtime
2026-10-07T12:38:39.9298300Z   - history controls (go_back/go_forward observed via SourceChanged events)
2026-10-07T12:38:39.9298480Z   - settings (apply_settings returned Ok)
2026-10-07T12:38:39.9298620Z   - URL schemes (scrying-test:// served 3 pages successfully)
2026-10-07T12:38:39.9298810Z   - find_in_page → Some(true), request_pdf → 12150 bytes
2026-10-07T12:38:39.9298990Z demo-mac: browser-test: PASS — items 1, 3, 4, 9 verified at runtime
2026-10-07T12:38:39.9299190Z   - history controls (go_back/go_forward observed via SourceChanged events)
2026-10-07T12:38:39.9299350Z   - settings (apply_settings returned Ok)
2026-10-07T12:38:39.9299490Z   - URL schemes (scrying-test:// served 3 pages successfully)
2026-10-07T12:38:39.9299680Z   - find_in_page → Some(true), request_pdf → 12150 bytes
2026-10-07T12:38:39.9299890Z demo-mac: browser-test: PASS — items 1, 3, 4, 9 verified at runtime
2026-10-07T12:38:39.9300100Z   - history controls (go_back/go_forward observed via SourceChanged events)
2026-10-07T12:38:39.9300280Z   - settings (apply_settings returned Ok)
2026-10-07T12:38:39.9300440Z   - URL schemes (scrying-test:// served 3 pages successfully)
2026-10-07T12:38:39.9300640Z   - find_in_page → Some(true), request_pdf → 12150 bytes
2026-10-07T12:38:39.9300890Z demo-mac: browser-test: PASS — items 1, 3, 4, 9 verified at runtime
2026-10-07T12:38:39.9301110Z   - history controls (go_back/go_forward observed via SourceChanged events)
2026-10-07T12:38:39.9301290Z   - settings (apply_settings returned Ok)
2026-10-07T12:38:39.9301470Z   - URL schemes (scrying-test:// served 3 pages successfully)
2026-10-07T12:38:39.9301660Z   - find_in_page → Some(true), request_pdf → 12150 bytes
2026-10-07T12:38:39.9301870Z demo-mac: browser-test: PASS — items 1, 3, 4, 9 verified at runtime
2026-10-07T12:38:39.9302080Z   - history controls (go_back/go_forward observed via SourceChanged events)
2026-10-07T12:38:39.9302270Z   - settings (apply_settings returned Ok)
2026-10-07T12:38:39.9302430Z   - URL schemes (scrying-test:// served 3 pages successfully)
2026-10-07T12:38:39.9302630Z   - find_in_page → Some(true), request_pdf → 12150 bytes
2026-10-07T12:38:39.9302830Z demo-mac: browser-test: PASS — items 1, 3, 4, 9 verified at runtime
2026-10-07T12:38:39.9303050Z   - history controls (go_back/go_forward observed via SourceChanged events)
2026-10-07T12:38:39.9303240Z   - settings (apply_settings returned Ok)
2026-10-07T12:38:39.9303860Z   - URL schemes (scrying-test:// served 3 pages successfully)
2026-10-07T12:38:39.9304540Z   - find_in_page → Some(true), request_pdf → 12150 bytes
2026-10-07T12:38:39.9304770Z demo-mac: browser-test: PASS — items 1, 3, 4, 9 verified at runtime
2026-10-07T12:38:39.9304990Z   - history controls (go_back/go_forward observed via SourceChanged events)
2026-10-07T12:38:39.9305190Z   - settings (apply_settings returned Ok)
2026-10-07T12:38:39.9305350Z   - URL schemes (scrying-test:// served 3 pages successfully)
2026-10-07T12:38:39.9305560Z   - find_in_page → Some(true), request_pdf → 12150 bytes
2026-10-07T12:38:39.9306090Z demo-mac: browser-test: PASS — items 1, 3, 4, 9 verified at runtime
2026-10-07T12:38:39.9306350Z   - history controls (go_back/go_forward observed via SourceChanged events)
2026-10-07T12:38:39.9306560Z   - settings (apply_settings returned Ok)
2026-10-07T12:38:39.9306750Z   - URL schemes (scrying-test:// served 3 pages successfully)
2026-10-07T12:38:39.9306970Z   - find_in_page → Some(true), request_pdf → 12150 bytes
2026-10-07T12:38:39.9307200Z demo-mac: browser-test: PASS — items 1, 3, 4, 9 verified at runtime
2026-10-07T12:38:39.9307420Z   - history controls (go_back/go_forward observed via SourceChanged events)
2026-10-07T12:38:39.9307610Z   - settings (apply_settings returned Ok)
2026-10-07T12:38:39.9307780Z   - URL schemes (scrying-test:// served 3 pages successfully)
2026-10-07T12:38:39.9307990Z   - find_in_page → Some(true), request_pdf → 12150 bytes
2026-10-07T12:38:39.9308200Z demo-mac: browser-test: PASS — items 1, 3, 4, 9 verified at runtime
2026-10-07T12:38:39.9308420Z   - history controls (go_back/go_forward observed via SourceChanged events)
2026-10-07T12:38:39.9308610Z   - settings (apply_settings returned Ok)
2026-10-07T12:38:39.9308780Z   - URL schemes (scrying-test:// served 3 pages successfully)
2026-10-07T12:38:39.9308990Z   - find_in_page → Some(true), request_pdf → 12150 bytes
2026-10-07T12:38:39.9309200Z demo-mac: browser-test: PASS — items 1, 3, 4, 9 verified at runtime
2026-10-07T12:38:39.9309630Z   - history controls (go_back/go_forward observed via SourceChanged events)
2026-10-07T12:38:39.9309830Z   - settings (apply_settings returned Ok)
2026-10-07T12:38:39.9309990Z   - URL schemes (scrying-test:// served 3 pages successfully)
2026-10-07T12:38:39.9310200Z   - find_in_page → Some(true), request_pdf → 12150 bytes
2026-10-07T12:38:39.9310410Z demo-mac: browser-test: PASS — items 1, 3, 4, 9 verified at runtime
2026-10-07T12:38:39.9310630Z   - history controls (go_back/go_forward observed via SourceChanged events)
2026-10-07T12:38:39.9310810Z   - settings (apply_settings returned Ok)
2026-10-07T12:38:39.9310970Z   - URL schemes (scrying-test:// served 3 pages successfully)
2026-10-07T12:38:39.9311170Z   - find_in_page → Some(true), request_pdf → 12150 bytes
2026-10-07T12:38:39.9311380Z demo-mac: browser-test: PASS — items 1, 3, 4, 9 verified at runtime
2026-10-07T12:38:39.9311720Z   - history controls (go_back/go_forward observed via SourceChanged events)
2026-10-07T12:38:39.9311900Z   - settings (apply_settings returned Ok)
2026-10-07T12:38:39.9312060Z   - URL schemes (scrying-test:// served 3 pages successfully)
2026-10-07T12:38:39.9312260Z   - find_in_page → Some(true), request_pdf → 12150 bytes
2026-10-07T12:38:39.9312470Z demo-mac: browser-test: PASS — items 1, 3, 4, 9 verified at runtime
2026-10-07T12:38:39.9312680Z   - history controls (go_back/go_forward observed via SourceChanged events)
2026-10-07T12:38:39.9312870Z   - settings (apply_settings returned Ok)
2026-10-07T12:38:39.9313020Z   - URL schemes (scrying-test:// served 3 pages successfully)
2026-10-07T12:38:39.9313220Z   - find_in_page → Some(true), request_pdf → 12150 bytes
2026-10-07T12:38:39.9313430Z demo-mac: browser-test: PASS — items 1, 3, 4, 9 verified at runtime
2026-10-07T12:38:39.9313650Z   - history controls (go_back/go_forward observed via SourceChanged events)
2026-10-07T12:38:39.9313840Z   - settings (apply_settings returned Ok)
2026-10-07T12:38:39.9313990Z   - URL schemes (scrying-test:// served 3 pages successfully)
2026-10-07T12:38:39.9314180Z   - find_in_page → Some(true), request_pdf → 12150 bytes
2026-10-07T12:38:39.9314390Z demo-mac: browser-test: PASS — items 1, 3, 4, 9 verified at runtime
2026-10-07T12:38:39.9314610Z   - history controls (go_back/go_forward observed via SourceChanged events)
2026-10-07T12:38:39.9314790Z   - settings (apply_settings returned Ok)
2026-10-07T12:38:39.9314940Z   - URL schemes (scrying-test:// served 3 pages successfully)
2026-10-07T12:38:39.9315140Z   - find_in_page → Some(true), request_pdf → 12150 bytes
2026-10-07T12:38:39.9315340Z demo-mac: browser-test: PASS — items 1, 3, 4, 9 verified at runtime
2026-10-07T12:38:39.9315700Z   - history controls (go_back/go_forward observed via SourceChanged events)
2026-10-07T12:38:39.9315890Z   - settings (apply_settings returned Ok)
2026-10-07T12:38:39.9316050Z   - URL schemes (scrying-test:// served 3 pages successfully)
2026-10-07T12:38:39.9316250Z   - find_in_page → Some(true), request_pdf → 12150 bytes
2026-10-07T12:38:39.9316460Z demo-mac: browser-test: PASS — items 1, 3, 4, 9 verified at runtime
2026-10-07T12:38:39.9316670Z   - history controls (go_back/go_forward observed via SourceChanged events)
2026-10-07T12:38:39.9316850Z   - settings (apply_settings returned Ok)
2026-10-07T12:38:39.9317010Z   - URL schemes (scrying-test:// served 3 pages successfully)
2026-10-07T12:38:39.9317200Z   - find_in_page → Some(true), request_pdf → 12150 bytes
2026-10-07T12:38:39.9317410Z demo-mac: browser-test: PASS — items 1, 3, 4, 9 verified at runtime
2026-10-07T12:38:39.9317630Z   - history controls (go_back/go_forward observed via SourceChanged events)
2026-10-07T12:38:39.9317810Z   - settings (apply_settings returned Ok)
2026-10-07T12:38:39.9317960Z   - URL schemes (scrying-test:// served 3 pages successfully)
2026-10-07T12:38:39.9318160Z   - find_in_page → Some(true), request_pdf → 12150 bytes
2026-10-07T12:38:39.9318370Z demo-mac: browser-test: PASS — items 1, 3, 4, 9 verified at runtime
2026-10-07T12:38:39.9318580Z   - history controls (go_back/go_forward observed via SourceChanged events)
2026-10-07T12:38:39.9318810Z   - settings (apply_settings returned Ok)
2026-10-07T12:38:39.9319010Z   - URL schemes (scrying-test:// served 3 pages successfully)
2026-10-07T12:38:39.9319230Z   - find_in_page → Some(true), request_pdf → 12150 bytes
2026-10-07T12:38:39.9319450Z demo-mac: browser-test: PASS — items 1, 3, 4, 9 verified at runtime
2026-10-07T12:38:39.9319960Z   - history controls (go_back/go_forward observed via SourceChanged events)
2026-10-07T12:38:39.9320180Z   - settings (apply_settings returned Ok)
2026-10-07T12:38:39.9320360Z   - URL schemes (scrying-test:// served 3 pages successfully)
2026-10-07T12:38:39.9320610Z   - find_in_page → Some(true), request_pdf → 12150 bytes
2026-10-07T12:38:39.9320840Z demo-mac: browser-test: PASS — items 1, 3, 4, 9 verified at runtime
2026-10-07T12:38:39.9321210Z   - history controls (go_back/go_forward observed via SourceChanged events)
2026-10-07T12:38:39.9321400Z   - settings (apply_settings returned Ok)
2026-10-07T12:38:39.9321570Z   - URL schemes (scrying-test:// served 3 pages successfully)
2026-10-07T12:38:39.9321780Z   - find_in_page → Some(true), request_pdf → 12150 bytes
2026-10-07T12:38:39.9322000Z demo-mac: browser-test: PASS — items 1, 3, 4, 9 verified at runtime
2026-10-07T12:38:39.9322230Z   - history controls (go_back/go_forward observed via SourceChanged events)
2026-10-07T12:38:39.9322410Z   - settings (apply_settings returned Ok)
2026-10-07T12:38:39.9322580Z   - URL schemes (scrying-test:// served 3 pages successfully)
2026-10-07T12:38:39.9322780Z   - find_in_page → Some(true), request_pdf → 12150 bytes
2026-10-07T12:38:39.9323470Z demo-mac: browser-test: PASS — items 1, 3, 4, 9 verified at runtime
2026-10-07T12:38:39.9323710Z   - history controls (go_back/go_forward observed via SourceChanged events)
2026-10-07T12:38:39.9323900Z   - settings (apply_settings returned Ok)
2026-10-07T12:38:39.9324510Z   - URL schemes (scrying-test:// served 3 pages successfully)
2026-10-07T12:38:39.9324730Z   - find_in_page → Some(true), request_pdf → 12150 bytes
2026-10-07T12:38:39.9324950Z demo-mac: browser-test: PASS — items 1, 3, 4, 9 verified at runtime
2026-10-07T12:38:39.9325170Z   - history controls (go_back/go_forward observed via SourceChanged events)
2026-10-07T12:38:39.9325360Z   - settings (apply_settings returned Ok)
2026-10-07T12:38:39.9325520Z   - URL schemes (scrying-test:// served 3 pages successfully)
2026-10-07T12:38:39.9325720Z   - find_in_page → Some(true), request_pdf → 12150 bytes
2026-10-07T12:38:39.9325930Z demo-mac: browser-test: PASS — items 1, 3, 4, 9 verified at runtime
2026-10-07T12:38:39.9326300Z   - history controls (go_back/go_forward observed via SourceChanged events)
2026-10-07T12:38:39.9326500Z   - settings (apply_settings returned Ok)
2026-10-07T12:38:39.9326660Z   - URL schemes (scrying-test:// served 3 pages successfully)
2026-10-07T12:38:39.9326870Z   - find_in_page → Some(true), request_pdf → 12150 bytes
2026-10-07T12:38:39.9327080Z demo-mac: browser-test: PASS — items 1, 3, 4, 9 verified at runtime
2026-10-07T12:38:39.9327290Z   - history controls (go_back/go_forward observed via SourceChanged events)
2026-10-07T12:38:39.9327480Z   - settings (apply_settings returned Ok)
2026-10-07T12:38:39.9327630Z   - URL schemes (scrying-test:// served 3 pages successfully)
2026-10-07T12:38:39.9327830Z   - find_in_page → Some(true), request_pdf → 12150 bytes
2026-10-07T12:38:39.9328040Z demo-mac: browser-test: PASS — items 1, 3, 4, 9 verified at runtime
2026-10-07T12:38:39.9328250Z   - history controls (go_back/go_forward observed via SourceChanged events)
2026-10-07T12:38:39.9328440Z   - settings (apply_settings returned Ok)
2026-10-07T12:38:39.9328600Z   - URL schemes (scrying-test:// served 3 pages successfully)
2026-10-07T12:38:39.9328790Z   - find_in_page → Some(true), request_pdf → 12150 bytes
2026-10-07T12:38:39.9329010Z demo-mac: browser-test: PASS — items 1, 3, 4, 9 verified at runtime
2026-10-07T12:38:39.9329220Z   - history controls (go_back/go_forward observed via SourceChanged events)
2026-10-07T12:38:39.9329410Z   - settings (apply_settings returned Ok)
2026-10-07T12:38:39.9329570Z   - URL schemes (scrying-test:// served 3 pages successfully)
2026-10-07T12:38:39.9329770Z   - find_in_page → Some(true), request_pdf → 12150 bytes
2026-10-07T12:38:39.9329970Z demo-mac: browser-test: PASS — items 1, 3, 4, 9 verified at runtime
2026-10-07T12:38:39.9330190Z   - history controls (go_back/go_forward observed via SourceChanged events)
2026-10-07T12:38:39.9330380Z   - settings (apply_settings returned Ok)
2026-10-07T12:38:39.9330540Z   - URL schemes (scrying-test:// served 3 pages successfully)
2026-10-07T12:38:39.9330740Z   - find_in_page → Some(true), request_pdf → 12150 bytes
2026-10-07T12:38:39.9330880Z   -> PASS
2026-10-07T12:38:39.9330930Z 
2026-10-07T12:38:39.9330980Z ==> --interaction-state-test
2026-10-07T12:38:40.1888060Z ps: stdout: Broken pipe
2026-10-07T12:38:40.3348670Z ps: stdout: Broken pipe
2026-10-07T12:38:40.4873430Z ps: stdout: Broken pipe
2026-10-07T12:38:40.6285630Z ps: stdout: Broken pipe
2026-10-07T12:38:40.7791430Z ps: stdout: Broken pipe
2026-10-07T12:38:40.9419380Z ps: stdout: Broken pipe
2026-10-07T12:38:41.1033530Z ps: stdout: Broken pipe
2026-10-07T12:38:41.2635610Z ps: stdout: Broken pipe
2026-10-07T12:38:41.3791800Z demo-mac: nav event: Starting { url: "scrying-test://history-1" }
2026-10-07T12:38:41.3792650Z demo-mac: nav event: SourceChanged { url: "scrying-test://history-1" }
2026-10-07T12:38:41.3793400Z demo-mac: js->host: loaded:history-1
2026-10-07T12:38:41.3794100Z demo-mac: nav event: Completed { url: "scrying-test://history-1", success: true }
2026-10-07T12:38:41.3794610Z demo-mac: nav event: Starting { url: "scrying-test://history-2" }
2026-10-07T12:38:41.3794860Z demo-mac: nav event: SourceChanged { url: "scrying-test://history-2" }
2026-10-07T12:38:41.3795120Z demo-mac: js->host: loaded:history-2
2026-10-07T12:38:41.3795490Z demo-mac: nav event: Completed { url: "scrying-test://history-2", success: true }
2026-10-07T12:38:41.3796120Z demo-mac: nav event: Starting { url: "scrying-test://find-target" }
2026-10-07T12:38:41.3796830Z demo-mac: nav event: SourceChanged { url: "scrying-test://find-target" }
2026-10-07T12:38:41.3797370Z demo-mac: js->host: loaded:find-target
2026-10-07T12:38:41.3797920Z demo-mac: nav event: Completed { url: "scrying-test://find-target", success: true }
2026-10-07T12:38:41.3798180Z demo-mac: interaction-state-test: serialized 1024 bytes at C
2026-10-07T12:38:41.3798400Z demo-mac: nav event: Starting { url: "scrying-test://history-2" }
2026-10-07T12:38:41.3798690Z demo-mac: nav event: SourceChanged { url: "scrying-test://history-2" }
2026-10-07T12:38:41.3799290Z demo-mac: nav event: Completed { url: "scrying-test://history-2", success: true }
2026-10-07T12:38:41.3799540Z demo-mac: nav event: Starting { url: "scrying-test://history-1" }
2026-10-07T12:38:41.3799770Z demo-mac: nav event: SourceChanged { url: "scrying-test://history-1" }
2026-10-07T12:38:41.3800020Z demo-mac: nav event: Completed { url: "scrying-test://history-1", success: true }
2026-10-07T12:38:41.3800260Z demo-mac: interaction-state-test: restore_interaction_state ok
2026-10-07T12:38:41.3800480Z demo-mac: nav event: Starting { url: "scrying-test://find-target" }
2026-10-07T12:38:41.3800710Z demo-mac: nav event: SourceChanged { url: "scrying-test://find-target" }
2026-10-07T12:38:41.3800910Z demo-mac: js->host: loaded:find-target
2026-10-07T12:38:41.3801110Z demo-mac: nav event: Completed { url: "scrying-test://find-target", success: true }
2026-10-07T12:38:41.3801330Z demo-mac: interaction-state-test: restored to C
2026-10-07T12:38:41.3801640Z demo-mac: interaction-state-test: PASS — serialize/restore round-trip verified
2026-10-07T12:38:41.3801890Z   - serialized at C (1024 bytes), navigated back to A, restore landed on C
2026-10-07T12:38:41.3802120Z   - post-restore can_go_back == true, can_go_forward == false
2026-10-07T12:38:41.3811350Z   -> PASS
2026-10-07T12:38:41.3830070Z 
2026-10-07T12:38:41.3830170Z ==> --pointer-input-test
2026-10-07T12:38:41.6401860Z ps: stdout: Broken pipe
2026-10-07T12:38:41.7870320Z ps: stdout: Broken pipe
2026-10-07T12:38:41.9341340Z ps: stdout: Broken pipe
2026-10-07T12:38:42.0797090Z ps: stdout: Broken pipe
2026-10-07T12:38:42.2342830Z ps: stdout: Broken pipe
2026-10-07T12:38:42.3938910Z ps: stdout: Broken pipe
2026-10-07T12:38:42.4887480Z demo-mac: nav event: Starting { url: "scrying-test://pointer" }
2026-10-07T12:38:42.4888010Z demo-mac: nav event: SourceChanged { url: "scrying-test://pointer" }
2026-10-07T12:38:42.4888580Z demo-mac: js->host: ready
2026-10-07T12:38:42.4888870Z demo-mac: pointer-input-test: page ready
2026-10-07T12:38:42.4889390Z demo-mac: nav event: Completed { url: "scrying-test://pointer", success: true }
2026-10-07T12:38:42.4889880Z demo-mac: cursor change: Default
2026-10-07T12:38:42.4890180Z demo-mac: js->host: ptr:down:50,718:mouse
2026-10-07T12:38:42.4891220Z demo-mac: js->host: ptr:move:75,693:mouse
2026-10-07T12:38:42.4891650Z demo-mac: js->host: ptr:up:75,693:mouse
2026-10-07T12:38:42.4892460Z demo-mac: pointer-input-test: PASS — Down/Update/Up reached JS pointer listeners
2026-10-07T12:38:42.4893210Z   - JS observed: down=true move=true up=true leave=false
2026-10-07T12:38:42.4893770Z   - WebKit reported pointerType = Some("mouse") (macOS collapses every device to mouse)
2026-10-07T12:38:42.4925400Z   -> PASS
2026-10-07T12:38:42.4955170Z 
2026-10-07T12:38:42.4955840Z ==> --incognito-test
2026-10-07T12:38:42.7541890Z ps: stdout: Broken pipe
2026-10-07T12:38:42.8972830Z ps: stdout: Broken pipe
2026-10-07T12:38:43.0407410Z ps: stdout: Broken pipe
2026-10-07T12:38:43.1908010Z ps: stdout: Broken pipe
2026-10-07T12:38:43.2691240Z demo-mac: --incognito-test: spun up persistent comparison producer
2026-10-07T12:38:43.2691540Z demo-mac: incognito-test: set_cookie 'scrying-incognito-14272' on incognito producer
2026-10-07T12:38:43.2691800Z demo-mac: incognito-test: incognito store reports 1 cookie(s)
2026-10-07T12:38:43.2692020Z demo-mac: incognito-test: persistent store reports 0 cookie(s)
2026-10-07T12:38:43.2692400Z demo-mac: incognito-test: PASS — non_persistent stores stay isolated from persistent ones
2026-10-07T12:38:43.2692680Z   - set_cookie on incognito producer was visible to its own request_all_cookies
2026-10-07T12:38:43.2692930Z   - same cookie was absent from a separate persistent producer's store
2026-10-07T12:38:43.2710250Z   -> PASS
2026-10-07T12:38:43.2727620Z 
2026-10-07T12:38:43.2727800Z ==> --download-test
2026-10-07T12:38:43.5317760Z ps: stdout: Broken pipe
2026-10-07T12:38:43.6829760Z ps: stdout: Broken pipe
2026-10-07T12:38:43.8540090Z ps: stdout: Broken pipe
2026-10-07T12:38:43.9954970Z ps: stdout: Broken pipe
2026-10-07T12:38:44.1397850Z ps: stdout: Broken pipe
2026-10-07T12:38:44.2936960Z ps: stdout: Broken pipe
2026-10-07T12:38:44.4473670Z ps: stdout: Broken pipe
2026-10-07T12:38:44.6063450Z ps: stdout: Broken pipe
2026-10-07T12:38:44.7667500Z ps: stdout: Broken pipe
2026-10-07T12:38:44.9251320Z ps: stdout: Broken pipe
2026-10-07T12:38:45.0831320Z ps: stdout: Broken pipe
2026-10-07T12:38:45.2411420Z ps: stdout: Broken pipe
2026-10-07T12:38:45.4028530Z ps: stdout: Broken pipe
2026-10-07T12:38:45.5650210Z ps: stdout: Broken pipe
2026-10-07T12:38:45.7274970Z ps: stdout: Broken pipe
2026-10-07T12:38:45.8893810Z ps: stdout: Broken pipe
2026-10-07T12:38:46.0473710Z ps: stdout: Broken pipe
2026-10-07T12:38:46.2061170Z ps: stdout: Broken pipe
2026-10-07T12:38:46.3644770Z ps: stdout: Broken pipe
2026-10-07T12:38:46.5220180Z ps: stdout: Broken pipe
2026-10-07T12:38:46.6771800Z ps: stdout: Broken pipe
2026-10-07T12:38:46.8356200Z ps: stdout: Broken pipe
2026-10-07T12:38:46.9923690Z ps: stdout: Broken pipe
2026-10-07T12:38:47.1506620Z ps: stdout: Broken pipe
2026-10-07T12:38:47.3102190Z ps: stdout: Broken pipe
2026-10-07T12:38:47.4685700Z ps: stdout: Broken pipe
2026-10-07T12:38:47.6286450Z ps: stdout: Broken pipe
2026-10-07T12:38:47.7881590Z ps: stdout: Broken pipe
2026-10-07T12:38:47.9444220Z ps: stdout: Broken pipe
2026-10-07T12:38:48.1014210Z ps: stdout: Broken pipe
2026-10-07T12:38:48.2609630Z ps: stdout: Broken pipe
2026-10-07T12:38:48.4179230Z ps: stdout: Broken pipe
2026-10-07T12:38:48.5787170Z ps: stdout: Broken pipe
2026-10-07T12:38:48.7375260Z ps: stdout: Broken pipe
2026-10-07T12:38:48.8987970Z ps: stdout: Broken pipe
2026-10-07T12:38:49.0574340Z ps: stdout: Broken pipe
2026-10-07T12:38:49.2178360Z ps: stdout: Broken pipe
2026-10-07T12:38:49.3760250Z ps: stdout: Broken pipe
2026-10-07T12:38:49.5345290Z ps: stdout: Broken pipe
2026-10-07T12:38:49.6925010Z ps: stdout: Broken pipe
2026-10-07T12:38:49.8503250Z ps: stdout: Broken pipe
2026-10-07T12:38:50.0083920Z ps: stdout: Broken pipe
2026-10-07T12:38:50.1670040Z ps: stdout: Broken pipe
2026-10-07T12:38:50.3253870Z ps: stdout: Broken pipe
2026-10-07T12:38:50.4823340Z ps: stdout: Broken pipe
2026-10-07T12:38:50.5606120Z demo-mac: download-test: serving payload at http://127.0.0.1:60318/download
2026-10-07T12:38:50.5610260Z demo-mac: download-test: auth-required payload at http://127.0.0.1:60318/download-auth
2026-10-07T12:38:50.5610530Z demo-mac: nav event: Starting { url: "http://127.0.0.1:60318/download" }
2026-10-07T12:38:50.5611430Z demo-mac: nav event: DownloadStarted { id: DownloadId(1), url: "http://127.0.0.1:60318/download", suggested_filename: "scrying-download.bin", destination_path: "/Users/markik/Code/targets/wgpu-scry-hardware/demo-mac-download-test-14302/download-output/scrying-download.bin", total_bytes_expected: Some(262144) }
2026-10-07T12:38:50.5612230Z demo-mac: nav event: DownloadProgress { id: DownloadId(1), bytes_written: 262144, total_bytes_expected: Some(262144) }
2026-10-07T12:38:50.5612800Z demo-mac: nav event: DownloadFinished { id: DownloadId(1), destination_path: "/Users/markik/Code/targets/wgpu-scry-hardware/demo-mac-download-test-14302/download-output/scrying-download.bin", error: None }
2026-10-07T12:38:50.5613500Z demo-mac: download-test: phase A: 262144 bytes landed at /Users/markik/Code/targets/wgpu-scry-hardware/demo-mac-download-test-14302/download-output/scrying-download.bin (matches served payload)
2026-10-07T12:38:50.5613940Z demo-mac: nav event: Completed { url: "", success: false }
2026-10-07T12:38:50.5614150Z demo-mac: nav event: Starting { url: "http://127.0.0.1:60318/download" }
2026-10-07T12:38:50.5614820Z demo-mac: nav event: Completed { url: "", success: false }
2026-10-07T12:38:50.5615070Z demo-mac: nav event: DownloadCancelled { id: DownloadId(2), destination_path: "", resume_data: None }
2026-10-07T12:38:50.5615400Z demo-mac: download-test: phase B: DownloadCancelled fired for id 2 after host Cancel decision
2026-10-07T12:38:50.5615690Z demo-mac: download-test: phase C: cancel_download(unknown) returned Ok(false) as expected
2026-10-07T12:38:50.5616180Z demo-mac: download-test: auth challenge for host '127.0.0.1' method 'NSURLAuthenticationMethodHTTPBasic'
2026-10-07T12:38:50.5616650Z demo-mac: nav event: AuthChallenged { url: "http://127.0.0.1:60318/download-auth", host: "127.0.0.1", auth_method: "NSURLAuthenticationMethodHTTPBasic", source: Download }
2026-10-07T12:38:50.5617470Z demo-mac: nav event: DownloadStarted { id: DownloadId(3), url: "http://127.0.0.1:60318/download-auth", suggested_filename: "scrying-download.bin", destination_path: "/Users/markik/Code/targets/wgpu-scry-hardware/demo-mac-download-test-14302/download-output/scrying-download-1.bin", total_bytes_expected: Some(262144) }
2026-10-07T12:38:50.5618190Z demo-mac: nav event: DownloadProgress { id: DownloadId(3), bytes_written: 262144, total_bytes_expected: Some(262144) }
2026-10-07T12:38:50.5618730Z demo-mac: nav event: DownloadFinished { id: DownloadId(3), destination_path: "/Users/markik/Code/targets/wgpu-scry-hardware/demo-mac-download-test-14302/download-output/scrying-download-1.bin", error: None }
2026-10-07T12:38:50.5619270Z demo-mac: download-test: phase D: auth-protected download succeeded with 262144 bytes after credentials supplied
2026-10-07T12:38:50.5619570Z demo-mac: nav event: Starting { url: "http://127.0.0.1:60318/download-slow" }
2026-10-07T12:38:50.5619790Z demo-mac: nav event: Completed { url: "", success: false }
2026-10-07T12:38:50.5620420Z demo-mac: nav event: DownloadStarted { id: DownloadId(4), url: "http://127.0.0.1:60318/download-slow", suggested_filename: "scrying-download.bin", destination_path: "/Users/markik/Code/targets/wgpu-scry-hardware/demo-mac-download-test-14302/download-output/scrying-download-2.bin", total_bytes_expected: Some(262144) }
2026-10-07T12:38:50.5621090Z demo-mac: download-test: phase E: cancel_download(4) -> Ok(true), awaiting resume_data
2026-10-07T12:38:50.5654060Z demo-mac: nav event: DownloadCancelled { id: DownloadId(4), destination_path: "/Users/markik/Code/targets/wgpu-scry-hardware/demo-mac-download-test-14302/download-output/scrying-download-2.bin", resume_data: Some([98, 112, 108, 105, 115, 116, 48, 48, 212, 1, 2, 3, 4, 5, 6, 7, 10, 88, 36, 118, 101, 114, 115, 105, 111, 110, 89, 36, 97, 114, 99, 104, 105, 118, 101, 114, 84, 36, 116, 111, 112, 88, 36, 111, 98, 106, 101, 99, 116, 115, 18, 0, 1, 134, 160, 95, 16, 15, 78, 83, 75, 101, 121, 101, 100, 65, 114, 99, 104, 105, 118, 101, 114, 209, 8, 9, 95, 16, 27, 78, 83, 75, 101, 121, 101, 100, 65, 114, 99, 104, 105, 118, 101, 82, 111, 111, 116, 79, 98, 106, 101, 99, 116, 75, 101, 121, 128, 1, 167, 11, 12, 23, 24, 25, 26, 27, 85, 36, 110, 117, 108, 108, 211, 13, 14, 15, 16, 19, 22, 87, 78, 83, 46, 107, 101, 121, 115, 90, 78, 83, 46, 111, 98, 106, 101, 99, 116, 115, 86, 36, 99, 108, 97, 115, 115, 162, 17, 18, 128, 2, 128, 3, 162, 20, 21, 128, 4, 128, 5, 128, 6, 84, 100, 97, 116, 97, 95, 16, 31, 78, 83, 85, 82, 76, 83, 101, 115, 115, 105, 111, 110, 82, 101, 115, 117, 109, 101, 73, 110, 102, 111, 76, 111, 99, 97, 108, 80, 97, 116, 104, 79, 17, 28, 216, 54, 21, 8, 37, 18, 7, 67, 95, 212, 0, 1, 0, 2, 0, 3, 0, 4, 0, 5, 0, 6, 0, 7, 0, 10, 88, 36, 118, 101, 114, 115, 105, 111, 110, 89, 36, 97, 114, 99, 104, 105, 118, 101, 114, 84, 36, 116, 111, 112, 88, 36, 111, 98, 106, 101, 99, 116, 115, 18, 0, 1, 134, 160, 95, 16, 15, 78, 83, 75, 101, 121, 101, 100, 65, 114, 99, 104, 105, 118, 101, 114, 209, 0, 8, 0, 9, 84, 114, 111, 111, 116, 128, 1, 175, 16, 79, 0, 11, 0, 12, 0, 43, 0, 31, 0, 153, 0, 159, 0, 160, 0, 166, 0, 107, 0, 167, 0, 171, 0, 121, 0, 173, 0, 42, 0, 174, 0, 142, 0, 175, 0, 176, 0, 196, 0, 197, 0, 198, 0, 199, 0, 200, 0, 201, 0, 202, 0, 203, 0, 204, 0, 205, 0, 206, 0, 207, 0, 208, 0, 209, 0, 210, 0, 214, 0, 228, 0, 229, 0, 230, 0, 231, 0, 232, 0, 233, 0, 234, 0, 235, 0, 236, 0, 242, 0, 243, 0, 244, 0, 247, 0, 252, 1, 44, 1, 62, 1, 63, 1, 64, 1, 78, 1, 84, 1, 99, 0, 28, 1, 100, 1, 101, 1, 121, 1, 122, 1, 123, 1, 124, 1, 125, 1, 126, 1, 127, 1, 128, 1, 129, 1, 130, 1, 131, 1, 132, 1, 133, 1, 134, 1, 135, 1, 136, 1, 140, 1, 144, 1, 149, 1, 153, 1, 154, 85, 36, 110, 117, 108, 108, 223, 16, 15, 0, 13, 0, 14, 0, 15, 0, 16, 0, 17, 0, 18, 0, 19, 0, 20, 0, 21, 0, 22, 0, 23, 0, 24, 0, 25, 0, 26, 0, 27, 0, 28, 0, 29, 0, 30, 0, 31, 0, 32, 0, 33, 0, 34, 0, 35, 0, 36, 0, 37, 0, 29, 0, 31, 0, 40, 0, 29, 0, 42, 94, 116, 97, 115, 107, 73, 100, 101, 110, 116, 105, 102, 105, 101, 114, 95, 16, 15, 116, 97, 115, 107, 68, 101, 115, 99, 114, 105, 112, 116, 105, 111, 110, 95, 16, 31, 99, 111, 117, 110, 116, 79, 102, 66, 121, 116, 101, 115, 67, 108, 105, 101, 110, 116, 69, 120, 112, 101, 99, 116, 115, 84, 111, 83, 101, 110, 100, 95, 16, 21, 95, 107, 101, 101, 112, 68, 111, 119, 110, 108, 111, 97, 100, 84, 97, 115, 107, 70, 105, 108, 101, 88, 112, 114, 105, 111, 114, 105, 116, 121, 87, 102, 105, 108, 101, 85, 82, 76, 95, 16, 34, 99, 111, 117, 110, 116, 79, 102, 66, 121, 116, 101, 115, 67, 108, 105, 101, 110, 116, 69, 120, 112, 101, 99, 116, 115, 84, 111, 82, 101, 99, 101, 105, 118, 101, 95, 16, 15, 111, 114, 105, 103, 105, 110, 97, 108, 82, 101, 113, 117, 101, 115, 116, 86, 36, 99, 108, 97, 115, 115, 94, 99, 117, 114, 114, 101, 110, 116, 82, 101, 113, 117, 101, 115, 116, 95, 16, 17, 101, 97, 114, 108, 105, 101, 115, 116, 66, 101, 103, 105, 110, 68, 97, 116, 101, 95, 16, 26, 112, 114, 101, 102, 101, 114, 115, 73, 110, 99, 114, 101, 109, 101, 110, 116, 97, 108, 68, 101, 108, 105, 118, 101, 114, 121, 88, 114, 101, 115, 112, 111, 110, 115, 101, 92, 116, 101, 109, 112, 70, 105, 108, 101, 78, 97, 109, 101, 89, 115, 116, 97, 114, 116, 84, 105, 109, 101, 16, 0, 128, 0, 19, 255, 255, 255, 255, 255, 255, 255, 255, 8, 34, 63, 128, 0, 0, 128, 76, 18, 0, 4, 0, 0, 128, 2, 128, 78, 128, 47, 128, 0, 8, 128, 53, 128, 0, 35, 0, 0, 0, 0, 0, 0, 0, 0, 223, 16, 58, 0, 44, 0, 45, 0, 46, 0, 47, 0, 48, 0, 49, 0, 50, 0, 51, 0, 52, 0, 53, 0, 54, 0, 55, 0, 56, 0, 57, 0, 58, 0, 59, 0, 60, 0, 61, 0, 62, 0, 63, 0, 64, 0, 65, 0, 66, 0, 67, 0, 68, 0, 69, 0, 70, 0, 71, 0, 72, 0, 73, 0, 74, 0, 75, 0, 76, 0, 77, 0, 78, 0, 79, 0, 80, 0, 81, 0, 82, 0, 21, 0, 83, 0, 84, 0, 85, 0, 86, 0, 87, 0, 88, 0, 89, 0, 90, 0, 91, 0, 92, 0, 93, 0, 94, 0, 95, 0, 96, 0, 97, 0, 98, 0, 99, 0, 100, 0, 28, 0, 31, 0, 102, 0, 28, 0, 31, 0, 28, 0, 31, 0, 105, 0, 106, 0, 107, 0, 108, 0, 29, 0, 110, 0, 29, 0, 108, 0, 106, 0, 114, 0, 29, 0, 31, 0, 117, 0, 118, 0, 31, 0, 120, 0, 121, 0, 31, 0, 105, 0, 31, 0, 31, 0, 42, 0, 126, 0, 127, 0, 31, 0, 129, 0, 29, 0, 28, 0, 31, 0, 106, 0, 121, 0, 31, 0, 135, 0, 136, 0, 29, 0, 28, 0, 102, 0, 42, 0, 31, 0, 140, 0, 29, 0, 142, 0, 31, 0, 31, 0, 31, 0, 146, 0, 31, 0, 29, 0, 149, 0, 31, 0, 29, 95, 16, 24, 114, 101, 113, 117, 105, 114, 101, 115, 68, 78, 83, 83, 69, 67, 86, 97, 108, 105, 100, 97, 116, 105, 111, 110, 95, 16, 18, 105, 115, 87, 101, 98, 83, 101, 97, 114, 99, 104, 67, 111, 110, 116, 101, 110, 116, 95, 16, 31, 95, 95, 110, 115, 117, 114, 108, 114, 101, 113, 117, 101, 115, 116, 95, 112, 114, 111, 116, 111, 95, 112, 114, 111, 112, 95, 111, 98, 106, 95, 57, 95, 16, 20, 97, 108, 108, 111, 119, 101, 100, 80, 114, 111, 116, 111, 99, 111, 108, 84, 121, 112, 101, 115, 93, 98, 108, 111, 99, 107, 84, 114, 97, 99, 107, 101, 114, 115, 95, 16, 30, 97, 108, 108, 111, 119, 115, 67, 111, 110, 115, 116, 114, 97, 105, 110, 101, 100, 78, 101, 116, 119, 111, 114, 107, 65, 99, 99, 101, 115, 115, 95, 16, 19, 97, 115, 115, 117, 109, 101, 115, 72, 84, 84, 80, 51, 67, 97, 112, 97, 98, 108, 101, 95, 16, 32, 95, 95, 110, 115, 117, 114, 108, 114, 101, 113, 117, 101, 115, 116, 95, 112, 114, 111, 116, 111, 95, 112, 114, 111, 112, 95, 111, 98, 106, 95, 49, 48, 95, 16, 32, 95, 95, 110, 115, 117, 114, 108, 114, 101, 113, 117, 101, 115, 116, 95, 112, 114, 111, 116, 111, 95, 112, 114, 111, 112, 95, 111, 98, 106, 95, 49, 49, 91, 97, 116, 116, 114, 105, 98, 117, 116, 105, 111, 110, 95, 16, 32, 95, 95, 110, 115, 117, 114, 108, 114, 101, 113, 117, 101, 115, 116, 95, 112, 114, 111, 116, 111, 95, 112, 114, 111, 112, 95, 111, 98, 106, 95, 49, 50, 95, 16, 32, 95, 95, 110, 115, 117, 114, 108, 114, 101, 113, 117, 101, 115, 116, 95, 112, 114, 111, 116, 111, 95, 112, 114, 111, 112, 95, 111, 98, 106, 95, 50, 48, 95, 16, 26, 95, 95, 110, 115, 117, 114, 108, 114, 101, 113, 117, 101, 115, 116, 95, 112, 114, 111, 116, 111, 95, 112, 114, 111, 112, 115, 95, 16, 32, 95, 95, 110, 115, 117, 114, 108, 114, 101, 113, 117, 101, 115, 116, 95, 112, 114, 111, 116, 111, 95, 112, 114, 111, 112, 95, 111, 98, 106, 95, 50, 49, 95, 16, 32, 95, 95, 110, 115, 117, 114, 108, 114, 101, 113, 117, 101, 115, 116, 95, 112, 114, 111, 116, 111, 95, 112, 114, 111, 112, 95, 111, 98, 106, 95, 49, 51, 95, 16, 32, 95, 95, 110, 115, 117, 114, 108, 114, 101, 113, 117, 101, 115, 116, 95, 112, 114, 111, 116, 111, 95, 112, 114, 111, 112, 95, 111, 98, 106, 95, 49, 52, 95, 16, 32, 95, 95, 110, 115, 117, 114, 108, 114, 101, 113, 117, 101, 115, 116, 95, 112, 114, 111, 116, 111, 95, 112, 114, 111, 112, 95, 111, 98, 106, 95, 49, 53, 95, 16, 32, 95, 95, 110, 115, 117, 114, 108, 114, 101, 113, 117, 101, 115, 116, 95, 112, 114, 111, 116, 111, 95, 112, 114, 111, 112, 95, 111, 98, 106, 95, 49, 54, 95, 16, 24, 117, 110, 115, 97, 102, 101, 65, 108, 108, 111, 119, 101, 100, 73, 110, 69, 97, 114, 108, 121, 68, 97, 116, 97, 95, 16, 32, 95, 95, 110, 115, 117, 114, 108, 114, 101, 113, 117, 101, 115, 116, 95, 112, 114, 111, 116, 111, 95, 112, 114, 111, 112, 95, 111, 98, 106, 95, 49, 55, 95, 16, 32, 95, 95, 110, 115, 117, 114, 108, 114, 101, 113, 117, 101, 115, 116, 95, 112, 114, 111, 116, 111, 95, 112, 114, 111, 112, 95, 111, 98, 106, 95, 49, 56, 95, 16, 22, 117, 115, 101, 69, 110, 104, 97, 110, 99, 101, 100, 80, 114, 105, 118, 97, 99, 121, 77, 111, 100, 101, 95, 16, 32, 95, 95, 110, 115, 117, 114, 108, 114, 101, 113, 117, 101, 115, 116, 95, 112, 114, 111, 116, 111, 95, 112, 114, 111, 112, 95, 111, 98, 106, 95, 49, 57, 95, 16, 37, 97, 108, 108, 111, 119, 80, 114, 105, 118, 97, 116, 101, 65, 99, 99, 101, 115, 115, 84, 111, 107, 101, 110, 115, 70, 111, 114, 84, 104, 105, 114, 100, 80, 97, 114, 116, 121, 95, 16, 19, 97, 108, 108, 111, 119, 115, 80, 101, 114, 115, 105, 115, 116, 101, 110, 116, 68, 78, 83, 95, 16, 31, 95, 95, 110, 115, 117, 114, 108, 114, 101, 113, 117, 101, 115, 116, 95, 112, 114, 111, 116, 111, 95, 112, 114, 111, 112, 95, 111, 98, 106, 95, 48, 95, 16, 30, 114, 101, 113, 117, 105, 114, 101, 115, 83, 104, 111, 114, 116, 67, 111, 110, 110, 101, 99, 116, 105, 111, 110, 84, 105, 109, 101, 111, 117, 116, 95, 16, 22, 112, 114, 105, 118, 97, 99, 121, 80, 114, 111, 120, 121, 70, 97, 105, 108, 67, 108, 111, 115, 101, 100, 95, 16, 26, 112, 97, 121, 108, 111, 97, 100, 84, 114, 97, 110, 115, 109, 105, 115, 115, 105, 111, 110, 84, 105, 109, 101, 111, 117, 116, 95, 16, 31, 95, 95, 110, 115, 117, 114, 108, 114, 101, 113, 117, 101, 115, 116, 95, 112, 114, 111, 116, 111, 95, 112, 114, 111, 112, 95, 111, 98, 106, 95, 49, 95, 16, 39, 99, 111, 110, 116, 101, 110, 116, 68, 105, 115, 112, 111, 115, 105, 116, 105, 111, 110, 69, 110, 99, 111, 100, 105, 110, 103, 70, 97, 108, 108, 98, 97, 99, 107, 65, 114, 114, 97, 121, 95, 16, 28, 112, 114, 105, 118, 97, 99, 121, 80, 114, 111, 120, 121, 83, 116, 114, 105, 99, 116, 70, 97, 105, 108, 67, 108, 111, 115, 101, 100, 95, 16, 31, 95, 95, 110, 115, 117, 114, 108, 114, 101, 113, 117, 101, 115, 116, 95, 112, 114, 111, 116, 111, 95, 112, 114, 111, 112, 95, 111, 98, 106, 95, 50, 94, 116, 114, 97, 99, 107, 101, 114, 67, 111, 110, 116, 101, 120, 116, 89, 97, 108, 108, 111, 119, 115, 85, 67, 65, 95, 16, 20, 112, 114, 111, 104, 105, 98, 105, 116, 80, 114, 105, 118, 97, 99, 121, 80, 114, 111, 120, 121, 95, 16, 31, 95, 95, 110, 115, 117, 114, 108, 114, 101, 113, 117, 101, 115, 116, 95, 112, 114, 111, 116, 111, 95, 112, 114, 111, 112, 95, 111, 98, 106, 95, 51, 95, 16, 48, 112, 114, 105, 118, 97, 99, 121, 80, 114, 111, 120, 121, 70, 97, 105, 108, 67, 108, 111, 115, 101, 100, 70, 111, 114, 85, 110, 114, 101, 97, 99, 104, 97, 98, 108, 101, 78, 111, 110, 77, 97, 105, 110, 72, 111, 115, 116, 115, 95, 16, 41, 112, 114, 105, 118, 97, 99, 121, 80, 114, 111, 120, 121, 70, 97, 105, 108, 67, 108, 111, 115, 101, 100, 70, 111, 114, 85, 110, 114, 101, 97, 99, 104, 97, 98, 108, 101, 72, 111, 115, 116, 115, 95, 16, 31, 95, 95, 110, 115, 117, 114, 108, 114, 101, 113, 117, 101, 115, 116, 95, 112, 114, 111, 116, 111, 95, 112, 114, 111, 112, 95, 111, 98, 106, 95, 52, 95, 16, 24, 98, 111, 117, 110, 100, 73, 110, 116, 101, 114, 102, 97, 99, 101, 73, 100, 101, 110, 116, 105, 102, 105, 101, 114, 95, 16, 28, 97, 108, 108, 111, 119, 115, 69, 120, 112, 101, 110, 115, 105, 118, 101, 78, 101, 116, 119, 111, 114, 107, 65, 99, 99, 101, 115, 115, 95, 16, 31, 95, 95, 110, 115, 117, 114, 108, 114, 101, 113, 117, 101, 115, 116, 95, 112, 114, 111, 116, 111, 95, 112, 114, 111, 112, 95, 111, 98, 106, 95, 53, 95, 16, 16, 115, 116, 97, 114, 116, 84, 105, 109, 101, 111, 117, 116, 84, 105, 109, 101, 95, 16, 18, 112, 114, 101, 118, 101, 110, 116, 72, 83, 84, 83, 83, 116, 111, 114, 97, 103, 101, 95, 16, 31, 95, 95, 110, 115, 117, 114, 108, 114, 101, 113, 117, 101, 115, 116, 95, 112, 114, 111, 116, 111, 95, 112, 114, 111, 112, 95, 111, 98, 106, 95, 54, 95, 16, 25, 99, 111, 111, 107, 105, 101, 80, 97, 114, 116, 105, 116, 105, 111, 110, 73, 100, 101, 110, 116, 105, 102, 105, 101, 114, 82, 36, 48, 95, 16, 34, 102, 97, 105, 108, 73, 110, 115, 101, 99, 117, 114, 101, 76, 111, 97, 100, 87, 105, 116, 104, 72, 84, 84, 80, 83, 68, 78, 83, 82, 101, 99, 111, 114, 100, 92, 107, 110, 111, 119, 110, 84, 114, 97, 99, 107, 101, 114, 90, 105, 103, 110, 111, 114, 101, 72, 83, 84, 83, 82, 36, 49, 95, 16, 27, 97, 108, 108, 111, 119, 79, 110, 108, 121, 80, 97, 114, 116, 105, 116, 105, 111, 110, 101, 100, 67, 111, 111, 107, 105, 101, 115, 95, 16, 31, 95, 95, 110, 115, 117, 114, 108, 114, 101, 113, 117, 101, 115, 116, 95, 112, 114, 111, 116, 111, 95, 112, 114, 111, 112, 95, 111, 98, 106, 95, 55, 82, 36, 50, 95, 16, 33, 115, 99, 104, 101, 109, 101, 87, 97, 115, 85, 112, 103, 114, 97, 100, 101, 100, 68, 117, 101, 84, 111, 68, 121, 110, 97, 109, 105, 99, 72, 83, 84, 83, 95, 16, 31, 95, 95, 110, 115, 117, 114, 108, 114, 101, 113, 117, 101, 115, 116, 95, 112, 114, 111, 116, 111, 95, 112, 114, 111, 112, 95, 111, 98, 106, 95, 56, 8, 128, 11, 8, 8, 128, 3, 128, 8, 16, 0, 128, 13, 128, 0, 128, 33, 128, 0, 128, 13, 128, 8, 128, 14, 128, 0, 8, 128, 15, 128, 16, 8, 128, 17, 9, 8, 128, 3, 8, 8, 128, 4, 128, 42, 8, 128, 7, 128, 0, 8, 128, 8, 9, 8, 128, 46, 128, 9, 128, 0, 128, 11, 8, 128, 12, 128, 0, 16, 2, 8, 8, 8, 16, 9, 8, 128, 0, 16, 22, 8, 128, 0, 8, 211, 0, 154, 0, 21, 0, 155, 0, 29, 0, 157, 0, 158, 87, 78, 83, 46, 98, 97, 115, 101, 91, 78, 83, 46, 114, 101, 108, 97, 116, 105, 118, 101, 128, 0, 128, 6, 128, 5, 95, 16, 36, 104, 116, 116, 112, 58, 47, 47, 49, 50, 55, 46, 48, 46, 48, 46, 49, 58, 54, 48, 51, 49, 56, 47, 100, 111, 119, 110, 108, 111, 97, 100, 45, 115, 108, 111, 119, 210, 0, 161, 0, 162, 0, 163, 0, 164, 90, 36, 99, 108, 97, 115, 115, 110, 97, 109, 101, 88, 36, 99, 108, 97, 115, 115, 101, 115, 85, 78, 83, 85, 82, 76, 162, 0, 163, 0, 165, 88, 78, 83, 79, 98, 106, 101, 99, 116, 35, 64, 78, 0, 0, 0, 0, 0, 0, 211, 0, 154, 0, 21, 0, 155, 0, 29, 0, 157, 0, 170, 128, 0, 128, 6, 128, 10, 95, 16, 36, 104, 116, 116, 112, 58, 47, 47, 49, 50, 55, 46, 48, 46, 48, 46, 49, 58, 54, 48, 51, 49, 56, 47, 100, 111, 119, 110, 108, 111, 97, 100, 45, 115, 108, 111, 119, 9, 17, 1, 134, 16, 4, 83, 71, 69, 84, 211, 0, 177, 0, 178, 0, 21, 0, 179, 0, 187, 0, 195, 87, 78, 83, 46, 107, 101, 121, 115, 90, 78, 83, 46, 111, 98, 106, 101, 99, 116, 115, 167, 0, 180, 0, 181, 0, 182, 0, 183, 0, 184, 0, 185, 0, 186, 128, 18, 128, 19, 128, 20, 128, 21, 128, 22, 128, 23, 128, 24, 167, 0, 188, 0, 189, 0, 190, 0, 191, 0, 192, 0, 193, 0, 194, 128, 25, 128, 26, 128, 27, 128, 28, 128, 29, 128, 30, 128, 31, 128, 32, 86, 65, 99, 99, 101, 112, 116, 94, 83, 101, 99, 45, 70, 101, 116, 99, 104, 45, 83, 105, 116, 101, 88, 95, 95, 104, 104, 97, 97, 95, 95, 95, 16, 25, 85, 112, 103, 114, 97, 100, 101, 45, 73, 110, 115, 101, 99, 117, 114, 101, 45, 82, 101, 113, 117, 101, 115, 116, 115, 94, 83, 101, 99, 45, 70, 101, 116, 99, 104, 45, 77, 111, 100, 101, 90, 85, 115, 101, 114, 45, 65, 103, 101, 110, 116, 94, 83, 101, 99, 45, 70, 101, 116, 99, 104, 45, 68, 101, 115, 116, 95, 16, 63, 116, 101, 120, 116, 47, 104, 116, 109, 108, 44, 97, 112, 112, 108, 105, 99, 97, 116, 105, 111, 110, 47, 120, 104, 116, 109, 108, 43, 120, 109, 108, 44, 97, 112, 112, 108, 105, 99, 97, 116, 105, 111, 110, 47, 120, 109, 108, 59, 113, 61, 48, 46, 57, 44, 42, 47, 42, 59, 113, 61, 48, 46, 56, 84, 110, 111, 110, 101, 95, 17, 1, 252, 13, 10, 13, 10, 89, 110, 66, 115, 97, 88, 78, 48, 77, 68, 68, 87, 65, 81, 73, 68, 66, 65, 85, 71, 66, 119, 107, 76, 68, 81, 56, 82, 88, 108, 78, 108, 89, 121, 49, 71, 90, 88, 82, 106, 97, 67, 49, 69, 90, 88, 78, 48, 87, 108, 86, 122, 90, 88, 73, 116, 81, 87, 100, 108, 98, 110, 82, 102, 69, 66, 108, 86, 99, 71, 100, 121, 89, 87, 82, 108, 76, 85, 108, 117, 99, 50, 86, 106, 100, 88, 74, 108, 76, 86, 74, 108, 99, 88, 86, 108, 99, 51, 82, 122, 86, 107, 70, 106, 89, 50, 86, 119, 100, 70, 53, 84, 90, 87, 77, 116, 82, 109, 86, 48, 89, 50, 103, 116, 85, 50, 108, 48, 90, 86, 53, 84, 90, 87, 77, 116, 82, 109, 86, 48, 89, 50, 103, 116, 84, 87, 57, 107, 90, 97, 69, 73, 87, 71, 82, 118, 89, 51, 86, 116, 90, 87, 53, 48, 111, 81, 112, 102, 69, 70, 104, 78, 98, 51, 112, 112, 98, 71, 120, 104, 76, 122, 85, 117, 77, 67, 65, 111, 84, 87, 70, 106, 97, 87, 53, 48, 98, 51, 78, 111, 79, 121, 66, 74, 98, 110, 82, 108, 98, 67, 66, 78, 89, 87, 77, 103, 84, 49, 77, 103, 87, 67, 65, 120, 77, 70, 56, 120, 78, 86, 56, 51, 75, 83, 66, 66, 99, 72, 66, 115, 90, 86, 100, 108, 89, 107, 116, 112, 100, 67, 56, 50, 77, 68, 85, 117, 77, 83, 52, 120, 78, 83, 65, 111, 83, 48, 104, 85, 84, 85, 119, 115, 73, 71, 120, 112, 97, 50, 85, 103, 82, 50, 86, 106, 97, 50, 56, 112, 111, 81, 120, 82, 77, 97, 69, 79, 88, 120, 65, 47, 100, 71, 86, 52, 100, 67, 57, 111, 100, 71, 49, 115, 76, 71, 70, 119, 99, 71, 120, 112, 89, 50, 70, 48, 97, 87, 57, 117, 76, 51, 104, 111, 100, 71, 49, 115, 75, 51, 104, 116, 98, 67, 120, 104, 99, 72, 66, 115, 97, 87, 78, 104, 100, 71, 108, 118, 98, 105, 57, 52, 98, 87, 119, 55, 99, 84, 48, 119, 76, 106, 107, 115, 75, 105, 56, 113, 79, 51, 69, 57, 77, 67, 52, 52, 111, 82, 66, 85, 98, 109, 57, 117, 90, 97, 69, 83, 87, 71, 53, 104, 100, 109, 108, 110, 89, 88, 82, 108, 65, 65, 103, 65, 70, 81, 65, 107, 65, 67, 56, 65, 83, 119, 66, 83, 65, 71, 69, 65, 99, 65, 66, 121, 65, 72, 115, 65, 102, 81, 68, 89, 65, 78, 111, 65, 51, 65, 68, 101, 65, 83, 65, 66, 73, 103, 69, 110, 65, 83, 107, 65, 65, 65, 65, 65, 65, 65, 65, 67, 65, 81, 65, 65, 65, 65, 65, 65, 65, 65, 65, 84, 65, 65, 65, 65, 65, 65, 65, 65, 65, 65, 65, 65, 65, 65, 65, 65, 65, 65, 65, 66, 77, 103, 61, 61, 81, 49, 88, 110, 97, 118, 105, 103, 97, 116, 101, 95, 16, 88, 77, 111, 122, 105, 108, 108, 97, 47, 53, 46, 48, 32, 40, 77, 97, 99, 105, 110, 116, 111, 115, 104, 59, 32, 73, 110, 116, 101, 108, 32, 77, 97, 99, 32, 79, 83, 32, 88, 32, 49, 48, 95, 49, 53, 95, 55, 41, 32, 65, 112, 112, 108, 101, 87, 101, 98, 75, 105, 116, 47, 54, 48, 53, 46, 49, 46, 49, 53, 32, 40, 75, 72, 84, 77, 76, 44, 32, 108, 105, 107, 101, 32, 71, 101, 99, 107, 111, 41, 88, 100, 111, 99, 117, 109, 101, 110, 116, 210, 0, 161, 0, 162, 0, 211, 0, 212, 95, 16, 19, 78, 83, 77, 117, 116, 97, 98, 108, 101, 68, 105, 99, 116, 105, 111, 110, 97, 114, 121, 163, 0, 211, 0, 213, 0, 165, 92, 78, 83, 68, 105, 99, 116, 105, 111, 110, 97, 114, 121, 211, 0, 177, 0, 178, 0, 21, 0, 215, 0, 221, 0, 195, 165, 0, 216, 0, 217, 0, 218, 0, 219, 0, 220, 128, 34, 128, 35, 128, 36, 128, 37, 128, 38, 165, 0, 222, 0, 223, 0, 223, 0, 225, 0, 223, 128, 39, 128, 40, 128, 40, 128, 41, 128, 40, 128, 32, 95, 16, 42, 95, 107, 67, 70, 72, 84, 84, 80, 67, 111, 111, 107, 105, 101, 80, 111, 108, 105, 99, 121, 80, 114, 111, 112, 101, 114, 116, 121, 83, 105, 116, 101, 70, 111, 114, 67, 111, 111, 107, 105, 101, 115, 95, 16, 48, 95, 107, 67, 70, 72, 84, 84, 80, 67, 111, 111, 107, 105, 101, 80, 111, 108, 105, 99, 121, 80, 114, 111, 112, 101, 114, 116, 121, 73, 115, 84, 111, 112, 76, 101, 118, 101, 108, 78, 97, 118, 105, 103, 97, 116, 105, 111, 110, 95, 16, 21, 87, 75, 86, 101, 114, 121, 76, 111, 119, 76, 111, 97, 100, 80, 114, 105, 111, 114, 105, 116, 121, 95, 16, 24, 95, 107, 67, 70, 85, 82, 76, 67, 97, 99, 104, 101, 80, 97, 114, 116, 105, 116, 105, 111, 110, 75, 101, 121, 95, 16, 32, 107, 67, 70, 85, 82, 76, 82, 101, 113, 117, 101, 115, 116, 65, 108, 108, 111, 119, 65, 108, 108, 80, 79, 83, 84, 67, 97, 99, 104, 105, 110, 103, 95, 16, 36, 104, 116, 116, 112, 58, 47, 47, 49, 50, 55, 46, 48, 46, 48, 46, 49, 58, 54, 48, 51, 49, 56, 47, 100, 111, 119, 110, 108, 111, 97, 100, 45, 115, 108, 111, 119, 16, 1, 89, 49, 50, 55, 46, 48, 46, 48, 46, 49, 210, 0, 178, 0, 21, 0, 237, 0, 241, 163, 0, 114, 0, 239, 0, 240, 128, 14, 128, 43, 128, 44, 128, 45, 16, 12, 16, 5, 210, 0, 161, 0, 162, 0, 245, 0, 246, 87, 78, 83, 65, 114, 114, 97, 121, 162, 0, 245, 0, 165, 210, 0, 161, 0, 162, 0, 248, 0, 249, 95, 16, 19, 78, 83, 77, 117, 116, 97, 98, 108, 101, 85, 82, 76, 82, 101, 113, 117, 101, 115, 116, 163, 0, 250, 0, 251, 0, 165, 95, 16, 19, 78, 83, 77, 117, 116, 97, 98, 108, 101, 85, 82, 76, 82, 101, 113, 117, 101, 115, 116, 92, 78, 83, 85, 82, 76, 82, 101, 113, 117, 101, 115, 116, 223, 16, 58, 0, 44, 0, 45, 0, 46, 0, 47, 0, 48, 0, 49, 0, 50, 0, 51, 0, 52, 0, 53, 0, 54, 0, 55, 0, 56, 0, 57, 0, 58, 0, 59, 0, 60, 0, 61, 0, 62, 0, 63, 0, 64, 0, 65, 0, 66, 0, 67, 0, 68, 0, 69, 0, 70, 0, 71, 0, 72, 0, 73, 0, 74, 0, 75, 0, 76, 0, 77, 0, 78, 0, 79, 0, 80, 0, 81, 0, 82, 0, 21, 0, 83, 0, 84, 0, 85, 0, 86, 0, 87, 0, 88, 0, 89, 0, 90, 0, 91, 0, 92, 0, 93, 0, 94, 0, 95, 0, 96, 0, 97, 0, 98, 0, 99, 0, 100, 0, 28, 0, 31, 0, 102, 0, 28, 0, 31, 0, 28, 0, 31, 0, 105, 0, 106, 0, 107, 0, 108, 0, 29, 1, 5, 0, 29, 0, 108, 0, 106, 0, 114, 0, 29, 0, 31, 0, 117, 0, 118, 0, 31, 1, 15, 0, 121, 0, 31, 0, 105, 0, 31, 0, 31, 0, 42, 0, 126, 1, 22, 0, 31, 0, 129, 0, 29, 0, 28, 0, 31, 0, 106, 0, 121, 0, 31, 0, 135, 0, 136, 0, 29, 0, 28, 0, 102, 0, 42, 0, 31, 0, 140, 0, 29, 0, 142, 0, 31, 0, 31, 0, 31, 0, 146, 0, 31, 0, 29, 0, 149, 0, 31, 0, 29, 8, 128, 11, 8, 8, 128, 3, 128, 8, 128, 13, 128, 0, 128, 51, 128, 0, 128, 13, 128, 8, 128, 14, 128, 0, 8, 128, 15, 128, 16, 8, 128, 48, 9, 8, 128, 3, 8, 8, 128, 4, 128, 52, 8, 128, 7, 128, 0, 8, 128, 8, 9, 8, 128, 46, 128, 9, 128, 0, 128, 11, 8, 128, 12, 128, 0, 8, 8, 8, 8, 128, 0, 8, 128, 0, 211, 0, 177, 0, 178, 0, 21, 1, 45, 1, 53, 0, 195, 167, 0, 180, 0, 181, 0, 182, 0, 183, 0, 184, 0, 185, 0, 186, 128, 18, 128, 19, 128, 20, 128, 21, 128, 22, 128, 23, 128, 24, 167, 0, 188, 0, 189, 1, 56, 0, 191, 0, 192, 1, 59, 0, 194, 128, 25, 128, 26, 128, 49, 128, 28, 128, 29, 128, 50, 128, 31, 128, 32, 95, 17, 1, 252, 13, 10, 13, 10, 89, 110, 66, 115, 97, 88, 78, 48, 77, 68, 68, 87, 65, 81, 73, 68, 66, 65, 85, 71, 66, 119, 107, 76, 68, 81, 56, 82, 88, 108, 78, 108, 89, 121, 49, 71, 90, 88, 82, 106, 97, 67, 49, 69, 90, 88, 78, 48, 87, 108, 86, 122, 90, 88, 73, 116, 81, 87, 100, 108, 98, 110, 82, 102, 69, 66, 108, 86, 99, 71, 100, 121, 89, 87, 82, 108, 76, 85, 108, 117, 99, 50, 86, 106, 100, 88, 74, 108, 76, 86, 74, 108, 99, 88, 86, 108, 99, 51, 82, 122, 86, 107, 70, 106, 89, 50, 86, 119, 100, 70, 53, 84, 90, 87, 77, 116, 82, 109, 86, 48, 89, 50, 103, 116, 85, 50, 108, 48, 90, 86, 53, 84, 90, 87, 77, 116, 82, 109, 86, 48, 89, 50, 103, 116, 84, 87, 57, 107, 90, 97, 69, 73, 87, 71, 82, 118, 89, 51, 86, 116, 90, 87, 53, 48, 111, 81, 112, 102, 69, 70, 104, 78, 98, 51, 112, 112, 98, 71, 120, 104, 76, 122, 85, 117, 77, 67, 65, 111, 84, 87, 70, 106, 97, 87, 53, 48, 98, 51, 78, 111, 79, 121, 66, 74, 98, 110, 82, 108, 98, 67, 66, 78, 89, 87, 77, 103, 84, 49, 77, 103, 87, 67, 65, 120, 77, 70, 56, 120, 78, 86, 56, 51, 75, 83, 66, 66, 99, 72, 66, 115, 90, 86, 100, 108, 89, 107, 116, 112, 100, 67, 56, 50, 77, 68, 85, 117, 77, 83, 52, 120, 78, 83, 65, 111, 83, 48, 104, 85, 84, 85, 119, 115, 73, 71, 120, 112, 97, 50, 85, 103, 82, 50, 86, 106, 97, 50, 56, 112, 111, 81, 120, 82, 77, 97, 69, 79, 88, 120, 65, 47, 100, 71, 86, 52, 100, 67, 57, 111, 100, 71, 49, 115, 76, 71, 70, 119, 99, 71, 120, 112, 89, 50, 70, 48, 97, 87, 57, 117, 76, 51, 104, 111, 100, 71, 49, 115, 75, 51, 104, 116, 98, 67, 120, 104, 99, 72, 66, 115, 97, 87, 78, 104, 100, 71, 108, 118, 98, 105, 57, 52, 98, 87, 119, 55, 99, 84, 48, 119, 76, 106, 107, 115, 75, 105, 56, 113, 79, 51, 69, 57, 77, 67, 52, 52, 111, 82, 66, 85, 98, 109, 57, 117, 90, 97, 69, 83, 87, 71, 53, 104, 100, 109, 108, 110, 89, 88, 82, 108, 65, 65, 103, 65, 70, 81, 65, 107, 65, 67, 56, 65, 83, 119, 66, 83, 65, 71, 69, 65, 99, 65, 66, 121, 65, 72, 115, 65, 102, 81, 68, 89, 65, 78, 111, 65, 51, 65, 68, 101, 65, 83, 65, 66, 73, 103, 69, 110, 65, 83, 107, 65, 65, 65, 65, 65, 65, 65, 65, 67, 65, 81, 65, 65, 65, 65, 65, 65, 65, 65, 65, 84, 65, 65, 65, 65, 65, 65, 65, 65, 65, 65, 65, 65, 65, 65, 65, 65, 65, 65, 65, 66, 77, 103, 61, 61, 95, 16, 88, 77, 111, 122, 105, 108, 108, 97, 47, 53, 46, 48, 32, 40, 77, 97, 99, 105, 110, 116, 111, 115, 104, 59, 32, 73, 110, 116, 101, 108, 32, 77, 97, 99, 32, 79, 83, 32, 88, 32, 49, 48, 95, 49, 53, 95, 55, 41, 32, 65, 112, 112, 108, 101, 87, 101, 98, 75, 105, 116, 47, 54, 48, 53, 46, 49, 46, 49, 53, 32, 40, 75, 72, 84, 77, 76, 44, 32, 108, 105, 107, 101, 32, 71, 101, 99, 107, 111, 41, 211, 0, 177, 0, 178, 0, 21, 1, 65, 1, 71, 0, 195, 165, 0, 216, 0, 217, 0, 218, 0, 219, 0, 220, 128, 34, 128, 35, 128, 36, 128, 37, 128, 38, 165, 0, 222, 0, 223, 0, 223, 0, 225, 0, 223, 128, 39, 128, 40, 128, 40, 128, 41, 128, 40, 128, 32, 210, 0, 178, 0, 21, 1, 79, 0, 241, 163, 0, 114, 0, 239, 0, 240, 128, 14, 128, 43, 128, 44, 128, 45, 221, 0, 89, 0, 80, 0, 98, 0, 69, 1, 85, 0, 83, 0, 21, 0, 73, 1, 86, 0, 91, 0, 86, 0, 76, 0, 95, 1, 87, 1, 88, 1, 89, 0, 126, 0, 146, 1, 91, 1, 92, 1, 93, 0, 31, 1, 95, 0, 29, 1, 97, 1, 98, 82, 36, 51, 82, 36, 52, 128, 73, 128, 56, 16, 7, 128, 4, 128, 57, 128, 75, 128, 54, 8, 16, 8, 128, 0, 128, 55, 16, 1, 35, 65, 200, 59, 58, 106, 26, 69, 2, 16, 200, 211, 0, 177, 0, 178, 0, 21, 1, 102, 1, 111, 0, 195, 168, 1, 103, 1, 104, 0, 182, 1, 106, 1, 107, 1, 108, 1, 109, 1, 110, 128, 58, 128, 59, 128, 20, 128, 60, 128, 61, 128, 62, 128, 63, 128, 64, 168, 1, 112, 1, 113, 1, 114, 1, 115, 1, 116, 1, 117, 1, 118, 1, 119, 128, 65, 128, 66, 128, 67, 128, 68, 128, 69, 128, 70, 128, 71, 128, 72, 128, 32, 84, 69, 116, 97, 103, 92, 67, 111, 110, 116, 101, 110, 116, 45, 84, 121, 112, 101, 93, 76, 97, 115, 116, 45, 77, 111, 100, 105, 102, 105, 101, 100, 93, 65, 99, 99, 101, 112, 116, 45, 82, 97, 110, 103, 101, 115, 95, 16, 19, 67, 111, 110, 116, 101, 110, 116, 45, 68, 105, 115, 112, 111, 115, 105, 116, 105, 111, 110, 94, 67, 111, 110, 116, 101, 110, 116, 45, 76, 101, 110, 103, 116, 104, 90, 67, 111, 110, 110, 101, 99, 116, 105, 111, 110, 95, 16, 28, 34, 115, 99, 114, 121, 105, 110, 103, 45, 116, 101, 115, 116, 45, 101, 116, 97, 103, 45, 100, 101, 97, 100, 98, 101, 101, 102, 34, 95, 16, 24, 97, 112, 112, 108, 105, 99, 97, 116, 105, 111, 110, 47, 111, 99, 116, 101, 116, 45, 115, 116, 114, 101, 97, 109, 95, 17, 1, 232, 13, 10, 13, 10, 89, 110, 66, 115, 97, 88, 78, 48, 77, 68, 68, 88, 65, 81, 73, 68, 66, 65, 85, 71, 66, 119, 103, 75, 68, 65, 52, 81, 69, 104, 82, 97, 81, 50, 57, 117, 98, 109, 86, 106, 100, 71, 108, 118, 98, 108, 120, 68, 98, 50, 53, 48, 90, 87, 53, 48, 76, 86, 82, 53, 99, 71, 86, 100, 84, 71, 70, 122, 100, 67, 49, 78, 98, 50, 82, 112, 90, 109, 108, 108, 90, 70, 49, 66, 89, 50, 78, 108, 99, 72, 81, 116, 85, 109, 70, 117, 90, 50, 86, 122, 88, 120, 65, 84, 81, 50, 57, 117, 100, 71, 86, 117, 100, 67, 49, 69, 97, 88, 78, 119, 98, 51, 78, 112, 100, 71, 108, 118, 98, 108, 53, 68, 98, 50, 53, 48, 90, 87, 53, 48, 76, 85, 120, 108, 98, 109, 100, 48, 97, 70, 82, 70, 100, 71, 70, 110, 111, 81, 108, 86, 89, 50, 120, 118, 99, 50, 87, 104, 67, 49, 56, 81, 71, 71, 70, 119, 99, 71, 120, 112, 89, 50, 70, 48, 97, 87, 57, 117, 76, 50, 57, 106, 100, 71, 86, 48, 76, 88, 78, 48, 99, 109, 86, 104, 98, 97, 69, 78, 88, 120, 65, 100, 84, 87, 57, 117, 76, 67, 65, 119, 77, 83, 66, 75, 89, 87, 52, 103, 77, 106, 65, 121, 78, 67, 65, 119, 77, 68, 111, 119, 77, 68, 111, 119, 77, 67, 66, 72, 84, 86, 83, 104, 68, 49, 86, 105, 101, 88, 82, 108, 99, 54, 69, 82, 88, 120, 65, 114, 89, 88, 82, 48, 89, 87, 78, 111, 98, 87, 86, 117, 100, 68, 115, 103, 90, 109, 108, 115, 90, 87, 53, 104, 98, 87, 85, 57, 73, 110, 78, 106, 99, 110, 108, 112, 98, 109, 99, 116, 90, 71, 57, 51, 98, 109, 120, 118, 89, 87, 81, 117, 89, 109, 108, 117, 73, 113, 69, 84, 86, 106, 73, 50, 77, 106, 69, 48, 78, 75, 69, 86, 88, 120, 65, 99, 73, 110, 78, 106, 99, 110, 108, 112, 98, 109, 99, 116, 100, 71, 86, 122, 100, 67, 49, 108, 100, 71, 70, 110, 76, 87, 82, 108, 89, 87, 82, 105, 90, 87, 86, 109, 73, 103, 65, 73, 65, 66, 99, 65, 73, 103, 65, 118, 65, 68, 48, 65, 83, 119, 66, 104, 65, 72, 65, 65, 100, 81, 66, 51, 65, 72, 48, 65, 102, 119, 67, 97, 65, 74, 119, 65, 118, 65, 67, 43, 65, 77, 81, 65, 120, 103, 68, 48, 65, 80, 89, 65, 47, 81, 68, 47, 65, 65, 65, 65, 65, 65, 65, 65, 65, 103, 69, 65, 65, 65, 65, 65, 65, 65, 65, 65, 70, 103, 65, 65, 65, 65, 65, 65, 65, 65, 65, 65, 65, 65, 65, 65, 65, 65, 65, 65, 65, 82, 52, 61, 95, 16, 29, 77, 111, 110, 44, 32, 48, 49, 32, 74, 97, 110, 32, 50, 48, 50, 52, 32, 48, 48, 58, 48, 48, 58, 48, 48, 32, 71, 77, 84, 85, 98, 121, 116, 101, 115, 95, 16, 43, 97, 116, 116, 97, 99, 104, 109, 101, 110, 116, 59, 32, 102, 105, 108, 101, 110, 97, 109, 101, 61, 34, 115, 99, 114, 121, 105, 110, 103, 45, 100, 111, 119, 110, 108, 111, 97, 100, 46, 98, 105, 110, 34, 86, 50, 54, 50, 49, 52, 52, 85, 99, 108, 111, 115, 101, 210, 0, 21, 1, 137, 1, 138, 1, 139, 89, 78, 83, 46, 115, 116, 114, 105, 110, 103, 128, 74, 95, 16, 24, 97, 112, 112, 108, 105, 99, 97, 116, 105, 111, 110, 47, 111, 99, 116, 101, 116, 45, 115, 116, 114, 101, 97, 109, 210, 0, 161, 0, 162, 1, 141, 1, 142, 95, 16, 15, 78, 83, 77, 117, 116, 97, 98, 108, 101, 83, 116, 114, 105, 110, 103, 163, 1, 141, 1, 143, 0, 165, 88, 78, 83, 83, 116, 114, 105, 110, 103, 210, 0, 161, 0, 162, 1, 145, 1, 146, 95, 16, 17, 78, 83, 72, 84, 84, 80, 85, 82, 76, 82, 101, 115, 112, 111, 110, 115, 101, 163, 1, 147, 1, 148, 0, 165, 95, 16, 17, 78, 83, 72, 84, 84, 80, 85, 82, 76, 82, 101, 115, 112, 111, 110, 115, 101, 93, 78, 83, 85, 82, 76, 82, 101, 115, 112, 111, 110, 115, 101, 211, 0, 154, 0, 21, 0, 155, 0, 29, 0, 157, 1, 152, 128, 0, 128, 6, 128, 77, 95, 16, 120, 102, 105, 108, 101, 58, 47, 47, 47, 85, 115, 101, 114, 115, 47, 109, 97, 114, 107, 105, 107, 47, 67, 111, 100, 101, 47, 116, 97, 114, 103, 101, 116, 115, 47, 119, 103, 112, 117, 45, 115, 99, 114, 121, 45, 104, 97, 114, 100, 119, 97, 114, 101, 47, 100, 101, 109, 111, 45, 109, 97, 99, 45, 100, 111, 119, 110, 108, 111, 97, 100, 45, 116, 101, 115, 116, 45, 49, 52, 51, 48, 50, 47, 100, 111, 119, 110, 108, 111, 97, 100, 45, 111, 117, 116, 112, 117, 116, 47, 115, 99, 114, 121, 105, 110, 103, 45, 100, 111, 119, 110, 108, 111, 97, 100, 45, 50, 46, 98, 105, 110, 210, 0, 161, 0, 162, 1, 155, 1, 156, 95, 16, 30, 78, 87, 85, 82, 76, 83, 101, 115, 115, 105, 111, 110, 68, 111, 119, 110, 108, 111, 97, 100, 82, 101, 115, 117, 109, 101, 73, 110, 102, 111, 163, 1, 157, 1, 158, 0, 165, 95, 16, 30, 78, 87, 85, 82, 76, 83, 101, 115, 115, 105, 111, 110, 68, 111, 119, 110, 108, 111, 97, 100, 82, 101, 115, 117, 109, 101, 73, 110, 102, 111, 95, 16, 22, 78, 87, 85, 82, 76, 83, 101, 115, 115, 105, 111, 110, 82, 101, 115, 117, 109, 101, 73, 110, 102, 111, 0, 8, 0, 25, 0, 34, 0, 44, 0, 49, 0, 58, 0, 63, 0, 81, 0, 86, 0, 91, 0, 93, 0, 254, 1, 4, 1, 67, 1, 82, 1, 100, 1, 134, 1, 158, 1, 167, 1, 175, 1, 212, 1, 230, 1, 237, 1, 252, 2, 16, 2, 45, 2, 54, 2, 67, 2, 77, 2, 79, 2, 81, 2, 90, 2, 91, 2, 96, 2, 98, 2, 103, 2, 105, 2, 107, 2, 109, 2, 111, 2, 112, 2, 114, 2, 116, 2, 125, 3, 104, 3, 131, 3, 152, 3, 186, 3, 209, 3, 223, 4, 0, 4, 22, 4, 57, 4, 92, 4, 104, 4, 139, 4, 174, 4, 203, 4, 238, 5, 17, 5, 52, 5, 87, 5, 122, 5, 149, 5, 184, 5, 219, 5, 244, 6, 23, 6, 63, 6, 85, 6, 119, 6, 152, 6, 177, 6, 206, 6, 240, 7, 26, 7, 57, 7, 91, 7, 106, 7, 116, 7, 139, 7, 173, 7, 224, 8, 12, 8, 46, 8, 73, 8, 104, 8, 138, 8, 157, 8, 178, 8, 212, 8, 240, 8, 243, 9, 24, 9, 37, 9, 48, 9, 51, 9, 81, 9, 115, 9, 118, 9, 154, 9, 188, 9, 189, 9, 191, 9, 192, 9, 193, 9, 195, 9, 197, 9, 199, 9, 201, 9, 203, 9, 205, 9, 207, 9, 209, 9, 211, 9, 213, 9, 215, 9, 216, 9, 218, 9, 220, 9, 221, 9, 223, 9, 224, 9, 225, 9, 227, 9, 228, 9, 229, 9, 231, 9, 233, 9, 234, 9, 236, 9, 238, 9, 239, 9, 241, 9, 242, 9, 243, 9, 245, 9, 247, 9, 249, 9, 251, 9, 252, 9, 254, 10, 0, 10, 2, 10, 3, 10, 4, 10, 5, 10, 7, 10, 8, 10, 10, 10, 12, 10, 13, 10, 15, 10, 16, 10, 29, 10, 37, 10, 49, 10, 51, 10, 53, 10, 55, 10, 94, 10, 103, 10, 114, 10, 123, 10, 129, 10, 134, 10, 143, 10, 152, 10, 165, 10, 167, 10, 169, 10, 171, 10, 210, 10, 211, 10, 214, 10, 216, 10, 220, 10, 233, 10, 241, 10, 252, 11, 11, 11, 13, 11, 15, 11, 17, 11, 19, 11, 21, 11, 23, 11, 25, 11, 40, 11, 42, 11, 44, 11, 46, 11, 48, 11, 50, 11, 52, 11, 54, 11, 56, 11, 63, 11, 78, 11, 87, 11, 115, 11, 130, 11, 141, 11, 156, 11, 222, 11, 227, 13, 227, 13, 229, 13, 238, 14, 73, 14, 82, 14, 91, 14, 113, 14, 120, 14, 133, 14, 146, 14, 157, 14, 159, 14, 161, 14, 163, 14, 165, 14, 167, 14, 178, 14, 180, 14, 182, 14, 184, 14, 186, 14, 188, 14, 190, 14, 235, 15, 30, 15, 54, 15, 81, 15, 116, 15, 155, 15, 157, 15, 167, 15, 176, 15, 183, 15, 185, 15, 187, 15, 189, 15, 191, 15, 193, 15, 195, 15, 204, 15, 212, 15, 217, 15, 226, 15, 248, 15, 255, 16, 21, 16, 34, 17, 13, 17, 14, 17, 16, 17, 17, 17, 18, 17, 20, 17, 22, 17, 24, 17, 26, 17, 28, 17, 30, 17, 32, 17, 34, 17, 36, 17, 38, 17, 39, 17, 41, 17, 43, 17, 44, 17, 46, 17, 47, 17, 48, 17, 50, 17, 51, 17, 52, 17, 54, 17, 56, 17, 57, 17, 59, 17, 61, 17, 62, 17, 64, 17, 65, 17, 66, 17, 68, 17, 70, 17, 72, 17, 74, 17, 75, 17, 77, 17, 79, 17, 80, 17, 81, 17, 82, 17, 83, 17, 85, 17, 86, 17, 88, 17, 101, 17, 116, 17, 118, 17, 120, 17, 122, 17, 124, 17, 126, 17, 128, 17, 130, 17, 145, 17, 147, 17, 149, 17, 151, 17, 153, 17, 155, 17, 157, 17, 159, 17, 161, 19, 161, 19, 252, 20, 9, 20, 20, 20, 22, 20, 24, 20, 26, 20, 28, 20, 30, 20, 41, 20, 43, 20, 45, 20, 47, 20, 49, 20, 51, 20, 53, 20, 62, 20, 69, 20, 71, 20, 73, 20, 75, 20, 77, 20, 130, 20, 133, 20, 136, 20, 138, 20, 140, 20, 142, 20, 144, 20, 146, 20, 148, 20, 150, 20, 151, 20, 153, 20, 155, 20, 157, 20, 159, 20, 168, 20, 170, 20, 183, 20, 200, 20, 202, 20, 204, 20, 206, 20, 208, 20, 210, 20, 212, 20, 214, 20, 216, 20, 233, 20, 235, 20, 237, 20, 239, 20, 241, 20, 243, 20, 245, 20, 247, 20, 249, 20, 251, 21, 0, 21, 13, 21, 27, 21, 41, 21, 63, 21, 78, 21, 89, 21, 120, 21, 147, 23, 127, 23, 159, 23, 165, 23, 211, 23, 218, 23, 224, 23, 233, 23, 243, 23, 245, 24, 16, 24, 25, 24, 43, 24, 50, 24, 59, 24, 68, 24, 88, 24, 95, 24, 115, 24, 129, 24, 142, 24, 144, 24, 146, 24, 148, 25, 15, 25, 24, 25, 57, 25, 64, 25, 97, 0, 0, 0, 0, 0, 0, 2, 2, 0, 0, 0, 0, 0, 0, 1, 159, 0, 0, 0, 0, 0, 0, 0, 0, 0, 0, 0, 0, 0, 0, 25, 122, 95, 16, 113, 47, 85, 115, 101, 114, 115, 47, 109, 97, 114, 107, 105, 107, 47, 67, 111, 100, 101, 47, 116, 97, 114, 103, 101, 116, 115, 47, 119, 103, 112, 117, 45, 115, 99, 114, 121, 45, 104, 97, 114, 100, 119, 97, 114, 101, 47, 100, 101, 109, 111, 45, 109, 97, 99, 45, 100, 111, 119, 110, 108, 111, 97, 100, 45, 116, 101, 115, 116, 45, 49, 52, 51, 48, 50, 47, 100, 111, 119, 110, 108, 111, 97, 100, 45, 111, 117, 116, 112, 117, 116, 47, 115, 99, 114, 121, 105, 110, 103, 45, 100, 111, 119, 110, 108, 111, 97, 100, 45, 50, 46, 98, 105, 110, 210, 28, 29, 30, 31, 90, 36, 99, 108, 97, 115, 115, 110, 97, 109, 101, 88, 36, 99, 108, 97, 115, 115, 101, 115, 92, 78, 83, 68, 105, 99, 116, 105, 111, 110, 97, 114, 121, 162, 30, 32, 88, 78, 83, 79, 98, 106, 101, 99, 116, 0, 8, 0, 17, 0, 26, 0, 36, 0, 41, 0, 50, 0, 55, 0, 73, 0, 76, 0, 106, 0, 108, 0, 116, 0, 122, 0, 129, 0, 137, 0, 148, 0, 155, 0, 158, 0, 160, 0, 162, 0, 165, 0, 167, 0, 169, 0, 171, 0, 176, 0, 210, 29, 174, 30, 34, 30, 39, 30, 50, 30, 59, 30, 72, 30, 75, 0, 0, 0, 0, 0, 0, 2, 1, 0, 0, 0, 0, 0, 0, 0, 33, 0, 0, 0, 0, 0, 0, 0, 0, 0, 0, 0, 0, 0, 0, 30, 84]) }
2026-10-07T12:38:50.5686950Z demo-mac: download-test: phase E: DownloadCancelled with 7862 bytes of resume_data
2026-10-07T12:38:50.5687200Z demo-mac: download-test: phase E: resume_download issued, resumed id = 5
2026-10-07T12:38:50.5687780Z demo-mac: nav event: DownloadStarted { id: DownloadId(5), url: "", suggested_filename: "scrying-download-2.bin", destination_path: "/Users/markik/Code/targets/wgpu-scry-hardware/demo-mac-download-test-14302/download-output/scrying-download-2.bin", total_bytes_expected: None }
2026-10-07T12:38:50.5688420Z demo-mac: nav event: DownloadProgress { id: DownloadId(5), bytes_written: 262144, total_bytes_expected: None }
2026-10-07T12:38:50.5688940Z demo-mac: nav event: DownloadFinished { id: DownloadId(5), destination_path: "/Users/markik/Code/targets/wgpu-scry-hardware/demo-mac-download-test-14302/download-output/scrying-download-2.bin", error: None }
2026-10-07T12:38:50.5689540Z demo-mac: download-test: phase E: resumed download produced 262144 bytes matching the expected payload
2026-10-07T12:38:50.5689940Z demo-mac: download-test: PASS — item 8 download pipeline verified
2026-10-07T12:38:50.5690220Z   - basic: DownloadStarted/Progress/Finished events landed with id 1 and bytes match served payload
2026-10-07T12:38:50.5690520Z   - host Cancel decision: DownloadCancelled fired (no Started, no Finished) for id 2
2026-10-07T12:38:50.5690750Z   - cancel_download(unknown_id): returned Ok(false) as expected
2026-10-07T12:38:50.5691370Z   - basic-auth download via start_download: shared auth handler supplied credentials, download succeeded (download-level auth callback fired = true)
2026-10-07T12:38:50.5691830Z   - resume: cancelled mid-stream (id 4), resume_download produced complete bytes (resumed id 5)
2026-10-07T12:38:50.5692060Z   -> PASS
2026-10-07T12:38:50.5692120Z 
2026-10-07T12:38:50.5692170Z ==> --profile-test
2026-10-07T12:38:50.8174280Z ps: stdout: Broken pipe
2026-10-07T12:38:50.9717700Z ps: stdout: Broken pipe
2026-10-07T12:38:51.1180000Z ps: stdout: Broken pipe
2026-10-07T12:38:51.1888680Z demo-mac: --profile-test: spun up persistent counterpart at same data_dir
2026-10-07T12:38:51.1889020Z demo-mac: profile-test: set_cookie 'scrying-profile-14500' on producer #1
2026-10-07T12:38:51.1889370Z demo-mac: profile-test: producer #1 store reports 1 cookie(s)
2026-10-07T12:38:51.1889610Z demo-mac: profile-test: producer #2 store reports 1 cookie(s)
2026-10-07T12:38:51.1890050Z demo-mac: profile-test: PASS — persistent stores at the same data_dir share cookies
2026-10-07T12:38:51.1890400Z   - set_cookie on producer #1 was visible to its own request_all_cookies
2026-10-07T12:38:51.1890820Z   - same cookie was visible to a separate persistent producer at the same data_dir
2026-10-07T12:38:51.1908330Z   -> PASS
2026-10-07T12:38:51.1925520Z 
2026-10-07T12:38:51.1925590Z ==> --two-tabs
2026-10-07T12:38:51.4561990Z ps: stdout: Broken pipe
2026-10-07T12:38:51.6031300Z ps: stdout: Broken pipe
2026-10-07T12:38:51.7719910Z ps: stdout: Broken pipe
2026-10-07T12:38:51.9160220Z ps: stdout: Broken pipe
2026-10-07T12:38:52.0579090Z ps: stdout: Broken pipe
2026-10-07T12:38:52.2095410Z ps: stdout: Broken pipe
2026-10-07T12:38:52.3685200Z ps: stdout: Broken pipe
2026-10-07T12:38:52.5302400Z ps: stdout: Broken pipe
2026-10-07T12:38:52.6907510Z ps: stdout: Broken pipe
2026-10-07T12:38:52.8498510Z ps: stdout: Broken pipe
2026-10-07T12:38:53.0084060Z ps: stdout: Broken pipe
2026-10-07T12:38:53.1664710Z ps: stdout: Broken pipe
2026-10-07T12:38:53.3227880Z ps: stdout: Broken pipe
2026-10-07T12:38:53.4825360Z ps: stdout: Broken pipe
2026-10-07T12:38:53.6379300Z ps: stdout: Broken pipe
2026-10-07T12:38:53.7970310Z ps: stdout: Broken pipe
2026-10-07T12:38:53.9552330Z ps: stdout: Broken pipe
2026-10-07T12:38:54.1135820Z ps: stdout: Broken pipe
2026-10-07T12:38:54.2712280Z ps: stdout: Broken pipe
2026-10-07T12:38:54.4278910Z ps: stdout: Broken pipe
2026-10-07T12:38:54.5877070Z ps: stdout: Broken pipe
2026-10-07T12:38:54.7487970Z ps: stdout: Broken pipe
2026-10-07T12:38:54.9108240Z ps: stdout: Broken pipe
2026-10-07T12:38:55.0723970Z ps: stdout: Broken pipe
2026-10-07T12:38:55.2348420Z ps: stdout: Broken pipe
2026-10-07T12:38:55.3970280Z ps: stdout: Broken pipe
2026-10-07T12:38:55.5593540Z ps: stdout: Broken pipe
2026-10-07T12:38:55.7217510Z ps: stdout: Broken pipe
2026-10-07T12:38:55.8820230Z ps: stdout: Broken pipe
2026-10-07T12:38:56.0423760Z ps: stdout: Broken pipe
2026-10-07T12:38:56.2023630Z ps: stdout: Broken pipe
2026-10-07T12:38:56.3624100Z ps: stdout: Broken pipe
2026-10-07T12:38:56.5203420Z ps: stdout: Broken pipe
2026-10-07T12:38:56.6781470Z ps: stdout: Broken pipe
2026-10-07T12:38:56.8414160Z ps: stdout: Broken pipe
2026-10-07T12:38:57.0035200Z ps: stdout: Broken pipe
2026-10-07T12:38:57.1655690Z ps: stdout: Broken pipe
2026-10-07T12:38:57.3273090Z ps: stdout: Broken pipe
2026-10-07T12:38:57.4891240Z ps: stdout: Broken pipe
2026-10-07T12:38:57.6508410Z ps: stdout: Broken pipe
2026-10-07T12:38:57.8104340Z ps: stdout: Broken pipe
2026-10-07T12:38:57.9701200Z ps: stdout: Broken pipe
2026-10-07T12:38:58.1302050Z ps: stdout: Broken pipe
2026-10-07T12:38:58.2916350Z ps: stdout: Broken pipe
2026-10-07T12:38:58.4537820Z ps: stdout: Broken pipe
2026-10-07T12:38:58.6161040Z ps: stdout: Broken pipe
2026-10-07T12:38:58.7785290Z ps: stdout: Broken pipe
2026-10-07T12:38:58.9407570Z ps: stdout: Broken pipe
2026-10-07T12:38:59.1036920Z ps: stdout: Broken pipe
2026-10-07T12:38:59.2622490Z ps: stdout: Broken pipe
2026-10-07T12:38:59.4177170Z ps: stdout: Broken pipe
2026-10-07T12:38:59.5796300Z ps: stdout: Broken pipe
2026-10-07T12:38:59.6590370Z demo-mac: --two-tabs: spun up second producer
2026-10-07T12:38:59.6590660Z demo-mac: nav event: Starting { url: "scrying-test://history-1" }
2026-10-07T12:38:59.6590910Z demo-mac: [tab2] nav event: Starting { url: "scrying-test://history-2" }
2026-10-07T12:38:59.6591430Z demo-mac: nav event: SourceChanged { url: "scrying-test://history-1" }
2026-10-07T12:38:59.6591710Z demo-mac: [tab2] nav event: SourceChanged { url: "scrying-test://history-2" }
2026-10-07T12:38:59.6591920Z demo-mac: js->host: loaded:history-1
2026-10-07T12:38:59.6592060Z demo-mac: [tab2] js->host: loaded:history-2
2026-10-07T12:38:59.6592290Z demo-mac: nav event: Completed { url: "scrying-test://history-1", success: true }
2026-10-07T12:38:59.6592990Z demo-mac: [tab2] nav event: Completed { url: "scrying-test://history-2", success: true }
2026-10-07T12:38:59.6593500Z demo-mac: two-tabs: PASS — multi-instance independence verified (3 tab-1 urls, 3 tab-2 urls, no cross-talk)
2026-10-07T12:38:59.6610060Z   -> PASS
2026-10-07T12:38:59.6627750Z 
2026-10-07T12:38:59.6628310Z ==> --capture-test
2026-10-07T12:38:59.9194410Z ps: stdout: Broken pipe
2026-10-07T12:39:00.0656200Z ps: stdout: Broken pipe
2026-10-07T12:39:00.2906660Z ps: stdout: Broken pipe
2026-10-07T12:39:00.4340720Z ps: stdout: Broken pipe
2026-10-07T12:39:00.5802010Z ps: stdout: Broken pipe
2026-10-07T12:39:00.7279690Z ps: stdout: Broken pipe
2026-10-07T12:39:00.8860460Z ps: stdout: Broken pipe
2026-10-07T12:39:01.0448630Z ps: stdout: Broken pipe
2026-10-07T12:39:01.1978800Z ps: stdout: Broken pipe
2026-10-07T12:39:01.3514400Z ps: stdout: Broken pipe
2026-10-07T12:39:01.5103380Z ps: stdout: Broken pipe
2026-10-07T12:39:01.6689500Z ps: stdout: Broken pipe
2026-10-07T12:39:01.8257920Z ps: stdout: Broken pipe
2026-10-07T12:39:01.9855970Z ps: stdout: Broken pipe
2026-10-07T12:39:02.1413720Z ps: stdout: Broken pipe
2026-10-07T12:39:02.3006960Z ps: stdout: Broken pipe
2026-10-07T12:39:02.4592160Z ps: stdout: Broken pipe
2026-10-07T12:39:02.6171530Z ps: stdout: Broken pipe
2026-10-07T12:39:02.7748350Z ps: stdout: Broken pipe
2026-10-07T12:39:02.9325410Z ps: stdout: Broken pipe
2026-10-07T12:39:03.0907470Z ps: stdout: Broken pipe
2026-10-07T12:39:03.2577090Z ps: stdout: Broken pipe
2026-10-07T12:39:03.3460840Z demo-mac: started loading scrying-test://capture
2026-10-07T12:39:03.3461040Z demo-mac: capture host occluded=false
2026-10-07T12:39:03.3461210Z demo-mac: nav event: Starting { url: "scrying-test://capture" }
2026-10-07T12:39:03.3461460Z demo-mac: nav event: SourceChanged { url: "scrying-test://capture" }
2026-10-07T12:39:03.3461710Z demo-mac: nav event: Completed { url: "scrying-test://capture", success: true }
2026-10-07T12:39:03.3461920Z demo-mac: start_capture_async kicked off
2026-10-07T12:39:03.3462210Z demo-mac: capture activity at 0.00s: frames=0, complete=0, idle=0, visible=Some(true), minimized=Some(false), focused=true
2026-10-07T12:39:03.3462650Z demo-mac: capture-test: PASS — SCK pipeline delivered 5 frames across [1024x1536]
2026-10-07T12:39:03.3477960Z   -> PASS
2026-10-07T12:39:03.3500780Z 
2026-10-07T12:39:03.3500920Z ==> --capture-test+resize
2026-10-07T12:39:03.6164170Z ps: stdout: Broken pipe
2026-10-07T12:39:03.7598420Z ps: stdout: Broken pipe
2026-10-07T12:39:03.9035310Z ps: stdout: Broken pipe
2026-10-07T12:39:04.0479830Z ps: stdout: Broken pipe
2026-10-07T12:39:04.2008760Z ps: stdout: Broken pipe
2026-10-07T12:39:04.3606890Z ps: stdout: Broken pipe
2026-10-07T12:39:04.5202410Z ps: stdout: Broken pipe
2026-10-07T12:39:04.6786050Z ps: stdout: Broken pipe
2026-10-07T12:39:04.8385600Z ps: stdout: Broken pipe
2026-10-07T12:39:04.9932290Z ps: stdout: Broken pipe
2026-10-07T12:39:05.1503770Z ps: stdout: Broken pipe
2026-10-07T12:39:05.3079610Z ps: stdout: Broken pipe
2026-10-07T12:39:05.4667070Z ps: stdout: Broken pipe
2026-10-07T12:39:05.6280870Z ps: stdout: Broken pipe
2026-10-07T12:39:05.7896940Z ps: stdout: Broken pipe
2026-10-07T12:39:05.9512950Z ps: stdout: Broken pipe
2026-10-07T12:39:06.1106100Z ps: stdout: Broken pipe
2026-10-07T12:39:06.2692540Z ps: stdout: Broken pipe
2026-10-07T12:39:06.4274070Z ps: stdout: Broken pipe
2026-10-07T12:39:06.5857500Z ps: stdout: Broken pipe
2026-10-07T12:39:06.7427670Z ps: stdout: Broken pipe
2026-10-07T12:39:06.9074800Z ps: stdout: Broken pipe
2026-10-07T12:39:07.0820270Z ps: stdout: Broken pipe
2026-10-07T12:39:07.2408230Z ps: stdout: Broken pipe
2026-10-07T12:39:07.3993930Z ps: stdout: Broken pipe
2026-10-07T12:39:07.5571830Z ps: stdout: Broken pipe
2026-10-07T12:39:07.7180120Z ps: stdout: Broken pipe
2026-10-07T12:39:07.8784290Z ps: stdout: Broken pipe
2026-10-07T12:39:08.0342950Z ps: stdout: Broken pipe
2026-10-07T12:39:08.1924690Z ps: stdout: Broken pipe
2026-10-07T12:39:08.3507280Z ps: stdout: Broken pipe
2026-10-07T12:39:08.5115230Z ps: stdout: Broken pipe
2026-10-07T12:39:08.6700030Z ps: stdout: Broken pipe
2026-10-07T12:39:08.8291910Z ps: stdout: Broken pipe
2026-10-07T12:39:08.9845100Z ps: stdout: Broken pipe
2026-10-07T12:39:09.1440730Z ps: stdout: Broken pipe
2026-10-07T12:39:09.3006910Z ps: stdout: Broken pipe
2026-10-07T12:39:09.4594060Z ps: stdout: Broken pipe
2026-10-07T12:39:09.6187270Z ps: stdout: Broken pipe
2026-10-07T12:39:09.7776510Z ps: stdout: Broken pipe
2026-10-07T12:39:09.9374300Z ps: stdout: Broken pipe
2026-10-07T12:39:10.0949540Z ps: stdout: Broken pipe
2026-10-07T12:39:10.2535770Z ps: stdout: Broken pipe
2026-10-07T12:39:10.4134830Z ps: stdout: Broken pipe
2026-10-07T12:39:10.5690440Z ps: stdout: Broken pipe
2026-10-07T12:39:10.7240310Z ps: stdout: Broken pipe
2026-10-07T12:39:10.8836690Z ps: stdout: Broken pipe
2026-10-07T12:39:11.0424920Z ps: stdout: Broken pipe
2026-10-07T12:39:11.2020670Z ps: stdout: Broken pipe
2026-10-07T12:39:11.3599200Z ps: stdout: Broken pipe
2026-10-07T12:39:11.5210830Z ps: stdout: Broken pipe
2026-10-07T12:39:11.6804330Z ps: stdout: Broken pipe
2026-10-07T12:39:11.8397590Z ps: stdout: Broken pipe
2026-10-07T12:39:11.9979670Z ps: stdout: Broken pipe
2026-10-07T12:39:12.1579330Z ps: stdout: Broken pipe
2026-10-07T12:39:12.3193140Z ps: stdout: Broken pipe
2026-10-07T12:39:12.4798060Z ps: stdout: Broken pipe
2026-10-07T12:39:12.6398440Z ps: stdout: Broken pipe
2026-10-07T12:39:12.7987640Z ps: stdout: Broken pipe
2026-10-07T12:39:12.9537050Z ps: stdout: Broken pipe
2026-10-07T12:39:13.1158960Z ps: stdout: Broken pipe
2026-10-07T12:39:13.2701390Z ps: stdout: Broken pipe
2026-10-07T12:39:13.4261730Z ps: stdout: Broken pipe
2026-10-07T12:39:13.5825920Z ps: stdout: Broken pipe
2026-10-07T12:39:13.7403400Z ps: stdout: Broken pipe
2026-10-07T12:39:13.9002090Z ps: stdout: Broken pipe
2026-10-07T12:39:14.0572120Z ps: stdout: Broken pipe
2026-10-07T12:39:14.2191290Z ps: stdout: Broken pipe
2026-10-07T12:39:14.3767540Z ps: stdout: Broken pipe
2026-10-07T12:39:14.5335130Z ps: stdout: Broken pipe
2026-10-07T12:39:14.6935040Z ps: stdout: Broken pipe
2026-10-07T12:39:14.8526820Z ps: stdout: Broken pipe
2026-10-07T12:39:15.0105730Z ps: stdout: Broken pipe
2026-10-07T12:39:15.1664210Z ps: stdout: Broken pipe
2026-10-07T12:39:15.3246030Z ps: stdout: Broken pipe
2026-10-07T12:39:15.4836890Z ps: stdout: Broken pipe
2026-10-07T12:39:15.6407810Z ps: stdout: Broken pipe
2026-10-07T12:39:15.8002910Z ps: stdout: Broken pipe
2026-10-07T12:39:15.9602440Z ps: stdout: Broken pipe
2026-10-07T12:39:16.1207810Z ps: stdout: Broken pipe
2026-10-07T12:39:16.2794220Z ps: stdout: Broken pipe
2026-10-07T12:39:16.4337350Z ps: stdout: Broken pipe
2026-10-07T12:39:16.5922280Z ps: stdout: Broken pipe
2026-10-07T12:39:16.7501190Z ps: stdout: Broken pipe
2026-10-07T12:39:16.9105250Z ps: stdout: Broken pipe
2026-10-07T12:39:17.0673310Z ps: stdout: Broken pipe
2026-10-07T12:39:17.2268260Z ps: stdout: Broken pipe
2026-10-07T12:39:17.3843120Z ps: stdout: Broken pipe
2026-10-07T12:39:17.5376040Z ps: stdout: Broken pipe
2026-10-07T12:39:17.6964270Z ps: stdout: Broken pipe
2026-10-07T12:39:17.8587870Z ps: stdout: Broken pipe
2026-10-07T12:39:18.0175310Z ps: stdout: Broken pipe
2026-10-07T12:39:18.1787530Z ps: stdout: Broken pipe
2026-10-07T12:39:18.3344660Z ps: stdout: Broken pipe
2026-10-07T12:39:18.4905480Z ps: stdout: Broken pipe
2026-10-07T12:39:18.6492660Z ps: stdout: Broken pipe
2026-10-07T12:39:18.8073000Z ps: stdout: Broken pipe
2026-10-07T12:39:18.9663360Z ps: stdout: Broken pipe
2026-10-07T12:39:19.1258830Z ps: stdout: Broken pipe
2026-10-07T12:39:19.2844000Z ps: stdout: Broken pipe
2026-10-07T12:39:19.4419350Z ps: stdout: Broken pipe
2026-10-07T12:39:19.6029520Z ps: stdout: Broken pipe
2026-10-07T12:39:19.7618000Z ps: stdout: Broken pipe
2026-10-07T12:39:19.9201150Z ps: stdout: Broken pipe
2026-10-07T12:39:20.0779990Z ps: stdout: Broken pipe
2026-10-07T12:39:20.2358150Z ps: stdout: Broken pipe
2026-10-07T12:39:20.3948120Z ps: stdout: Broken pipe
2026-10-07T12:39:20.5564110Z ps: stdout: Broken pipe
2026-10-07T12:39:20.7182030Z ps: stdout: Broken pipe
2026-10-07T12:39:20.8773740Z ps: stdout: Broken pipe
2026-10-07T12:39:20.9568280Z demo-mac: started loading scrying-test://capture
2026-10-07T12:39:20.9568500Z demo-mac: capture host occluded=false
2026-10-07T12:39:20.9569120Z demo-mac: nav event: Starting { url: "scrying-test://capture" }
2026-10-07T12:39:20.9569400Z demo-mac: nav event: SourceChanged { url: "scrying-test://capture" }
2026-10-07T12:39:20.9569670Z demo-mac: nav event: Completed { url: "scrying-test://capture", success: true }
2026-10-07T12:39:20.9569890Z demo-mac: start_capture_async kicked off
2026-10-07T12:39:20.9570170Z demo-mac: capture activity at 0.00s: frames=0, complete=1, idle=0, visible=Some(true), minimized=Some(false), focused=true
2026-10-07T12:39:20.9570860Z demo-mac: capture activity at 1.02s: frames=57, complete=60, idle=0, visible=Some(true), minimized=Some(false), focused=true
2026-10-07T12:39:20.9571850Z demo-mac: capture activity at 2.03s: frames=114, complete=118, idle=0, visible=Some(true), minimized=Some(false), focused=true
2026-10-07T12:39:20.9572260Z demo-mac: capture activity at 3.03s: frames=171, complete=176, idle=0, visible=Some(true), minimized=Some(false), focused=true
2026-10-07T12:39:20.9572650Z demo-mac: capture activity at 4.05s: frames=230, complete=235, idle=0, visible=Some(true), minimized=Some(false), focused=true
2026-10-07T12:39:20.9573120Z demo-mac: capture activity at 5.06s: frames=289, complete=294, idle=0, visible=Some(true), minimized=Some(false), focused=true
2026-10-07T12:39:20.9573580Z demo-mac: resize-test step 0 → request logical inner_size = 1280x800
2026-10-07T12:39:20.9573910Z demo-mac: capture activity at 6.07s: frames=345, complete=352, idle=0, visible=Some(true), minimized=Some(false), focused=true
2026-10-07T12:39:20.9574310Z demo-mac: capture activity at 7.08s: frames=403, complete=410, idle=0, visible=Some(true), minimized=Some(false), focused=true
2026-10-07T12:39:20.9574820Z demo-mac: capture activity at 8.08s: frames=461, complete=468, idle=0, visible=Some(true), minimized=Some(false), focused=true
2026-10-07T12:39:20.9575270Z demo-mac: capture activity at 9.10s: frames=519, complete=527, idle=0, visible=Some(true), minimized=Some(false), focused=true
2026-10-07T12:39:20.9575640Z demo-mac: resize-test step 1 → request logical inner_size = 768x600
2026-10-07T12:39:20.9575950Z demo-mac: capture activity at 10.10s: frames=576, complete=586, idle=0, visible=Some(true), minimized=Some(false), focused=true
2026-10-07T12:39:20.9576340Z demo-mac: capture activity at 11.12s: frames=634, complete=644, idle=0, visible=Some(true), minimized=Some(false), focused=true
2026-10-07T12:39:20.9576900Z demo-mac: capture activity at 12.13s: frames=693, complete=703, idle=0, visible=Some(true), minimized=Some(false), focused=true
2026-10-07T12:39:20.9577300Z demo-mac: capture activity at 13.15s: frames=752, complete=762, idle=0, visible=Some(true), minimized=Some(false), focused=true
2026-10-07T12:39:20.9577760Z demo-mac: resize-test step 2 → request logical inner_size = 1024x700
2026-10-07T12:39:20.9578110Z demo-mac: capture-test: PASS — SCK pipeline delivered 805 frames across [768x1200, 1024x1400, 1024x1536, 1280x1600]
2026-10-07T12:39:20.9587440Z   -> PASS
2026-10-07T12:39:20.9608820Z 
2026-10-07T12:39:20.9609160Z ==> summary
2026-10-07T12:39:20.9609260Z   passed: 10 / 10
2026-10-07T12:39:20.9609350Z   failed: 0
2026-10-07T12:39:20.9609450Z   all PASS
2026-10-07T12:39:21.0133550Z ##[group]Run bash scripts/test-mac.sh
2026-10-07T12:39:21.0133690Z [36;1mbash scripts/test-mac.sh[0m
2026-10-07T12:39:21.0147920Z shell: /bin/bash -e {0}
2026-10-07T12:39:21.0148030Z env:
2026-10-07T12:39:21.0148120Z   CARGO_NET_GIT_FETCH_WITH_CLI: true
2026-10-07T12:39:21.0148230Z   RUSTFLAGS: -D warnings
2026-10-07T12:39:21.0148370Z   CARGO_TARGET_DIR: /Users/markik/Code/targets/wgpu-scry-hardware
2026-10-07T12:39:21.0148510Z   CAPTURE: 1
2026-10-07T12:39:21.0148590Z   TIMEOUT: 90
2026-10-07T12:39:21.0148670Z   VISIBLE: 1
2026-10-07T12:39:21.0148750Z   CARGO_HOME: /Users/markik/.cargo
2026-10-07T12:39:21.0148860Z   CARGO_INCREMENTAL: 0
2026-10-07T12:39:21.0148950Z   CARGO_TERM_COLOR: always
2026-10-07T12:39:21.0149040Z   CAPTURE_ACTIVITY: 1
2026-10-07T12:39:21.0149120Z ##[endgroup]
2026-10-07T12:39:23.0502640Z ==> ScreenCaptureKit display-awake hold active
2026-10-07T12:39:23.0506310Z ==> building demo-mac
2026-10-07T12:39:23.4905290Z /Users/markik/Code/targets/wgpu-scry-hardware/debug/scry-demo-mac-hardware.app: replacing existing signature
2026-10-07T12:39:23.6591010Z ==> code-signing identity: -
2026-10-07T12:39:23.6625960Z Executable=/Users/markik/Code/targets/wgpu-scry-hardware/debug/scry-demo-mac-hardware.app/Contents/MacOS/demo-mac
2026-10-07T12:39:23.6626300Z designated => identifier "org.merely.scry.hardware-demo"
2026-10-07T12:39:23.6628220Z ==> LaunchServices app: /Users/markik/Code/targets/wgpu-scry-hardware/debug/scry-demo-mac-hardware.app
2026-10-07T12:39:23.6629520Z 
2026-10-07T12:39:23.6629870Z ==> --capture-test
2026-10-07T12:39:23.9453590Z ps: stdout: Broken pipe
2026-10-07T12:39:24.0834050Z ps: stdout: Broken pipe
2026-10-07T12:39:24.2488150Z ps: stdout: Broken pipe
2026-10-07T12:39:24.4085930Z ps: stdout: Broken pipe
2026-10-07T12:39:24.5502730Z ps: stdout: Broken pipe
2026-10-07T12:39:24.7118540Z ps: stdout: Broken pipe
2026-10-07T12:39:24.8621970Z ps: stdout: Broken pipe
2026-10-07T12:39:25.0182400Z ps: stdout: Broken pipe
2026-10-07T12:39:25.1754770Z ps: stdout: Broken pipe
2026-10-07T12:39:25.3362500Z ps: stdout: Broken pipe
2026-10-07T12:39:25.4947240Z ps: stdout: Broken pipe
2026-10-07T12:39:25.6518420Z ps: stdout: Broken pipe
2026-10-07T12:39:25.8088950Z ps: stdout: Broken pipe
2026-10-07T12:39:25.9713960Z ps: stdout: Broken pipe
2026-10-07T12:39:26.1338270Z ps: stdout: Broken pipe
2026-10-07T12:39:26.2925090Z ps: stdout: Broken pipe
2026-10-07T12:39:26.4533290Z ps: stdout: Broken pipe
2026-10-07T12:39:26.6147970Z ps: stdout: Broken pipe
2026-10-07T12:39:26.7763310Z ps: stdout: Broken pipe
2026-10-07T12:39:26.9391430Z ps: stdout: Broken pipe
2026-10-07T12:39:27.1012970Z ps: stdout: Broken pipe
2026-10-07T12:39:27.2629670Z ps: stdout: Broken pipe
2026-10-07T12:39:27.4254270Z ps: stdout: Broken pipe
2026-10-07T12:39:27.5922460Z ps: stdout: Broken pipe
2026-10-07T12:39:27.6950410Z demo-mac: started loading scrying-test://capture?activity=1
2026-10-07T12:39:27.6950680Z demo-mac: capture host occluded=false
2026-10-07T12:39:27.6950910Z demo-mac: nav event: Starting { url: "scrying-test://capture?activity=1" }
2026-10-07T12:39:27.6951180Z demo-mac: nav event: SourceChanged { url: "scrying-test://capture?activity=1" }
2026-10-07T12:39:27.6951740Z demo-mac: js->host: capture-activity:{"kind":"ready","elapsedMs":2,"visibility":"visible","focused":false,"viewport":[512,768,2],"animationFrames":0,"timerTicks":0,"background":"rgb(23, 97, 181)","animations":[{"state":"running","currentTime":0}]}
2026-10-07T12:39:27.6952420Z demo-mac: nav event: Completed { url: "scrying-test://capture?activity=1", success: true }
2026-10-07T12:39:27.6953060Z demo-mac: js->host: capture-activity:{"kind":"timer","elapsedMs":1003,"visibility":"visible","focused":false,"viewport":[512,768,2],"animationFrames":57,"timerTicks":1,"background":"rgb(23, 97, 181)","animations":[{"state":"running","currentTime":987}]}
2026-10-07T12:39:27.6954390Z demo-mac: js->host: capture-activity:{"kind":"timer","elapsedMs":2004,"visibility":"visible","focused":false,"viewport":[512,768,2],"animationFrames":117,"timerTicks":2,"background":"rgb(23, 97, 181)","animations":[{"state":"running","currentTime":1987}]}
2026-10-07T12:39:27.6954960Z demo-mac: start_capture_async kicked off
2026-10-07T12:39:27.6955260Z demo-mac: capture activity at 0.00s: frames=0, complete=0, idle=0, visible=Some(true), minimized=Some(false), focused=true
2026-10-07T12:39:27.6955840Z demo-mac: js->host: capture-activity:{"kind":"timer","elapsedMs":3005,"visibility":"visible","focused":false,"viewport":[512,768,2],"animationFrames":177,"timerTicks":3,"background":"rgb(23, 97, 181)","animations":[{"state":"running","currentTime":2987}]}
2026-10-07T12:39:27.6956580Z demo-mac: capture-test: PASS — SCK pipeline delivered 5 frames across [1024x1536]
2026-10-07T12:39:27.6971350Z   -> PASS
2026-10-07T12:39:27.6992000Z 
2026-10-07T12:39:27.6992800Z ==> --capture-test+resize
2026-10-07T12:39:27.9497410Z ps: stdout: Broken pipe
2026-10-07T12:39:28.0961070Z ps: stdout: Broken pipe
2026-10-07T12:39:28.2407290Z ps: stdout: Broken pipe
2026-10-07T12:39:28.3917770Z ps: stdout: Broken pipe
2026-10-07T12:39:28.5489480Z ps: stdout: Broken pipe
2026-10-07T12:39:28.7108540Z ps: stdout: Broken pipe
2026-10-07T12:39:28.8722650Z ps: stdout: Broken pipe
2026-10-07T12:39:29.0314720Z ps: stdout: Broken pipe
2026-10-07T12:39:29.1908230Z ps: stdout: Broken pipe
2026-10-07T12:39:29.3492700Z ps: stdout: Broken pipe
2026-10-07T12:39:29.5079030Z ps: stdout: Broken pipe
2026-10-07T12:39:29.6655630Z ps: stdout: Broken pipe
2026-10-07T12:39:29.8238370Z ps: stdout: Broken pipe
2026-10-07T12:39:29.9818370Z ps: stdout: Broken pipe
2026-10-07T12:39:30.1399870Z ps: stdout: Broken pipe
2026-10-07T12:39:30.2999430Z ps: stdout: Broken pipe
2026-10-07T12:39:30.4602790Z ps: stdout: Broken pipe
2026-10-07T12:39:30.6181550Z ps: stdout: Broken pipe
2026-10-07T12:39:30.7756800Z ps: stdout: Broken pipe
2026-10-07T12:39:30.9368760Z ps: stdout: Broken pipe
2026-10-07T12:39:31.0922240Z ps: stdout: Broken pipe
2026-10-07T12:39:31.2490560Z ps: stdout: Broken pipe
2026-10-07T12:39:31.4244000Z ps: stdout: Broken pipe
2026-10-07T12:39:31.5886850Z ps: stdout: Broken pipe
2026-10-07T12:39:31.7513360Z ps: stdout: Broken pipe
2026-10-07T12:39:31.9143100Z ps: stdout: Broken pipe
2026-10-07T12:39:32.0744010Z ps: stdout: Broken pipe
2026-10-07T12:39:32.2330310Z ps: stdout: Broken pipe
2026-10-07T12:39:32.3927610Z ps: stdout: Broken pipe
2026-10-07T12:39:32.5518420Z ps: stdout: Broken pipe
2026-10-07T12:39:32.7112080Z ps: stdout: Broken pipe
2026-10-07T12:39:32.8679920Z ps: stdout: Broken pipe
2026-10-07T12:39:33.0215420Z ps: stdout: Broken pipe
2026-10-07T12:39:33.1745230Z ps: stdout: Broken pipe
2026-10-07T12:39:33.3343050Z ps: stdout: Broken pipe
2026-10-07T12:39:33.4922840Z ps: stdout: Broken pipe
2026-10-07T12:39:33.6515810Z ps: stdout: Broken pipe
2026-10-07T12:39:33.8099880Z ps: stdout: Broken pipe
2026-10-07T12:39:33.9666360Z ps: stdout: Broken pipe
2026-10-07T12:39:34.1244960Z ps: stdout: Broken pipe
2026-10-07T12:39:34.2782930Z ps: stdout: Broken pipe
2026-10-07T12:39:34.4347380Z ps: stdout: Broken pipe
2026-10-07T12:39:34.5936260Z ps: stdout: Broken pipe
2026-10-07T12:39:34.7517630Z ps: stdout: Broken pipe
2026-10-07T12:39:34.9096900Z ps: stdout: Broken pipe
2026-10-07T12:39:35.0672750Z ps: stdout: Broken pipe
2026-10-07T12:39:35.2261850Z ps: stdout: Broken pipe
2026-10-07T12:39:35.3845800Z ps: stdout: Broken pipe
2026-10-07T12:39:35.5442490Z ps: stdout: Broken pipe
2026-10-07T12:39:35.7043560Z ps: stdout: Broken pipe
2026-10-07T12:39:35.8656890Z ps: stdout: Broken pipe
2026-10-07T12:39:36.0282840Z ps: stdout: Broken pipe
2026-10-07T12:39:36.1873810Z ps: stdout: Broken pipe
2026-10-07T12:39:36.3460130Z ps: stdout: Broken pipe
2026-10-07T12:39:36.5054610Z ps: stdout: Broken pipe
2026-10-07T12:39:36.6655180Z ps: stdout: Broken pipe
2026-10-07T12:39:36.8247230Z ps: stdout: Broken pipe
2026-10-07T12:39:36.9811390Z ps: stdout: Broken pipe
2026-10-07T12:39:37.1342410Z ps: stdout: Broken pipe
2026-10-07T12:39:37.2845340Z ps: stdout: Broken pipe
2026-10-07T12:39:37.4440680Z ps: stdout: Broken pipe
2026-10-07T12:39:37.6033890Z ps: stdout: Broken pipe
2026-10-07T12:39:37.7591250Z ps: stdout: Broken pipe
2026-10-07T12:39:37.9186830Z ps: stdout: Broken pipe
2026-10-07T12:39:38.0773690Z ps: stdout: Broken pipe
2026-10-07T12:39:38.2347180Z ps: stdout: Broken pipe
2026-10-07T12:39:38.3946870Z ps: stdout: Broken pipe
2026-10-07T12:39:38.5512250Z ps: stdout: Broken pipe
2026-10-07T12:39:38.7112950Z ps: stdout: Broken pipe
2026-10-07T12:39:38.8711550Z ps: stdout: Broken pipe
2026-10-07T12:39:39.0333250Z ps: stdout: Broken pipe
2026-10-07T12:39:39.1912380Z ps: stdout: Broken pipe
2026-10-07T12:39:39.3498900Z ps: stdout: Broken pipe
2026-10-07T12:39:39.5012520Z ps: stdout: Broken pipe
2026-10-07T12:39:39.6543210Z ps: stdout: Broken pipe
2026-10-07T12:39:39.8115770Z ps: stdout: Broken pipe
2026-10-07T12:39:39.9673000Z ps: stdout: Broken pipe
2026-10-07T12:39:40.1267920Z ps: stdout: Broken pipe
2026-10-07T12:39:40.2857490Z ps: stdout: Broken pipe
2026-10-07T12:39:40.4439660Z ps: stdout: Broken pipe
2026-10-07T12:39:40.6028620Z ps: stdout: Broken pipe
2026-10-07T12:39:40.7613600Z ps: stdout: Broken pipe
2026-10-07T12:39:40.9198530Z ps: stdout: Broken pipe
2026-10-07T12:39:41.0793390Z ps: stdout: Broken pipe
2026-10-07T12:39:41.2409590Z ps: stdout: Broken pipe
2026-10-07T12:39:41.3993530Z ps: stdout: Broken pipe
2026-10-07T12:39:41.5585260Z ps: stdout: Broken pipe
2026-10-07T12:39:41.7166530Z ps: stdout: Broken pipe
2026-10-07T12:39:41.8735630Z ps: stdout: Broken pipe
2026-10-07T12:39:42.0310520Z ps: stdout: Broken pipe
2026-10-07T12:39:42.1885330Z ps: stdout: Broken pipe
2026-10-07T12:39:42.3480460Z ps: stdout: Broken pipe
2026-10-07T12:39:42.5013550Z ps: stdout: Broken pipe
2026-10-07T12:39:42.6577920Z ps: stdout: Broken pipe
2026-10-07T12:39:42.8183990Z ps: stdout: Broken pipe
2026-10-07T12:39:42.9796840Z ps: stdout: Broken pipe
2026-10-07T12:39:43.1398490Z ps: stdout: Broken pipe
2026-10-07T12:39:43.2997290Z ps: stdout: Broken pipe
2026-10-07T12:39:43.4620180Z ps: stdout: Broken pipe
2026-10-07T12:39:43.6203920Z ps: stdout: Broken pipe
2026-10-07T12:39:43.7782530Z ps: stdout: Broken pipe
2026-10-07T12:39:43.9389000Z ps: stdout: Broken pipe
2026-10-07T12:39:44.0981970Z ps: stdout: Broken pipe
2026-10-07T12:39:44.2524370Z ps: stdout: Broken pipe
2026-10-07T12:39:44.4108690Z ps: stdout: Broken pipe
2026-10-07T12:39:44.5713680Z ps: stdout: Broken pipe
2026-10-07T12:39:44.7314340Z ps: stdout: Broken pipe
2026-10-07T12:39:44.8935110Z ps: stdout: Broken pipe
2026-10-07T12:39:45.0535720Z ps: stdout: Broken pipe
2026-10-07T12:39:45.2096550Z ps: stdout: Broken pipe
2026-10-07T12:39:45.2970110Z demo-mac: started loading scrying-test://capture?activity=1
2026-10-07T12:39:45.2970330Z demo-mac: capture host occluded=false
2026-10-07T12:39:45.2970650Z demo-mac: nav event: Starting { url: "scrying-test://capture?activity=1" }
2026-10-07T12:39:45.2970980Z demo-mac: nav event: SourceChanged { url: "scrying-test://capture?activity=1" }
2026-10-07T12:39:45.2971560Z demo-mac: js->host: capture-activity:{"kind":"ready","elapsedMs":1,"visibility":"visible","focused":false,"viewport":[512,768,2],"animationFrames":0,"timerTicks":0,"background":"rgb(23, 97, 181)","animations":[{"state":"running","currentTime":0}]}
2026-10-07T12:39:45.2972130Z demo-mac: nav event: Completed { url: "scrying-test://capture?activity=1", success: true }
2026-10-07T12:39:45.2972680Z demo-mac: js->host: capture-activity:{"kind":"timer","elapsedMs":1001,"visibility":"visible","focused":false,"viewport":[512,768,2],"animationFrames":58,"timerTicks":1,"background":"rgb(23, 97, 181)","animations":[{"state":"running","currentTime":997}]}
2026-10-07T12:39:45.2973490Z demo-mac: js->host: capture-activity:{"kind":"timer","elapsedMs":2002,"visibility":"visible","focused":false,"viewport":[512,768,2],"animationFrames":118,"timerTicks":2,"background":"rgb(23, 97, 181)","animations":[{"state":"running","currentTime":1997}]}
2026-10-07T12:39:45.2974030Z demo-mac: start_capture_async kicked off
2026-10-07T12:39:45.2974840Z demo-mac: js->host: capture-activity:{"kind":"timer","elapsedMs":3002,"visibility":"visible","focused":false,"viewport":[512,768,2],"animationFrames":178,"timerTicks":3,"background":"rgb(23, 97, 181)","animations":[{"state":"running","currentTime":2997}]}
2026-10-07T12:39:45.2975440Z demo-mac: capture activity at 0.00s: frames=0, complete=1, idle=0, visible=Some(true), minimized=Some(false), focused=true
2026-10-07T12:39:45.2975840Z demo-mac: capture activity at 1.01s: frames=54, complete=60, idle=0, visible=Some(true), minimized=Some(false), focused=true
2026-10-07T12:39:45.2976420Z demo-mac: js->host: capture-activity:{"kind":"timer","elapsedMs":4003,"visibility":"visible","focused":false,"viewport":[512,768,2],"animationFrames":232,"timerTicks":4,"background":"rgb(221, 79, 54)","animations":[{"state":"running","currentTime":3994}]}
2026-10-07T12:39:45.2977200Z demo-mac: js->host: capture-activity:{"kind":"timer","elapsedMs":5003,"visibility":"visible","focused":false,"viewport":[512,768,2],"animationFrames":289,"timerTicks":5,"background":"rgb(221, 79, 54)","animations":[{"state":"running","currentTime":4998}]}
2026-10-07T12:39:45.2977770Z demo-mac: capture activity at 2.03s: frames=108, complete=118, idle=0, visible=Some(true), minimized=Some(false), focused=true
2026-10-07T12:39:45.2978350Z demo-mac: js->host: capture-activity:{"kind":"timer","elapsedMs":6004,"visibility":"visible","focused":false,"viewport":[512,768,2],"animationFrames":343,"timerTicks":6,"background":"rgb(221, 79, 54)","animations":[{"state":"running","currentTime":5995}]}
2026-10-07T12:39:45.2978930Z demo-mac: capture activity at 3.04s: frames=163, complete=177, idle=0, visible=Some(true), minimized=Some(false), focused=true
2026-10-07T12:39:45.2979670Z demo-mac: js->host: capture-activity:{"kind":"timer","elapsedMs":7005,"visibility":"visible","focused":false,"viewport":[512,768,2],"animationFrames":398,"timerTicks":7,"background":"rgb(23, 97, 181)","animations":[{"state":"running","currentTime":6995}]}
2026-10-07T12:39:45.2980250Z demo-mac: capture activity at 4.06s: frames=218, complete=236, idle=0, visible=Some(true), minimized=Some(false), focused=true
2026-10-07T12:39:45.2980830Z demo-mac: js->host: capture-activity:{"kind":"timer","elapsedMs":8009,"visibility":"visible","focused":false,"viewport":[512,768,2],"animationFrames":453,"timerTicks":8,"background":"rgb(23, 97, 181)","animations":[{"state":"running","currentTime":7992}]}
2026-10-07T12:39:45.2981410Z demo-mac: capture activity at 5.06s: frames=274, complete=294, idle=0, visible=Some(true), minimized=Some(false), focused=true
2026-10-07T12:39:45.2981820Z demo-mac: resize-test step 0 → request logical inner_size = 1280x800
2026-10-07T12:39:45.2982320Z demo-mac: js->host: capture-activity:{"kind":"timer","elapsedMs":9013,"visibility":"visible","focused":false,"viewport":[512,768,2],"animationFrames":508,"timerTicks":9,"background":"rgb(23, 97, 181)","animations":[{"state":"running","currentTime":8998}]}
2026-10-07T12:39:45.2983080Z demo-mac: js->host: capture-activity:{"kind":"resize","elapsedMs":9035,"visibility":"visible","focused":false,"viewport":[640,800,2],"animationFrames":508,"timerTicks":9,"background":"rgb(221, 79, 54)","animations":[{"state":"running","currentTime":9033}]}
2026-10-07T12:39:45.2983650Z demo-mac: capture activity at 6.08s: frames=325, complete=352, idle=0, visible=Some(true), minimized=Some(false), focused=true
2026-10-07T12:39:45.2984250Z demo-mac: js->host: capture-activity:{"kind":"timer","elapsedMs":10016,"visibility":"visible","focused":false,"viewport":[640,800,2],"animationFrames":562,"timerTicks":10,"background":"rgb(221, 79, 54)","animations":[{"state":"running","currentTime":10015}]}
2026-10-07T12:39:45.2984830Z demo-mac: capture activity at 7.08s: frames=379, complete=410, idle=0, visible=Some(true), minimized=Some(false), focused=true
2026-10-07T12:39:45.2985420Z demo-mac: js->host: capture-activity:{"kind":"timer","elapsedMs":11021,"visibility":"visible","focused":false,"viewport":[640,800,2],"animationFrames":616,"timerTicks":11,"background":"rgb(221, 79, 54)","animations":[{"state":"running","currentTime":11012}]}
2026-10-07T12:39:45.2987050Z demo-mac: capture activity at 8.08s: frames=435, complete=468, idle=0, visible=Some(true), minimized=Some(false), focused=true
2026-10-07T12:39:45.2987740Z demo-mac: js->host: capture-activity:{"kind":"timer","elapsedMs":12025,"visibility":"visible","focused":false,"viewport":[640,800,2],"animationFrames":670,"timerTicks":12,"background":"rgb(23, 97, 181)","animations":[{"state":"running","currentTime":12012}]}
2026-10-07T12:39:45.2988360Z demo-mac: capture activity at 9.10s: frames=489, complete=527, idle=0, visible=Some(true), minimized=Some(false), focused=true
2026-10-07T12:39:45.2988740Z demo-mac: resize-test step 1 → request logical inner_size = 768x600
2026-10-07T12:39:45.2989490Z demo-mac: js->host: capture-activity:{"kind":"timer","elapsedMs":13029,"visibility":"visible","focused":false,"viewport":[640,800,2],"animationFrames":725,"timerTicks":13,"background":"rgb(23, 97, 181)","animations":[{"state":"running","currentTime":13012}]}
2026-10-07T12:39:45.2990370Z demo-mac: js->host: capture-activity:{"kind":"resize","elapsedMs":13046,"visibility":"visible","focused":false,"viewport":[384,600,2],"animationFrames":725,"timerTicks":13,"background":"rgb(23, 97, 181)","animations":[{"state":"running","currentTime":13044}]}
2026-10-07T12:39:45.2991000Z demo-mac: capture activity at 10.11s: frames=543, complete=586, idle=0, visible=Some(true), minimized=Some(false), focused=true
2026-10-07T12:39:45.2991610Z demo-mac: js->host: capture-activity:{"kind":"timer","elapsedMs":14033,"visibility":"visible","focused":false,"viewport":[384,600,2],"animationFrames":782,"timerTicks":14,"background":"rgb(23, 97, 181)","animations":[{"state":"running","currentTime":14025}]}
2026-10-07T12:39:45.2992380Z demo-mac: capture activity at 11.11s: frames=599, complete=644, idle=0, visible=Some(true), minimized=Some(false), focused=true
2026-10-07T12:39:45.2993000Z demo-mac: js->host: capture-activity:{"kind":"timer","elapsedMs":15036,"visibility":"visible","focused":false,"viewport":[384,600,2],"animationFrames":840,"timerTicks":15,"background":"rgb(221, 79, 54)","animations":[{"state":"running","currentTime":15032}]}
2026-10-07T12:39:45.2993590Z demo-mac: capture activity at 12.13s: frames=657, complete=702, idle=0, visible=Some(true), minimized=Some(false), focused=true
2026-10-07T12:39:45.2994200Z demo-mac: js->host: capture-activity:{"kind":"timer","elapsedMs":16041,"visibility":"visible","focused":false,"viewport":[384,600,2],"animationFrames":898,"timerTicks":16,"background":"rgb(221, 79, 54)","animations":[{"state":"running","currentTime":16026}]}
2026-10-07T12:39:45.2994790Z demo-mac: capture activity at 13.13s: frames=715, complete=760, idle=0, visible=Some(true), minimized=Some(false), focused=true
2026-10-07T12:39:45.2995170Z demo-mac: resize-test step 2 → request logical inner_size = 1024x700
2026-10-07T12:39:45.2995720Z demo-mac: js->host: capture-activity:{"kind":"resize","elapsedMs":17029,"visibility":"visible","focused":false,"viewport":[512,700,2],"animationFrames":956,"timerTicks":16,"background":"rgb(221, 79, 54)","animations":[{"state":"running","currentTime":17027}]}
2026-10-07T12:39:45.2996690Z demo-mac: js->host: capture-activity:{"kind":"timer","elapsedMs":17045,"visibility":"visible","focused":false,"viewport":[512,700,2],"animationFrames":957,"timerTicks":17,"background":"rgb(221, 79, 54)","animations":[{"state":"running","currentTime":17044}]}
2026-10-07T12:39:45.2997350Z demo-mac: capture-test: PASS — SCK pipeline delivered 768 frames across [768x1200, 1024x1400, 1024x1536, 1280x1600]
2026-10-07T12:39:45.2997610Z   -> PASS
2026-10-07T12:39:45.3015010Z 
2026-10-07T12:39:45.3015200Z ==> summary
2026-10-07T12:39:45.3015370Z   passed: 2 / 2
2026-10-07T12:39:45.3015480Z   failed: 0
2026-10-07T12:39:45.3015570Z   all PASS
2026-10-07T12:39:45.3559800Z Post job cleanup.
2026-10-07T12:39:45.4731380Z Released host hardware lock at /var/folders/96/dck6q6xj3490x43zr8fb8pbm0000gp/T/merely-wgpu-hardware-lock/host.lock
2026-10-07T12:39:45.4798180Z Post job cleanup.
2026-10-07T12:39:45.5534430Z [command]/usr/bin/git version
2026-10-07T12:39:45.5633290Z git version 2.50.1 (Apple Git-155)
2026-10-07T12:39:45.5644870Z Copying '/Users/markik/.gitconfig' to '/Users/markik/actions-runner-wgpu/_work/_temp/89b4bbb4-320b-4d36-bcb0-d252d28ddcef/.gitconfig'
2026-10-07T12:39:45.5649050Z Temporarily overriding HOME='/Users/markik/actions-runner-wgpu/_work/_temp/89b4bbb4-320b-4d36-bcb0-d252d28ddcef' before making global git config changes
2026-10-07T12:39:45.5649520Z Adding repository directory to the temporary git global config as a safe directory
2026-10-07T12:39:45.5651170Z [command]/usr/bin/git config --global --add safe.directory /Users/markik/actions-runner-wgpu/_work/wgpu-scry/wgpu-scry/.host-hardware-lock
2026-10-07T12:39:45.6484620Z Removing SSH command configuration
2026-10-07T12:39:45.6487270Z [command]/usr/bin/git config --local --name-only --get-regexp core\.sshCommand
2026-10-07T12:39:45.6562770Z [command]/usr/bin/git submodule foreach --recursive sh -c "git config --local --name-only --get-regexp 'core\.sshCommand' && git config --local --unset-all 'core.sshCommand' || :"
2026-10-07T12:39:45.7117390Z Removing HTTP extra header
2026-10-07T12:39:45.7119600Z [command]/usr/bin/git config --local --name-only --get-regexp http\.https\:\/\/github\.com\/\.extraheader
2026-10-07T12:39:45.7190530Z [command]/usr/bin/git submodule foreach --recursive sh -c "git config --local --name-only --get-regexp 'http\.https\:\/\/github\.com\/\.extraheader' && git config --local --unset-all 'http.https://github.com/.extraheader' || :"
2026-10-07T12:39:45.7708260Z Removing includeIf entries pointing to credentials config files
2026-10-07T12:39:45.7710930Z [command]/usr/bin/git config --local --name-only --get-regexp ^includeIf\.gitdir:
2026-10-07T12:39:45.7780610Z includeif.gitdir:/Users/markik/actions-runner-wgpu/_work/wgpu-scry/wgpu-scry/.host-hardware-lock/.git.path
2026-10-07T12:39:45.7781050Z includeif.gitdir:/Users/markik/actions-runner-wgpu/_work/wgpu-scry/wgpu-scry/.host-hardware-lock/.git/worktrees/*.path
2026-10-07T12:39:45.7781390Z includeif.gitdir:/github/workspace/.host-hardware-lock/.git.path
2026-10-07T12:39:45.7781650Z includeif.gitdir:/github/workspace/.host-hardware-lock/.git/worktrees/*.path
2026-10-07T12:39:45.7784650Z [command]/usr/bin/git config --local --get-all includeif.gitdir:/Users/markik/actions-runner-wgpu/_work/wgpu-scry/wgpu-scry/.host-hardware-lock/.git.path
2026-10-07T12:39:45.7843950Z /Users/markik/actions-runner-wgpu/_work/_temp/git-credentials-6c2db890-d292-4448-ab59-7d2923740284.config
2026-10-07T12:39:45.7849310Z [command]/usr/bin/git config --local --unset includeif.gitdir:/Users/markik/actions-runner-wgpu/_work/wgpu-scry/wgpu-scry/.host-hardware-lock/.git.path \/Users\/markik\/actions\-runner\-wgpu\/_work\/_temp\/git\-credentials\-6c2db890\-d292\-4448\-ab59\-7d2923740284\.config
2026-10-07T12:39:45.7920190Z [command]/usr/bin/git config --local --get-all includeif.gitdir:/Users/markik/actions-runner-wgpu/_work/wgpu-scry/wgpu-scry/.host-hardware-lock/.git/worktrees/*.path
2026-10-07T12:39:45.7978470Z /Users/markik/actions-runner-wgpu/_work/_temp/git-credentials-6c2db890-d292-4448-ab59-7d2923740284.config
2026-10-07T12:39:45.7982740Z [command]/usr/bin/git config --local --unset includeif.gitdir:/Users/markik/actions-runner-wgpu/_work/wgpu-scry/wgpu-scry/.host-hardware-lock/.git/worktrees/*.path \/Users\/markik\/actions\-runner\-wgpu\/_work\/_temp\/git\-credentials\-6c2db890\-d292\-4448\-ab59\-7d2923740284\.config
2026-10-07T12:39:45.8045290Z [command]/usr/bin/git config --local --get-all includeif.gitdir:/github/workspace/.host-hardware-lock/.git.path
2026-10-07T12:39:45.8107330Z /github/runner_temp/git-credentials-6c2db890-d292-4448-ab59-7d2923740284.config
2026-10-07T12:39:45.8110960Z [command]/usr/bin/git config --local --unset includeif.gitdir:/github/workspace/.host-hardware-lock/.git.path \/github\/runner_temp\/git\-credentials\-6c2db890\-d292\-4448\-ab59\-7d2923740284\.config
2026-10-07T12:39:45.8179400Z [command]/usr/bin/git config --local --get-all includeif.gitdir:/github/workspace/.host-hardware-lock/.git/worktrees/*.path
2026-10-07T12:39:45.8239430Z /github/runner_temp/git-credentials-6c2db890-d292-4448-ab59-7d2923740284.config
2026-10-07T12:39:45.8243070Z [command]/usr/bin/git config --local --unset includeif.gitdir:/github/workspace/.host-hardware-lock/.git/worktrees/*.path \/github\/runner_temp\/git\-credentials\-6c2db890\-d292\-4448\-ab59\-7d2923740284\.config
2026-10-07T12:39:45.8303690Z [command]/usr/bin/git submodule foreach --recursive git config --local --show-origin --name-only --get-regexp remote.origin.url
2026-10-07T12:39:45.8767010Z Removing credentials config '/Users/markik/actions-runner-wgpu/_work/_temp/git-credentials-6c2db890-d292-4448-ab59-7d2923740284.config'
2026-10-07T12:39:45.8829080Z Post job cleanup.
2026-10-07T12:39:45.9414150Z [command]/usr/bin/git version
2026-10-07T12:39:45.9491230Z git version 2.50.1 (Apple Git-155)
2026-10-07T12:39:45.9501630Z Copying '/Users/markik/.gitconfig' to '/Users/markik/actions-runner-wgpu/_work/_temp/643dad3c-1668-4a81-84a5-d955d7737f80/.gitconfig'
2026-10-07T12:39:45.9505570Z Temporarily overriding HOME='/Users/markik/actions-runner-wgpu/_work/_temp/643dad3c-1668-4a81-84a5-d955d7737f80' before making global git config changes
2026-10-07T12:39:45.9506010Z Adding repository directory to the temporary git global config as a safe directory
2026-10-07T12:39:45.9507580Z [command]/usr/bin/git config --global --add safe.directory /Users/markik/actions-runner-wgpu/_work/wgpu-scry/wgpu-scry
2026-10-07T12:39:45.9994530Z Removing SSH command configuration
2026-10-07T12:39:45.9997710Z [command]/usr/bin/git config --local --name-only --get-regexp core\.sshCommand
2026-10-07T12:39:46.0075460Z [command]/usr/bin/git submodule foreach --recursive sh -c "git config --local --name-only --get-regexp 'core\.sshCommand' && git config --local --unset-all 'core.sshCommand' || :"
2026-10-07T12:39:46.0562010Z Removing HTTP extra header
2026-10-07T12:39:46.0564260Z [command]/usr/bin/git config --local --name-only --get-regexp http\.https\:\/\/github\.com\/\.extraheader
2026-10-07T12:39:46.0635820Z [command]/usr/bin/git submodule foreach --recursive sh -c "git config --local --name-only --get-regexp 'http\.https\:\/\/github\.com\/\.extraheader' && git config --local --unset-all 'http.https://github.com/.extraheader' || :"
2026-10-07T12:39:46.1126720Z Removing includeIf entries pointing to credentials config files
2026-10-07T12:39:46.1129170Z [command]/usr/bin/git config --local --name-only --get-regexp ^includeIf\.gitdir:
2026-10-07T12:39:46.1193960Z includeif.gitdir:/Users/markik/actions-runner-wgpu/_work/wgpu-scry/wgpu-scry/.git.path
2026-10-07T12:39:46.1194350Z includeif.gitdir:/Users/markik/actions-runner-wgpu/_work/wgpu-scry/wgpu-scry/.git/worktrees/*.path
2026-10-07T12:39:46.1194620Z includeif.gitdir:/github/workspace/.git.path
2026-10-07T12:39:46.1194830Z includeif.gitdir:/github/workspace/.git/worktrees/*.path
2026-10-07T12:39:46.1198030Z [command]/usr/bin/git config --local --get-all includeif.gitdir:/Users/markik/actions-runner-wgpu/_work/wgpu-scry/wgpu-scry/.git.path
2026-10-07T12:39:46.1257130Z /Users/markik/actions-runner-wgpu/_work/_temp/git-credentials-1296d81c-bce8-4562-91f3-db1d51b89c24.config
2026-10-07T12:39:46.1261930Z [command]/usr/bin/git config --local --unset includeif.gitdir:/Users/markik/actions-runner-wgpu/_work/wgpu-scry/wgpu-scry/.git.path \/Users\/markik\/actions\-runner\-wgpu\/_work\/_temp\/git\-credentials\-1296d81c\-bce8\-4562\-91f3\-db1d51b89c24\.config
2026-10-07T12:39:46.1324930Z [command]/usr/bin/git config --local --get-all includeif.gitdir:/Users/markik/actions-runner-wgpu/_work/wgpu-scry/wgpu-scry/.git/worktrees/*.path
2026-10-07T12:39:46.1383320Z /Users/markik/actions-runner-wgpu/_work/_temp/git-credentials-1296d81c-bce8-4562-91f3-db1d51b89c24.config
2026-10-07T12:39:46.1387480Z [command]/usr/bin/git config --local --unset includeif.gitdir:/Users/markik/actions-runner-wgpu/_work/wgpu-scry/wgpu-scry/.git/worktrees/*.path \/Users\/markik\/actions\-runner\-wgpu\/_work\/_temp\/git\-credentials\-1296d81c\-bce8\-4562\-91f3\-db1d51b89c24\.config
2026-10-07T12:39:46.1450530Z [command]/usr/bin/git config --local --get-all includeif.gitdir:/github/workspace/.git.path
2026-10-07T12:39:46.1509430Z /github/runner_temp/git-credentials-1296d81c-bce8-4562-91f3-db1d51b89c24.config
2026-10-07T12:39:46.1513030Z [command]/usr/bin/git config --local --unset includeif.gitdir:/github/workspace/.git.path \/github\/runner_temp\/git\-credentials\-1296d81c\-bce8\-4562\-91f3\-db1d51b89c24\.config
2026-10-07T12:39:46.1578490Z [command]/usr/bin/git config --local --get-all includeif.gitdir:/github/workspace/.git/worktrees/*.path
2026-10-07T12:39:46.1635690Z /github/runner_temp/git-credentials-1296d81c-bce8-4562-91f3-db1d51b89c24.config
2026-10-07T12:39:46.1639790Z [command]/usr/bin/git config --local --unset includeif.gitdir:/github/workspace/.git/worktrees/*.path \/github\/runner_temp\/git\-credentials\-1296d81c\-bce8\-4562\-91f3\-db1d51b89c24\.config
2026-10-07T12:39:46.1702130Z [command]/usr/bin/git submodule foreach --recursive git config --local --show-origin --name-only --get-regexp remote.origin.url
2026-10-07T12:39:46.2170240Z Removing credentials config '/Users/markik/actions-runner-wgpu/_work/_temp/git-credentials-1296d81c-bce8-4562-91f3-db1d51b89c24.config'
2026-10-07T12:39:46.2228330Z Cleaning up orphan processes
