2026-10-07T13:00:05.6061810Z Current runner version: '2.337.0'
2026-10-07T13:00:05.6069190Z Runner name: 'wgpu-imac-intel'
2026-10-07T13:00:05.6069870Z Runner group name: 'wgpu-hardware'
2026-10-07T13:00:05.6070740Z Machine name: 'Q-PC'
2026-10-07T13:00:05.6073260Z ##[group]GITHUB_TOKEN Permissions
2026-10-07T13:00:05.6075730Z Contents: read
2026-10-07T13:00:05.6076180Z Metadata: read
2026-10-07T13:00:05.6076640Z ##[endgroup]
2026-10-07T13:00:05.6078790Z Secret source: Actions
2026-10-07T13:00:05.6079510Z Cache mode: write
2026-10-07T13:00:05.6080090Z Prepare workflow directory
2026-10-07T13:00:05.6738540Z Prepare all required actions
2026-10-07T13:00:05.6794510Z Getting action download info
2026-10-07T13:00:06.0179320Z Download action repository 'actions/checkout@v7' (SHA:3d3c42e5aac5ba805825da76410c181273ba90b1)
2026-10-07T13:00:06.7084990Z Download action repository 'dtolnay/rust-toolchain@1.97.1' (SHA:9ca9f0b320e19763058bc9531663c225d20db487)
2026-10-07T13:00:07.3743870Z Complete job name: Intel iMac WKWebView and ScreenCaptureKit battery
2026-10-07T13:00:07.5671770Z ##[group]Run actions/checkout@v7
2026-10-07T13:00:07.5673700Z with:
2026-10-07T13:00:07.5674680Z   repository: merely-made/wgpu-scry
2026-10-07T13:00:07.5684200Z   token: ***
2026-10-07T13:00:07.5684980Z   ssh-strict: true
2026-10-07T13:00:07.5685760Z   ssh-user: git
2026-10-07T13:00:07.5686560Z   persist-credentials: true
2026-10-07T13:00:07.5687480Z   clean: true
2026-10-07T13:00:07.5688280Z   sparse-checkout-cone-mode: true
2026-10-07T13:00:07.5689230Z   fetch-depth: 1
2026-10-07T13:00:07.5690000Z   fetch-tags: false
2026-10-07T13:00:07.5690790Z   show-progress: true
2026-10-07T13:00:07.5691600Z   lfs: false
2026-10-07T13:00:07.5692350Z   submodules: false
2026-10-07T13:00:07.5693150Z   set-safe-directory: true
2026-10-07T13:00:07.5694070Z   allow-unsafe-pr-checkout: false
2026-10-07T13:00:07.5695440Z env:
2026-10-07T13:00:07.5696220Z   CARGO_NET_GIT_FETCH_WITH_CLI: true
2026-10-07T13:00:07.5697240Z   RUSTFLAGS: -D warnings
2026-10-07T13:00:07.5698440Z   CARGO_TARGET_DIR: /Users/markik/Code/targets/wgpu-scry-hardware
2026-10-07T13:00:07.5699700Z   CAPTURE: 1
2026-10-07T13:00:07.5700420Z   TIMEOUT: 90
2026-10-07T13:00:07.5701140Z   VISIBLE: 1
2026-10-07T13:00:07.5701950Z ##[endgroup]
2026-10-07T13:00:08.0296730Z Syncing repository: merely-made/wgpu-scry
2026-10-07T13:00:08.0300170Z ##[group]Getting Git version info
2026-10-07T13:00:08.0302160Z Working directory is '/Users/markik/actions-runner-wgpu/_work/wgpu-scry/wgpu-scry'
2026-10-07T13:00:08.0304510Z [command]/usr/bin/git version
2026-10-07T13:00:08.0526090Z git version 2.39.5 (Apple Git-154)
2026-10-07T13:00:08.0557270Z ##[endgroup]
2026-10-07T13:00:08.0575020Z Copying '/Users/markik/.gitconfig' to '/Users/markik/actions-runner-wgpu/_work/_temp/3c3d0fe6-ea63-4b8d-8f1c-80b0b3103ec7/.gitconfig'
2026-10-07T13:00:08.0585070Z Temporarily overriding HOME='/Users/markik/actions-runner-wgpu/_work/_temp/3c3d0fe6-ea63-4b8d-8f1c-80b0b3103ec7' before making global git config changes
2026-10-07T13:00:08.0588240Z Adding repository directory to the temporary git global config as a safe directory
2026-10-07T13:00:08.0590870Z [command]/usr/bin/git config --global --add safe.directory /Users/markik/actions-runner-wgpu/_work/wgpu-scry/wgpu-scry
2026-10-07T13:00:08.0828260Z [command]/usr/bin/git config --local --get remote.origin.url
2026-10-07T13:00:08.1068780Z https://github.com/merely-made/wgpu-scry
2026-10-07T13:00:08.1087890Z ##[group]Removing previously created refs, to avoid conflicts
2026-10-07T13:00:08.1090420Z [command]/usr/bin/git rev-parse --symbolic-full-name --verify --quiet HEAD
2026-10-07T13:00:08.1302420Z refs/heads/main
2026-10-07T13:00:08.1312190Z [command]/usr/bin/git checkout --detach
2026-10-07T13:00:08.1840990Z HEAD is now at 4771072 Record Scry 0.7.2 preparation and remaining native release gates
2026-10-07T13:00:08.2076750Z [command]/usr/bin/git branch --delete --force main
2026-10-07T13:00:08.2307410Z Deleted branch main (was 4771072).
2026-10-07T13:00:08.2537010Z ##[endgroup]
2026-10-07T13:00:08.2538180Z [command]/usr/bin/git submodule status
2026-10-07T13:00:08.3833180Z ##[group]Cleaning the repository
2026-10-07T13:00:08.3834540Z [command]/usr/bin/git clean -ffdx
2026-10-07T13:00:08.4124560Z Removing .host-hardware-lock/
2026-10-07T13:00:08.4132680Z [command]/usr/bin/git reset --hard HEAD
2026-10-07T13:00:08.4447800Z HEAD is now at 4771072 Record Scry 0.7.2 preparation and remaining native release gates
2026-10-07T13:00:08.4454920Z ##[endgroup]
2026-10-07T13:00:08.4456610Z ##[group]Disabling automatic garbage collection
2026-10-07T13:00:08.4459370Z [command]/usr/bin/git config --local gc.auto 0
2026-10-07T13:00:08.4673690Z ##[endgroup]
2026-10-07T13:00:08.4675320Z ##[group]Setting up auth
2026-10-07T13:00:08.4676400Z Removing SSH command configuration
2026-10-07T13:00:08.4683830Z [command]/usr/bin/git config --local --name-only --get-regexp core\.sshCommand
2026-10-07T13:00:08.4918720Z [command]/usr/bin/git submodule foreach --recursive sh -c "git config --local --name-only --get-regexp 'core\.sshCommand' && git config --local --unset-all 'core.sshCommand' || :"
2026-10-07T13:00:08.6201630Z Removing HTTP extra header
2026-10-07T13:00:08.6206770Z [command]/usr/bin/git config --local --name-only --get-regexp http\.https\:\/\/github\.com\/\.extraheader
2026-10-07T13:00:08.6429380Z [command]/usr/bin/git submodule foreach --recursive sh -c "git config --local --name-only --get-regexp 'http\.https\:\/\/github\.com\/\.extraheader' && git config --local --unset-all 'http.https://github.com/.extraheader' || :"
2026-10-07T13:00:08.7718910Z Removing includeIf entries pointing to credentials config files
2026-10-07T13:00:08.7723470Z [command]/usr/bin/git config --local --name-only --get-regexp ^includeIf\.gitdir:
2026-10-07T13:00:08.7933500Z [command]/usr/bin/git submodule foreach --recursive git config --local --show-origin --name-only --get-regexp remote.origin.url
2026-10-07T13:00:08.9258920Z [command]/usr/bin/git config --file /Users/markik/actions-runner-wgpu/_work/_temp/git-credentials-672c0406-0308-4652-ae07-f42674259bd1.config http.https://github.com/.extraheader AUTHORIZATION: basic ***
2026-10-07T13:00:08.9487650Z [command]/usr/bin/git config --local includeIf.gitdir:/Users/markik/actions-runner-wgpu/_work/wgpu-scry/wgpu-scry/.git.path /Users/markik/actions-runner-wgpu/_work/_temp/git-credentials-672c0406-0308-4652-ae07-f42674259bd1.config
2026-10-07T13:00:08.9703910Z [command]/usr/bin/git config --local includeIf.gitdir:/Users/markik/actions-runner-wgpu/_work/wgpu-scry/wgpu-scry/.git/worktrees/*.path /Users/markik/actions-runner-wgpu/_work/_temp/git-credentials-672c0406-0308-4652-ae07-f42674259bd1.config
2026-10-07T13:00:08.9923950Z [command]/usr/bin/git config --local includeIf.gitdir:/github/workspace/.git.path /github/runner_temp/git-credentials-672c0406-0308-4652-ae07-f42674259bd1.config
2026-10-07T13:00:09.0142050Z [command]/usr/bin/git config --local includeIf.gitdir:/github/workspace/.git/worktrees/*.path /github/runner_temp/git-credentials-672c0406-0308-4652-ae07-f42674259bd1.config
2026-10-07T13:00:09.0354830Z ##[endgroup]
2026-10-07T13:00:09.0356610Z ##[group]Fetching the repository
2026-10-07T13:00:09.0361190Z [command]/usr/bin/git -c protocol.version=2 fetch --no-tags --prune --no-recurse-submodules --depth=1 origin +4771072a6827695dfaba9db104cd48b87e6cd543:refs/remotes/origin/main
2026-10-07T13:00:09.6781500Z [command]/usr/bin/git branch --list --remote origin/main
2026-10-07T13:00:09.7003620Z   origin/main
2026-10-07T13:00:09.7013460Z [command]/usr/bin/git rev-parse refs/remotes/origin/main
2026-10-07T13:00:09.7216480Z 4771072a6827695dfaba9db104cd48b87e6cd543
2026-10-07T13:00:09.7220120Z ##[endgroup]
2026-10-07T13:00:09.7220730Z ##[group]Determining the checkout info
2026-10-07T13:00:09.7221330Z ##[endgroup]
2026-10-07T13:00:09.7225110Z [command]/usr/bin/git sparse-checkout disable
2026-10-07T13:00:09.7462220Z [command]/usr/bin/git config --local --unset-all extensions.worktreeConfig
2026-10-07T13:00:09.7678320Z ##[group]Checking out the ref
2026-10-07T13:00:09.7681600Z [command]/usr/bin/git checkout --progress --force -B main refs/remotes/origin/main
2026-10-07T13:00:09.7943730Z Switched to a new branch 'main'
2026-10-07T13:00:09.7944300Z branch 'main' set up to track 'origin/main'.
2026-10-07T13:00:09.7950520Z ##[endgroup]
2026-10-07T13:00:09.8194210Z [command]/usr/bin/git log -1 --format=%H
2026-10-07T13:00:09.8416400Z 4771072a6827695dfaba9db104cd48b87e6cd543
2026-10-07T13:00:09.8780080Z ##[group]Run actions/checkout@v7
2026-10-07T13:00:09.8780410Z with:
2026-10-07T13:00:09.8780630Z   repository: merely-made/wgpu-graft
2026-10-07T13:00:09.8780960Z   ref: 781aa6aad3f63b83ad48b192a6a5d078be1d71b8
2026-10-07T13:00:09.8781270Z   path: .host-hardware-lock
2026-10-07T13:00:09.8781580Z   sparse-checkout: .github/actions/host-hardware-lock
2026-10-07T13:00:09.8781940Z   sparse-checkout-cone-mode: false
2026-10-07T13:00:09.8785430Z   token: ***
2026-10-07T13:00:09.8785630Z   ssh-strict: true
2026-10-07T13:00:09.8785840Z   ssh-user: git
2026-10-07T13:00:09.8786060Z   persist-credentials: true
2026-10-07T13:00:09.8786300Z   clean: true
2026-10-07T13:00:09.8786520Z   fetch-depth: 1
2026-10-07T13:00:09.8786760Z   fetch-tags: false
2026-10-07T13:00:09.8787000Z   show-progress: true
2026-10-07T13:00:09.8787220Z   lfs: false
2026-10-07T13:00:09.8787410Z   submodules: false
2026-10-07T13:00:09.8787630Z   set-safe-directory: true
2026-10-07T13:00:09.8787930Z   allow-unsafe-pr-checkout: false
2026-10-07T13:00:09.8788200Z env:
2026-10-07T13:00:09.8788400Z   CARGO_NET_GIT_FETCH_WITH_CLI: true
2026-10-07T13:00:09.8788680Z   RUSTFLAGS: -D warnings
2026-10-07T13:00:09.8789000Z   CARGO_TARGET_DIR: /Users/markik/Code/targets/wgpu-scry-hardware
2026-10-07T13:00:09.8789370Z   CAPTURE: 1
2026-10-07T13:00:09.8789560Z   TIMEOUT: 90
2026-10-07T13:00:09.8789750Z   VISIBLE: 1
2026-10-07T13:00:09.8789940Z ##[endgroup]
2026-10-07T13:00:10.0123660Z Syncing repository: merely-made/wgpu-graft
2026-10-07T13:00:10.0124400Z ##[group]Getting Git version info
2026-10-07T13:00:10.0125050Z Working directory is '/Users/markik/actions-runner-wgpu/_work/wgpu-scry/wgpu-scry/.host-hardware-lock'
2026-10-07T13:00:10.0146270Z [command]/usr/bin/git version
2026-10-07T13:00:10.0361130Z git version 2.39.5 (Apple Git-154)
2026-10-07T13:00:10.0379620Z ##[endgroup]
2026-10-07T13:00:10.0392020Z Copying '/Users/markik/.gitconfig' to '/Users/markik/actions-runner-wgpu/_work/_temp/b0781b83-c1dd-4227-8b40-484c69eb5fe8/.gitconfig'
2026-10-07T13:00:10.0403340Z Temporarily overriding HOME='/Users/markik/actions-runner-wgpu/_work/_temp/b0781b83-c1dd-4227-8b40-484c69eb5fe8' before making global git config changes
2026-10-07T13:00:10.0404500Z Adding repository directory to the temporary git global config as a safe directory
2026-10-07T13:00:10.0407150Z [command]/usr/bin/git config --global --add safe.directory /Users/markik/actions-runner-wgpu/_work/wgpu-scry/wgpu-scry/.host-hardware-lock
2026-10-07T13:00:10.0628030Z ##[group]Determining repository object format
2026-10-07T13:00:10.0629540Z ##[endgroup]
2026-10-07T13:00:10.0630130Z ##[group]Initializing the repository
2026-10-07T13:00:10.0633770Z [command]/usr/bin/git init /Users/markik/actions-runner-wgpu/_work/wgpu-scry/wgpu-scry/.host-hardware-lock
2026-10-07T13:00:10.0925250Z Initialized empty Git repository in /Users/markik/actions-runner-wgpu/_work/wgpu-scry/wgpu-scry/.host-hardware-lock/.git/
2026-10-07T13:00:10.0937180Z [command]/usr/bin/git remote add origin https://github.com/merely-made/wgpu-graft
2026-10-07T13:00:10.1167240Z ##[endgroup]
2026-10-07T13:00:10.1167820Z ##[group]Disabling automatic garbage collection
2026-10-07T13:00:10.1170590Z [command]/usr/bin/git config --local gc.auto 0
2026-10-07T13:00:10.1386450Z ##[endgroup]
2026-10-07T13:00:10.1386980Z ##[group]Setting up auth
2026-10-07T13:00:10.1387390Z Removing SSH command configuration
2026-10-07T13:00:10.1392110Z [command]/usr/bin/git config --local --name-only --get-regexp core\.sshCommand
2026-10-07T13:00:10.1598850Z [command]/usr/bin/git submodule foreach --recursive sh -c "git config --local --name-only --get-regexp 'core\.sshCommand' && git config --local --unset-all 'core.sshCommand' || :"
2026-10-07T13:00:10.2874670Z Removing HTTP extra header
2026-10-07T13:00:10.2880250Z [command]/usr/bin/git config --local --name-only --get-regexp http\.https\:\/\/github\.com\/\.extraheader
2026-10-07T13:00:10.3082300Z [command]/usr/bin/git submodule foreach --recursive sh -c "git config --local --name-only --get-regexp 'http\.https\:\/\/github\.com\/\.extraheader' && git config --local --unset-all 'http.https://github.com/.extraheader' || :"
2026-10-07T13:00:10.4372820Z Removing includeIf entries pointing to credentials config files
2026-10-07T13:00:10.4377740Z [command]/usr/bin/git config --local --name-only --get-regexp ^includeIf\.gitdir:
2026-10-07T13:00:10.4588620Z [command]/usr/bin/git submodule foreach --recursive git config --local --show-origin --name-only --get-regexp remote.origin.url
2026-10-07T13:00:10.5896900Z [command]/usr/bin/git config --file /Users/markik/actions-runner-wgpu/_work/_temp/git-credentials-a420d2c2-9d09-46e8-a81a-88da24de2ba7.config http.https://github.com/.extraheader AUTHORIZATION: basic ***
2026-10-07T13:00:10.6133220Z [command]/usr/bin/git config --local includeIf.gitdir:/Users/markik/actions-runner-wgpu/_work/wgpu-scry/wgpu-scry/.host-hardware-lock/.git.path /Users/markik/actions-runner-wgpu/_work/_temp/git-credentials-a420d2c2-9d09-46e8-a81a-88da24de2ba7.config
2026-10-07T13:00:10.6348860Z [command]/usr/bin/git config --local includeIf.gitdir:/Users/markik/actions-runner-wgpu/_work/wgpu-scry/wgpu-scry/.host-hardware-lock/.git/worktrees/*.path /Users/markik/actions-runner-wgpu/_work/_temp/git-credentials-a420d2c2-9d09-46e8-a81a-88da24de2ba7.config
2026-10-07T13:00:10.6561770Z [command]/usr/bin/git config --local includeIf.gitdir:/github/workspace/.host-hardware-lock/.git.path /github/runner_temp/git-credentials-a420d2c2-9d09-46e8-a81a-88da24de2ba7.config
2026-10-07T13:00:10.6780610Z [command]/usr/bin/git config --local includeIf.gitdir:/github/workspace/.host-hardware-lock/.git/worktrees/*.path /github/runner_temp/git-credentials-a420d2c2-9d09-46e8-a81a-88da24de2ba7.config
2026-10-07T13:00:10.6998220Z ##[endgroup]
2026-10-07T13:00:10.6998740Z ##[group]Fetching the repository
2026-10-07T13:00:10.7004210Z [command]/usr/bin/git -c protocol.version=2 fetch --no-tags --prune --no-recurse-submodules --filter=blob:none --depth=1 origin 781aa6aad3f63b83ad48b192a6a5d078be1d71b8
2026-10-07T13:00:11.1757930Z From https://github.com/merely-made/wgpu-graft
2026-10-07T13:00:11.1758610Z  * branch            781aa6aad3f63b83ad48b192a6a5d078be1d71b8 -> FETCH_HEAD
2026-10-07T13:00:11.1854290Z [command]/usr/bin/git rev-parse --verify --quiet 781aa6aad3f63b83ad48b192a6a5d078be1d71b8^{object}
2026-10-07T13:00:11.2071780Z 781aa6aad3f63b83ad48b192a6a5d078be1d71b8
2026-10-07T13:00:11.2076640Z ##[endgroup]
2026-10-07T13:00:11.2077160Z ##[group]Determining the checkout info
2026-10-07T13:00:11.2078150Z ##[endgroup]
2026-10-07T13:00:11.2078710Z ##[group]Setting up sparse checkout
2026-10-07T13:00:11.2082240Z [command]/usr/bin/git config core.sparseCheckout true
2026-10-07T13:00:11.2294690Z [command]/usr/bin/git rev-parse --git-path info/sparse-checkout
2026-10-07T13:00:11.2496390Z .git/info/sparse-checkout
2026-10-07T13:00:11.2505080Z ##[endgroup]
2026-10-07T13:00:11.2505620Z ##[group]Checking out the ref
2026-10-07T13:00:11.2509110Z [command]/usr/bin/git checkout --progress --force 781aa6aad3f63b83ad48b192a6a5d078be1d71b8
2026-10-07T13:00:12.0532090Z Note: switching to '781aa6aad3f63b83ad48b192a6a5d078be1d71b8'.
2026-10-07T13:00:12.0532590Z 
2026-10-07T13:00:12.0532860Z You are in 'detached HEAD' state. You can look around, make experimental
2026-10-07T13:00:12.0533520Z changes and commit them, and you can discard any commits you make in this
2026-10-07T13:00:12.0534140Z state without impacting any branches by switching back to a branch.
2026-10-07T13:00:12.0534480Z 
2026-10-07T13:00:12.0534740Z If you want to create a new branch to retain commits you create, you may
2026-10-07T13:00:12.0535340Z do so (now or later) by using -c with the switch command. Example:
2026-10-07T13:00:12.0535710Z 
2026-10-07T13:00:12.0536540Z   git switch -c <new-branch-name>
2026-10-07T13:00:12.0536820Z 
2026-10-07T13:00:12.0536950Z Or undo this operation with:
2026-10-07T13:00:12.0537310Z 
2026-10-07T13:00:12.0537420Z   git switch -
2026-10-07T13:00:12.0537580Z 
2026-10-07T13:00:12.0538250Z Turn off this advice by setting config variable advice.detachedHead to false
2026-10-07T13:00:12.0538620Z 
2026-10-07T13:00:12.0538820Z HEAD is now at 781aa6a Document-node24-host-lock
2026-10-07T13:00:12.0539920Z ##[endgroup]
2026-10-07T13:00:12.0776040Z [command]/usr/bin/git log -1 --format=%H
2026-10-07T13:00:12.0993380Z 781aa6aad3f63b83ad48b192a6a5d078be1d71b8
2026-10-07T13:00:12.1163600Z ##[group]Run ./.host-hardware-lock/.github/actions/host-hardware-lock
2026-10-07T13:00:12.1164090Z with:
2026-10-07T13:00:12.1164360Z   timeout_seconds: 7200
2026-10-07T13:00:12.1164640Z   stale_seconds: 14400
2026-10-07T13:00:12.1164950Z   poll_seconds: 5
2026-10-07T13:00:12.1165230Z env:
2026-10-07T13:00:12.1165490Z   CARGO_NET_GIT_FETCH_WITH_CLI: true
2026-10-07T13:00:12.1165870Z   RUSTFLAGS: -D warnings
2026-10-07T13:00:12.1166280Z   CARGO_TARGET_DIR: /Users/markik/Code/targets/wgpu-scry-hardware
2026-10-07T13:00:12.1166710Z   CAPTURE: 1
2026-10-07T13:00:12.1167090Z   TIMEOUT: 90
2026-10-07T13:00:12.1167380Z   VISIBLE: 1
2026-10-07T13:00:12.1167640Z ##[endgroup]
2026-10-07T13:00:12.1992240Z Acquired host hardware lock at /var/folders/nt/xlxwlg695b399ck_h55sfwtc0000gn/T/merely-wgpu-hardware-lock/host.lock
2026-10-07T13:00:12.2321100Z ##[group]Run dtolnay/rust-toolchain@1.97.1
2026-10-07T13:00:12.2321570Z with:
2026-10-07T13:00:12.2321860Z env:
2026-10-07T13:00:12.2322110Z   CARGO_NET_GIT_FETCH_WITH_CLI: true
2026-10-07T13:00:12.2322480Z   RUSTFLAGS: -D warnings
2026-10-07T13:00:12.2322890Z   CARGO_TARGET_DIR: /Users/markik/Code/targets/wgpu-scry-hardware
2026-10-07T13:00:12.2323310Z   CAPTURE: 1
2026-10-07T13:00:12.2323590Z   TIMEOUT: 90
2026-10-07T13:00:12.2323870Z   VISIBLE: 1
2026-10-07T13:00:12.2324150Z ##[endgroup]
2026-10-07T13:00:12.2412900Z ##[start-action display=Parse toolchain version;id=__dtolnay_rust-toolchain.parse]
2026-10-07T13:00:12.2489410Z ##[group]Run if [[ -z $toolchain ]]; then
2026-10-07T13:00:12.2490080Z [36;1mif [[ -z $toolchain ]]; then[0m
2026-10-07T13:00:12.2490750Z [36;1m  # GitHub does not enforce `required: true` inputs itself. https://github.com/actions/runner/issues/1070[0m
2026-10-07T13:00:12.2491470Z [36;1m  echo "'toolchain' is a required input" >&2[0m
2026-10-07T13:00:12.2491960Z [36;1m  exit 1[0m
2026-10-07T13:00:12.2492410Z [36;1melif [[ $toolchain =~ ^stable' '[0-9]+' '(year|month|week|day)s?' 'ago$ ]]; then[0m
2026-10-07T13:00:12.2492960Z [36;1m  if [[ macOS == macOS ]]; then[0m
2026-10-07T13:00:12.2493630Z [36;1m    echo "toolchain=1.$((($(date -v-$(sed 's/stable \([0-9]*\) \(.\).*/\1\2/' <<< $toolchain) +%s)/60/60/24-16569)/7/6))" >> $GITHUB_OUTPUT[0m
2026-10-07T13:00:12.2494270Z [36;1m  else[0m
2026-10-07T13:00:12.2494850Z [36;1m    echo "toolchain=1.$((($(date --date "${toolchain#stable }" +%s)/60/60/24-16569)/7/6))" >> $GITHUB_OUTPUT[0m
2026-10-07T13:00:12.2495460Z [36;1m  fi[0m
2026-10-07T13:00:12.2495850Z [36;1melif [[ $toolchain =~ ^stable' 'minus' '[0-9]+' 'releases?$ ]]; then[0m
2026-10-07T13:00:12.2496540Z [36;1m  echo "toolchain=1.$((($(date +%s)/60/60/24-16569)/7/6-${toolchain//[^0-9]/}))" >> $GITHUB_OUTPUT[0m
2026-10-07T13:00:12.2497150Z [36;1melif [[ $toolchain =~ ^1\.[0-9]+$ ]]; then[0m
2026-10-07T13:00:12.2497840Z [36;1m  echo "toolchain=1.$((i=${toolchain#1.}, c=($(date +%s)/60/60/24-16569)/7/6, i+9*i*(10*i<=c)+90*i*(100*i<=c)))" >> $GITHUB_OUTPUT[0m
2026-10-07T13:00:12.2498500Z [36;1melse[0m
2026-10-07T13:00:12.2498880Z [36;1m  echo "toolchain=$toolchain" >> $GITHUB_OUTPUT[0m
2026-10-07T13:00:12.2499280Z [36;1mfi[0m
2026-10-07T13:00:12.2528600Z shell: /bin/bash --noprofile --norc -e -o pipefail {0}
2026-10-07T13:00:12.2529060Z env:
2026-10-07T13:00:12.2529340Z   CARGO_NET_GIT_FETCH_WITH_CLI: true
2026-10-07T13:00:12.2529690Z   RUSTFLAGS: -D warnings
2026-10-07T13:00:12.2530620Z   CARGO_TARGET_DIR: /Users/markik/Code/targets/wgpu-scry-hardware
2026-10-07T13:00:12.2531090Z   CAPTURE: 1
2026-10-07T13:00:12.2531370Z   TIMEOUT: 90
2026-10-07T13:00:12.2531640Z   VISIBLE: 1
2026-10-07T13:00:12.2531920Z   toolchain: 1.97.1
2026-10-07T13:00:12.2532310Z ##[endgroup]
2026-10-07T13:00:12.2761110Z ##[end-action id=__dtolnay_rust-toolchain.parse;outcome=success;conclusion=success;duration_ms=34]
2026-10-07T13:00:12.2778570Z ##[start-action display=Construct rustup command line;id=__dtolnay_rust-toolchain.flags]
2026-10-07T13:00:12.2839680Z ##[group]Run echo "targets=$(for t in ${targets//,/ }; do echo -n ' --target' $t; done)" >> $GITHUB_OUTPUT
2026-10-07T13:00:12.2840530Z [36;1mecho "targets=$(for t in ${targets//,/ }; do echo -n ' --target' $t; done)" >> $GITHUB_OUTPUT[0m
2026-10-07T13:00:12.2841270Z [36;1mecho "components=$(for c in ${components//,/ }; do echo -n ' --component' $c; done)" >> $GITHUB_OUTPUT[0m
2026-10-07T13:00:12.2841900Z [36;1mecho "downgrade=" >> $GITHUB_OUTPUT[0m
2026-10-07T13:00:12.2860630Z shell: /bin/bash --noprofile --norc -e -o pipefail {0}
2026-10-07T13:00:12.2861100Z env:
2026-10-07T13:00:12.2861400Z   CARGO_NET_GIT_FETCH_WITH_CLI: true
2026-10-07T13:00:12.2861760Z   RUSTFLAGS: -D warnings
2026-10-07T13:00:12.2862190Z   CARGO_TARGET_DIR: /Users/markik/Code/targets/wgpu-scry-hardware
2026-10-07T13:00:12.2862640Z   CAPTURE: 1
2026-10-07T13:00:12.2862910Z   TIMEOUT: 90
2026-10-07T13:00:12.2863190Z   VISIBLE: 1
2026-10-07T13:00:12.2864170Z   targets: 
2026-10-07T13:00:12.2864450Z   components: 
2026-10-07T13:00:12.2864740Z ##[endgroup]
2026-10-07T13:00:12.3049500Z ##[end-action id=__dtolnay_rust-toolchain.flags;outcome=success;conclusion=success;duration_ms=24]
2026-10-07T13:00:12.3052980Z ##[start-action display=Set $CARGO_HOME;id=__dtolnay_rust-toolchain.__run]
2026-10-07T13:00:12.3082090Z ##[group]Run echo CARGO_HOME=${CARGO_HOME:-"$HOME/.cargo"} >> $GITHUB_ENV
2026-10-07T13:00:12.3082720Z [36;1mecho CARGO_HOME=${CARGO_HOME:-"$HOME/.cargo"} >> $GITHUB_ENV[0m
2026-10-07T13:00:12.3101020Z shell: /bin/bash --noprofile --norc -e -o pipefail {0}
2026-10-07T13:00:12.3101450Z env:
2026-10-07T13:00:12.3101740Z   CARGO_NET_GIT_FETCH_WITH_CLI: true
2026-10-07T13:00:12.3102110Z   RUSTFLAGS: -D warnings
2026-10-07T13:00:12.3102620Z   CARGO_TARGET_DIR: /Users/markik/Code/targets/wgpu-scry-hardware
2026-10-07T13:00:12.3103100Z   CAPTURE: 1
2026-10-07T13:00:12.3103390Z   TIMEOUT: 90
2026-10-07T13:00:12.3103670Z   VISIBLE: 1
2026-10-07T13:00:12.3104000Z ##[endgroup]
2026-10-07T13:00:12.3273530Z ##[end-action id=__dtolnay_rust-toolchain.__run;outcome=success;conclusion=success;duration_ms=21]
2026-10-07T13:00:12.3277280Z ##[start-action display=Install rustup if needed;id=__dtolnay_rust-toolchain.__run_2]
2026-10-07T13:00:12.3316390Z ##[group]Run if ! command -v rustup &>/dev/null; then
2026-10-07T13:00:12.3316930Z [36;1mif ! command -v rustup &>/dev/null; then[0m
2026-10-07T13:00:12.3317890Z [36;1m  curl --proto '=https' --tlsv1.2 --retry 10 --retry-connrefused --location --silent --show-error --fail https://sh.rustup.rs | sh -s -- --default-toolchain none -y[0m
2026-10-07T13:00:12.3318910Z [36;1m  echo "$CARGO_HOME/bin" >> $GITHUB_PATH[0m
2026-10-07T13:00:12.3319300Z [36;1mfi[0m
2026-10-07T13:00:12.3338150Z shell: /bin/bash --noprofile --norc -e -o pipefail {0}
2026-10-07T13:00:12.3338600Z env:
2026-10-07T13:00:12.3338950Z   CARGO_NET_GIT_FETCH_WITH_CLI: true
2026-10-07T13:00:12.3339320Z   RUSTFLAGS: -D warnings
2026-10-07T13:00:12.3339820Z   CARGO_TARGET_DIR: /Users/markik/Code/targets/wgpu-scry-hardware
2026-10-07T13:00:12.3340300Z   CAPTURE: 1
2026-10-07T13:00:12.3340570Z   TIMEOUT: 90
2026-10-07T13:00:12.3340850Z   VISIBLE: 1
2026-10-07T13:00:12.3341140Z   CARGO_HOME: /Users/markik/.cargo
2026-10-07T13:00:12.3341490Z ##[endgroup]
2026-10-07T13:00:12.6229870Z info: downloading installer
2026-10-07T13:00:14.6351820Z warn: it looks like you have an existing rustup settings file at:
2026-10-07T13:00:14.6352400Z warn: /Users/markik/.rustup/settings.toml
2026-10-07T13:00:14.6361330Z warn: rustup will install the default toolchain as specified in the settings file,
2026-10-07T13:00:14.6361980Z warn: instead of the one inferred from the default host tuple.
2026-10-07T13:00:14.6993470Z info: profile set to default
2026-10-07T13:00:14.6993820Z 
2026-10-07T13:00:14.6994030Z info: default host tuple is x86_64-apple-darwin
2026-10-07T13:00:14.6994590Z info: skipping toolchain installation
2026-10-07T13:00:14.6995680Z 
2026-10-07T13:00:14.6996430Z Rust is installed now. Great!
2026-10-07T13:00:14.6996760Z 
2026-10-07T13:00:14.6996980Z To get started you may need to restart your current shell.
2026-10-07T13:00:14.6997600Z This would reload your PATH environment variable to include
2026-10-07T13:00:14.6998180Z Cargo's bin directory ($HOME/.cargo/bin).
2026-10-07T13:00:14.6998500Z 
2026-10-07T13:00:14.6998700Z To configure your current shell, you need to source the
2026-10-07T13:00:14.6999280Z corresponding env file under $HOME/.cargo.
2026-10-07T13:00:14.6999570Z 
2026-10-07T13:00:14.6999900Z Consider running the right command for your shell (note the leading DOT):
2026-10-07T13:00:14.7000600Z . "$HOME/.cargo/env"           # For sh/ash/dash/pdksh/zsh
2026-10-07T13:00:14.7001130Z source "$HOME/.cargo/env.tcsh" # For tcsh
2026-10-07T13:00:14.7001630Z cargo:rerun-if-env-changed=CC_x86_64-apple-darwin
2026-10-07T13:00:14.7002170Z CC_x86_64-apple-darwin = None
2026-10-07T13:00:14.7002550Z cargo:rerun-if-env-changed=CC_x86_64_apple_darwin
2026-10-07T13:00:14.7018100Z CC_x86_64_apple_darwin = None
2026-10-07T13:00:14.7018710Z cargo:rerun-if-env-changed=HOST_CC
2026-10-07T13:00:14.7019070Z HOST_CC = None
2026-10-07T13:00:14.7019370Z cargo:rerun-if-env-changed=CC
2026-10-07T13:00:14.7019700Z CC = None
2026-10-07T13:00:14.7196400Z cargo:rerun-if-env-changed=CC_ENABLE_DEBUG_OUTPUT
2026-10-07T13:00:14.8134560Z cargo:rerun-if-env-changed=CRATE_CC_NO_DEFAULTS
2026-10-07T13:00:14.8135100Z CRATE_CC_NO_DEFAULTS = None
2026-10-07T13:00:14.8135540Z cargo:rerun-if-env-changed=MACOSX_DEPLOYMENT_TARGET
2026-10-07T13:00:14.8136070Z MACOSX_DEPLOYMENT_TARGET = None
2026-10-07T13:00:14.8253570Z cargo:rerun-if-env-changed=CFLAGS
2026-10-07T13:00:14.8254070Z CFLAGS = None
2026-10-07T13:00:14.8254400Z cargo:rerun-if-env-changed=HOST_CFLAGS
2026-10-07T13:00:14.8254770Z HOST_CFLAGS = None
2026-10-07T13:00:14.8255130Z cargo:rerun-if-env-changed=CFLAGS_x86_64_apple_darwin
2026-10-07T13:00:14.8255550Z CFLAGS_x86_64_apple_darwin = None
2026-10-07T13:00:14.8255970Z cargo:rerun-if-env-changed=CFLAGS_x86_64-apple-darwin
2026-10-07T13:00:14.8256390Z CFLAGS_x86_64-apple-darwin = None
2026-10-07T13:00:14.8369360Z ##[end-action id=__dtolnay_rust-toolchain.__run_2;outcome=success;conclusion=success;duration_ms=2509]
2026-10-07T13:00:14.8372990Z ##[start-action display=Install rustup if needed on windows;id=__dtolnay_rust-toolchain.__run_3]
2026-10-07T13:00:14.8382980Z ##[end-action id=__dtolnay_rust-toolchain.__run_3;outcome=skipped;conclusion=skipped;duration_ms=0]
2026-10-07T13:00:14.8397320Z ##[start-action display=rustup toolchain install 1.97.1;id=__dtolnay_rust-toolchain.__run_4]
2026-10-07T13:00:14.8426230Z ##[group]Run log=$(mktemp)
2026-10-07T13:00:14.8426580Z [36;1mlog=$(mktemp)[0m
2026-10-07T13:00:14.8426890Z [36;1mtrap 'rm -f "$log"' EXIT[0m
2026-10-07T13:00:14.8427230Z [36;1mfor attempt in 1 2 3 4 5; do[0m
2026-10-07T13:00:14.8427830Z [36;1m  if rustup toolchain install 1.97.1 --profile minimal --no-self-update --force-non-host 2>&1 | tee "$log"; then[0m
2026-10-07T13:00:14.8428450Z [36;1m    break[0m
2026-10-07T13:00:14.8428720Z [36;1m  else[0m
2026-10-07T13:00:14.8428970Z [36;1m    status=$?[0m
2026-10-07T13:00:14.8429220Z [36;1m  fi[0m
2026-10-07T13:00:14.8429580Z [36;1m  if [[ $attempt == 5 ]] || ! grep -Fq 'checksum failed for ' "$log" \[0m
2026-10-07T13:00:14.8430250Z [36;1m      || ! grep -Fq 'this is likely due to an ongoing update of the official release server' "$log"; then[0m
2026-10-07T13:00:14.8430820Z [36;1m    exit "$status"[0m
2026-10-07T13:00:14.8431110Z [36;1m  fi[0m
2026-10-07T13:00:14.8431930Z [36;1m  echo "Retrying rustup toolchain install in 30 seconds (retry $attempt of 4)" >&2[0m
2026-10-07T13:00:14.8432430Z [36;1m  sleep 30[0m
2026-10-07T13:00:14.8432720Z [36;1mdone[0m
2026-10-07T13:00:14.8452840Z shell: /bin/bash --noprofile --norc -e -o pipefail {0}
2026-10-07T13:00:14.8453250Z env:
2026-10-07T13:00:14.8453510Z   CARGO_NET_GIT_FETCH_WITH_CLI: true
2026-10-07T13:00:14.8453860Z   RUSTFLAGS: -D warnings
2026-10-07T13:00:14.8454270Z   CARGO_TARGET_DIR: /Users/markik/Code/targets/wgpu-scry-hardware
2026-10-07T13:00:14.8454700Z   CAPTURE: 1
2026-10-07T13:00:14.8454990Z   TIMEOUT: 90
2026-10-07T13:00:14.8455250Z   VISIBLE: 1
2026-10-07T13:00:14.8455510Z   CARGO_HOME: /Users/markik/.cargo
2026-10-07T13:00:14.8455850Z   RUSTUP_PERMIT_COPY_RENAME: 1
2026-10-07T13:00:14.8456160Z ##[endgroup]
2026-10-07T13:00:15.4444870Z info: syncing channel updates for 1.97.1-x86_64-apple-darwin
2026-10-07T13:00:15.5818620Z 
2026-10-07T13:00:15.6023730Z   1.97.1-x86_64-apple-darwin unchanged - rustc 1.97.1 (8bab26f4f 2026-07-14)
2026-10-07T13:00:15.6024270Z 
2026-10-07T13:00:15.6127420Z ##[end-action id=__dtolnay_rust-toolchain.__run_4;outcome=success;conclusion=success;duration_ms=772]
2026-10-07T13:00:15.6133150Z ##[start-action display=rustup default 1.97.1;id=__dtolnay_rust-toolchain.__run_5]
2026-10-07T13:00:15.6160640Z ##[group]Run rustup default 1.97.1 --force-non-host
2026-10-07T13:00:15.6161140Z [36;1mrustup default 1.97.1 --force-non-host[0m
2026-10-07T13:00:15.6180080Z shell: /bin/bash --noprofile --norc -e -o pipefail {0}
2026-10-07T13:00:15.6180490Z env:
2026-10-07T13:00:15.6180760Z   CARGO_NET_GIT_FETCH_WITH_CLI: true
2026-10-07T13:00:15.6181100Z   RUSTFLAGS: -D warnings
2026-10-07T13:00:15.6181530Z   CARGO_TARGET_DIR: /Users/markik/Code/targets/wgpu-scry-hardware
2026-10-07T13:00:15.6181950Z   CAPTURE: 1
2026-10-07T13:00:15.6182200Z   TIMEOUT: 90
2026-10-07T13:00:15.6182460Z   VISIBLE: 1
2026-10-07T13:00:15.6182730Z   CARGO_HOME: /Users/markik/.cargo
2026-10-07T13:00:15.6183070Z ##[endgroup]
2026-10-07T13:00:15.6511530Z info: using existing install for 1.97.1-x86_64-apple-darwin
2026-10-07T13:00:15.6703440Z info: default toolchain set to 1.97.1-x86_64-apple-darwin
2026-10-07T13:00:15.6703820Z 
2026-10-07T13:00:15.6899470Z   1.97.1-x86_64-apple-darwin unchanged - rustc 1.97.1 (8bab26f4f 2026-07-14)
2026-10-07T13:00:15.6899890Z 
2026-10-07T13:00:15.6905020Z info: note that the toolchain '1.97.1-x86_64-apple-darwin' is currently in use (overridden by '/Users/markik/actions-runner-wgpu/_work/wgpu-scry/wgpu-scry/rust-toolchain.toml')
2026-10-07T13:00:15.6924290Z ##[end-action id=__dtolnay_rust-toolchain.__run_5;outcome=success;conclusion=success;duration_ms=78]
2026-10-07T13:00:15.6928020Z ##[start-action display=Create cachekey;id=__dtolnay_rust-toolchain.rustc-version]
2026-10-07T13:00:15.6956410Z ##[group]Run DATE=$(rustc +1.97.1 --version --verbose | sed -ne 's/^commit-date: \(20[0-9][0-9]\)-\([01][0-9]\)-\([0-3][0-9]\)$/\1\2\3/p')
2026-10-07T13:00:15.6957450Z [36;1mDATE=$(rustc +1.97.1 --version --verbose | sed -ne 's/^commit-date: \(20[0-9][0-9]\)-\([01][0-9]\)-\([0-3][0-9]\)$/\1\2\3/p')[0m
2026-10-07T13:00:15.6958330Z [36;1mHASH=$(rustc +1.97.1 --version --verbose | sed -ne 's/^commit-hash: //p')[0m
2026-10-07T13:00:15.6958970Z [36;1mecho "cachekey=$(echo $DATE$HASH | head -c12)" >> $GITHUB_OUTPUT[0m
2026-10-07T13:00:15.6978660Z shell: /bin/bash --noprofile --norc -e -o pipefail {0}
2026-10-07T13:00:15.6979090Z env:
2026-10-07T13:00:15.6979380Z   CARGO_NET_GIT_FETCH_WITH_CLI: true
2026-10-07T13:00:15.6979740Z   RUSTFLAGS: -D warnings
2026-10-07T13:00:15.6980170Z   CARGO_TARGET_DIR: /Users/markik/Code/targets/wgpu-scry-hardware
2026-10-07T13:00:15.6980630Z   CAPTURE: 1
2026-10-07T13:00:15.6980910Z   TIMEOUT: 90
2026-10-07T13:00:15.6981190Z   VISIBLE: 1
2026-10-07T13:00:15.6981500Z   CARGO_HOME: /Users/markik/.cargo
2026-10-07T13:00:15.6981850Z ##[endgroup]
2026-10-07T13:00:15.8111530Z ##[end-action id=__dtolnay_rust-toolchain.rustc-version;outcome=success;conclusion=success;duration_ms=118]
2026-10-07T13:00:15.8115700Z ##[start-action display=Disable incremental compilation;id=__dtolnay_rust-toolchain.__run_6]
2026-10-07T13:00:15.8141760Z ##[group]Run if [ -z "${CARGO_INCREMENTAL+set}" ]; then
2026-10-07T13:00:15.8142280Z [36;1mif [ -z "${CARGO_INCREMENTAL+set}" ]; then[0m
2026-10-07T13:00:15.8142780Z [36;1m  echo CARGO_INCREMENTAL=0 >> $GITHUB_ENV[0m
2026-10-07T13:00:15.8143280Z [36;1mfi[0m
2026-10-07T13:00:15.8161470Z shell: /bin/bash --noprofile --norc -e -o pipefail {0}
2026-10-07T13:00:15.8162050Z env:
2026-10-07T13:00:15.8162400Z   CARGO_NET_GIT_FETCH_WITH_CLI: true
2026-10-07T13:00:15.8162760Z   RUSTFLAGS: -D warnings
2026-10-07T13:00:15.8163180Z   CARGO_TARGET_DIR: /Users/markik/Code/targets/wgpu-scry-hardware
2026-10-07T13:00:15.8163660Z   CAPTURE: 1
2026-10-07T13:00:15.8163940Z   TIMEOUT: 90
2026-10-07T13:00:15.8164210Z   VISIBLE: 1
2026-10-07T13:00:15.8164500Z   CARGO_HOME: /Users/markik/.cargo
2026-10-07T13:00:15.8164840Z ##[endgroup]
2026-10-07T13:00:15.8344170Z ##[end-action id=__dtolnay_rust-toolchain.__run_6;outcome=success;conclusion=success;duration_ms=22]
2026-10-07T13:00:15.8347510Z ##[start-action display=Enable colors in Cargo output;id=__dtolnay_rust-toolchain.__run_7]
2026-10-07T13:00:15.8374370Z ##[group]Run if [ -z "${CARGO_TERM_COLOR+set}" ]; then
2026-10-07T13:00:15.8374900Z [36;1mif [ -z "${CARGO_TERM_COLOR+set}" ]; then[0m
2026-10-07T13:00:15.8375370Z [36;1m  echo CARGO_TERM_COLOR=always >> $GITHUB_ENV[0m
2026-10-07T13:00:15.8376260Z [36;1mfi[0m
2026-10-07T13:00:15.8397360Z shell: /bin/bash --noprofile --norc -e -o pipefail {0}
2026-10-07T13:00:15.8397800Z env:
2026-10-07T13:00:15.8398100Z   CARGO_NET_GIT_FETCH_WITH_CLI: true
2026-10-07T13:00:15.8398470Z   RUSTFLAGS: -D warnings
2026-10-07T13:00:15.8398910Z   CARGO_TARGET_DIR: /Users/markik/Code/targets/wgpu-scry-hardware
2026-10-07T13:00:15.8399390Z   CAPTURE: 1
2026-10-07T13:00:15.8399700Z   TIMEOUT: 90
2026-10-07T13:00:15.8399970Z   VISIBLE: 1
2026-10-07T13:00:15.8400270Z   CARGO_HOME: /Users/markik/.cargo
2026-10-07T13:00:15.8400640Z   CARGO_INCREMENTAL: 0
2026-10-07T13:00:15.8401020Z ##[endgroup]
2026-10-07T13:00:15.8596190Z ##[end-action id=__dtolnay_rust-toolchain.__run_7;outcome=success;conclusion=success;duration_ms=24]
2026-10-07T13:00:15.8599700Z ##[start-action display=Enable Cargo sparse registry;id=__dtolnay_rust-toolchain.__run_8]
2026-10-07T13:00:15.8627510Z ##[group]Run # implemented in 1.66, stabilized in 1.68, made default in 1.70
2026-10-07T13:00:15.8628340Z [36;1m# implemented in 1.66, stabilized in 1.68, made default in 1.70[0m
2026-10-07T13:00:15.8629330Z [36;1mif [ -z "${CARGO_REGISTRIES_CRATES_IO_PROTOCOL+set}" -o -f "/Users/markik/actions-runner-wgpu/_work/_temp"/.implicit_cargo_registries_crates_io_protocol ]; then[0m
2026-10-07T13:00:15.8630340Z [36;1m  if rustc +1.97.1 --version --verbose | grep -q '^release: 1\.6[89]\.'; then[0m
2026-10-07T13:00:15.8631200Z [36;1m    touch "/Users/markik/actions-runner-wgpu/_work/_temp"/.implicit_cargo_registries_crates_io_protocol || true[0m
2026-10-07T13:00:15.8632060Z [36;1m    echo CARGO_REGISTRIES_CRATES_IO_PROTOCOL=sparse >> $GITHUB_ENV[0m
2026-10-07T13:00:15.8632700Z [36;1m  elif rustc +1.97.1 --version --verbose | grep -q '^release: 1\.6[67]\.'; then[0m
2026-10-07T13:00:15.8633540Z [36;1m    touch "/Users/markik/actions-runner-wgpu/_work/_temp"/.implicit_cargo_registries_crates_io_protocol || true[0m
2026-10-07T13:00:15.8634320Z [36;1m    echo CARGO_REGISTRIES_CRATES_IO_PROTOCOL=git >> $GITHUB_ENV[0m
2026-10-07T13:00:15.8634780Z [36;1m  fi[0m
2026-10-07T13:00:15.8635060Z [36;1mfi[0m
2026-10-07T13:00:15.8653170Z shell: /bin/bash --noprofile --norc -e -o pipefail {0}
2026-10-07T13:00:15.8653570Z env:
2026-10-07T13:00:15.8653830Z   CARGO_NET_GIT_FETCH_WITH_CLI: true
2026-10-07T13:00:15.8654170Z   RUSTFLAGS: -D warnings
2026-10-07T13:00:15.8654580Z   CARGO_TARGET_DIR: /Users/markik/Code/targets/wgpu-scry-hardware
2026-10-07T13:00:15.8655020Z   CAPTURE: 1
2026-10-07T13:00:15.8655270Z   TIMEOUT: 90
2026-10-07T13:00:15.8655880Z   VISIBLE: 1
2026-10-07T13:00:15.8656150Z   CARGO_HOME: /Users/markik/.cargo
2026-10-07T13:00:15.8656490Z   CARGO_INCREMENTAL: 0
2026-10-07T13:00:15.8656780Z   CARGO_TERM_COLOR: always
2026-10-07T13:00:15.8657070Z ##[endgroup]
2026-10-07T13:00:15.9593650Z ##[end-action id=__dtolnay_rust-toolchain.__run_8;outcome=success;conclusion=success;duration_ms=99]
2026-10-07T13:00:15.9597480Z ##[start-action display=Work around spurious network errors in curl 8.0;id=__dtolnay_rust-toolchain.__run_9]
2026-10-07T13:00:15.9626530Z ##[group]Run # https://rust-lang.zulipchat.com/#narrow/stream/246057-t-cargo/topic/timeout.20investigation
2026-10-07T13:00:15.9627480Z [36;1m# https://rust-lang.zulipchat.com/#narrow/stream/246057-t-cargo/topic/timeout.20investigation[0m
2026-10-07T13:00:15.9628280Z [36;1mif rustc +1.97.1 --version --verbose | grep -q '^release: 1\.7[01]\.'; then[0m
2026-10-07T13:00:15.9628870Z [36;1m  echo CARGO_HTTP_MULTIPLEXING=false >> $GITHUB_ENV[0m
2026-10-07T13:00:15.9629300Z [36;1mfi[0m
2026-10-07T13:00:15.9647380Z shell: /bin/bash --noprofile --norc -e -o pipefail {0}
2026-10-07T13:00:15.9647780Z env:
2026-10-07T13:00:15.9648040Z   CARGO_NET_GIT_FETCH_WITH_CLI: true
2026-10-07T13:00:15.9648410Z   RUSTFLAGS: -D warnings
2026-10-07T13:00:15.9648800Z   CARGO_TARGET_DIR: /Users/markik/Code/targets/wgpu-scry-hardware
2026-10-07T13:00:15.9649230Z   CAPTURE: 1
2026-10-07T13:00:15.9649490Z   TIMEOUT: 90
2026-10-07T13:00:15.9649750Z   VISIBLE: 1
2026-10-07T13:00:15.9650400Z   CARGO_HOME: /Users/markik/.cargo
2026-10-07T13:00:15.9650730Z   CARGO_INCREMENTAL: 0
2026-10-07T13:00:15.9651020Z   CARGO_TERM_COLOR: always
2026-10-07T13:00:15.9651310Z ##[endgroup]
2026-10-07T13:00:16.0214370Z ##[end-action id=__dtolnay_rust-toolchain.__run_9;outcome=success;conclusion=success;duration_ms=61]
2026-10-07T13:00:16.0219650Z ##[start-action display=rustc +1.97.1 --version --verbose;id=__dtolnay_rust-toolchain.__run_10]
2026-10-07T13:00:16.0247100Z ##[group]Run rustc +1.97.1 --version --verbose
2026-10-07T13:00:16.0247640Z [36;1mrustc +1.97.1 --version --verbose[0m
2026-10-07T13:00:16.0267330Z shell: /bin/bash --noprofile --norc -e -o pipefail {0}
2026-10-07T13:00:16.0267770Z env:
2026-10-07T13:00:16.0268060Z   CARGO_NET_GIT_FETCH_WITH_CLI: true
2026-10-07T13:00:16.0268430Z   RUSTFLAGS: -D warnings
2026-10-07T13:00:16.0268890Z   CARGO_TARGET_DIR: /Users/markik/Code/targets/wgpu-scry-hardware
2026-10-07T13:00:16.0269340Z   CAPTURE: 1
2026-10-07T13:00:16.0269630Z   TIMEOUT: 90
2026-10-07T13:00:16.0269960Z   VISIBLE: 1
2026-10-07T13:00:16.0270260Z   CARGO_HOME: /Users/markik/.cargo
2026-10-07T13:00:16.0270620Z   CARGO_INCREMENTAL: 0
2026-10-07T13:00:16.0270930Z   CARGO_TERM_COLOR: always
2026-10-07T13:00:16.0271240Z ##[endgroup]
2026-10-07T13:00:16.0793620Z rustc 1.97.1 (8bab26f4f 2026-07-14)
2026-10-07T13:00:16.0794130Z binary: rustc
2026-10-07T13:00:16.0794480Z commit-hash: 8bab26f4f68e0e26f0bb7960be334d5b520ea452
2026-10-07T13:00:16.0794930Z commit-date: 2026-07-14
2026-10-07T13:00:16.0795250Z host: x86_64-apple-darwin
2026-10-07T13:00:16.0795650Z release: 1.97.1
2026-10-07T13:00:16.0812890Z LLVM version: 22.1.6
2026-10-07T13:00:16.0839150Z ##[end-action id=__dtolnay_rust-toolchain.__run_10;outcome=success;conclusion=success;duration_ms=61]
2026-10-07T13:00:16.0917400Z ##[group]Run cargo test --locked -p scrying --lib latest_image_sample
2026-10-07T13:00:16.0918060Z [36;1mcargo test --locked -p scrying --lib latest_image_sample[0m
2026-10-07T13:00:16.0939010Z shell: /bin/bash -e {0}
2026-10-07T13:00:16.0939350Z env:
2026-10-07T13:00:16.0939640Z   CARGO_NET_GIT_FETCH_WITH_CLI: true
2026-10-07T13:00:16.0940050Z   RUSTFLAGS: -D warnings
2026-10-07T13:00:16.0940490Z   CARGO_TARGET_DIR: /Users/markik/Code/targets/wgpu-scry-hardware
2026-10-07T13:00:16.0940970Z   CAPTURE: 1
2026-10-07T13:00:16.0941240Z   TIMEOUT: 90
2026-10-07T13:00:16.0941520Z   VISIBLE: 1
2026-10-07T13:00:16.0941810Z   CARGO_HOME: /Users/markik/.cargo
2026-10-07T13:00:16.0942170Z   CARGO_INCREMENTAL: 0
2026-10-07T13:00:16.0942500Z   CARGO_TERM_COLOR: always
2026-10-07T13:00:16.0943340Z ##[endgroup]
2026-10-07T13:00:16.7405920Z [1m[92m    Finished[0m `test` profile [unoptimized + debuginfo] target(s) in 0.58s
2026-10-07T13:00:16.7607730Z [1m[92m     Running[0m unittests src/lib.rs (/Users/markik/Code/targets/wgpu-scry-hardware/debug/deps/scrying-2c1bd3425851af4b)
2026-10-07T13:00:16.7872210Z 
2026-10-07T13:00:16.7872720Z running 2 tests
2026-10-07T13:00:16.7884500Z test latest_image_sample::tests::newer_image_replaces_only_one_pending_image ... ok
2026-10-07T13:00:16.7885360Z test latest_image_sample::tests::status_only_burst_preserves_pending_image_and_its_custody ... ok
2026-10-07T13:00:16.7885870Z 
2026-10-07T13:00:16.7886180Z test result: ok. 2 passed; 0 failed; 0 ignored; 0 measured; 18 filtered out; finished in 0.00s
2026-10-07T13:00:16.7886640Z 
2026-10-07T13:00:16.8007150Z ##[group]Run cargo test --locked -p demo-mac --bin demo-mac capture_size_tests
2026-10-07T13:00:16.8007860Z [36;1mcargo test --locked -p demo-mac --bin demo-mac capture_size_tests[0m
2026-10-07T13:00:16.8028280Z shell: /bin/bash -e {0}
2026-10-07T13:00:16.8028640Z env:
2026-10-07T13:00:16.8028940Z   CARGO_NET_GIT_FETCH_WITH_CLI: true
2026-10-07T13:00:16.8029310Z   RUSTFLAGS: -D warnings
2026-10-07T13:00:16.8029740Z   CARGO_TARGET_DIR: /Users/markik/Code/targets/wgpu-scry-hardware
2026-10-07T13:00:16.8030200Z   CAPTURE: 1
2026-10-07T13:00:16.8030480Z   TIMEOUT: 90
2026-10-07T13:00:16.8030750Z   VISIBLE: 1
2026-10-07T13:00:16.8031050Z   CARGO_HOME: /Users/markik/.cargo
2026-10-07T13:00:16.8031400Z   CARGO_INCREMENTAL: 0
2026-10-07T13:00:16.8031720Z   CARGO_TERM_COLOR: always
2026-10-07T13:00:16.8032030Z ##[endgroup]
2026-10-07T13:00:17.1793850Z [1m[92m    Finished[0m `test` profile [unoptimized + debuginfo] target(s) in 0.32s
2026-10-07T13:00:17.2041440Z [1m[92m     Running[0m unittests src/main.rs (/Users/markik/Code/targets/wgpu-scry-hardware/debug/deps/demo_mac-3a4573aed02bca51)
2026-10-07T13:00:17.2214360Z 
2026-10-07T13:00:17.2214970Z running 1 test
2026-10-07T13:00:17.2216940Z test capture_size_tests::capture_resize_expectations_follow_display_scale ... ok
2026-10-07T13:00:17.2217400Z 
2026-10-07T13:00:17.2217710Z test result: ok. 1 passed; 0 failed; 0 ignored; 0 measured; 0 filtered out; finished in 0.00s
2026-10-07T13:00:17.2218190Z 
2026-10-07T13:00:17.2376800Z ##[group]Run bash scripts/test-mac.sh
2026-10-07T13:00:17.2377220Z [36;1mbash scripts/test-mac.sh[0m
2026-10-07T13:00:17.2398570Z shell: /bin/bash -e {0}
2026-10-07T13:00:17.2398920Z env:
2026-10-07T13:00:17.2399230Z   CARGO_NET_GIT_FETCH_WITH_CLI: true
2026-10-07T13:00:17.2399590Z   RUSTFLAGS: -D warnings
2026-10-07T13:00:17.2400020Z   CARGO_TARGET_DIR: /Users/markik/Code/targets/wgpu-scry-hardware
2026-10-07T13:00:17.2400470Z   CAPTURE: 1
2026-10-07T13:00:17.2400730Z   TIMEOUT: 90
2026-10-07T13:00:17.2401010Z   VISIBLE: 1
2026-10-07T13:00:17.2401310Z   CARGO_HOME: /Users/markik/.cargo
2026-10-07T13:00:17.2401740Z   CARGO_INCREMENTAL: 0
2026-10-07T13:00:17.2402050Z   CARGO_TERM_COLOR: always
2026-10-07T13:00:17.2402380Z ##[endgroup]
2026-10-07T13:00:19.2743260Z ==> ScreenCaptureKit display-awake hold active
2026-10-07T13:00:19.2744090Z ==> building demo-mac
2026-10-07T13:00:20.2715630Z ==> code-signing identity: -
2026-10-07T13:00:20.2850100Z Executable=/Users/markik/Code/targets/wgpu-scry-hardware/debug/scry-demo-mac-hardware.app/Contents/MacOS/demo-mac
2026-10-07T13:00:20.2851000Z designated => identifier "org.merely.scry.hardware-demo"
2026-10-07T13:00:20.2855530Z ==> LaunchServices app: /Users/markik/Code/targets/wgpu-scry-hardware/debug/scry-demo-mac-hardware.app
2026-10-07T13:00:20.2858470Z 
2026-10-07T13:00:20.2858790Z ==> --scripted
2026-10-07T13:00:25.8717420Z demo-mac: nav event: Starting { url: "about:blank" }
2026-10-07T13:00:25.8718060Z demo-mac: nav event: SourceChanged { url: "about:blank" }
2026-10-07T13:00:25.8718510Z demo-mac: js->host: ready
2026-10-07T13:00:25.8718850Z demo-mac: scripted: page ready
2026-10-07T13:00:25.8719310Z demo-mac: nav event: Completed { url: "about:blank", success: true }
2026-10-07T13:00:25.8720770Z demo-mac: nav event: TitleChanged { title: "scrying-test" }
2026-10-07T13:00:25.8721280Z demo-mac: js->host: echo:ping-from-host
2026-10-07T13:00:25.8721680Z demo-mac: scripted: JS echoed host message
2026-10-07T13:00:25.8722190Z demo-mac: scripted: 6 ScrollWheel events dispatched without error
2026-10-07T13:00:25.8722670Z demo-mac: cursor change: Default
2026-10-07T13:00:25.8723130Z demo-mac: scripted: 3 KeyDown/KeyUp pairs dispatched without error
2026-10-07T13:00:25.8724160Z demo-mac: scripted: PASS — slices E + G + I + cursor handler verified at runtime
2026-10-07T13:00:25.8724730Z   - cursor handler fired 1 time(s) over the run
2026-10-07T13:00:25.8758850Z   -> PASS
2026-10-07T13:00:25.8792640Z 
2026-10-07T13:00:25.8793410Z ==> --browser-test
2026-10-07T13:00:27.2079160Z demo-mac: nav event: Starting { url: "scrying-test://history-1" }
2026-10-07T13:00:27.2079850Z demo-mac: nav event: SourceChanged { url: "scrying-test://history-1" }
2026-10-07T13:00:27.2080530Z demo-mac: nav event: Completed { url: "scrying-test://history-1", success: true }
2026-10-07T13:00:27.2081120Z demo-mac: js->host: loaded:history-1
2026-10-07T13:00:27.2081520Z demo-mac: browser-test: history-1 loaded
2026-10-07T13:00:27.2082020Z demo-mac: nav event: Starting { url: "scrying-test://history-2" }
2026-10-07T13:00:27.2082620Z demo-mac: nav event: SourceChanged { url: "scrying-test://history-2" }
2026-10-07T13:00:27.2083280Z demo-mac: nav event: Completed { url: "scrying-test://history-2", success: true }
2026-10-07T13:00:27.2083860Z demo-mac: js->host: loaded:history-2
2026-10-07T13:00:27.2084260Z demo-mac: browser-test: history-2 loaded
2026-10-07T13:00:27.2084730Z demo-mac: nav event: Starting { url: "scrying-test://history-1" }
2026-10-07T13:00:27.2085330Z demo-mac: nav event: SourceChanged { url: "scrying-test://history-1" }
2026-10-07T13:00:27.2086000Z demo-mac: nav event: Completed { url: "scrying-test://history-1", success: true }
2026-10-07T13:00:27.2086600Z demo-mac: browser-test: go_back navigated to history-1
2026-10-07T13:00:27.2087130Z demo-mac: nav event: Starting { url: "scrying-test://history-2" }
2026-10-07T13:00:27.2087730Z demo-mac: nav event: SourceChanged { url: "scrying-test://history-2" }
2026-10-07T13:00:27.2089450Z demo-mac: nav event: Completed { url: "scrying-test://history-2", success: true }
2026-10-07T13:00:27.2090090Z demo-mac: browser-test: go_forward navigated to history-2
2026-10-07T13:00:27.2090540Z demo-mac: browser-test: apply_settings ok
2026-10-07T13:00:27.2091030Z demo-mac: nav event: Starting { url: "scrying-test://find-target" }
2026-10-07T13:00:27.2091640Z demo-mac: nav event: SourceChanged { url: "scrying-test://find-target" }
2026-10-07T13:00:27.2092160Z demo-mac: js->host: loaded:find-target
2026-10-07T13:00:27.2092690Z demo-mac: nav event: Completed { url: "scrying-test://find-target", success: true }
2026-10-07T13:00:27.2093250Z demo-mac: browser-test: find_in_page matched
2026-10-07T13:00:27.2093680Z demo-mac: browser-test: PDF rendered (12150 bytes)
2026-10-07T13:00:27.2094530Z demo-mac: browser-test: PASS — items 1, 3, 4, 9 verified at runtime
2026-10-07T13:00:27.2095120Z   - history controls (go_back/go_forward observed via SourceChanged events)
2026-10-07T13:00:27.2095650Z   - settings (apply_settings returned Ok)
2026-10-07T13:00:27.2096110Z   - URL schemes (scrying-test:// served 3 pages successfully)
2026-10-07T13:00:27.2096660Z   - find_in_page → Some(true), request_pdf → 12150 bytes
2026-10-07T13:00:27.2118910Z   -> PASS
2026-10-07T13:00:27.2151260Z 
2026-10-07T13:00:27.2152080Z ==> --interaction-state-test
2026-10-07T13:00:29.1043930Z demo-mac: nav event: Starting { url: "scrying-test://history-1" }
2026-10-07T13:00:29.1044610Z demo-mac: nav event: SourceChanged { url: "scrying-test://history-1" }
2026-10-07T13:00:29.1045330Z demo-mac: nav event: Completed { url: "scrying-test://history-1", success: true }
2026-10-07T13:00:29.1045890Z demo-mac: js->host: loaded:history-1
2026-10-07T13:00:29.1046370Z demo-mac: nav event: Starting { url: "scrying-test://history-2" }
2026-10-07T13:00:29.1047700Z demo-mac: nav event: SourceChanged { url: "scrying-test://history-2" }
2026-10-07T13:00:29.1048210Z demo-mac: js->host: loaded:history-2
2026-10-07T13:00:29.1048800Z demo-mac: nav event: Completed { url: "scrying-test://history-2", success: true }
2026-10-07T13:00:29.1049460Z demo-mac: nav event: Starting { url: "scrying-test://find-target" }
2026-10-07T13:00:29.1050110Z demo-mac: nav event: SourceChanged { url: "scrying-test://find-target" }
2026-10-07T13:00:29.1050670Z demo-mac: js->host: loaded:find-target
2026-10-07T13:00:29.1051210Z demo-mac: nav event: Completed { url: "scrying-test://find-target", success: true }
2026-10-07T13:00:29.1051860Z demo-mac: interaction-state-test: serialized 1024 bytes at C
2026-10-07T13:00:29.1052430Z demo-mac: nav event: Starting { url: "scrying-test://history-2" }
2026-10-07T13:00:29.1053030Z demo-mac: nav event: SourceChanged { url: "scrying-test://history-2" }
2026-10-07T13:00:29.1053680Z demo-mac: nav event: Completed { url: "scrying-test://history-2", success: true }
2026-10-07T13:00:29.1054320Z demo-mac: nav event: Starting { url: "scrying-test://history-1" }
2026-10-07T13:00:29.1054920Z demo-mac: nav event: SourceChanged { url: "scrying-test://history-1" }
2026-10-07T13:00:29.1055680Z demo-mac: nav event: Completed { url: "scrying-test://history-1", success: true }
2026-10-07T13:00:29.1056350Z demo-mac: interaction-state-test: restore_interaction_state ok
2026-10-07T13:00:29.1056940Z demo-mac: nav event: Starting { url: "scrying-test://find-target" }
2026-10-07T13:00:29.1057560Z demo-mac: nav event: SourceChanged { url: "scrying-test://find-target" }
2026-10-07T13:00:29.1058100Z demo-mac: js->host: loaded:find-target
2026-10-07T13:00:29.1058640Z demo-mac: nav event: Completed { url: "scrying-test://find-target", success: true }
2026-10-07T13:00:29.1059270Z demo-mac: interaction-state-test: restored to C
2026-10-07T13:00:29.1060110Z demo-mac: interaction-state-test: PASS — serialize/restore round-trip verified
2026-10-07T13:00:29.1060780Z   - serialized at C (1024 bytes), navigated back to A, restore landed on C
2026-10-07T13:00:29.1061390Z   - post-restore can_go_back == true, can_go_forward == false
2026-10-07T13:00:29.1083210Z   -> PASS
2026-10-07T13:00:29.1126090Z 
2026-10-07T13:00:29.1127500Z ==> --pointer-input-test
2026-10-07T13:00:30.7135220Z demo-mac: nav event: Starting { url: "scrying-test://pointer" }
2026-10-07T13:00:30.7136090Z demo-mac: nav event: SourceChanged { url: "scrying-test://pointer" }
2026-10-07T13:00:30.7136740Z demo-mac: nav event: Completed { url: "scrying-test://pointer", success: true }
2026-10-07T13:00:30.7137300Z demo-mac: js->host: ready
2026-10-07T13:00:30.7137660Z demo-mac: pointer-input-test: page ready
2026-10-07T13:00:30.7138070Z demo-mac: js->host: ptr:down:50,718:mouse
2026-10-07T13:00:30.7138470Z demo-mac: cursor change: Default
2026-10-07T13:00:30.7138840Z demo-mac: js->host: ptr:move:75,693:mouse
2026-10-07T13:00:30.7139230Z demo-mac: js->host: ptr:up:75,693:mouse
2026-10-07T13:00:30.7140010Z demo-mac: pointer-input-test: PASS — Down/Update/Up reached JS pointer listeners
2026-10-07T13:00:30.7140680Z   - JS observed: down=true move=true up=true leave=false
2026-10-07T13:00:30.7141310Z   - WebKit reported pointerType = Some("mouse") (macOS collapses every device to mouse)
2026-10-07T13:00:30.7171830Z   -> PASS
2026-10-07T13:00:30.7205260Z 
2026-10-07T13:00:30.7205700Z ==> --incognito-test
2026-10-07T13:00:31.7300950Z demo-mac: --incognito-test: spun up persistent comparison producer
2026-10-07T13:00:31.7301880Z demo-mac: incognito-test: set_cookie 'scrying-incognito-52966' on incognito producer
2026-10-07T13:00:31.7302610Z demo-mac: incognito-test: incognito store reports 1 cookie(s)
2026-10-07T13:00:31.7303170Z demo-mac: incognito-test: persistent store reports 0 cookie(s)
2026-10-07T13:00:31.7304050Z demo-mac: incognito-test: PASS — non_persistent stores stay isolated from persistent ones
2026-10-07T13:00:31.7304780Z   - set_cookie on incognito producer was visible to its own request_all_cookies
2026-10-07T13:00:31.7306100Z   - same cookie was absent from a separate persistent producer's store
2026-10-07T13:00:31.7338210Z   -> PASS
2026-10-07T13:00:31.7371680Z 
2026-10-07T13:00:31.7371940Z ==> --download-test
2026-10-07T13:00:39.3280960Z demo-mac: download-test: serving payload at http://127.0.0.1:55366/download
2026-10-07T13:00:39.3281880Z demo-mac: download-test: auth-required payload at http://127.0.0.1:55366/download-auth
2026-10-07T13:00:39.3282590Z demo-mac: nav event: Starting { url: "http://127.0.0.1:55366/download" }
2026-10-07T13:00:39.3284250Z demo-mac: nav event: DownloadStarted { id: DownloadId(1), url: "http://127.0.0.1:55366/download", suggested_filename: "scrying-download.bin", destination_path: "/Users/markik/Code/targets/wgpu-scry-hardware/demo-mac-download-test-52987/download-output/scrying-download.bin", total_bytes_expected: Some(262144) }
2026-10-07T13:00:39.3286060Z demo-mac: nav event: DownloadProgress { id: DownloadId(1), bytes_written: 262144, total_bytes_expected: Some(262144) }
2026-10-07T13:00:39.3287490Z demo-mac: nav event: DownloadFinished { id: DownloadId(1), destination_path: "/Users/markik/Code/targets/wgpu-scry-hardware/demo-mac-download-test-52987/download-output/scrying-download.bin", error: None }
2026-10-07T13:00:39.3289260Z demo-mac: download-test: phase A: 262144 bytes landed at /Users/markik/Code/targets/wgpu-scry-hardware/demo-mac-download-test-52987/download-output/scrying-download.bin (matches served payload)
2026-10-07T13:00:39.3290370Z demo-mac: nav event: Completed { url: "", success: false }
2026-10-07T13:00:39.3290930Z demo-mac: nav event: Starting { url: "http://127.0.0.1:55366/download" }
2026-10-07T13:00:39.3291480Z demo-mac: nav event: Completed { url: "", success: false }
2026-10-07T13:00:39.3292150Z demo-mac: nav event: DownloadCancelled { id: DownloadId(2), destination_path: "", resume_data: None }
2026-10-07T13:00:39.3293020Z demo-mac: download-test: phase B: DownloadCancelled fired for id 2 after host Cancel decision
2026-10-07T13:00:39.3293800Z demo-mac: download-test: phase C: cancel_download(unknown) returned Ok(false) as expected
2026-10-07T13:00:39.3294630Z demo-mac: download-test: auth challenge for host '127.0.0.1' method 'NSURLAuthenticationMethodHTTPBasic'
2026-10-07T13:00:39.3296590Z demo-mac: nav event: AuthChallenged { url: "http://127.0.0.1:55366/download-auth", host: "127.0.0.1", auth_method: "NSURLAuthenticationMethodHTTPBasic", source: Download }
2026-10-07T13:00:39.3298700Z demo-mac: nav event: DownloadStarted { id: DownloadId(3), url: "http://127.0.0.1:55366/download-auth", suggested_filename: "scrying-download.bin", destination_path: "/Users/markik/Code/targets/wgpu-scry-hardware/demo-mac-download-test-52987/download-output/scrying-download-1.bin", total_bytes_expected: Some(262144) }
2026-10-07T13:00:39.3300530Z demo-mac: nav event: DownloadProgress { id: DownloadId(3), bytes_written: 262144, total_bytes_expected: Some(262144) }
2026-10-07T13:00:39.3301940Z demo-mac: nav event: DownloadFinished { id: DownloadId(3), destination_path: "/Users/markik/Code/targets/wgpu-scry-hardware/demo-mac-download-test-52987/download-output/scrying-download-1.bin", error: None }
2026-10-07T13:00:39.3303510Z demo-mac: download-test: phase D: auth-protected download succeeded with 262144 bytes after credentials supplied
2026-10-07T13:00:39.3304320Z demo-mac: nav event: Starting { url: "http://127.0.0.1:55366/download-slow" }
2026-10-07T13:00:39.3304890Z demo-mac: nav event: Completed { url: "", success: false }
2026-10-07T13:00:39.3306440Z demo-mac: nav event: DownloadStarted { id: DownloadId(4), url: "http://127.0.0.1:55366/download-slow", suggested_filename: "scrying-download.bin", destination_path: "/Users/markik/Code/targets/wgpu-scry-hardware/demo-mac-download-test-52987/download-output/scrying-download-2.bin", total_bytes_expected: Some(262144) }
2026-10-07T13:00:39.3308140Z demo-mac: download-test: phase E: cancel_download(4) -> Ok(true), awaiting resume_data
2026-10-07T13:00:39.3435480Z demo-mac: nav event: DownloadCancelled { id: DownloadId(4), destination_path: "/Users/markik/Code/targets/wgpu-scry-hardware/demo-mac-download-test-52987/download-output/scrying-download-2.bin", resume_data: Some([98, 112, 108, 105, 115, 116, 48, 48, 212, 1, 2, 3, 4, 5, 6, 7, 10, 88, 36, 118, 101, 114, 115, 105, 111, 110, 89, 36, 97, 114, 99, 104, 105, 118, 101, 114, 84, 36, 116, 111, 112, 88, 36, 111, 98, 106, 101, 99, 116, 115, 18, 0, 1, 134, 160, 95, 16, 15, 78, 83, 75, 101, 121, 101, 100, 65, 114, 99, 104, 105, 118, 101, 114, 209, 8, 9, 95, 16, 27, 78, 83, 75, 101, 121, 101, 100, 65, 114, 99, 104, 105, 118, 101, 82, 111, 111, 116, 79, 98, 106, 101, 99, 116, 75, 101, 121, 128, 1, 175, 16, 24, 11, 12, 39, 40, 41, 42, 43, 44, 45, 46, 47, 48, 49, 50, 54, 61, 64, 67, 68, 69, 70, 71, 72, 73, 85, 36, 110, 117, 108, 108, 211, 13, 14, 15, 16, 27, 38, 87, 78, 83, 46, 107, 101, 121, 115, 90, 78, 83, 46, 111, 98, 106, 101, 99, 116, 115, 86, 36, 99, 108, 97, 115, 115, 170, 17, 18, 19, 20, 21, 22, 23, 24, 25, 26, 128, 2, 128, 3, 128, 4, 128, 5, 128, 6, 128, 7, 128, 8, 128, 9, 128, 10, 128, 11, 170, 28, 29, 30, 31, 32, 33, 34, 35, 36, 37, 128, 12, 128, 13, 128, 15, 128, 16, 128, 17, 128, 18, 128, 19, 128, 20, 128, 21, 128, 22, 128, 23, 95, 16, 31, 78, 83, 85, 82, 76, 83, 101, 115, 115, 105, 111, 110, 82, 101, 115, 117, 109, 101, 73, 110, 102, 111, 76, 111, 99, 97, 108, 80, 97, 116, 104, 95, 16, 26, 78, 83, 85, 82, 76, 83, 101, 115, 115, 105, 111, 110, 82, 101, 115, 117, 109, 101, 82, 101, 115, 112, 111, 110, 115, 101, 95, 16, 32, 78, 83, 85, 82, 76, 83, 101, 115, 115, 105, 111, 110, 82, 101, 115, 117, 109, 101, 67, 117, 114, 114, 101, 110, 116, 82, 101, 113, 117, 101, 115, 116, 95, 16, 33, 78, 83, 85, 82, 76, 83, 101, 115, 115, 105, 111, 110, 82, 101, 115, 117, 109, 101, 79, 114, 105, 103, 105, 110, 97, 108, 82, 101, 113, 117, 101, 115, 116, 95, 16, 23, 78, 83, 85, 82, 76, 83, 101, 115, 115, 105, 111, 110, 68, 111, 119, 110, 108, 111, 97, 100, 85, 82, 76, 95, 16, 34, 78, 83, 85, 82, 76, 83, 101, 115, 115, 105, 111, 110, 82, 101, 115, 117, 109, 101, 73, 110, 102, 111, 84, 101, 109, 112, 70, 105, 108, 101, 78, 97, 109, 101, 95, 16, 31, 78, 83, 85, 82, 76, 83, 101, 115, 115, 105, 111, 110, 82, 101, 115, 117, 109, 101, 66, 121, 116, 101, 115, 82, 101, 99, 101, 105, 118, 101, 100, 95, 16, 27, 78, 83, 85, 82, 76, 83, 101, 115, 115, 105, 111, 110, 82, 101, 115, 117, 109, 101, 69, 110, 116, 105, 116, 121, 84, 97, 103, 95, 16, 29, 78, 83, 85, 82, 76, 83, 101, 115, 115, 105, 111, 110, 82, 101, 115, 117, 109, 101, 73, 110, 102, 111, 86, 101, 114, 115, 105, 111, 110, 95, 16, 36, 78, 83, 85, 82, 76, 83, 101, 115, 115, 105, 111, 110, 82, 101, 115, 117, 109, 101, 83, 101, 114, 118, 101, 114, 68, 111, 119, 110, 108, 111, 97, 100, 68, 97, 116, 101, 95, 16, 113, 47, 85, 115, 101, 114, 115, 47, 109, 97, 114, 107, 105, 107, 47, 67, 111, 100, 101, 47, 116, 97, 114, 103, 101, 116, 115, 47, 119, 103, 112, 117, 45, 115, 99, 114, 121, 45, 104, 97, 114, 100, 119, 97, 114, 101, 47, 100, 101, 109, 111, 45, 109, 97, 99, 45, 100, 111, 119, 110, 108, 111, 97, 100, 45, 116, 101, 115, 116, 45, 53, 50, 57, 56, 55, 47, 100, 111, 119, 110, 108, 111, 97, 100, 45, 111, 117, 116, 112, 117, 116, 47, 115, 99, 114, 121, 105, 110, 103, 45, 100, 111, 119, 110, 108, 111, 97, 100, 45, 50, 46, 98, 105, 110, 210, 51, 15, 52, 53, 87, 78, 83, 46, 100, 97, 116, 97, 79, 17, 7, 36, 98, 112, 108, 105, 115, 116, 48, 48, 212, 1, 2, 3, 4, 5, 6, 7, 10, 88, 36, 118, 101, 114, 115, 105, 111, 110, 89, 36, 97, 114, 99, 104, 105, 118, 101, 114, 84, 36, 116, 111, 112, 88, 36, 111, 98, 106, 101, 99, 116, 115, 18, 0, 1, 134, 160, 95, 16, 15, 78, 83, 75, 101, 121, 101, 100, 65, 114, 99, 104, 105, 118, 101, 114, 209, 8, 9, 84, 114, 111, 111, 116, 128, 1, 175, 16, 29, 11, 12, 39, 45, 46, 52, 53, 54, 55, 77, 78, 79, 80, 81, 82, 83, 84, 85, 86, 87, 88, 89, 90, 91, 92, 93, 97, 101, 105, 85, 36, 110, 117, 108, 108, 221, 13, 14, 15, 16, 17, 18, 19, 20, 21, 22, 23, 24, 25, 26, 27, 28, 29, 30, 31, 32, 33, 34, 35, 36, 37, 38, 95, 16, 31, 95, 95, 110, 115, 117, 114, 108, 114, 101, 113, 117, 101, 115, 116, 95, 112, 114, 111, 116, 111, 95, 112, 114, 111, 112, 95, 111, 98, 106, 95, 54, 95, 16, 31, 95, 95, 110, 115, 117, 114, 108, 114, 101, 113, 117, 101, 115, 116, 95, 112, 114, 111, 116, 111, 95, 112, 114, 111, 112, 95, 111, 98, 106, 95, 51, 82, 36, 50, 95, 16, 31, 95, 95, 110, 115, 117, 114, 108, 114, 101, 113, 117, 101, 115, 116, 95, 112, 114, 111, 116, 111, 95, 112, 114, 111, 112, 95, 111, 98, 106, 95, 48, 82, 36, 51, 95, 16, 31, 95, 95, 110, 115, 117, 114, 108, 114, 101, 113, 117, 101, 115, 116, 95, 112, 114, 111, 116, 111, 95, 112, 114, 111, 112, 95, 111, 98, 106, 95, 52, 86, 36, 99, 108, 97, 115, 115, 95, 16, 31, 95, 95, 110, 115, 117, 114, 108, 114, 101, 113, 117, 101, 115, 116, 95, 112, 114, 111, 116, 111, 95, 112, 114, 111, 112, 95, 111, 98, 106, 95, 49, 82, 36, 52, 82, 36, 48, 95, 16, 31, 95, 95, 110, 115, 117, 114, 108, 114, 101, 113, 117, 101, 115, 116, 95, 112, 114, 111, 116, 111, 95, 112, 114, 111, 112, 95, 111, 98, 106, 95, 53, 95, 16, 31, 95, 95, 110, 115, 117, 114, 108, 114, 101, 113, 117, 101, 115, 116, 95, 112, 114, 111, 116, 111, 95, 112, 114, 111, 112, 95, 111, 98, 106, 95, 50, 82, 36, 49, 128, 26, 128, 7, 16, 7, 128, 2, 16, 9, 128, 8, 128, 28, 128, 5, 8, 16, 8, 128, 0, 128, 6, 16, 1, 211, 40, 19, 41, 36, 43, 44, 87, 78, 83, 46, 98, 97, 115, 101, 91, 78, 83, 46, 114, 101, 108, 97, 116, 105, 118, 101, 128, 0, 128, 4, 128, 3, 95, 16, 36, 104, 116, 116, 112, 58, 47, 47, 49, 50, 55, 46, 48, 46, 48, 46, 49, 58, 53, 53, 51, 54, 54, 47, 100, 111, 119, 110, 108, 111, 97, 100, 45, 115, 108, 111, 119, 210, 47, 48, 49, 50, 90, 36, 99, 108, 97, 115, 115, 110, 97, 109, 101, 88, 36, 99, 108, 97, 115, 115, 101, 115, 85, 78, 83, 85, 82, 76, 162, 49, 51, 88, 78, 83, 79, 98, 106, 101, 99, 116, 35, 65, 200, 59, 60, 248, 111, 10, 120, 16, 0, 16, 200, 211, 56, 57, 19, 58, 67, 76, 87, 78, 83, 46, 107, 101, 121, 115, 90, 78, 83, 46, 111, 98, 106, 101, 99, 116, 115, 168, 59, 60, 61, 62, 63, 64, 65, 66, 128, 9, 128, 10, 128, 11, 128, 12, 128, 13, 128, 14, 128, 15, 128, 16, 168, 68, 69, 70, 71, 72, 73, 74, 75, 128, 17, 128, 18, 128, 19, 128, 20, 128, 21, 128, 22, 128, 23, 128, 24, 128, 25, 84, 69, 116, 97, 103, 92, 67, 111, 110, 116, 101, 110, 116, 45, 84, 121, 112, 101, 88, 95, 95, 104, 104, 97, 97, 95, 95, 93, 76, 97, 115, 116, 45, 77, 111, 100, 105, 102, 105, 101, 100, 93, 65, 99, 99, 101, 112, 116, 45, 82, 97, 110, 103, 101, 115, 95, 16, 19, 67, 111, 110, 116, 101, 110, 116, 45, 68, 105, 115, 112, 111, 115, 105, 116, 105, 111, 110, 94, 67, 111, 110, 116, 101, 110, 116, 45, 76, 101, 110, 103, 116, 104, 90, 67, 111, 110, 110, 101, 99, 116, 105, 111, 110, 95, 16, 28, 34, 115, 99, 114, 121, 105, 110, 103, 45, 116, 101, 115, 116, 45, 101, 116, 97, 103, 45, 100, 101, 97, 100, 98, 101, 101, 102, 34, 95, 16, 24, 97, 112, 112, 108, 105, 99, 97, 116, 105, 111, 110, 47, 111, 99, 116, 101, 116, 45, 115, 116, 114, 101, 97, 109, 95, 17, 1, 232, 13, 10, 13, 10, 89, 110, 66, 115, 97, 88, 78, 48, 77, 68, 68, 88, 65, 81, 73, 68, 66, 65, 85, 71, 66, 119, 103, 75, 68, 65, 52, 81, 69, 104, 82, 97, 81, 50, 57, 117, 98, 109, 86, 106, 100, 71, 108, 118, 98, 108, 120, 68, 98, 50, 53, 48, 90, 87, 53, 48, 76, 86, 82, 53, 99, 71, 86, 100, 84, 71, 70, 122, 100, 67, 49, 78, 98, 50, 82, 112, 90, 109, 108, 108, 90, 70, 49, 66, 89, 50, 78, 108, 99, 72, 81, 116, 85, 109, 70, 117, 90, 50, 86, 122, 88, 120, 65, 84, 81, 50, 57, 117, 100, 71, 86, 117, 100, 67, 49, 69, 97, 88, 78, 119, 98, 51, 78, 112, 100, 71, 108, 118, 98, 108, 53, 68, 98, 50, 53, 48, 90, 87, 53, 48, 76, 85, 120, 108, 98, 109, 100, 48, 97, 70, 82, 70, 100, 71, 70, 110, 111, 81, 108, 86, 89, 50, 120, 118, 99, 50, 87, 104, 67, 49, 56, 81, 71, 71, 70, 119, 99, 71, 120, 112, 89, 50, 70, 48, 97, 87, 57, 117, 76, 50, 57, 106, 100, 71, 86, 48, 76, 88, 78, 48, 99, 109, 86, 104, 98, 97, 69, 78, 88, 120, 65, 100, 84, 87, 57, 117, 76, 67, 65, 119, 77, 83, 66, 75, 89, 87, 52, 103, 77, 106, 65, 121, 78, 67, 65, 119, 77, 68, 111, 119, 77, 68, 111, 119, 77, 67, 66, 72, 84, 86, 83, 104, 68, 49, 86, 105, 101, 88, 82, 108, 99, 54, 69, 82, 88, 120, 65, 114, 89, 88, 82, 48, 89, 87, 78, 111, 98, 87, 86, 117, 100, 68, 115, 103, 90, 109, 108, 115, 90, 87, 53, 104, 98, 87, 85, 57, 73, 110, 78, 106, 99, 110, 108, 112, 98, 109, 99, 116, 90, 71, 57, 51, 98, 109, 120, 118, 89, 87, 81, 117, 89, 109, 108, 117, 73, 113, 69, 84, 86, 106, 73, 50, 77, 106, 69, 48, 78, 75, 69, 86, 88, 120, 65, 99, 73, 110, 78, 106, 99, 110, 108, 112, 98, 109, 99, 116, 100, 71, 86, 122, 100, 67, 49, 108, 100, 71, 70, 110, 76, 87, 82, 108, 89, 87, 82, 105, 90, 87, 86, 109, 73, 103, 65, 73, 65, 66, 99, 65, 73, 103, 65, 118, 65, 68, 48, 65, 83, 119, 66, 104, 65, 72, 65, 65, 100, 81, 66, 51, 65, 72, 48, 65, 102, 119, 67, 97, 65, 74, 119, 65, 118, 65, 67, 43, 65, 77, 81, 65, 120, 103, 68, 48, 65, 80, 89, 65, 47, 81, 68, 47, 65, 65, 65, 65, 65, 65, 65, 65, 65, 103, 69, 65, 65, 65, 65, 65, 65, 65, 65, 65, 70, 103, 65, 65, 65, 65, 65, 65, 65, 65, 65, 65, 65, 65, 65, 65, 65, 65, 65, 65, 65, 82, 52, 61, 95, 16, 29, 77, 111, 110, 44, 32, 48, 49, 32, 74, 97, 110, 32, 50, 48, 50, 52, 32, 48, 48, 58, 48, 48, 58, 48, 48, 32, 71, 77, 84, 85, 98, 121, 116, 101, 115, 95, 16, 43, 97, 116, 116, 97, 99, 104, 109, 101, 110, 116, 59, 32, 102, 105, 108, 101, 110, 97, 109, 101, 61, 34, 115, 99, 114, 121, 105, 110, 103, 45, 100, 111, 119, 110, 108, 111, 97, 100, 46, 98, 105, 110, 34, 86, 50, 54, 50, 49, 52, 52, 85, 99, 108, 111, 115, 101, 210, 47, 48, 94, 95, 95, 16, 19, 78, 83, 77, 117, 116, 97, 98, 108, 101, 68, 105, 99, 116, 105, 111, 110, 97, 114, 121, 163, 94, 96, 51, 92, 78, 83, 68, 105, 99, 116, 105, 111, 110, 97, 114, 121, 210, 19, 98, 99, 100, 89, 78, 83, 46, 115, 116, 114, 105, 110, 103, 128, 27, 95, 16, 24, 97, 112, 112, 108, 105, 99, 97, 116, 105, 111, 110, 47, 111, 99, 116, 101, 116, 45, 115, 116, 114, 101, 97, 109, 210, 47, 48, 102, 103, 95, 16, 15, 78, 83, 77, 117, 116, 97, 98, 108, 101, 83, 116, 114, 105, 110, 103, 163, 102, 104, 51, 88, 78, 83, 83, 116, 114, 105, 110, 103, 210, 47, 48, 106, 107, 95, 16, 17, 78, 83, 72, 84, 84, 80, 85, 82, 76, 82, 101, 115, 112, 111, 110, 115, 101, 163, 108, 109, 51, 95, 16, 17, 78, 83, 72, 84, 84, 80, 85, 82, 76, 82, 101, 115, 112, 111, 110, 115, 101, 93, 78, 83, 85, 82, 76, 82, 101, 115, 112, 111, 110, 115, 101, 0, 8, 0, 17, 0, 26, 0, 36, 0, 41, 0, 50, 0, 55, 0, 73, 0, 76, 0, 81, 0, 83, 0, 115, 0, 121, 0, 148, 0, 182, 0, 216, 0, 219, 0, 253, 1, 0, 1, 34, 1, 41, 1, 75, 1, 78, 1, 81, 1, 115, 1, 149, 1, 152, 1, 154, 1, 156, 1, 158, 1, 160, 1, 162, 1, 164, 1, 166, 1, 168, 1, 169, 1, 171, 1, 173, 1, 175, 1, 177, 1, 184, 1, 192, 1, 204, 1, 206, 1, 208, 1, 210, 1, 249, 1, 254, 2, 9, 2, 18, 2, 24, 2, 27, 2, 36, 2, 45, 2, 47, 2, 49, 2, 56, 2, 64, 2, 75, 2, 84, 2, 86, 2, 88, 2, 90, 2, 92, 2, 94, 2, 96, 2, 98, 2, 100, 2, 109, 2, 111, 2, 113, 2, 115, 2, 117, 2, 119, 2, 121, 2, 123, 2, 125, 2, 127, 2, 132, 2, 145, 2, 154, 2, 168, 2, 182, 2, 204, 2, 219, 2, 230, 3, 5, 3, 32, 5, 12, 5, 44, 5, 50, 5, 96, 5, 103, 5, 109, 5, 114, 5, 136, 5, 140, 5, 153, 5, 158, 5, 168, 5, 170, 5, 197, 5, 202, 5, 220, 5, 224, 5, 233, 5, 238, 6, 2, 6, 6, 6, 26, 0, 0, 0, 0, 0, 0, 2, 1, 0, 0, 0, 0, 0, 0, 0, 110, 0, 0, 0, 0, 0, 0, 0, 0, 0, 0, 0, 0, 0, 0, 6, 40, 128, 14, 210, 55, 56, 57, 58, 90, 36, 99, 108, 97, 115, 115, 110, 97, 109, 101, 88, 36, 99, 108, 97, 115, 115, 101, 115, 93, 78, 83, 77, 117, 116, 97, 98, 108, 101, 68, 97, 116, 97, 163, 57, 59, 60, 86, 78, 83, 68, 97, 116, 97, 88, 78, 83, 79, 98, 106, 101, 99, 116, 210, 51, 15, 62, 53, 79, 17, 15, 254, 98, 112, 108, 105, 115, 116, 48, 48, 212, 1, 2, 3, 4, 5, 6, 7, 10, 88, 36, 118, 101, 114, 115, 105, 111, 110, 89, 36, 97, 114, 99, 104, 105, 118, 101, 114, 84, 36, 116, 111, 112, 88, 36, 111, 98, 106, 101, 99, 116, 115, 18, 0, 1, 134, 160, 95, 16, 15, 78, 83, 75, 101, 121, 101, 100, 65, 114, 99, 104, 105, 118, 101, 114, 209, 8, 9, 95, 16, 27, 78, 83, 75, 101, 121, 101, 100, 65, 114, 99, 104, 105, 118, 101, 82, 111, 111, 116, 79, 98, 106, 101, 99, 116, 75, 101, 121, 128, 1, 175, 16, 50, 11, 12, 70, 121, 127, 128, 134, 76, 135, 139, 89, 141, 94, 142, 110, 143, 144, 168, 169, 170, 171, 172, 173, 174, 175, 176, 177, 178, 179, 180, 181, 182, 183, 184, 185, 186, 190, 204, 205, 206, 207, 208, 209, 210, 211, 212, 218, 219, 220, 223, 85, 36, 110, 117, 108, 108, 223, 16, 56, 13, 14, 15, 16, 17, 18, 19, 20, 21, 22, 23, 24, 25, 26, 27, 28, 29, 30, 31, 32, 33, 34, 35, 36, 37, 38, 39, 40, 41, 42, 43, 44, 45, 46, 47, 48, 49, 50, 51, 52, 53, 54, 55, 56, 57, 58, 59, 60, 61, 62, 63, 64, 65, 66, 67, 68, 69, 70, 71, 69, 70, 69, 70, 74, 75, 76, 77, 78, 79, 78, 77, 75, 83, 78, 85, 86, 70, 88, 89, 70, 74, 70, 70, 94, 95, 96, 97, 78, 69, 70, 75, 89, 70, 103, 104, 78, 69, 71, 94, 70, 108, 78, 110, 70, 70, 70, 114, 70, 78, 117, 70, 78, 95, 16, 24, 114, 101, 113, 117, 105, 114, 101, 115, 68, 78, 83, 83, 69, 67, 86, 97, 108, 105, 100, 97, 116, 105, 111, 110, 95, 16, 18, 105, 115, 87, 101, 98, 83, 101, 97, 114, 99, 104, 67, 111, 110, 116, 101, 110, 116, 95, 16, 31, 95, 95, 110, 115, 117, 114, 108, 114, 101, 113, 117, 101, 115, 116, 95, 112, 114, 111, 116, 111, 95, 112, 114, 111, 112, 95, 111, 98, 106, 95, 57, 95, 16, 20, 97, 108, 108, 111, 119, 101, 100, 80, 114, 111, 116, 111, 99, 111, 108, 84, 121, 112, 101, 115, 93, 98, 108, 111, 99, 107, 84, 114, 97, 99, 107, 101, 114, 115, 95, 16, 30, 97, 108, 108, 111, 119, 115, 67, 111, 110, 115, 116, 114, 97, 105, 110, 101, 100, 78, 101, 116, 119, 111, 114, 107, 65, 99, 99, 101, 115, 115, 95, 16, 19, 97, 115, 115, 117, 109, 101, 115, 72, 84, 84, 80, 51, 67, 97, 112, 97, 98, 108, 101, 95, 16, 32, 95, 95, 110, 115, 117, 114, 108, 114, 101, 113, 117, 101, 115, 116, 95, 112, 114, 111, 116, 111, 95, 112, 114, 111, 112, 95, 111, 98, 106, 95, 49, 48, 95, 16, 32, 95, 95, 110, 115, 117, 114, 108, 114, 101, 113, 117, 101, 115, 116, 95, 112, 114, 111, 116, 111, 95, 112, 114, 111, 112, 95, 111, 98, 106, 95, 49, 49, 91, 97, 116, 116, 114, 105, 98, 117, 116, 105, 111, 110, 95, 16, 32, 95, 95, 110, 115, 117, 114, 108, 114, 101, 113, 117, 101, 115, 116, 95, 112, 114, 111, 116, 111, 95, 112, 114, 111, 112, 95, 111, 98, 106, 95, 49, 50, 95, 16, 32, 95, 95, 110, 115, 117, 114, 108, 114, 101, 113, 117, 101, 115, 116, 95, 112, 114, 111, 116, 111, 95, 112, 114, 111, 112, 95, 111, 98, 106, 95, 50, 48, 95, 16, 26, 95, 95, 110, 115, 117, 114, 108, 114, 101, 113, 117, 101, 115, 116, 95, 112, 114, 111, 116, 111, 95, 112, 114, 111, 112, 115, 95, 16, 32, 95, 95, 110, 115, 117, 114, 108, 114, 101, 113, 117, 101, 115, 116, 95, 112, 114, 111, 116, 111, 95, 112, 114, 111, 112, 95, 111, 98, 106, 95, 50, 49, 95, 16, 32, 95, 95, 110, 115, 117, 114, 108, 114, 101, 113, 117, 101, 115, 116, 95, 112, 114, 111, 116, 111, 95, 112, 114, 111, 112, 95, 111, 98, 106, 95, 49, 51, 95, 16, 32, 95, 95, 110, 115, 117, 114, 108, 114, 101, 113, 117, 101, 115, 116, 95, 112, 114, 111, 116, 111, 95, 112, 114, 111, 112, 95, 111, 98, 106, 95, 49, 52, 95, 16, 32, 95, 95, 110, 115, 117, 114, 108, 114, 101, 113, 117, 101, 115, 116, 95, 112, 114, 111, 116, 111, 95, 112, 114, 111, 112, 95, 111, 98, 106, 95, 49, 53, 95, 16, 32, 95, 95, 110, 115, 117, 114, 108, 114, 101, 113, 117, 101, 115, 116, 95, 112, 114, 111, 116, 111, 95, 112, 114, 111, 112, 95, 111, 98, 106, 95, 49, 54, 95, 16, 32, 95, 95, 110, 115, 117, 114, 108, 114, 101, 113, 117, 101, 115, 116, 95, 112, 114, 111, 116, 111, 95, 112, 114, 111, 112, 95, 111, 98, 106, 95, 49, 55, 95, 16, 32, 95, 95, 110, 115, 117, 114, 108, 114, 101, 113, 117, 101, 115, 116, 95, 112, 114, 111, 116, 111, 95, 112, 114, 111, 112, 95, 111, 98, 106, 95, 49, 56, 95, 16, 22, 117, 115, 101, 69, 110, 104, 97, 110, 99, 101, 100, 80, 114, 105, 118, 97, 99, 121, 77, 111, 100, 101, 95, 16, 32, 95, 95, 110, 115, 117, 114, 108, 114, 101, 113, 117, 101, 115, 116, 95, 112, 114, 111, 116, 111, 95, 112, 114, 111, 112, 95, 111, 98, 106, 95, 49, 57, 95, 16, 37, 97, 108, 108, 111, 119, 80, 114, 105, 118, 97, 116, 101, 65, 99, 99, 101, 115, 115, 84, 111, 107, 101, 110, 115, 70, 111, 114, 84, 104, 105, 114, 100, 80, 97, 114, 116, 121, 95, 16, 19, 97, 108, 108, 111, 119, 115, 80, 101, 114, 115, 105, 115, 116, 101, 110, 116, 68, 78, 83, 95, 16, 31, 95, 95, 110, 115, 117, 114, 108, 114, 101, 113, 117, 101, 115, 116, 95, 112, 114, 111, 116, 111, 95, 112, 114, 111, 112, 95, 111, 98, 106, 95, 48, 95, 16, 30, 114, 101, 113, 117, 105, 114, 101, 115, 83, 104, 111, 114, 116, 67, 111, 110, 110, 101, 99, 116, 105, 111, 110, 84, 105, 109, 101, 111, 117, 116, 95, 16, 22, 112, 114, 105, 118, 97, 99, 121, 80, 114, 111, 120, 121, 70, 97, 105, 108, 67, 108, 111, 115, 101, 100, 95, 16, 26, 112, 97, 121, 108, 111, 97, 100, 84, 114, 97, 110, 115, 109, 105, 115, 115, 105, 111, 110, 84, 105, 109, 101, 111, 117, 116, 95, 16, 31, 95, 95, 110, 115, 117, 114, 108, 114, 101, 113, 117, 101, 115, 116, 95, 112, 114, 111, 116, 111, 95, 112, 114, 111, 112, 95, 111, 98, 106, 95, 49, 95, 16, 39, 99, 111, 110, 116, 101, 110, 116, 68, 105, 115, 112, 111, 115, 105, 116, 105, 111, 110, 69, 110, 99, 111, 100, 105, 110, 103, 70, 97, 108, 108, 98, 97, 99, 107, 65, 114, 114, 97, 121, 95, 16, 31, 95, 95, 110, 115, 117, 114, 108, 114, 101, 113, 117, 101, 115, 116, 95, 112, 114, 111, 116, 111, 95, 112, 114, 111, 112, 95, 111, 98, 106, 95, 50, 94, 116, 114, 97, 99, 107, 101, 114, 67, 111, 110, 116, 101, 120, 116, 89, 97, 108, 108, 111, 119, 115, 85, 67, 65, 95, 16, 20, 112, 114, 111, 104, 105, 98, 105, 116, 80, 114, 105, 118, 97, 99, 121, 80, 114, 111, 120, 121, 95, 16, 31, 95, 95, 110, 115, 117, 114, 108, 114, 101, 113, 117, 101, 115, 116, 95, 112, 114, 111, 116, 111, 95, 112, 114, 111, 112, 95, 111, 98, 106, 95, 51, 95, 16, 48, 112, 114, 105, 118, 97, 99, 121, 80, 114, 111, 120, 121, 70, 97, 105, 108, 67, 108, 111, 115, 101, 100, 70, 111, 114, 85, 110, 114, 101, 97, 99, 104, 97, 98, 108, 101, 78, 111, 110, 77, 97, 105, 110, 72, 111, 115, 116, 115, 95, 16, 41, 112, 114, 105, 118, 97, 99, 121, 80, 114, 111, 120, 121, 70, 97, 105, 108, 67, 108, 111, 115, 101, 100, 70, 111, 114, 85, 110, 114, 101, 97, 99, 104, 97, 98, 108, 101, 72, 111, 115, 116, 115, 86, 36, 99, 108, 97, 115, 115, 95, 16, 31, 95, 95, 110, 115, 117, 114, 108, 114, 101, 113, 117, 101, 115, 116, 95, 112, 114, 111, 116, 111, 95, 112, 114, 111, 112, 95, 111, 98, 106, 95, 52, 95, 16, 24, 98, 111, 117, 110, 100, 73, 110, 116, 101, 114, 102, 97, 99, 101, 73, 100, 101, 110, 116, 105, 102, 105, 101, 114, 95, 16, 28, 97, 108, 108, 111, 119, 115, 69, 120, 112, 101, 110, 115, 105, 118, 101, 78, 101, 116, 119, 111, 114, 107, 65, 99, 99, 101, 115, 115, 95, 16, 31, 95, 95, 110, 115, 117, 114, 108, 114, 101, 113, 117, 101, 115, 116, 95, 112, 114, 111, 116, 111, 95, 112, 114, 111, 112, 95, 111, 98, 106, 95, 53, 95, 16, 16, 115, 116, 97, 114, 116, 84, 105, 109, 101, 111, 117, 116, 84, 105, 109, 101, 95, 16, 18, 112, 114, 101, 118, 101, 110, 116, 72, 83, 84, 83, 83, 116, 111, 114, 97, 103, 101, 95, 16, 31, 95, 95, 110, 115, 117, 114, 108, 114, 101, 113, 117, 101, 115, 116, 95, 112, 114, 111, 116, 111, 95, 112, 114, 111, 112, 95, 111, 98, 106, 95, 54, 95, 16, 25, 99, 111, 111, 107, 105, 101, 80, 97, 114, 116, 105, 116, 105, 111, 110, 73, 100, 101, 110, 116, 105, 102, 105, 101, 114, 82, 36, 48, 95, 16, 34, 102, 97, 105, 108, 73, 110, 115, 101, 99, 117, 114, 101, 76, 111, 97, 100, 87, 105, 116, 104, 72, 84, 84, 80, 83, 68, 78, 83, 82, 101, 99, 111, 114, 100, 92, 107, 110, 111, 119, 110, 84, 114, 97, 99, 107, 101, 114, 90, 105, 103, 110, 111, 114, 101, 72, 83, 84, 83, 82, 36, 49, 95, 16, 27, 97, 108, 108, 111, 119, 79, 110, 108, 121, 80, 97, 114, 116, 105, 116, 105, 111, 110, 101, 100, 67, 111, 111, 107, 105, 101, 115, 95, 16, 31, 95, 95, 110, 115, 117, 114, 108, 114, 101, 113, 117, 101, 115, 116, 95, 112, 114, 111, 116, 111, 95, 112, 114, 111, 112, 95, 111, 98, 106, 95, 55, 82, 36, 50, 95, 16, 33, 115, 99, 104, 101, 109, 101, 87, 97, 115, 85, 112, 103, 114, 97, 100, 101, 100, 68, 117, 101, 84, 111, 68, 121, 110, 97, 109, 105, 99, 72, 83, 84, 83, 95, 16, 31, 95, 95, 110, 115, 117, 114, 108, 114, 101, 113, 117, 101, 115, 116, 95, 112, 114, 111, 116, 111, 95, 112, 114, 111, 112, 95, 111, 98, 106, 95, 56, 16, 0, 8, 128, 10, 8, 8, 128, 2, 128, 7, 16, 0, 128, 12, 128, 0, 128, 36, 128, 0, 128, 12, 128, 7, 128, 13, 128, 0, 128, 14, 128, 15, 8, 128, 16, 9, 8, 128, 2, 8, 8, 35, 0, 0, 0, 0, 0, 0, 0, 0, 128, 3, 128, 45, 128, 6, 128, 0, 8, 128, 7, 9, 8, 128, 49, 128, 8, 128, 0, 128, 10, 8, 128, 11, 128, 0, 16, 2, 8, 8, 8, 16, 9, 8, 128, 0, 16, 22, 8, 128, 0, 8, 211, 122, 50, 123, 78, 125, 126, 87, 78, 83, 46, 98, 97, 115, 101, 91, 78, 83, 46, 114, 101, 108, 97, 116, 105, 118, 101, 128, 0, 128, 5, 128, 4, 95, 16, 36, 104, 116, 116, 112, 58, 47, 47, 49, 50, 55, 46, 48, 46, 48, 46, 49, 58, 53, 53, 51, 54, 54, 47, 100, 111, 119, 110, 108, 111, 97, 100, 45, 115, 108, 111, 119, 210, 129, 130, 131, 132, 90, 36, 99, 108, 97, 115, 115, 110, 97, 109, 101, 88, 36, 99, 108, 97, 115, 115, 101, 115, 85, 78, 83, 85, 82, 76, 162, 131, 133, 88, 78, 83, 79, 98, 106, 101, 99, 116, 35, 64, 78, 0, 0, 0, 0, 0, 0, 211, 122, 50, 123, 78, 125, 138, 128, 0, 128, 5, 128, 9, 95, 16, 36, 104, 116, 116, 112, 58, 47, 47, 49, 50, 55, 46, 48, 46, 48, 46, 49, 58, 53, 53, 51, 54, 54, 47, 100, 111, 119, 110, 108, 111, 97, 100, 45, 115, 108, 111, 119, 9, 17, 1, 134, 16, 4, 83, 71, 69, 84, 211, 145, 146, 50, 147, 157, 167, 87, 78, 83, 46, 107, 101, 121, 115, 90, 78, 83, 46, 111, 98, 106, 101, 99, 116, 115, 169, 148, 149, 150, 151, 152, 153, 154, 155, 156, 128, 17, 128, 18, 128, 19, 128, 20, 128, 21, 128, 22, 128, 23, 128, 24, 128, 25, 169, 158, 159, 160, 161, 162, 163, 164, 165, 166, 128, 26, 128, 27, 128, 28, 128, 29, 128, 30, 128, 31, 128, 32, 128, 33, 128, 34, 128, 35, 86, 65, 99, 99, 101, 112, 116, 94, 83, 101, 99, 45, 70, 101, 116, 99, 104, 45, 83, 105, 116, 101, 88, 95, 95, 104, 104, 97, 97, 95, 95, 95, 16, 25, 85, 112, 103, 114, 97, 100, 101, 45, 73, 110, 115, 101, 99, 117, 114, 101, 45, 82, 101, 113, 117, 101, 115, 116, 115, 94, 83, 101, 99, 45, 70, 101, 116, 99, 104, 45, 77, 111, 100, 101, 90, 85, 115, 101, 114, 45, 65, 103, 101, 110, 116, 95, 16, 15, 65, 99, 99, 101, 112, 116, 45, 76, 97, 110, 103, 117, 97, 103, 101, 94, 83, 101, 99, 45, 70, 101, 116, 99, 104, 45, 68, 101, 115, 116, 95, 16, 15, 65, 99, 99, 101, 112, 116, 45, 69, 110, 99, 111, 100, 105, 110, 103, 95, 16, 63, 116, 101, 120, 116, 47, 104, 116, 109, 108, 44, 97, 112, 112, 108, 105, 99, 97, 116, 105, 111, 110, 47, 120, 104, 116, 109, 108, 43, 120, 109, 108, 44, 97, 112, 112, 108, 105, 99, 97, 116, 105, 111, 110, 47, 120, 109, 108, 59, 113, 61, 48, 46, 57, 44, 42, 47, 42, 59, 113, 61, 48, 46, 56, 84, 110, 111, 110, 101, 95, 17, 2, 108, 13, 10, 13, 10, 89, 110, 66, 115, 97, 88, 78, 48, 77, 68, 68, 89, 65, 81, 73, 68, 66, 65, 85, 71, 66, 119, 103, 74, 67, 119, 48, 80, 69, 82, 77, 86, 70, 49, 90, 66, 89, 50, 78, 108, 99, 72, 82, 101, 85, 50, 86, 106, 76, 85, 90, 108, 100, 71, 78, 111, 76, 86, 78, 112, 100, 71, 86, 102, 69, 66, 108, 86, 99, 71, 100, 121, 89, 87, 82, 108, 76, 85, 108, 117, 99, 50, 86, 106, 100, 88, 74, 108, 76, 86, 74, 108, 99, 88, 86, 108, 99, 51, 82, 122, 88, 108, 78, 108, 89, 121, 49, 71, 90, 88, 82, 106, 97, 67, 49, 78, 98, 50, 82, 108, 87, 108, 86, 122, 90, 88, 73, 116, 81, 87, 100, 108, 98, 110, 82, 102, 69, 65, 57, 66, 89, 50, 78, 108, 99, 72, 81, 116, 84, 71, 70, 117, 90, 51, 86, 104, 90, 50, 86, 101, 85, 50, 86, 106, 76, 85, 90, 108, 100, 71, 78, 111, 76, 85, 82, 108, 99, 51, 82, 102, 69, 65, 57, 66, 89, 50, 78, 108, 99, 72, 81, 116, 82, 87, 53, 106, 98, 50, 82, 112, 98, 109, 101, 104, 67, 108, 56, 81, 80, 51, 82, 108, 101, 72, 81, 118, 97, 72, 82, 116, 98, 67, 120, 104, 99, 72, 66, 115, 97, 87, 78, 104, 100, 71, 108, 118, 98, 105, 57, 52, 97, 72, 82, 116, 98, 67, 116, 52, 98, 87, 119, 115, 89, 88, 66, 119, 98, 71, 108, 106, 89, 88, 82, 112, 98, 50, 52, 118, 101, 71, 49, 115, 79, 51, 69, 57, 77, 67, 52, 53, 76, 67, 111, 118, 75, 106, 116, 120, 80, 84, 65, 117, 79, 75, 69, 77, 86, 71, 53, 118, 98, 109, 87, 104, 68, 108, 69, 120, 111, 82, 66, 89, 98, 109, 70, 50, 97, 87, 100, 104, 100, 71, 87, 104, 69, 108, 56, 81, 87, 69, 49, 118, 101, 109, 108, 115, 98, 71, 69, 118, 78, 83, 52, 119, 73, 67, 104, 78, 89, 87, 78, 112, 98, 110, 82, 118, 99, 50, 103, 55, 73, 69, 108, 117, 100, 71, 86, 115, 73, 69, 49, 104, 89, 121, 66, 80, 85, 121, 66, 89, 73, 68, 69, 119, 88, 122, 69, 49, 88, 122, 99, 112, 73, 69, 70, 119, 99, 71, 120, 108, 86, 50, 86, 105, 83, 50, 108, 48, 76, 122, 89, 119, 78, 83, 52, 120, 76, 106, 69, 49, 73, 67, 104, 76, 83, 70, 82, 78, 84, 67, 119, 103, 98, 71, 108, 114, 90, 83, 66, 72, 90, 87, 78, 114, 98, 121, 109, 104, 70, 70, 53, 108, 98, 105, 49, 86, 85, 121, 120, 108, 98, 106, 116, 120, 80, 84, 65, 117, 79, 97, 69, 87, 87, 71, 82, 118, 89, 51, 86, 116, 90, 87, 53, 48, 111, 82, 104, 100, 90, 51, 112, 112, 99, 67, 119, 103, 90, 71, 86, 109, 98, 71, 70, 48, 90, 81, 65, 73, 65, 66, 107, 65, 73, 65, 65, 118, 65, 69, 115, 65, 87, 103, 66, 108, 65, 72, 99, 65, 104, 103, 67, 89, 65, 74, 111, 65, 51, 65, 68, 101, 65, 79, 77, 65, 53, 81, 68, 110, 65, 79, 107, 65, 56, 103, 68, 48, 65, 85, 56, 66, 85, 81, 70, 103, 65, 87, 73, 66, 97, 119, 70, 116, 65, 65, 65, 65, 65, 65, 65, 65, 65, 103, 69, 65, 65, 65, 65, 65, 65, 65, 65, 65, 71, 81, 65, 65, 65, 65, 65, 65, 65, 65, 65, 65, 65, 65, 65, 65, 65, 65, 65, 65, 65, 88, 115, 61, 81, 49, 88, 110, 97, 118, 105, 103, 97, 116, 101, 95, 16, 88, 77, 111, 122, 105, 108, 108, 97, 47, 53, 46, 48, 32, 40, 77, 97, 99, 105, 110, 116, 111, 115, 104, 59, 32, 73, 110, 116, 101, 108, 32, 77, 97, 99, 32, 79, 83, 32, 88, 32, 49, 48, 95, 49, 53, 95, 55, 41, 32, 65, 112, 112, 108, 101, 87, 101, 98, 75, 105, 116, 47, 54, 48, 53, 46, 49, 46, 49, 53, 32, 40, 75, 72, 84, 77, 76, 44, 32, 108, 105, 107, 101, 32, 71, 101, 99, 107, 111, 41, 94, 101, 110, 45, 85, 83, 44, 101, 110, 59, 113, 61, 48, 46, 57, 88, 100, 111, 99, 117, 109, 101, 110, 116, 93, 103, 122, 105, 112, 44, 32, 100, 101, 102, 108, 97, 116, 101, 210, 129, 130, 187, 188, 95, 16, 19, 78, 83, 77, 117, 116, 97, 98, 108, 101, 68, 105, 99, 116, 105, 111, 110, 97, 114, 121, 163, 187, 189, 133, 92, 78, 83, 68, 105, 99, 116, 105, 111, 110, 97, 114, 121, 211, 145, 146, 50, 191, 197, 167, 165, 192, 193, 194, 195, 196, 128, 37, 128, 38, 128, 39, 128, 40, 128, 41, 165, 198, 199, 199, 201, 199, 128, 42, 128, 43, 128, 43, 128, 44, 128, 43, 128, 35, 95, 16, 42, 95, 107, 67, 70, 72, 84, 84, 80, 67, 111, 111, 107, 105, 101, 80, 111, 108, 105, 99, 121, 80, 114, 111, 112, 101, 114, 116, 121, 83, 105, 116, 101, 70, 111, 114, 67, 111, 111, 107, 105, 101, 115, 95, 16, 48, 95, 107, 67, 70, 72, 84, 84, 80, 67, 111, 111, 107, 105, 101, 80, 111, 108, 105, 99, 121, 80, 114, 111, 112, 101, 114, 116, 121, 73, 115, 84, 111, 112, 76, 101, 118, 101, 108, 78, 97, 118, 105, 103, 97, 116, 105, 111, 110, 95, 16, 21, 87, 75, 86, 101, 114, 121, 76, 111, 119, 76, 111, 97, 100, 80, 114, 105, 111, 114, 105, 116, 121, 95, 16, 24, 95, 107, 67, 70, 85, 82, 76, 67, 97, 99, 104, 101, 80, 97, 114, 116, 105, 116, 105, 111, 110, 75, 101, 121, 95, 16, 32, 107, 67, 70, 85, 82, 76, 82, 101, 113, 117, 101, 115, 116, 65, 108, 108, 111, 119, 65, 108, 108, 80, 79, 83, 84, 67, 97, 99, 104, 105, 110, 103, 95, 16, 36, 104, 116, 116, 112, 58, 47, 47, 49, 50, 55, 46, 48, 46, 48, 46, 49, 58, 53, 53, 51, 54, 54, 47, 100, 111, 119, 110, 108, 111, 97, 100, 45, 115, 108, 111, 119, 16, 1, 89, 49, 50, 55, 46, 48, 46, 48, 46, 49, 210, 146, 50, 213, 217, 163, 83, 215, 216, 128, 13, 128, 46, 128, 47, 128, 48, 16, 12, 16, 5, 210, 129, 130, 221, 222, 87, 78, 83, 65, 114, 114, 97, 121, 162, 221, 133, 210, 129, 130, 224, 225, 95, 16, 19, 78, 83, 77, 117, 116, 97, 98, 108, 101, 85, 82, 76, 82, 101, 113, 117, 101, 115, 116, 163, 226, 227, 133, 95, 16, 19, 78, 83, 77, 117, 116, 97, 98, 108, 101, 85, 82, 76, 82, 101, 113, 117, 101, 115, 116, 92, 78, 83, 85, 82, 76, 82, 101, 113, 117, 101, 115, 116, 0, 8, 0, 17, 0, 26, 0, 36, 0, 41, 0, 50, 0, 55, 0, 73, 0, 76, 0, 106, 0, 108, 0, 161, 0, 167, 1, 26, 1, 53, 1, 74, 1, 108, 1, 131, 1, 145, 1, 178, 1, 200, 1, 235, 2, 14, 2, 26, 2, 61, 2, 96, 2, 125, 2, 160, 2, 195, 2, 230, 3, 9, 3, 44, 3, 79, 3, 114, 3, 139, 3, 174, 3, 214, 3, 236, 4, 14, 4, 47, 4, 72, 4, 101, 4, 135, 4, 177, 4, 211, 4, 226, 4, 236, 5, 3, 5, 37, 5, 88, 5, 132, 5, 139, 5, 173, 5, 200, 5, 231, 6, 9, 6, 28, 6, 49, 6, 83, 6, 111, 6, 114, 6, 151, 6, 164, 6, 175, 6, 178, 6, 208, 6, 242, 6, 245, 7, 25, 7, 59, 7, 61, 7, 62, 7, 64, 7, 65, 7, 66, 7, 68, 7, 70, 7, 72, 7, 74, 7, 76, 7, 78, 7, 80, 7, 82, 7, 84, 7, 86, 7, 88, 7, 90, 7, 92, 7, 93, 7, 95, 7, 96, 7, 97, 7, 99, 7, 100, 7, 101, 7, 110, 7, 112, 7, 114, 7, 116, 7, 118, 7, 119, 7, 121, 7, 122, 7, 123, 7, 125, 7, 127, 7, 129, 7, 131, 7, 132, 7, 134, 7, 136, 7, 138, 7, 139, 7, 140, 7, 141, 7, 143, 7, 144, 7, 146, 7, 148, 7, 149, 7, 151, 7, 152, 7, 159, 7, 167, 7, 179, 7, 181, 7, 183, 7, 185, 7, 224, 7, 229, 7, 240, 7, 249, 7, 255, 8, 2, 8, 11, 8, 20, 8, 27, 8, 29, 8, 31, 8, 33, 8, 72, 8, 73, 8, 76, 8, 78, 8, 82, 8, 89, 8, 97, 8, 108, 8, 118, 8, 120, 8, 122, 8, 124, 8, 126, 8, 128, 8, 130, 8, 132, 8, 134, 8, 136, 8, 146, 8, 148, 8, 150, 8, 152, 8, 154, 8, 156, 8, 158, 8, 160, 8, 162, 8, 164, 8, 166, 8, 173, 8, 188, 8, 197, 8, 225, 8, 240, 8, 251, 9, 13, 9, 28, 9, 46, 9, 112, 9, 117, 11, 229, 11, 231, 11, 240, 12, 75, 12, 90, 12, 99, 12, 113, 12, 118, 12, 140, 12, 144, 12, 157, 12, 164, 12, 170, 12, 172, 12, 174, 12, 176, 12, 178, 12, 180, 12, 186, 12, 188, 12, 190, 12, 192, 12, 194, 12, 196, 12, 198, 12, 243, 13, 38, 13, 62, 13, 89, 13, 124, 13, 163, 13, 165, 13, 175, 13, 180, 13, 184, 13, 186, 13, 188, 13, 190, 13, 192, 13, 194, 13, 196, 13, 201, 13, 209, 13, 212, 13, 217, 13, 239, 13, 243, 14, 9, 0, 0, 0, 0, 0, 0, 2, 1, 0, 0, 0, 0, 0, 0, 0, 228, 0, 0, 0, 0, 0, 0, 0, 0, 0, 0, 0, 0, 0, 0, 14, 22, 128, 14, 210, 51, 15, 65, 53, 79, 17, 15, 45, 98, 112, 108, 105, 115, 116, 48, 48, 212, 1, 2, 3, 4, 5, 6, 7, 10, 88, 36, 118, 101, 114, 115, 105, 111, 110, 89, 36, 97, 114, 99, 104, 105, 118, 101, 114, 84, 36, 116, 111, 112, 88, 36, 111, 98, 106, 101, 99, 116, 115, 18, 0, 1, 134, 160, 95, 16, 15, 78, 83, 75, 101, 121, 101, 100, 65, 114, 99, 104, 105, 118, 101, 114, 209, 8, 9, 95, 16, 27, 78, 83, 75, 101, 121, 101, 100, 65, 114, 99, 104, 105, 118, 101, 82, 111, 111, 116, 79, 98, 106, 101, 99, 116, 75, 101, 121, 128, 1, 175, 16, 46, 11, 12, 70, 121, 127, 128, 134, 76, 135, 139, 89, 141, 94, 142, 110, 143, 144, 164, 165, 166, 167, 168, 169, 170, 171, 172, 173, 174, 175, 176, 177, 178, 182, 196, 197, 198, 199, 200, 201, 202, 203, 204, 210, 211, 212, 215, 85, 36, 110, 117, 108, 108, 223, 16, 56, 13, 14, 15, 16, 17, 18, 19, 20, 21, 22, 23, 24, 25, 26, 27, 28, 29, 30, 31, 32, 33, 34, 35, 36, 37, 38, 39, 40, 41, 42, 43, 44, 45, 46, 47, 48, 49, 50, 51, 52, 53, 54, 55, 56, 57, 58, 59, 60, 61, 62, 63, 64, 65, 66, 67, 68, 69, 70, 71, 69, 70, 69, 70, 74, 75, 76, 77, 78, 79, 78, 77, 75, 83, 78, 85, 86, 70, 88, 89, 70, 74, 70, 70, 94, 95, 96, 97, 78, 69, 70, 75, 89, 70, 103, 104, 78, 69, 71, 94, 70, 108, 78, 110, 70, 70, 70, 114, 70, 78, 117, 70, 78, 95, 16, 24, 114, 101, 113, 117, 105, 114, 101, 115, 68, 78, 83, 83, 69, 67, 86, 97, 108, 105, 100, 97, 116, 105, 111, 110, 95, 16, 18, 105, 115, 87, 101, 98, 83, 101, 97, 114, 99, 104, 67, 111, 110, 116, 101, 110, 116, 95, 16, 31, 95, 95, 110, 115, 117, 114, 108, 114, 101, 113, 117, 101, 115, 116, 95, 112, 114, 111, 116, 111, 95, 112, 114, 111, 112, 95, 111, 98, 106, 95, 57, 95, 16, 20, 97, 108, 108, 111, 119, 101, 100, 80, 114, 111, 116, 111, 99, 111, 108, 84, 121, 112, 101, 115, 93, 98, 108, 111, 99, 107, 84, 114, 97, 99, 107, 101, 114, 115, 95, 16, 30, 97, 108, 108, 111, 119, 115, 67, 111, 110, 115, 116, 114, 97, 105, 110, 101, 100, 78, 101, 116, 119, 111, 114, 107, 65, 99, 99, 101, 115, 115, 95, 16, 19, 97, 115, 115, 117, 109, 101, 115, 72, 84, 84, 80, 51, 67, 97, 112, 97, 98, 108, 101, 95, 16, 32, 95, 95, 110, 115, 117, 114, 108, 114, 101, 113, 117, 101, 115, 116, 95, 112, 114, 111, 116, 111, 95, 112, 114, 111, 112, 95, 111, 98, 106, 95, 49, 48, 95, 16, 32, 95, 95, 110, 115, 117, 114, 108, 114, 101, 113, 117, 101, 115, 116, 95, 112, 114, 111, 116, 111, 95, 112, 114, 111, 112, 95, 111, 98, 106, 95, 49, 49, 91, 97, 116, 116, 114, 105, 98, 117, 116, 105, 111, 110, 95, 16, 32, 95, 95, 110, 115, 117, 114, 108, 114, 101, 113, 117, 101, 115, 116, 95, 112, 114, 111, 116, 111, 95, 112, 114, 111, 112, 95, 111, 98, 106, 95, 49, 50, 95, 16, 32, 95, 95, 110, 115, 117, 114, 108, 114, 101, 113, 117, 101, 115, 116, 95, 112, 114, 111, 116, 111, 95, 112, 114, 111, 112, 95, 111, 98, 106, 95, 50, 48, 95, 16, 26, 95, 95, 110, 115, 117, 114, 108, 114, 101, 113, 117, 101, 115, 116, 95, 112, 114, 111, 116, 111, 95, 112, 114, 111, 112, 115, 95, 16, 32, 95, 95, 110, 115, 117, 114, 108, 114, 101, 113, 117, 101, 115, 116, 95, 112, 114, 111, 116, 111, 95, 112, 114, 111, 112, 95, 111, 98, 106, 95, 50, 49, 95, 16, 32, 95, 95, 110, 115, 117, 114, 108, 114, 101, 113, 117, 101, 115, 116, 95, 112, 114, 111, 116, 111, 95, 112, 114, 111, 112, 95, 111, 98, 106, 95, 49, 51, 95, 16, 32, 95, 95, 110, 115, 117, 114, 108, 114, 101, 113, 117, 101, 115, 116, 95, 112, 114, 111, 116, 111, 95, 112, 114, 111, 112, 95, 111, 98, 106, 95, 49, 52, 95, 16, 32, 95, 95, 110, 115, 117, 114, 108, 114, 101, 113, 117, 101, 115, 116, 95, 112, 114, 111, 116, 111, 95, 112, 114, 111, 112, 95, 111, 98, 106, 95, 49, 53, 95, 16, 32, 95, 95, 110, 115, 117, 114, 108, 114, 101, 113, 117, 101, 115, 116, 95, 112, 114, 111, 116, 111, 95, 112, 114, 111, 112, 95, 111, 98, 106, 95, 49, 54, 95, 16, 32, 95, 95, 110, 115, 117, 114, 108, 114, 101, 113, 117, 101, 115, 116, 95, 112, 114, 111, 116, 111, 95, 112, 114, 111, 112, 95, 111, 98, 106, 95, 49, 55, 95, 16, 32, 95, 95, 110, 115, 117, 114, 108, 114, 101, 113, 117, 101, 115, 116, 95, 112, 114, 111, 116, 111, 95, 112, 114, 111, 112, 95, 111, 98, 106, 95, 49, 56, 95, 16, 22, 117, 115, 101, 69, 110, 104, 97, 110, 99, 101, 100, 80, 114, 105, 118, 97, 99, 121, 77, 111, 100, 101, 95, 16, 32, 95, 95, 110, 115, 117, 114, 108, 114, 101, 113, 117, 101, 115, 116, 95, 112, 114, 111, 116, 111, 95, 112, 114, 111, 112, 95, 111, 98, 106, 95, 49, 57, 95, 16, 37, 97, 108, 108, 111, 119, 80, 114, 105, 118, 97, 116, 101, 65, 99, 99, 101, 115, 115, 84, 111, 107, 101, 110, 115, 70, 111, 114, 84, 104, 105, 114, 100, 80, 97, 114, 116, 121, 95, 16, 19, 97, 108, 108, 111, 119, 115, 80, 101, 114, 115, 105, 115, 116, 101, 110, 116, 68, 78, 83, 95, 16, 31, 95, 95, 110, 115, 117, 114, 108, 114, 101, 113, 117, 101, 115, 116, 95, 112, 114, 111, 116, 111, 95, 112, 114, 111, 112, 95, 111, 98, 106, 95, 48, 95, 16, 30, 114, 101, 113, 117, 105, 114, 101, 115, 83, 104, 111, 114, 116, 67, 111, 110, 110, 101, 99, 116, 105, 111, 110, 84, 105, 109, 101, 111, 117, 116, 95, 16, 22, 112, 114, 105, 118, 97, 99, 121, 80, 114, 111, 120, 121, 70, 97, 105, 108, 67, 108, 111, 115, 101, 100, 95, 16, 26, 112, 97, 121, 108, 111, 97, 100, 84, 114, 97, 110, 115, 109, 105, 115, 115, 105, 111, 110, 84, 105, 109, 101, 111, 117, 116, 95, 16, 31, 95, 95, 110, 115, 117, 114, 108, 114, 101, 113, 117, 101, 115, 116, 95, 112, 114, 111, 116, 111, 95, 112, 114, 111, 112, 95, 111, 98, 106, 95, 49, 95, 16, 39, 99, 111, 110, 116, 101, 110, 116, 68, 105, 115, 112, 111, 115, 105, 116, 105, 111, 110, 69, 110, 99, 111, 100, 105, 110, 103, 70, 97, 108, 108, 98, 97, 99, 107, 65, 114, 114, 97, 121, 95, 16, 31, 95, 95, 110, 115, 117, 114, 108, 114, 101, 113, 117, 101, 115, 116, 95, 112, 114, 111, 116, 111, 95, 112, 114, 111, 112, 95, 111, 98, 106, 95, 50, 94, 116, 114, 97, 99, 107, 101, 114, 67, 111, 110, 116, 101, 120, 116, 89, 97, 108, 108, 111, 119, 115, 85, 67, 65, 95, 16, 20, 112, 114, 111, 104, 105, 98, 105, 116, 80, 114, 105, 118, 97, 99, 121, 80, 114, 111, 120, 121, 95, 16, 31, 95, 95, 110, 115, 117, 114, 108, 114, 101, 113, 117, 101, 115, 116, 95, 112, 114, 111, 116, 111, 95, 112, 114, 111, 112, 95, 111, 98, 106, 95, 51, 95, 16, 48, 112, 114, 105, 118, 97, 99, 121, 80, 114, 111, 120, 121, 70, 97, 105, 108, 67, 108, 111, 115, 101, 100, 70, 111, 114, 85, 110, 114, 101, 97, 99, 104, 97, 98, 108, 101, 78, 111, 110, 77, 97, 105, 110, 72, 111, 115, 116, 115, 95, 16, 41, 112, 114, 105, 118, 97, 99, 121, 80, 114, 111, 120, 121, 70, 97, 105, 108, 67, 108, 111, 115, 101, 100, 70, 111, 114, 85, 110, 114, 101, 97, 99, 104, 97, 98, 108, 101, 72, 111, 115, 116, 115, 86, 36, 99, 108, 97, 115, 115, 95, 16, 31, 95, 95, 110, 115, 117, 114, 108, 114, 101, 113, 117, 101, 115, 116, 95, 112, 114, 111, 116, 111, 95, 112, 114, 111, 112, 95, 111, 98, 106, 95, 52, 95, 16, 24, 98, 111, 117, 110, 100, 73, 110, 116, 101, 114, 102, 97, 99, 101, 73, 100, 101, 110, 116, 105, 102, 105, 101, 114, 95, 16, 28, 97, 108, 108, 111, 119, 115, 69, 120, 112, 101, 110, 115, 105, 118, 101, 78, 101, 116, 119, 111, 114, 107, 65, 99, 99, 101, 115, 115, 95, 16, 31, 95, 95, 110, 115, 117, 114, 108, 114, 101, 113, 117, 101, 115, 116, 95, 112, 114, 111, 116, 111, 95, 112, 114, 111, 112, 95, 111, 98, 106, 95, 53, 95, 16, 16, 115, 116, 97, 114, 116, 84, 105, 109, 101, 111, 117, 116, 84, 105, 109, 101, 95, 16, 18, 112, 114, 101, 118, 101, 110, 116, 72, 83, 84, 83, 83, 116, 111, 114, 97, 103, 101, 95, 16, 31, 95, 95, 110, 115, 117, 114, 108, 114, 101, 113, 117, 101, 115, 116, 95, 112, 114, 111, 116, 111, 95, 112, 114, 111, 112, 95, 111, 98, 106, 95, 54, 95, 16, 25, 99, 111, 111, 107, 105, 101, 80, 97, 114, 116, 105, 116, 105, 111, 110, 73, 100, 101, 110, 116, 105, 102, 105, 101, 114, 82, 36, 48, 95, 16, 34, 102, 97, 105, 108, 73, 110, 115, 101, 99, 117, 114, 101, 76, 111, 97, 100, 87, 105, 116, 104, 72, 84, 84, 80, 83, 68, 78, 83, 82, 101, 99, 111, 114, 100, 92, 107, 110, 111, 119, 110, 84, 114, 97, 99, 107, 101, 114, 90, 105, 103, 110, 111, 114, 101, 72, 83, 84, 83, 82, 36, 49, 95, 16, 27, 97, 108, 108, 111, 119, 79, 110, 108, 121, 80, 97, 114, 116, 105, 116, 105, 111, 110, 101, 100, 67, 111, 111, 107, 105, 101, 115, 95, 16, 31, 95, 95, 110, 115, 117, 114, 108, 114, 101, 113, 117, 101, 115, 116, 95, 112, 114, 111, 116, 111, 95, 112, 114, 111, 112, 95, 111, 98, 106, 95, 55, 82, 36, 50, 95, 16, 33, 115, 99, 104, 101, 109, 101, 87, 97, 115, 85, 112, 103, 114, 97, 100, 101, 100, 68, 117, 101, 84, 111, 68, 121, 110, 97, 109, 105, 99, 72, 83, 84, 83, 95, 16, 31, 95, 95, 110, 115, 117, 114, 108, 114, 101, 113, 117, 101, 115, 116, 95, 112, 114, 111, 116, 111, 95, 112, 114, 111, 112, 95, 111, 98, 106, 95, 56, 16, 0, 8, 128, 10, 8, 8, 128, 2, 128, 7, 16, 0, 128, 12, 128, 0, 128, 32, 128, 0, 128, 12, 128, 7, 128, 13, 128, 0, 128, 14, 128, 15, 8, 128, 16, 9, 8, 128, 2, 8, 8, 35, 0, 0, 0, 0, 0, 0, 0, 0, 128, 3, 128, 41, 128, 6, 128, 0, 8, 128, 7, 9, 8, 128, 45, 128, 8, 128, 0, 128, 10, 8, 128, 11, 128, 0, 16, 2, 8, 8, 8, 16, 9, 8, 128, 0, 16, 22, 8, 128, 0, 8, 211, 122, 50, 123, 78, 125, 126, 87, 78, 83, 46, 98, 97, 115, 101, 91, 78, 83, 46, 114, 101, 108, 97, 116, 105, 118, 101, 128, 0, 128, 5, 128, 4, 95, 16, 36, 104, 116, 116, 112, 58, 47, 47, 49, 50, 55, 46, 48, 46, 48, 46, 49, 58, 53, 53, 51, 54, 54, 47, 100, 111, 119, 110, 108, 111, 97, 100, 45, 115, 108, 111, 119, 210, 129, 130, 131, 132, 90, 36, 99, 108, 97, 115, 115, 110, 97, 109, 101, 88, 36, 99, 108, 97, 115, 115, 101, 115, 85, 78, 83, 85, 82, 76, 162, 131, 133, 88, 78, 83, 79, 98, 106, 101, 99, 116, 35, 64, 78, 0, 0, 0, 0, 0, 0, 211, 122, 50, 123, 78, 125, 138, 128, 0, 128, 5, 128, 9, 95, 16, 36, 104, 116, 116, 112, 58, 47, 47, 49, 50, 55, 46, 48, 46, 48, 46, 49, 58, 53, 53, 51, 54, 54, 47, 100, 111, 119, 110, 108, 111, 97, 100, 45, 115, 108, 111, 119, 9, 17, 1, 134, 16, 4, 83, 71, 69, 84, 211, 145, 146, 50, 147, 155, 163, 87, 78, 83, 46, 107, 101, 121, 115, 90, 78, 83, 46, 111, 98, 106, 101, 99, 116, 115, 167, 148, 149, 150, 151, 152, 153, 154, 128, 17, 128, 18, 128, 19, 128, 20, 128, 21, 128, 22, 128, 23, 167, 156, 157, 158, 159, 160, 161, 162, 128, 24, 128, 25, 128, 26, 128, 27, 128, 28, 128, 29, 128, 30, 128, 31, 86, 65, 99, 99, 101, 112, 116, 94, 83, 101, 99, 45, 70, 101, 116, 99, 104, 45, 83, 105, 116, 101, 88, 95, 95, 104, 104, 97, 97, 95, 95, 95, 16, 25, 85, 112, 103, 114, 97, 100, 101, 45, 73, 110, 115, 101, 99, 117, 114, 101, 45, 82, 101, 113, 117, 101, 115, 116, 115, 94, 83, 101, 99, 45, 70, 101, 116, 99, 104, 45, 77, 111, 100, 101, 90, 85, 115, 101, 114, 45, 65, 103, 101, 110, 116, 94, 83, 101, 99, 45, 70, 101, 116, 99, 104, 45, 68, 101, 115, 116, 95, 16, 63, 116, 101, 120, 116, 47, 104, 116, 109, 108, 44, 97, 112, 112, 108, 105, 99, 97, 116, 105, 111, 110, 47, 120, 104, 116, 109, 108, 43, 120, 109, 108, 44, 97, 112, 112, 108, 105, 99, 97, 116, 105, 111, 110, 47, 120, 109, 108, 59, 113, 61, 48, 46, 57, 44, 42, 47, 42, 59, 113, 61, 48, 46, 56, 84, 110, 111, 110, 101, 95, 17, 1, 252, 13, 10, 13, 10, 89, 110, 66, 115, 97, 88, 78, 48, 77, 68, 68, 87, 65, 81, 73, 68, 66, 65, 85, 71, 66, 119, 107, 76, 68, 81, 56, 82, 88, 108, 78, 108, 89, 121, 49, 71, 90, 88, 82, 106, 97, 67, 49, 69, 90, 88, 78, 48, 87, 108, 86, 122, 90, 88, 73, 116, 81, 87, 100, 108, 98, 110, 82, 102, 69, 66, 108, 86, 99, 71, 100, 121, 89, 87, 82, 108, 76, 85, 108, 117, 99, 50, 86, 106, 100, 88, 74, 108, 76, 86, 74, 108, 99, 88, 86, 108, 99, 51, 82, 122, 86, 107, 70, 106, 89, 50, 86, 119, 100, 70, 53, 84, 90, 87, 77, 116, 82, 109, 86, 48, 89, 50, 103, 116, 85, 50, 108, 48, 90, 86, 53, 84, 90, 87, 77, 116, 82, 109, 86, 48, 89, 50, 103, 116, 84, 87, 57, 107, 90, 97, 69, 73, 87, 71, 82, 118, 89, 51, 86, 116, 90, 87, 53, 48, 111, 81, 112, 102, 69, 70, 104, 78, 98, 51, 112, 112, 98, 71, 120, 104, 76, 122, 85, 117, 77, 67, 65, 111, 84, 87, 70, 106, 97, 87, 53, 48, 98, 51, 78, 111, 79, 121, 66, 74, 98, 110, 82, 108, 98, 67, 66, 78, 89, 87, 77, 103, 84, 49, 77, 103, 87, 67, 65, 120, 77, 70, 56, 120, 78, 86, 56, 51, 75, 83, 66, 66, 99, 72, 66, 115, 90, 86, 100, 108, 89, 107, 116, 112, 100, 67, 56, 50, 77, 68, 85, 117, 77, 83, 52, 120, 78, 83, 65, 111, 83, 48, 104, 85, 84, 85, 119, 115, 73, 71, 120, 112, 97, 50, 85, 103, 82, 50, 86, 106, 97, 50, 56, 112, 111, 81, 120, 82, 77, 97, 69, 79, 88, 120, 65, 47, 100, 71, 86, 52, 100, 67, 57, 111, 100, 71, 49, 115, 76, 71, 70, 119, 99, 71, 120, 112, 89, 50, 70, 48, 97, 87, 57, 117, 76, 51, 104, 111, 100, 71, 49, 115, 75, 51, 104, 116, 98, 67, 120, 104, 99, 72, 66, 115, 97, 87, 78, 104, 100, 71, 108, 118, 98, 105, 57, 52, 98, 87, 119, 55, 99, 84, 48, 119, 76, 106, 107, 115, 75, 105, 56, 113, 79, 51, 69, 57, 77, 67, 52, 52, 111, 82, 66, 85, 98, 109, 57, 117, 90, 97, 69, 83, 87, 71, 53, 104, 100, 109, 108, 110, 89, 88, 82, 108, 65, 65, 103, 65, 70, 81, 65, 107, 65, 67, 56, 65, 83, 119, 66, 83, 65, 71, 69, 65, 99, 65, 66, 121, 65, 72, 115, 65, 102, 81, 68, 89, 65, 78, 111, 65, 51, 65, 68, 101, 65, 83, 65, 66, 73, 103, 69, 110, 65, 83, 107, 65, 65, 65, 65, 65, 65, 65, 65, 67, 65, 81, 65, 65, 65, 65, 65, 65, 65, 65, 65, 84, 65, 65, 65, 65, 65, 65, 65, 65, 65, 65, 65, 65, 65, 65, 65, 65, 65, 65, 65, 66, 77, 103, 61, 61, 81, 49, 88, 110, 97, 118, 105, 103, 97, 116, 101, 95, 16, 88, 77, 111, 122, 105, 108, 108, 97, 47, 53, 46, 48, 32, 40, 77, 97, 99, 105, 110, 116, 111, 115, 104, 59, 32, 73, 110, 116, 101, 108, 32, 77, 97, 99, 32, 79, 83, 32, 88, 32, 49, 48, 95, 49, 53, 95, 55, 41, 32, 65, 112, 112, 108, 101, 87, 101, 98, 75, 105, 116, 47, 54, 48, 53, 46, 49, 46, 49, 53, 32, 40, 75, 72, 84, 77, 76, 44, 32, 108, 105, 107, 101, 32, 71, 101, 99, 107, 111, 41, 88, 100, 111, 99, 117, 109, 101, 110, 116, 210, 129, 130, 179, 180, 95, 16, 19, 78, 83, 77, 117, 116, 97, 98, 108, 101, 68, 105, 99, 116, 105, 111, 110, 97, 114, 121, 163, 179, 181, 133, 92, 78, 83, 68, 105, 99, 116, 105, 111, 110, 97, 114, 121, 211, 145, 146, 50, 183, 189, 163, 165, 184, 185, 186, 187, 188, 128, 33, 128, 34, 128, 35, 128, 36, 128, 37, 165, 190, 191, 191, 193, 191, 128, 38, 128, 39, 128, 39, 128, 40, 128, 39, 128, 31, 95, 16, 42, 95, 107, 67, 70, 72, 84, 84, 80, 67, 111, 111, 107, 105, 101, 80, 111, 108, 105, 99, 121, 80, 114, 111, 112, 101, 114, 116, 121, 83, 105, 116, 101, 70, 111, 114, 67, 111, 111, 107, 105, 101, 115, 95, 16, 48, 95, 107, 67, 70, 72, 84, 84, 80, 67, 111, 111, 107, 105, 101, 80, 111, 108, 105, 99, 121, 80, 114, 111, 112, 101, 114, 116, 121, 73, 115, 84, 111, 112, 76, 101, 118, 101, 108, 78, 97, 118, 105, 103, 97, 116, 105, 111, 110, 95, 16, 21, 87, 75, 86, 101, 114, 121, 76, 111, 119, 76, 111, 97, 100, 80, 114, 105, 111, 114, 105, 116, 121, 95, 16, 24, 95, 107, 67, 70, 85, 82, 76, 67, 97, 99, 104, 101, 80, 97, 114, 116, 105, 116, 105, 111, 110, 75, 101, 121, 95, 16, 32, 107, 67, 70, 85, 82, 76, 82, 101, 113, 117, 101, 115, 116, 65, 108, 108, 111, 119, 65, 108, 108, 80, 79, 83, 84, 67, 97, 99, 104, 105, 110, 103, 95, 16, 36, 104, 116, 116, 112, 58, 47, 47, 49, 50, 55, 46, 48, 46, 48, 46, 49, 58, 53, 53, 51, 54, 54, 47, 100, 111, 119, 110, 108, 111, 97, 100, 45, 115, 108, 111, 119, 16, 1, 89, 49, 50, 55, 46, 48, 46, 48, 46, 49, 210, 146, 50, 205, 209, 163, 83, 207, 208, 128, 13, 128, 42, 128, 43, 128, 44, 16, 12, 16, 5, 210, 129, 130, 213, 214, 87, 78, 83, 65, 114, 114, 97, 121, 162, 213, 133, 210, 129, 130, 216, 217, 95, 16, 19, 78, 83, 77, 117, 116, 97, 98, 108, 101, 85, 82, 76, 82, 101, 113, 117, 101, 115, 116, 163, 218, 219, 133, 95, 16, 19, 78, 83, 77, 117, 116, 97, 98, 108, 101, 85, 82, 76, 82, 101, 113, 117, 101, 115, 116, 92, 78, 83, 85, 82, 76, 82, 101, 113, 117, 101, 115, 116, 0, 8, 0, 17, 0, 26, 0, 36, 0, 41, 0, 50, 0, 55, 0, 73, 0, 76, 0, 106, 0, 108, 0, 157, 0, 163, 1, 22, 1, 49, 1, 70, 1, 104, 1, 127, 1, 141, 1, 174, 1, 196, 1, 231, 2, 10, 2, 22, 2, 57, 2, 92, 2, 121, 2, 156, 2, 191, 2, 226, 3, 5, 3, 40, 3, 75, 3, 110, 3, 135, 3, 170, 3, 210, 3, 232, 4, 10, 4, 43, 4, 68, 4, 97, 4, 131, 4, 173, 4, 207, 4, 222, 4, 232, 4, 255, 5, 33, 5, 84, 5, 128, 5, 135, 5, 169, 5, 196, 5, 227, 6, 5, 6, 24, 6, 45, 6, 79, 6, 107, 6, 110, 6, 147, 6, 160, 6, 171, 6, 174, 6, 204, 6, 238, 6, 241, 7, 21, 7, 55, 7, 57, 7, 58, 7, 60, 7, 61, 7, 62, 7, 64, 7, 66, 7, 68, 7, 70, 7, 72, 7, 74, 7, 76, 7, 78, 7, 80, 7, 82, 7, 84, 7, 86, 7, 88, 7, 89, 7, 91, 7, 92, 7, 93, 7, 95, 7, 96, 7, 97, 7, 106, 7, 108, 7, 110, 7, 112, 7, 114, 7, 115, 7, 117, 7, 118, 7, 119, 7, 121, 7, 123, 7, 125, 7, 127, 7, 128, 7, 130, 7, 132, 7, 134, 7, 135, 7, 136, 7, 137, 7, 139, 7, 140, 7, 142, 7, 144, 7, 145, 7, 147, 7, 148, 7, 155, 7, 163, 7, 175, 7, 177, 7, 179, 7, 181, 7, 220, 7, 225, 7, 236, 7, 245, 7, 251, 7, 254, 8, 7, 8, 16, 8, 23, 8, 25, 8, 27, 8, 29, 8, 68, 8, 69, 8, 72, 8, 74, 8, 78, 8, 85, 8, 93, 8, 104, 8, 112, 8, 114, 8, 116, 8, 118, 8, 120, 8, 122, 8, 124, 8, 126, 8, 134, 8, 136, 8, 138, 8, 140, 8, 142, 8, 144, 8, 146, 8, 148, 8, 150, 8, 157, 8, 172, 8, 181, 8, 209, 8, 224, 8, 235, 8, 250, 9, 60, 9, 65, 11, 65, 11, 67, 11, 76, 11, 167, 11, 176, 11, 181, 11, 203, 11, 207, 11, 220, 11, 227, 11, 233, 11, 235, 11, 237, 11, 239, 11, 241, 11, 243, 11, 249, 11, 251, 11, 253, 11, 255, 12, 1, 12, 3, 12, 5, 12, 50, 12, 101, 12, 125, 12, 152, 12, 187, 12, 226, 12, 228, 12, 238, 12, 243, 12, 247, 12, 249, 12, 251, 12, 253, 12, 255, 13, 1, 13, 3, 13, 8, 13, 16, 13, 19, 13, 24, 13, 46, 13, 50, 13, 72, 0, 0, 0, 0, 0, 0, 2, 1, 0, 0, 0, 0, 0, 0, 0, 220, 0, 0, 0, 0, 0, 0, 0, 0, 0, 0, 0, 0, 0, 0, 13, 85, 128, 14, 95, 16, 36, 104, 116, 116, 112, 58, 47, 47, 49, 50, 55, 46, 48, 46, 48, 46, 49, 58, 53, 53, 51, 54, 54, 47, 100, 111, 119, 110, 108, 111, 97, 100, 45, 115, 108, 111, 119, 95, 16, 22, 115, 99, 114, 121, 105, 110, 103, 45, 100, 111, 119, 110, 108, 111, 97, 100, 45, 50, 46, 98, 105, 110, 18, 0, 1, 0, 0, 95, 16, 28, 34, 115, 99, 114, 121, 105, 110, 103, 45, 116, 101, 115, 116, 45, 101, 116, 97, 103, 45, 100, 101, 97, 100, 98, 101, 101, 102, 34, 16, 6, 95, 16, 29, 77, 111, 110, 44, 32, 48, 49, 32, 74, 97, 110, 32, 50, 48, 50, 52, 32, 48, 48, 58, 48, 48, 58, 48, 48, 32, 71, 77, 84, 210, 55, 56, 74, 75, 95, 16, 19, 78, 83, 77, 117, 116, 97, 98, 108, 101, 68, 105, 99, 116, 105, 111, 110, 97, 114, 121, 163, 74, 76, 60, 92, 78, 83, 68, 105, 99, 116, 105, 111, 110, 97, 114, 121, 0, 8, 0, 17, 0, 26, 0, 36, 0, 41, 0, 50, 0, 55, 0, 73, 0, 76, 0, 106, 0, 108, 0, 135, 0, 141, 0, 148, 0, 156, 0, 167, 0, 174, 0, 185, 0, 187, 0, 189, 0, 191, 0, 193, 0, 195, 0, 197, 0, 199, 0, 201, 0, 203, 0, 205, 0, 216, 0, 218, 0, 220, 0, 222, 0, 224, 0, 226, 0, 228, 0, 230, 0, 232, 0, 234, 0, 236, 0, 238, 1, 16, 1, 45, 1, 80, 1, 116, 1, 142, 1, 179, 1, 213, 1, 243, 2, 19, 2, 58, 2, 174, 2, 179, 2, 187, 9, 227, 9, 229, 9, 234, 9, 245, 9, 254, 10, 12, 10, 16, 10, 23, 10, 32, 10, 37, 26, 39, 26, 41, 26, 46, 41, 95, 41, 97, 41, 136, 41, 161, 41, 166, 41, 197, 41, 199, 41, 231, 41, 236, 42, 2, 42, 6, 0, 0, 0, 0, 0, 0, 2, 1, 0, 0, 0, 0, 0, 0, 0, 77, 0, 0, 0, 0, 0, 0, 0, 0, 0, 0, 0, 0, 0, 0, 42, 19]) }
2026-10-07T13:00:39.3550590Z demo-mac: download-test: phase E: DownloadCancelled with 10957 bytes of resume_data
2026-10-07T13:00:39.3551230Z demo-mac: download-test: phase E: resume_download issued, resumed id = 5
2026-10-07T13:00:39.3552680Z demo-mac: nav event: DownloadStarted { id: DownloadId(5), url: "", suggested_filename: "scrying-download-2.bin", destination_path: "/Users/markik/Code/targets/wgpu-scry-hardware/demo-mac-download-test-52987/download-output/scrying-download-2.bin", total_bytes_expected: None }
2026-10-07T13:00:39.3554210Z demo-mac: nav event: DownloadProgress { id: DownloadId(5), bytes_written: 262144, total_bytes_expected: None }
2026-10-07T13:00:39.3555670Z demo-mac: nav event: DownloadFinished { id: DownloadId(5), destination_path: "/Users/markik/Code/targets/wgpu-scry-hardware/demo-mac-download-test-52987/download-output/scrying-download-2.bin", error: None }
2026-10-07T13:00:39.3557480Z demo-mac: download-test: phase E: resumed download produced 262144 bytes matching the expected payload
2026-10-07T13:00:39.3558530Z demo-mac: download-test: PASS — item 8 download pipeline verified
2026-10-07T13:00:39.3559290Z   - basic: DownloadStarted/Progress/Finished events landed with id 1 and bytes match served payload
2026-10-07T13:00:39.3560150Z   - host Cancel decision: DownloadCancelled fired (no Started, no Finished) for id 2
2026-10-07T13:00:39.3560810Z   - cancel_download(unknown_id): returned Ok(false) as expected
2026-10-07T13:00:39.3561720Z   - basic-auth download via start_download: shared auth handler supplied credentials, download succeeded (download-level auth callback fired = true)
2026-10-07T13:00:39.3562780Z   - resume: cancelled mid-stream (id 4), resume_download produced complete bytes (resumed id 5)
2026-10-07T13:00:39.3563420Z   -> PASS
2026-10-07T13:00:39.3563570Z 
2026-10-07T13:00:39.3563690Z ==> --profile-test
2026-10-07T13:00:40.3439940Z demo-mac: --profile-test: spun up persistent counterpart at same data_dir
2026-10-07T13:00:40.3440660Z demo-mac: profile-test: set_cookie 'scrying-profile-53104' on producer #1
2026-10-07T13:00:40.3441310Z demo-mac: profile-test: producer #1 store reports 1 cookie(s)
2026-10-07T13:00:40.3441860Z demo-mac: profile-test: producer #2 store reports 1 cookie(s)
2026-10-07T13:00:40.3442720Z demo-mac: profile-test: PASS — persistent stores at the same data_dir share cookies
2026-10-07T13:00:40.3443400Z   - set_cookie on producer #1 was visible to its own request_all_cookies
2026-10-07T13:00:40.3444050Z   - same cookie was visible to a separate persistent producer at the same data_dir
2026-10-07T13:00:40.3479490Z   -> PASS
2026-10-07T13:00:40.3513090Z 
2026-10-07T13:00:40.3513730Z ==> --two-tabs
2026-10-07T13:00:49.0950410Z demo-mac: --two-tabs: spun up second producer
2026-10-07T13:00:49.0951060Z demo-mac: nav event: Starting { url: "scrying-test://history-1" }
2026-10-07T13:00:49.0951740Z demo-mac: [tab2] nav event: Starting { url: "scrying-test://history-2" }
2026-10-07T13:00:49.0952380Z demo-mac: nav event: SourceChanged { url: "scrying-test://history-1" }
2026-10-07T13:00:49.0953620Z demo-mac: [tab2] nav event: SourceChanged { url: "scrying-test://history-2" }
2026-10-07T13:00:49.0954350Z demo-mac: nav event: Completed { url: "scrying-test://history-1", success: true }
2026-10-07T13:00:49.0954890Z demo-mac: js->host: loaded:history-1
2026-10-07T13:00:49.0955440Z demo-mac: [tab2] nav event: Completed { url: "scrying-test://history-2", success: true }
2026-10-07T13:00:49.0956040Z demo-mac: [tab2] js->host: loaded:history-2
2026-10-07T13:00:49.0956980Z demo-mac: two-tabs: PASS — multi-instance independence verified (3 tab-1 urls, 3 tab-2 urls, no cross-talk)
2026-10-07T13:00:49.0990780Z   -> PASS
2026-10-07T13:00:49.1027100Z 
2026-10-07T13:00:49.1027390Z ==> --capture-test
2026-10-07T13:00:53.0476060Z demo-mac: started loading scrying-test://capture
2026-10-07T13:00:53.0476520Z demo-mac: capture host occluded=false
2026-10-07T13:00:53.0476950Z demo-mac: nav event: Starting { url: "scrying-test://capture" }
2026-10-07T13:00:53.0477470Z demo-mac: nav event: SourceChanged { url: "scrying-test://capture" }
2026-10-07T13:00:53.0478060Z demo-mac: nav event: Completed { url: "scrying-test://capture", success: true }
2026-10-07T13:00:53.0478540Z demo-mac: start_capture_async kicked off
2026-10-07T13:00:53.0479150Z demo-mac: capture activity at 0.00s: frames=0, complete=1, idle=0, visible=Some(true), minimized=Some(false), focused=true
2026-10-07T13:00:53.0480160Z demo-mac: capture-test: PASS — SCK pipeline delivered 5 frames across [1024x1536]
2026-10-07T13:00:53.0516390Z   -> PASS
2026-10-07T13:00:53.0550930Z 
2026-10-07T13:00:53.0551180Z ==> --capture-test+resize
2026-10-07T13:01:10.8640130Z demo-mac: started loading scrying-test://capture
2026-10-07T13:01:10.8640610Z demo-mac: capture host occluded=false
2026-10-07T13:01:10.8641030Z demo-mac: nav event: Starting { url: "scrying-test://capture" }
2026-10-07T13:01:10.8642110Z demo-mac: nav event: SourceChanged { url: "scrying-test://capture" }
2026-10-07T13:01:10.8642690Z demo-mac: nav event: Completed { url: "scrying-test://capture", success: true }
2026-10-07T13:01:10.8643180Z demo-mac: start_capture_async kicked off
2026-10-07T13:01:10.8643800Z demo-mac: capture activity at 0.00s: frames=0, complete=1, idle=0, visible=Some(true), minimized=Some(false), focused=true
2026-10-07T13:01:10.8644720Z demo-mac: capture activity at 1.01s: frames=58, complete=59, idle=0, visible=Some(true), minimized=Some(false), focused=true
2026-10-07T13:01:10.8645630Z demo-mac: capture activity at 2.01s: frames=116, complete=117, idle=0, visible=Some(true), minimized=Some(false), focused=true
2026-10-07T13:01:10.8646540Z demo-mac: capture activity at 3.02s: frames=176, complete=177, idle=0, visible=Some(true), minimized=Some(false), focused=true
2026-10-07T13:01:10.8647440Z demo-mac: capture activity at 4.04s: frames=235, complete=236, idle=0, visible=Some(true), minimized=Some(false), focused=true
2026-10-07T13:01:10.8648360Z demo-mac: capture activity at 5.06s: frames=294, complete=295, idle=0, visible=Some(true), minimized=Some(false), focused=true
2026-10-07T13:01:10.8649320Z demo-mac: resize-test step 0 → request logical inner_size = 1280x800
2026-10-07T13:01:10.8650040Z demo-mac: capture activity at 6.06s: frames=350, complete=353, idle=0, visible=Some(true), minimized=Some(false), focused=true
2026-10-07T13:01:10.8651070Z demo-mac: capture activity at 7.06s: frames=409, complete=412, idle=0, visible=Some(true), minimized=Some(false), focused=true
2026-10-07T13:01:10.8651950Z demo-mac: capture activity at 8.08s: frames=468, complete=471, idle=0, visible=Some(true), minimized=Some(false), focused=true
2026-10-07T13:01:10.8652830Z demo-mac: capture activity at 9.08s: frames=526, complete=529, idle=0, visible=Some(true), minimized=Some(false), focused=true
2026-10-07T13:01:10.8653600Z demo-mac: resize-test step 1 → request logical inner_size = 768x600
2026-10-07T13:01:10.8654310Z demo-mac: capture activity at 10.08s: frames=583, complete=588, idle=0, visible=Some(true), minimized=Some(false), focused=true
2026-10-07T13:01:10.8655940Z demo-mac: capture activity at 11.08s: frames=641, complete=646, idle=0, visible=Some(true), minimized=Some(false), focused=true
2026-10-07T13:01:10.8656870Z demo-mac: capture activity at 12.08s: frames=700, complete=705, idle=0, visible=Some(true), minimized=Some(false), focused=true
2026-10-07T13:01:10.8657940Z demo-mac: capture activity at 13.09s: frames=759, complete=764, idle=0, visible=Some(true), minimized=Some(false), focused=true
2026-10-07T13:01:10.8658750Z demo-mac: resize-test step 2 → request logical inner_size = 1024x700
2026-10-07T13:01:10.8659540Z demo-mac: capture-test: PASS — SCK pipeline delivered 815 frames across [768x1200, 1024x1400, 1024x1536, 1280x1600]
2026-10-07T13:01:10.8682090Z   -> PASS
2026-10-07T13:01:10.8719450Z 
2026-10-07T13:01:10.8719760Z ==> summary
2026-10-07T13:01:10.8720010Z   passed: 10 / 10
2026-10-07T13:01:10.8720270Z   failed: 0
2026-10-07T13:01:10.8720460Z   all PASS
2026-10-07T13:01:11.0603560Z ##[group]Run bash scripts/test-mac.sh
2026-10-07T13:01:11.0603930Z [36;1mbash scripts/test-mac.sh[0m
2026-10-07T13:01:11.0622370Z shell: /bin/bash -e {0}
2026-10-07T13:01:11.0622630Z env:
2026-10-07T13:01:11.0622840Z   CARGO_NET_GIT_FETCH_WITH_CLI: true
2026-10-07T13:01:11.0623140Z   RUSTFLAGS: -D warnings
2026-10-07T13:01:11.0623490Z   CARGO_TARGET_DIR: /Users/markik/Code/targets/wgpu-scry-hardware
2026-10-07T13:01:11.0623880Z   CAPTURE: 1
2026-10-07T13:01:11.0624080Z   TIMEOUT: 90
2026-10-07T13:01:11.0624280Z   VISIBLE: 1
2026-10-07T13:01:11.0624500Z   CARGO_HOME: /Users/markik/.cargo
2026-10-07T13:01:11.0624780Z   CARGO_INCREMENTAL: 0
2026-10-07T13:01:11.0625020Z   CARGO_TERM_COLOR: always
2026-10-07T13:01:11.0625270Z   CAPTURE_ACTIVITY: 1
2026-10-07T13:01:11.0625510Z ##[endgroup]
2026-10-07T13:01:13.0942120Z ==> ScreenCaptureKit display-awake hold active
2026-10-07T13:01:13.0942920Z ==> building demo-mac
2026-10-07T13:01:14.0874430Z ==> code-signing identity: -
2026-10-07T13:01:14.1010210Z Executable=/Users/markik/Code/targets/wgpu-scry-hardware/debug/scry-demo-mac-hardware.app/Contents/MacOS/demo-mac
2026-10-07T13:01:14.1011170Z designated => identifier "org.merely.scry.hardware-demo"
2026-10-07T13:01:14.1014920Z ==> LaunchServices app: /Users/markik/Code/targets/wgpu-scry-hardware/debug/scry-demo-mac-hardware.app
2026-10-07T13:01:14.1017670Z 
2026-10-07T13:01:14.1017960Z ==> --capture-test
2026-10-07T13:01:18.6301380Z demo-mac: started loading scrying-test://capture?activity=1
2026-10-07T13:01:18.6301940Z demo-mac: capture host occluded=false
2026-10-07T13:01:18.6302470Z demo-mac: nav event: Starting { url: "scrying-test://capture?activity=1" }
2026-10-07T13:01:18.6303150Z demo-mac: nav event: SourceChanged { url: "scrying-test://capture?activity=1" }
2026-10-07T13:01:18.6303900Z demo-mac: nav event: Completed { url: "scrying-test://capture?activity=1", success: true }
2026-10-07T13:01:18.6305280Z demo-mac: js->host: capture-activity:{"kind":"ready","elapsedMs":4,"visibility":"visible","focused":false,"viewport":[512,768,2],"animationFrames":0,"timerTicks":0,"background":"rgb(23, 97, 181)","animations":[{"state":"running","currentTime":0}]}
2026-10-07T13:01:18.6307240Z demo-mac: js->host: capture-activity:{"kind":"timer","elapsedMs":1004,"visibility":"visible","focused":false,"viewport":[512,768,2],"animationFrames":57,"timerTicks":1,"background":"rgb(23, 97, 181)","animations":[{"state":"running","currentTime":998}]}
2026-10-07T13:01:18.6309180Z demo-mac: js->host: capture-activity:{"kind":"timer","elapsedMs":2004,"visibility":"visible","focused":false,"viewport":[512,768,2],"animationFrames":117,"timerTicks":2,"background":"rgb(23, 97, 181)","animations":[{"state":"running","currentTime":1998}]}
2026-10-07T13:01:18.6310340Z demo-mac: start_capture_async kicked off
2026-10-07T13:01:18.6311500Z demo-mac: js->host: capture-activity:{"kind":"timer","elapsedMs":3004,"visibility":"visible","focused":false,"viewport":[512,768,2],"animationFrames":177,"timerTicks":3,"background":"rgb(23, 97, 181)","animations":[{"state":"running","currentTime":2998}]}
2026-10-07T13:01:18.6312990Z demo-mac: capture activity at 0.00s: frames=0, complete=1, idle=0, visible=Some(true), minimized=Some(false), focused=true
2026-10-07T13:01:18.6314220Z demo-mac: capture-test: PASS — SCK pipeline delivered 5 frames across [1024x1536]
2026-10-07T13:01:18.6342040Z   -> PASS
2026-10-07T13:01:18.6378010Z 
2026-10-07T13:01:18.6378460Z ==> --capture-test+resize
2026-10-07T13:01:36.6302350Z demo-mac: started loading scrying-test://capture?activity=1
2026-10-07T13:01:36.6303000Z demo-mac: capture host occluded=false
2026-10-07T13:01:36.6303510Z demo-mac: nav event: Starting { url: "scrying-test://capture?activity=1" }
2026-10-07T13:01:36.6304200Z demo-mac: nav event: SourceChanged { url: "scrying-test://capture?activity=1" }
2026-10-07T13:01:36.6304930Z demo-mac: nav event: Completed { url: "scrying-test://capture?activity=1", success: true }
2026-10-07T13:01:36.6307040Z demo-mac: js->host: capture-activity:{"kind":"ready","elapsedMs":4,"visibility":"visible","focused":false,"viewport":[512,768,2],"animationFrames":0,"timerTicks":0,"background":"rgb(23, 97, 181)","animations":[{"state":"running","currentTime":0}]}
2026-10-07T13:01:36.6309020Z demo-mac: js->host: capture-activity:{"kind":"timer","elapsedMs":1004,"visibility":"visible","focused":false,"viewport":[512,768,2],"animationFrames":56,"timerTicks":1,"background":"rgb(23, 97, 181)","animations":[{"state":"running","currentTime":998}]}
2026-10-07T13:01:36.6310970Z demo-mac: js->host: capture-activity:{"kind":"timer","elapsedMs":2005,"visibility":"visible","focused":false,"viewport":[512,768,2],"animationFrames":114,"timerTicks":2,"background":"rgb(23, 97, 181)","animations":[{"state":"running","currentTime":1999}]}
2026-10-07T13:01:36.6312160Z demo-mac: start_capture_async kicked off
2026-10-07T13:01:36.6312840Z demo-mac: capture activity at 0.00s: frames=0, complete=1, idle=0, visible=Some(true), minimized=Some(false), focused=true
2026-10-07T13:01:36.6314690Z demo-mac: js->host: capture-activity:{"kind":"timer","elapsedMs":3005,"visibility":"visible","focused":false,"viewport":[512,768,2],"animationFrames":174,"timerTicks":3,"background":"rgb(23, 97, 181)","animations":[{"state":"running","currentTime":2999}]}
2026-10-07T13:01:36.6316150Z demo-mac: capture activity at 1.01s: frames=58, complete=59, idle=1, visible=Some(true), minimized=Some(false), focused=true
2026-10-07T13:01:36.6317740Z demo-mac: js->host: capture-activity:{"kind":"timer","elapsedMs":4005,"visibility":"visible","focused":false,"viewport":[512,768,2],"animationFrames":234,"timerTicks":4,"background":"rgb(221, 79, 54)","animations":[{"state":"running","currentTime":3999}]}
2026-10-07T13:01:36.6319310Z demo-mac: capture activity at 2.01s: frames=116, complete=117, idle=1, visible=Some(true), minimized=Some(false), focused=true
2026-10-07T13:01:36.6320740Z demo-mac: js->host: capture-activity:{"kind":"timer","elapsedMs":5006,"visibility":"visible","focused":false,"viewport":[512,768,2],"animationFrames":294,"timerTicks":5,"background":"rgb(221, 79, 54)","animations":[{"state":"running","currentTime":5000}]}
2026-10-07T13:01:36.6322600Z demo-mac: js->host: capture-activity:{"kind":"timer","elapsedMs":6006,"visibility":"visible","focused":false,"viewport":[512,768,2],"animationFrames":354,"timerTicks":6,"background":"rgb(221, 79, 54)","animations":[{"state":"running","currentTime":6000}]}
2026-10-07T13:01:36.6324040Z demo-mac: capture activity at 3.03s: frames=175, complete=176, idle=1, visible=Some(true), minimized=Some(false), focused=true
2026-10-07T13:01:36.6325460Z demo-mac: js->host: capture-activity:{"kind":"timer","elapsedMs":7007,"visibility":"visible","focused":false,"viewport":[512,768,2],"animationFrames":414,"timerTicks":7,"background":"rgb(23, 97, 181)","animations":[{"state":"running","currentTime":7001}]}
2026-10-07T13:01:36.6326880Z demo-mac: capture activity at 4.03s: frames=233, complete=234, idle=1, visible=Some(true), minimized=Some(false), focused=true
2026-10-07T13:01:36.6328410Z demo-mac: js->host: capture-activity:{"kind":"timer","elapsedMs":8007,"visibility":"visible","focused":false,"viewport":[512,768,2],"animationFrames":474,"timerTicks":8,"background":"rgb(23, 97, 181)","animations":[{"state":"running","currentTime":8001}]}
2026-10-07T13:01:36.6329760Z demo-mac: capture activity at 5.03s: frames=291, complete=292, idle=1, visible=Some(true), minimized=Some(false), focused=true
2026-10-07T13:01:36.6330730Z demo-mac: resize-test step 0 → request logical inner_size = 1280x800
2026-10-07T13:01:36.6331930Z demo-mac: js->host: capture-activity:{"kind":"timer","elapsedMs":9007,"visibility":"visible","focused":false,"viewport":[512,768,2],"animationFrames":534,"timerTicks":9,"background":"rgb(23, 97, 181)","animations":[{"state":"running","currentTime":9001}]}
2026-10-07T13:01:36.6333290Z demo-mac: capture activity at 6.05s: frames=349, complete=352, idle=1, visible=Some(true), minimized=Some(false), focused=true
2026-10-07T13:01:36.6335030Z demo-mac: js->host: capture-activity:{"kind":"resize","elapsedMs":9038,"visibility":"visible","focused":false,"viewport":[640,800,2],"animationFrames":534,"timerTicks":9,"background":"rgb(221, 79, 54)","animations":[{"state":"running","currentTime":9033}]}
2026-10-07T13:01:36.6336850Z demo-mac: js->host: capture-activity:{"kind":"timer","elapsedMs":10007,"visibility":"visible","focused":false,"viewport":[640,800,2],"animationFrames":592,"timerTicks":10,"background":"rgb(221, 79, 54)","animations":[{"state":"running","currentTime":10001}]}
2026-10-07T13:01:36.6338260Z demo-mac: capture activity at 7.07s: frames=408, complete=411, idle=1, visible=Some(true), minimized=Some(false), focused=true
2026-10-07T13:01:36.6339620Z demo-mac: js->host: capture-activity:{"kind":"timer","elapsedMs":11007,"visibility":"visible","focused":false,"viewport":[640,800,2],"animationFrames":652,"timerTicks":11,"background":"rgb(221, 79, 54)","animations":[{"state":"running","currentTime":11001}]}
2026-10-07T13:01:36.6341160Z demo-mac: capture activity at 8.07s: frames=467, complete=470, idle=1, visible=Some(true), minimized=Some(false), focused=true
2026-10-07T13:01:36.6342520Z demo-mac: js->host: capture-activity:{"kind":"timer","elapsedMs":12008,"visibility":"visible","focused":false,"viewport":[640,800,2],"animationFrames":712,"timerTicks":12,"background":"rgb(221, 79, 54)","animations":[{"state":"running","currentTime":12002}]}
2026-10-07T13:01:36.6344260Z demo-mac: capture activity at 9.07s: frames=525, complete=528, idle=1, visible=Some(true), minimized=Some(false), focused=true
2026-10-07T13:01:36.6345160Z demo-mac: resize-test step 1 → request logical inner_size = 768x600
2026-10-07T13:01:36.6346440Z demo-mac: js->host: capture-activity:{"kind":"timer","elapsedMs":13008,"visibility":"visible","focused":false,"viewport":[640,800,2],"animationFrames":772,"timerTicks":13,"background":"rgb(23, 97, 181)","animations":[{"state":"running","currentTime":13002}]}
2026-10-07T13:01:36.6348400Z demo-mac: js->host: capture-activity:{"kind":"resize","elapsedMs":13039,"visibility":"visible","focused":false,"viewport":[384,600,2],"animationFrames":772,"timerTicks":13,"background":"rgb(23, 97, 181)","animations":[{"state":"running","currentTime":13033}]}
2026-10-07T13:01:36.6349870Z demo-mac: capture activity at 10.07s: frames=581, complete=586, idle=1, visible=Some(true), minimized=Some(false), focused=true
2026-10-07T13:01:36.6351350Z demo-mac: js->host: capture-activity:{"kind":"timer","elapsedMs":14008,"visibility":"visible","focused":false,"viewport":[384,600,2],"animationFrames":830,"timerTicks":14,"background":"rgb(23, 97, 181)","animations":[{"state":"running","currentTime":14002}]}
2026-10-07T13:01:36.6352860Z demo-mac: capture activity at 11.07s: frames=639, complete=644, idle=1, visible=Some(true), minimized=Some(false), focused=true
2026-10-07T13:01:36.6354340Z demo-mac: js->host: capture-activity:{"kind":"timer","elapsedMs":15008,"visibility":"visible","focused":false,"viewport":[384,600,2],"animationFrames":890,"timerTicks":15,"background":"rgb(221, 79, 54)","animations":[{"state":"running","currentTime":15002}]}
2026-10-07T13:01:36.6355820Z demo-mac: capture activity at 12.07s: frames=697, complete=702, idle=1, visible=Some(true), minimized=Some(false), focused=true
2026-10-07T13:01:36.6357290Z demo-mac: js->host: capture-activity:{"kind":"timer","elapsedMs":16008,"visibility":"visible","focused":false,"viewport":[384,600,2],"animationFrames":950,"timerTicks":16,"background":"rgb(221, 79, 54)","animations":[{"state":"running","currentTime":16002}]}
2026-10-07T13:01:36.6358760Z demo-mac: capture activity at 13.07s: frames=756, complete=760, idle=1, visible=Some(true), minimized=Some(false), focused=true
2026-10-07T13:01:36.6359650Z demo-mac: resize-test step 2 → request logical inner_size = 1024x700
2026-10-07T13:01:36.6361030Z demo-mac: js->host: capture-activity:{"kind":"timer","elapsedMs":17009,"visibility":"visible","focused":false,"viewport":[512,700,2],"animationFrames":1009,"timerTicks":17,"background":"rgb(221, 79, 54)","animations":[{"state":"running","currentTime":17003}]}
2026-10-07T13:01:36.6363230Z demo-mac: js->host: capture-activity:{"kind":"resize","elapsedMs":17023,"visibility":"visible","focused":false,"viewport":[512,700,2],"animationFrames":1009,"timerTicks":17,"background":"rgb(221, 79, 54)","animations":[{"state":"running","currentTime":17017}]}
2026-10-07T13:01:36.6364680Z demo-mac: capture activity at 14.07s: frames=812, complete=819, idle=1, visible=Some(true), minimized=Some(false), focused=true
2026-10-07T13:01:36.6365730Z demo-mac: capture-test: PASS — SCK pipeline delivered 813 frames across [768x1200, 1024x1400, 1024x1536, 1280x1600]
2026-10-07T13:01:36.6366390Z   -> PASS
2026-10-07T13:01:36.6380160Z 
2026-10-07T13:01:36.6380580Z ==> summary
2026-10-07T13:01:36.6380950Z   passed: 2 / 2
2026-10-07T13:01:36.6381320Z   failed: 0
2026-10-07T13:01:36.6381600Z   all PASS
2026-10-07T13:01:36.8273070Z Post job cleanup.
2026-10-07T13:01:36.9132660Z Released host hardware lock at /var/folders/nt/xlxwlg695b399ck_h55sfwtc0000gn/T/merely-wgpu-hardware-lock/host.lock
2026-10-07T13:01:36.9289880Z Post job cleanup.
2026-10-07T13:01:37.0614450Z [command]/usr/bin/git version
2026-10-07T13:01:37.0847740Z git version 2.39.5 (Apple Git-154)
2026-10-07T13:01:37.0877210Z Copying '/Users/markik/.gitconfig' to '/Users/markik/actions-runner-wgpu/_work/_temp/0d4ec9b8-8538-4dc3-bf0b-ca79d1f490a7/.gitconfig'
2026-10-07T13:01:37.0886650Z Temporarily overriding HOME='/Users/markik/actions-runner-wgpu/_work/_temp/0d4ec9b8-8538-4dc3-bf0b-ca79d1f490a7' before making global git config changes
2026-10-07T13:01:37.0887710Z Adding repository directory to the temporary git global config as a safe directory
2026-10-07T13:01:37.0891910Z [command]/usr/bin/git config --global --add safe.directory /Users/markik/actions-runner-wgpu/_work/wgpu-scry/wgpu-scry/.host-hardware-lock
2026-10-07T13:01:37.1116830Z Removing SSH command configuration
2026-10-07T13:01:37.1123510Z [command]/usr/bin/git config --local --name-only --get-regexp core\.sshCommand
2026-10-07T13:01:37.1337870Z [command]/usr/bin/git submodule foreach --recursive sh -c "git config --local --name-only --get-regexp 'core\.sshCommand' && git config --local --unset-all 'core.sshCommand' || :"
2026-10-07T13:01:37.2644910Z Removing HTTP extra header
2026-10-07T13:01:37.2649650Z [command]/usr/bin/git config --local --name-only --get-regexp http\.https\:\/\/github\.com\/\.extraheader
2026-10-07T13:01:37.2857690Z [command]/usr/bin/git submodule foreach --recursive sh -c "git config --local --name-only --get-regexp 'http\.https\:\/\/github\.com\/\.extraheader' && git config --local --unset-all 'http.https://github.com/.extraheader' || :"
2026-10-07T13:01:37.4135810Z Removing includeIf entries pointing to credentials config files
2026-10-07T13:01:37.4140850Z [command]/usr/bin/git config --local --name-only --get-regexp ^includeIf\.gitdir:
2026-10-07T13:01:37.4340140Z includeif.gitdir:/Users/markik/actions-runner-wgpu/_work/wgpu-scry/wgpu-scry/.host-hardware-lock/.git.path
2026-10-07T13:01:37.4341310Z includeif.gitdir:/Users/markik/actions-runner-wgpu/_work/wgpu-scry/wgpu-scry/.host-hardware-lock/.git/worktrees/*.path
2026-10-07T13:01:37.4342170Z includeif.gitdir:/github/workspace/.host-hardware-lock/.git.path
2026-10-07T13:01:37.4342830Z includeif.gitdir:/github/workspace/.host-hardware-lock/.git/worktrees/*.path
2026-10-07T13:01:37.4349220Z [command]/usr/bin/git config --local --get-all includeif.gitdir:/Users/markik/actions-runner-wgpu/_work/wgpu-scry/wgpu-scry/.host-hardware-lock/.git.path
2026-10-07T13:01:37.4549470Z /Users/markik/actions-runner-wgpu/_work/_temp/git-credentials-a420d2c2-9d09-46e8-a81a-88da24de2ba7.config
2026-10-07T13:01:37.4559570Z [command]/usr/bin/git config --local --unset includeif.gitdir:/Users/markik/actions-runner-wgpu/_work/wgpu-scry/wgpu-scry/.host-hardware-lock/.git.path \/Users\/markik\/actions\-runner\-wgpu\/_work\/_temp\/git\-credentials\-a420d2c2\-9d09\-46e8\-a81a\-88da24de2ba7\.config
2026-10-07T13:01:37.4780810Z [command]/usr/bin/git config --local --get-all includeif.gitdir:/Users/markik/actions-runner-wgpu/_work/wgpu-scry/wgpu-scry/.host-hardware-lock/.git/worktrees/*.path
2026-10-07T13:01:37.4992090Z /Users/markik/actions-runner-wgpu/_work/_temp/git-credentials-a420d2c2-9d09-46e8-a81a-88da24de2ba7.config
2026-10-07T13:01:37.5001780Z [command]/usr/bin/git config --local --unset includeif.gitdir:/Users/markik/actions-runner-wgpu/_work/wgpu-scry/wgpu-scry/.host-hardware-lock/.git/worktrees/*.path \/Users\/markik\/actions\-runner\-wgpu\/_work\/_temp\/git\-credentials\-a420d2c2\-9d09\-46e8\-a81a\-88da24de2ba7\.config
2026-10-07T13:01:37.5218190Z [command]/usr/bin/git config --local --get-all includeif.gitdir:/github/workspace/.host-hardware-lock/.git.path
2026-10-07T13:01:37.5421460Z /github/runner_temp/git-credentials-a420d2c2-9d09-46e8-a81a-88da24de2ba7.config
2026-10-07T13:01:37.5430170Z [command]/usr/bin/git config --local --unset includeif.gitdir:/github/workspace/.host-hardware-lock/.git.path \/github\/runner_temp\/git\-credentials\-a420d2c2\-9d09\-46e8\-a81a\-88da24de2ba7\.config
2026-10-07T13:01:37.5641020Z [command]/usr/bin/git config --local --get-all includeif.gitdir:/github/workspace/.host-hardware-lock/.git/worktrees/*.path
2026-10-07T13:01:37.5847600Z /github/runner_temp/git-credentials-a420d2c2-9d09-46e8-a81a-88da24de2ba7.config
2026-10-07T13:01:37.5855300Z [command]/usr/bin/git config --local --unset includeif.gitdir:/github/workspace/.host-hardware-lock/.git/worktrees/*.path \/github\/runner_temp\/git\-credentials\-a420d2c2\-9d09\-46e8\-a81a\-88da24de2ba7\.config
2026-10-07T13:01:37.6078380Z [command]/usr/bin/git submodule foreach --recursive git config --local --show-origin --name-only --get-regexp remote.origin.url
2026-10-07T13:01:37.7359000Z Removing credentials config '/Users/markik/actions-runner-wgpu/_work/_temp/git-credentials-a420d2c2-9d09-46e8-a81a-88da24de2ba7.config'
2026-10-07T13:01:37.7546960Z Post job cleanup.
2026-10-07T13:01:37.8850140Z [command]/usr/bin/git version
2026-10-07T13:01:37.9069750Z git version 2.39.5 (Apple Git-154)
2026-10-07T13:01:37.9099100Z Copying '/Users/markik/.gitconfig' to '/Users/markik/actions-runner-wgpu/_work/_temp/1113a12f-c4a3-4dfd-8fa0-a1b2857f9e37/.gitconfig'
2026-10-07T13:01:37.9108090Z Temporarily overriding HOME='/Users/markik/actions-runner-wgpu/_work/_temp/1113a12f-c4a3-4dfd-8fa0-a1b2857f9e37' before making global git config changes
2026-10-07T13:01:37.9109120Z Adding repository directory to the temporary git global config as a safe directory
2026-10-07T13:01:37.9120610Z [command]/usr/bin/git config --global --add safe.directory /Users/markik/actions-runner-wgpu/_work/wgpu-scry/wgpu-scry
2026-10-07T13:01:37.9337640Z Removing SSH command configuration
2026-10-07T13:01:37.9343380Z [command]/usr/bin/git config --local --name-only --get-regexp core\.sshCommand
2026-10-07T13:01:37.9556710Z [command]/usr/bin/git submodule foreach --recursive sh -c "git config --local --name-only --get-regexp 'core\.sshCommand' && git config --local --unset-all 'core.sshCommand' || :"
2026-10-07T13:01:38.0848000Z Removing HTTP extra header
2026-10-07T13:01:38.0853020Z [command]/usr/bin/git config --local --name-only --get-regexp http\.https\:\/\/github\.com\/\.extraheader
2026-10-07T13:01:38.1063690Z [command]/usr/bin/git submodule foreach --recursive sh -c "git config --local --name-only --get-regexp 'http\.https\:\/\/github\.com\/\.extraheader' && git config --local --unset-all 'http.https://github.com/.extraheader' || :"
2026-10-07T13:01:38.2359040Z Removing includeIf entries pointing to credentials config files
2026-10-07T13:01:38.2364340Z [command]/usr/bin/git config --local --name-only --get-regexp ^includeIf\.gitdir:
2026-10-07T13:01:38.2563700Z includeif.gitdir:/Users/markik/actions-runner-wgpu/_work/wgpu-scry/wgpu-scry/.git.path
2026-10-07T13:01:38.2564770Z includeif.gitdir:/Users/markik/actions-runner-wgpu/_work/wgpu-scry/wgpu-scry/.git/worktrees/*.path
2026-10-07T13:01:38.2565530Z includeif.gitdir:/github/workspace/.git.path
2026-10-07T13:01:38.2566030Z includeif.gitdir:/github/workspace/.git/worktrees/*.path
2026-10-07T13:01:38.2573080Z [command]/usr/bin/git config --local --get-all includeif.gitdir:/Users/markik/actions-runner-wgpu/_work/wgpu-scry/wgpu-scry/.git.path
2026-10-07T13:01:38.2767450Z /Users/markik/actions-runner-wgpu/_work/_temp/git-credentials-672c0406-0308-4652-ae07-f42674259bd1.config
2026-10-07T13:01:38.2778470Z [command]/usr/bin/git config --local --unset includeif.gitdir:/Users/markik/actions-runner-wgpu/_work/wgpu-scry/wgpu-scry/.git.path \/Users\/markik\/actions\-runner\-wgpu\/_work\/_temp\/git\-credentials\-672c0406\-0308\-4652\-ae07\-f42674259bd1\.config
2026-10-07T13:01:38.2990100Z [command]/usr/bin/git config --local --get-all includeif.gitdir:/Users/markik/actions-runner-wgpu/_work/wgpu-scry/wgpu-scry/.git/worktrees/*.path
2026-10-07T13:01:38.3189970Z /Users/markik/actions-runner-wgpu/_work/_temp/git-credentials-672c0406-0308-4652-ae07-f42674259bd1.config
2026-10-07T13:01:38.3199530Z [command]/usr/bin/git config --local --unset includeif.gitdir:/Users/markik/actions-runner-wgpu/_work/wgpu-scry/wgpu-scry/.git/worktrees/*.path \/Users\/markik\/actions\-runner\-wgpu\/_work\/_temp\/git\-credentials\-672c0406\-0308\-4652\-ae07\-f42674259bd1\.config
2026-10-07T13:01:38.3414210Z [command]/usr/bin/git config --local --get-all includeif.gitdir:/github/workspace/.git.path
2026-10-07T13:01:38.3611680Z /github/runner_temp/git-credentials-672c0406-0308-4652-ae07-f42674259bd1.config
2026-10-07T13:01:38.3621020Z [command]/usr/bin/git config --local --unset includeif.gitdir:/github/workspace/.git.path \/github\/runner_temp\/git\-credentials\-672c0406\-0308\-4652\-ae07\-f42674259bd1\.config
2026-10-07T13:01:38.3834490Z [command]/usr/bin/git config --local --get-all includeif.gitdir:/github/workspace/.git/worktrees/*.path
2026-10-07T13:01:38.4031970Z /github/runner_temp/git-credentials-672c0406-0308-4652-ae07-f42674259bd1.config
2026-10-07T13:01:38.4039490Z [command]/usr/bin/git config --local --unset includeif.gitdir:/github/workspace/.git/worktrees/*.path \/github\/runner_temp\/git\-credentials\-672c0406\-0308\-4652\-ae07\-f42674259bd1\.config
2026-10-07T13:01:38.4249210Z [command]/usr/bin/git submodule foreach --recursive git config --local --show-origin --name-only --get-regexp remote.origin.url
2026-10-07T13:01:38.5514110Z Removing credentials config '/Users/markik/actions-runner-wgpu/_work/_temp/git-credentials-672c0406-0308-4652-ae07-f42674259bd1.config'
2026-10-07T13:01:38.5686470Z Cleaning up orphan processes
