2026-10-07T14:04:17.4272930Z Current runner version: '2.337.0'
2026-10-07T14:04:17.4280780Z Runner name: 'wgpu-imac-intel'
2026-10-07T14:04:17.4281460Z Runner group name: 'wgpu-hardware'
2026-10-07T14:04:17.4282340Z Machine name: 'Q-PC'
2026-10-07T14:04:17.4284940Z ##[group]GITHUB_TOKEN Permissions
2026-10-07T14:04:17.4287670Z Contents: read
2026-10-07T14:04:17.4288160Z Metadata: read
2026-10-07T14:04:17.4288640Z ##[endgroup]
2026-10-07T14:04:17.4290910Z Secret source: Actions
2026-10-07T14:04:17.4291680Z Cache mode: write
2026-10-07T14:04:17.4292300Z Prepare workflow directory
2026-10-07T14:04:17.5386470Z Prepare all required actions
2026-10-07T14:04:17.5445570Z Getting action download info
2026-10-07T14:04:17.9529870Z Download action repository 'actions/checkout@v4' (SHA:11d5960a326750d5838078e36cf38b85af677262)
2026-10-07T14:04:18.5351270Z Download action repository 'dtolnay/rust-toolchain@1.97.1' (SHA:9ca9f0b320e19763058bc9531663c225d20db487)
2026-10-07T14:04:18.8393640Z Download action repository 'astral-sh/setup-uv@20cfd1bf945f4377ade1205e4dbc17946fc9a30d' (SHA:20cfd1bf945f4377ade1205e4dbc17946fc9a30d)
2026-10-07T14:04:19.5771120Z Download action repository 'actions/upload-artifact@v4' (SHA:ea165f8d65b6e75b540449e92b4886f43607fa02)
2026-10-07T14:04:20.5413200Z Complete job name: Intel iMac registry-only triplet proof
2026-10-07T14:04:20.6218040Z ##[group]Run actions/checkout@v4
2026-10-07T14:04:20.6219000Z with:
2026-10-07T14:04:20.6219340Z   repository: merely-made/wgpu-graft
2026-10-07T14:04:20.6222440Z   token: ***
2026-10-07T14:04:20.6222730Z   ssh-strict: true
2026-10-07T14:04:20.6223000Z   ssh-user: git
2026-10-07T14:04:20.6223300Z   persist-credentials: true
2026-10-07T14:04:20.6223620Z   clean: true
2026-10-07T14:04:20.6223920Z   sparse-checkout-cone-mode: true
2026-10-07T14:04:20.6224390Z   fetch-depth: 1
2026-10-07T14:04:20.6224680Z   fetch-tags: false
2026-10-07T14:04:20.6224980Z   show-progress: true
2026-10-07T14:04:20.6225270Z   lfs: false
2026-10-07T14:04:20.6225530Z   submodules: false
2026-10-07T14:04:20.6225840Z   set-safe-directory: true
2026-10-07T14:04:20.6226290Z   allow-unsafe-pr-checkout: false
2026-10-07T14:04:20.6227050Z env:
2026-10-07T14:04:20.6227350Z   CARGO_NET_GIT_FETCH_WITH_CLI: true
2026-10-07T14:04:20.6227730Z   RUSTFLAGS: -D warnings
2026-10-07T14:04:20.6228110Z   GRAFTING_VERSION: 0.6.0
2026-10-07T14:04:20.6228430Z   SCRYING_VERSION: 0.7.2
2026-10-07T14:04:20.6228740Z   WELDING_VERSION: 0.14.1
2026-10-07T14:04:20.6229130Z   SCRY_SOURCE_REF: 4d8d1d3f8dd450b712960c90b74263a45b46e35b
2026-10-07T14:04:20.6229620Z   WELD_SOURCE_REF: c7b7b4c52138643e22580a918542e8e036a0b24a
2026-10-07T14:04:20.6230030Z   WGPU_BACKEND: metal
2026-10-07T14:04:20.6230390Z   CEF_PATH: /Users/markik/Code/cef-cache/wgpu-weld
2026-10-07T14:04:20.6230820Z   CAPTURE: 1
2026-10-07T14:04:20.6231090Z   TIMEOUT: 90
2026-10-07T14:04:20.6231350Z   VISIBLE: 1
2026-10-07T14:04:20.6231620Z   WELD_SKIP_CASES: popup
2026-10-07T14:04:20.6231930Z   PROOF_HOST: intel
2026-10-07T14:04:20.6232210Z ##[endgroup]
2026-10-07T14:04:20.7748260Z Syncing repository: merely-made/wgpu-graft
2026-10-07T14:04:20.7750340Z ##[group]Getting Git version info
2026-10-07T14:04:20.7751120Z Working directory is '/Users/markik/actions-runner-wgpu/_work/wgpu-graft/wgpu-graft'
2026-10-07T14:04:20.7752140Z [command]/usr/bin/git version
2026-10-07T14:04:20.7907490Z git version 2.39.5 (Apple Git-154)
2026-10-07T14:04:20.7926320Z ##[endgroup]
2026-10-07T14:04:20.7935410Z Copying '/Users/markik/.gitconfig' to '/Users/markik/actions-runner-wgpu/_work/_temp/5d664531-0454-4cf8-b209-8b462254bb32/.gitconfig'
2026-10-07T14:04:20.7945330Z Temporarily overriding HOME='/Users/markik/actions-runner-wgpu/_work/_temp/5d664531-0454-4cf8-b209-8b462254bb32' before making global git config changes
2026-10-07T14:04:20.7946490Z Adding repository directory to the temporary git global config as a safe directory
2026-10-07T14:04:20.7950770Z [command]/usr/bin/git config --global --add safe.directory /Users/markik/actions-runner-wgpu/_work/wgpu-graft/wgpu-graft
2026-10-07T14:04:20.8175420Z [command]/usr/bin/git config --local --get remote.origin.url
2026-10-07T14:04:20.8381340Z https://github.com/merely-made/wgpu-graft
2026-10-07T14:04:20.8394950Z ##[group]Removing previously created refs, to avoid conflicts
2026-10-07T14:04:20.8399210Z [command]/usr/bin/git rev-parse --symbolic-full-name --verify --quiet HEAD
2026-10-07T14:04:20.8606810Z refs/heads/main
2026-10-07T14:04:20.8616090Z [command]/usr/bin/git checkout --detach
2026-10-07T14:04:20.9398900Z HEAD is now at dcab370 Keep registry triplet proof on immutable release fixtures
2026-10-07T14:04:20.9669420Z [command]/usr/bin/git branch --delete --force main
2026-10-07T14:04:20.9865690Z Deleted branch main (was dcab370).
2026-10-07T14:04:21.0094790Z ##[endgroup]
2026-10-07T14:04:21.0098590Z [command]/usr/bin/git submodule status
2026-10-07T14:04:21.1643990Z ##[group]Cleaning the repository
2026-10-07T14:04:21.1647890Z [command]/usr/bin/git clean -ffdx
2026-10-07T14:04:21.3571720Z Removing .registry-proof-source/
2026-10-07T14:04:21.3599180Z [command]/usr/bin/git reset --hard HEAD
2026-10-07T14:04:21.3986140Z HEAD is now at dcab370 Keep registry triplet proof on immutable release fixtures
2026-10-07T14:04:21.3993420Z ##[endgroup]
2026-10-07T14:04:21.3996560Z ##[group]Disabling automatic garbage collection
2026-10-07T14:04:21.4001740Z [command]/usr/bin/git config --local gc.auto 0
2026-10-07T14:04:21.4220320Z ##[endgroup]
2026-10-07T14:04:21.4220920Z ##[group]Setting up auth
2026-10-07T14:04:21.4226760Z [command]/usr/bin/git config --local --name-only --get-regexp core\.sshCommand
2026-10-07T14:04:21.4438270Z [command]/usr/bin/git submodule foreach --recursive sh -c "git config --local --name-only --get-regexp 'core\.sshCommand' && git config --local --unset-all 'core.sshCommand' || :"
2026-10-07T14:04:21.5754800Z [command]/usr/bin/git config --local --name-only --get-regexp http\.https\:\/\/github\.com\/\.extraheader
2026-10-07T14:04:21.5963990Z [command]/usr/bin/git submodule foreach --recursive sh -c "git config --local --name-only --get-regexp 'http\.https\:\/\/github\.com\/\.extraheader' && git config --local --unset-all 'http.https://github.com/.extraheader' || :"
2026-10-07T14:04:21.7239320Z [command]/usr/bin/git config --local --name-only --get-regexp ^includeIf\.gitdir:
2026-10-07T14:04:21.7449010Z [command]/usr/bin/git submodule foreach --recursive git config --local --show-origin --name-only --get-regexp remote.origin.url
2026-10-07T14:04:21.8799810Z [command]/usr/bin/git config --local http.https://github.com/.extraheader AUTHORIZATION: basic ***
2026-10-07T14:04:21.9033830Z ##[endgroup]
2026-10-07T14:04:21.9034480Z ##[group]Fetching the repository
2026-10-07T14:04:21.9041790Z [command]/usr/bin/git -c protocol.version=2 fetch --no-tags --prune --no-recurse-submodules --depth=1 origin +e8ffee2d6b680154cae645d54a340116f08acb5d:refs/remotes/origin/main
2026-10-07T14:04:22.5081620Z From https://github.com/merely-made/wgpu-graft
2026-10-07T14:04:22.5082480Z  + dcab370...e8ffee2 e8ffee2d6b680154cae645d54a340116f08acb5d -> origin/main  (forced update)
2026-10-07T14:04:22.5166400Z ##[endgroup]
2026-10-07T14:04:22.5166920Z ##[group]Determining the checkout info
2026-10-07T14:04:22.5167590Z ##[endgroup]
2026-10-07T14:04:22.5172370Z [command]/usr/bin/git sparse-checkout disable
2026-10-07T14:04:22.5433620Z [command]/usr/bin/git config --local --unset-all extensions.worktreeConfig
2026-10-07T14:04:22.5649370Z ##[group]Checking out the ref
2026-10-07T14:04:22.5653120Z [command]/usr/bin/git checkout --progress --force -B main refs/remotes/origin/main
2026-10-07T14:04:22.6000180Z Warning: you are leaving 1 commit behind, not connected to
2026-10-07T14:04:22.6000690Z any of your branches:
2026-10-07T14:04:22.6000900Z 
2026-10-07T14:04:22.6001140Z   dcab370 Keep registry triplet proof on immutable release fixtures
2026-10-07T14:04:22.6001510Z 
2026-10-07T14:04:22.6001750Z If you want to keep it by creating a new branch, this may be a good time
2026-10-07T14:04:22.6002260Z to do so with:
2026-10-07T14:04:22.6002440Z 
2026-10-07T14:04:22.6002670Z  git branch <new-branch-name> dcab370
2026-10-07T14:04:22.6003470Z 
2026-10-07T14:04:22.6027180Z Switched to a new branch 'main'
2026-10-07T14:04:22.6027710Z branch 'main' set up to track 'origin/main'.
2026-10-07T14:04:22.6037150Z ##[endgroup]
2026-10-07T14:04:22.6292420Z [command]/usr/bin/git log -1 --format=%H
2026-10-07T14:04:22.6514500Z e8ffee2d6b680154cae645d54a340116f08acb5d
2026-10-07T14:04:22.6756090Z ##[group]Run ./.github/actions/host-hardware-lock
2026-10-07T14:04:22.6756480Z with:
2026-10-07T14:04:22.6756690Z   timeout_seconds: 7200
2026-10-07T14:04:22.6756930Z   stale_seconds: 14400
2026-10-07T14:04:22.6757170Z   poll_seconds: 5
2026-10-07T14:04:22.6757410Z env:
2026-10-07T14:04:22.6757630Z   CARGO_NET_GIT_FETCH_WITH_CLI: true
2026-10-07T14:04:22.6757920Z   RUSTFLAGS: -D warnings
2026-10-07T14:04:22.6758170Z   GRAFTING_VERSION: 0.6.0
2026-10-07T14:04:22.6758410Z   SCRYING_VERSION: 0.7.2
2026-10-07T14:04:22.6758690Z   WELDING_VERSION: 0.14.1
2026-10-07T14:04:22.6759000Z   SCRY_SOURCE_REF: 4d8d1d3f8dd450b712960c90b74263a45b46e35b
2026-10-07T14:04:22.6759430Z   WELD_SOURCE_REF: c7b7b4c52138643e22580a918542e8e036a0b24a
2026-10-07T14:04:22.6759780Z   WGPU_BACKEND: metal
2026-10-07T14:04:22.6760050Z   CEF_PATH: /Users/markik/Code/cef-cache/wgpu-weld
2026-10-07T14:04:22.6760370Z   CAPTURE: 1
2026-10-07T14:04:22.6760570Z   TIMEOUT: 90
2026-10-07T14:04:22.6760780Z   VISIBLE: 1
2026-10-07T14:04:22.6761010Z   WELD_SKIP_CASES: popup
2026-10-07T14:04:22.6761260Z   PROOF_HOST: intel
2026-10-07T14:04:22.6761470Z ##[endgroup]
2026-10-07T14:04:22.7554480Z Acquired host hardware lock at /var/folders/nt/xlxwlg695b399ck_h55sfwtc0000gn/T/merely-wgpu-hardware-lock/host.lock
2026-10-07T14:04:22.7825550Z ##[group]Run dtolnay/rust-toolchain@1.97.1
2026-10-07T14:04:22.7826000Z with:
2026-10-07T14:04:22.7826290Z env:
2026-10-07T14:04:22.7826560Z   CARGO_NET_GIT_FETCH_WITH_CLI: true
2026-10-07T14:04:22.7826940Z   RUSTFLAGS: -D warnings
2026-10-07T14:04:22.7827260Z   GRAFTING_VERSION: 0.6.0
2026-10-07T14:04:22.7827600Z   SCRYING_VERSION: 0.7.2
2026-10-07T14:04:22.7828020Z   WELDING_VERSION: 0.14.1
2026-10-07T14:04:22.7828400Z   SCRY_SOURCE_REF: 4d8d1d3f8dd450b712960c90b74263a45b46e35b
2026-10-07T14:04:22.7828900Z   WELD_SOURCE_REF: c7b7b4c52138643e22580a918542e8e036a0b24a
2026-10-07T14:04:22.7829320Z   WGPU_BACKEND: metal
2026-10-07T14:04:22.7829660Z   CEF_PATH: /Users/markik/Code/cef-cache/wgpu-weld
2026-10-07T14:04:22.7830060Z   CAPTURE: 1
2026-10-07T14:04:22.7830310Z   TIMEOUT: 90
2026-10-07T14:04:22.7830590Z   VISIBLE: 1
2026-10-07T14:04:22.7830870Z   WELD_SKIP_CASES: popup
2026-10-07T14:04:22.7831170Z   PROOF_HOST: intel
2026-10-07T14:04:22.7831460Z ##[endgroup]
2026-10-07T14:04:22.7915790Z ##[start-action display=Parse toolchain version;id=__dtolnay_rust-toolchain.parse]
2026-10-07T14:04:22.7997400Z ##[group]Run if [[ -z $toolchain ]]; then
2026-10-07T14:04:22.7998090Z [36;1mif [[ -z $toolchain ]]; then[0m
2026-10-07T14:04:22.7998760Z [36;1m  # GitHub does not enforce `required: true` inputs itself. https://github.com/actions/runner/issues/1070[0m
2026-10-07T14:04:22.7999510Z [36;1m  echo "'toolchain' is a required input" >&2[0m
2026-10-07T14:04:22.7999910Z [36;1m  exit 1[0m
2026-10-07T14:04:22.8000340Z [36;1melif [[ $toolchain =~ ^stable' '[0-9]+' '(year|month|week|day)s?' 'ago$ ]]; then[0m
2026-10-07T14:04:22.8000890Z [36;1m  if [[ macOS == macOS ]]; then[0m
2026-10-07T14:04:22.8001540Z [36;1m    echo "toolchain=1.$((($(date -v-$(sed 's/stable \([0-9]*\) \(.\).*/\1\2/' <<< $toolchain) +%s)/60/60/24-16569)/7/6))" >> $GITHUB_OUTPUT[0m
2026-10-07T14:04:22.8002200Z [36;1m  else[0m
2026-10-07T14:04:22.8002730Z [36;1m    echo "toolchain=1.$((($(date --date "${toolchain#stable }" +%s)/60/60/24-16569)/7/6))" >> $GITHUB_OUTPUT[0m
2026-10-07T14:04:22.8003350Z [36;1m  fi[0m
2026-10-07T14:04:22.8003740Z [36;1melif [[ $toolchain =~ ^stable' 'minus' '[0-9]+' 'releases?$ ]]; then[0m
2026-10-07T14:04:22.8004390Z [36;1m  echo "toolchain=1.$((($(date +%s)/60/60/24-16569)/7/6-${toolchain//[^0-9]/}))" >> $GITHUB_OUTPUT[0m
2026-10-07T14:04:22.8004990Z [36;1melif [[ $toolchain =~ ^1\.[0-9]+$ ]]; then[0m
2026-10-07T14:04:22.8006260Z [36;1m  echo "toolchain=1.$((i=${toolchain#1.}, c=($(date +%s)/60/60/24-16569)/7/6, i+9*i*(10*i<=c)+90*i*(100*i<=c)))" >> $GITHUB_OUTPUT[0m
2026-10-07T14:04:22.8006870Z [36;1melse[0m
2026-10-07T14:04:22.8007220Z [36;1m  echo "toolchain=$toolchain" >> $GITHUB_OUTPUT[0m
2026-10-07T14:04:22.8007640Z [36;1mfi[0m
2026-10-07T14:04:22.8031440Z shell: /bin/bash --noprofile --norc -e -o pipefail {0}
2026-10-07T14:04:22.8031860Z env:
2026-10-07T14:04:22.8032150Z   CARGO_NET_GIT_FETCH_WITH_CLI: true
2026-10-07T14:04:22.8032520Z   RUSTFLAGS: -D warnings
2026-10-07T14:04:22.8032920Z   GRAFTING_VERSION: 0.6.0
2026-10-07T14:04:22.8033250Z   SCRYING_VERSION: 0.7.2
2026-10-07T14:04:22.8033570Z   WELDING_VERSION: 0.14.1
2026-10-07T14:04:22.8033930Z   SCRY_SOURCE_REF: 4d8d1d3f8dd450b712960c90b74263a45b46e35b
2026-10-07T14:04:22.8034400Z   WELD_SOURCE_REF: c7b7b4c52138643e22580a918542e8e036a0b24a
2026-10-07T14:04:22.8034810Z   WGPU_BACKEND: metal
2026-10-07T14:04:22.8035170Z   CEF_PATH: /Users/markik/Code/cef-cache/wgpu-weld
2026-10-07T14:04:22.8035560Z   CAPTURE: 1
2026-10-07T14:04:22.8035830Z   TIMEOUT: 90
2026-10-07T14:04:22.8036100Z   VISIBLE: 1
2026-10-07T14:04:22.8036340Z   WELD_SKIP_CASES: popup
2026-10-07T14:04:22.8036580Z   PROOF_HOST: intel
2026-10-07T14:04:22.8036800Z   toolchain: 1.97.1
2026-10-07T14:04:22.8037020Z ##[endgroup]
2026-10-07T14:04:22.8260140Z ##[end-action id=__dtolnay_rust-toolchain.parse;outcome=success;conclusion=success;duration_ms=34]
2026-10-07T14:04:22.8278860Z ##[start-action display=Construct rustup command line;id=__dtolnay_rust-toolchain.flags]
2026-10-07T14:04:22.8343190Z ##[group]Run echo "targets=$(for t in ${targets//,/ }; do echo -n ' --target' $t; done)" >> $GITHUB_OUTPUT
2026-10-07T14:04:22.8343990Z [36;1mecho "targets=$(for t in ${targets//,/ }; do echo -n ' --target' $t; done)" >> $GITHUB_OUTPUT[0m
2026-10-07T14:04:22.8344780Z [36;1mecho "components=$(for c in ${components//,/ }; do echo -n ' --component' $c; done)" >> $GITHUB_OUTPUT[0m
2026-10-07T14:04:22.8345430Z [36;1mecho "downgrade=" >> $GITHUB_OUTPUT[0m
2026-10-07T14:04:22.8362950Z shell: /bin/bash --noprofile --norc -e -o pipefail {0}
2026-10-07T14:04:22.8363330Z env:
2026-10-07T14:04:22.8363610Z   CARGO_NET_GIT_FETCH_WITH_CLI: true
2026-10-07T14:04:22.8364030Z   RUSTFLAGS: -D warnings
2026-10-07T14:04:22.8364460Z   GRAFTING_VERSION: 0.6.0
2026-10-07T14:04:22.8364800Z   SCRYING_VERSION: 0.7.2
2026-10-07T14:04:22.8365110Z   WELDING_VERSION: 0.14.1
2026-10-07T14:04:22.8365480Z   SCRY_SOURCE_REF: 4d8d1d3f8dd450b712960c90b74263a45b46e35b
2026-10-07T14:04:22.8365990Z   WELD_SOURCE_REF: c7b7b4c52138643e22580a918542e8e036a0b24a
2026-10-07T14:04:22.8366400Z   WGPU_BACKEND: metal
2026-10-07T14:04:22.8366730Z   CEF_PATH: /Users/markik/Code/cef-cache/wgpu-weld
2026-10-07T14:04:22.8367120Z   CAPTURE: 1
2026-10-07T14:04:22.8367390Z   TIMEOUT: 90
2026-10-07T14:04:22.8367650Z   VISIBLE: 1
2026-10-07T14:04:22.8367920Z   WELD_SKIP_CASES: popup
2026-10-07T14:04:22.8368240Z   PROOF_HOST: intel
2026-10-07T14:04:22.8368550Z   targets: 
2026-10-07T14:04:22.8368810Z   components: 
2026-10-07T14:04:22.8369100Z ##[endgroup]
2026-10-07T14:04:22.8551470Z ##[end-action id=__dtolnay_rust-toolchain.flags;outcome=success;conclusion=success;duration_ms=27]
2026-10-07T14:04:22.8555290Z ##[start-action display=Set $CARGO_HOME;id=__dtolnay_rust-toolchain.__run]
2026-10-07T14:04:22.8585520Z ##[group]Run echo CARGO_HOME=${CARGO_HOME:-"$HOME/.cargo"} >> $GITHUB_ENV
2026-10-07T14:04:22.8586130Z [36;1mecho CARGO_HOME=${CARGO_HOME:-"$HOME/.cargo"} >> $GITHUB_ENV[0m
2026-10-07T14:04:22.8603460Z shell: /bin/bash --noprofile --norc -e -o pipefail {0}
2026-10-07T14:04:22.8603890Z env:
2026-10-07T14:04:22.8604180Z   CARGO_NET_GIT_FETCH_WITH_CLI: true
2026-10-07T14:04:22.8604560Z   RUSTFLAGS: -D warnings
2026-10-07T14:04:22.8604880Z   GRAFTING_VERSION: 0.6.0
2026-10-07T14:04:22.8605290Z   SCRYING_VERSION: 0.7.2
2026-10-07T14:04:22.8605600Z   WELDING_VERSION: 0.14.1
2026-10-07T14:04:22.8606420Z   SCRY_SOURCE_REF: 4d8d1d3f8dd450b712960c90b74263a45b46e35b
2026-10-07T14:04:22.8606900Z   WELD_SOURCE_REF: c7b7b4c52138643e22580a918542e8e036a0b24a
2026-10-07T14:04:22.8607320Z   WGPU_BACKEND: metal
2026-10-07T14:04:22.8607690Z   CEF_PATH: /Users/markik/Code/cef-cache/wgpu-weld
2026-10-07T14:04:22.8608080Z   CAPTURE: 1
2026-10-07T14:04:22.8608350Z   TIMEOUT: 90
2026-10-07T14:04:22.8608610Z   VISIBLE: 1
2026-10-07T14:04:22.8608890Z   WELD_SKIP_CASES: popup
2026-10-07T14:04:22.8609200Z   PROOF_HOST: intel
2026-10-07T14:04:22.8609500Z ##[endgroup]
2026-10-07T14:04:22.8775030Z ##[end-action id=__dtolnay_rust-toolchain.__run;outcome=success;conclusion=success;duration_ms=21]
2026-10-07T14:04:22.8778920Z ##[start-action display=Install rustup if needed;id=__dtolnay_rust-toolchain.__run_2]
2026-10-07T14:04:22.8816700Z ##[group]Run if ! command -v rustup &>/dev/null; then
2026-10-07T14:04:22.8817230Z [36;1mif ! command -v rustup &>/dev/null; then[0m
2026-10-07T14:04:22.8818170Z [36;1m  curl --proto '=https' --tlsv1.2 --retry 10 --retry-connrefused --location --silent --show-error --fail https://sh.rustup.rs | sh -s -- --default-toolchain none -y[0m
2026-10-07T14:04:22.8819140Z [36;1m  echo "$CARGO_HOME/bin" >> $GITHUB_PATH[0m
2026-10-07T14:04:22.8819520Z [36;1mfi[0m
2026-10-07T14:04:22.8837040Z shell: /bin/bash --noprofile --norc -e -o pipefail {0}
2026-10-07T14:04:22.8837480Z env:
2026-10-07T14:04:22.8837800Z   CARGO_NET_GIT_FETCH_WITH_CLI: true
2026-10-07T14:04:22.8838160Z   RUSTFLAGS: -D warnings
2026-10-07T14:04:22.8838470Z   GRAFTING_VERSION: 0.6.0
2026-10-07T14:04:22.8838800Z   SCRYING_VERSION: 0.7.2
2026-10-07T14:04:22.8839500Z   WELDING_VERSION: 0.14.1
2026-10-07T14:04:22.8839890Z   SCRY_SOURCE_REF: 4d8d1d3f8dd450b712960c90b74263a45b46e35b
2026-10-07T14:04:22.8840370Z   WELD_SOURCE_REF: c7b7b4c52138643e22580a918542e8e036a0b24a
2026-10-07T14:04:22.8840790Z   WGPU_BACKEND: metal
2026-10-07T14:04:22.8841140Z   CEF_PATH: /Users/markik/Code/cef-cache/wgpu-weld
2026-10-07T14:04:22.8841530Z   CAPTURE: 1
2026-10-07T14:04:22.8841830Z   TIMEOUT: 90
2026-10-07T14:04:22.8842100Z   VISIBLE: 1
2026-10-07T14:04:22.8842380Z   WELD_SKIP_CASES: popup
2026-10-07T14:04:22.8842700Z   PROOF_HOST: intel
2026-10-07T14:04:22.8843010Z   CARGO_HOME: /Users/markik/.cargo
2026-10-07T14:04:22.8843350Z ##[endgroup]
2026-10-07T14:04:23.3648760Z info: downloading installer
2026-10-07T14:04:24.7030120Z warn: it looks like you have an existing rustup settings file at:
2026-10-07T14:04:24.7030600Z warn: /Users/markik/.rustup/settings.toml
2026-10-07T14:04:24.7031090Z warn: rustup will install the default toolchain as specified in the settings file,
2026-10-07T14:04:24.7031710Z warn: instead of the one inferred from the default host tuple.
2026-10-07T14:04:24.7741460Z info: profile set to default
2026-10-07T14:04:24.7741940Z info: default host tuple is x86_64-apple-darwin
2026-10-07T14:04:24.7742310Z info: skipping toolchain installation
2026-10-07T14:04:24.7742520Z 
2026-10-07T14:04:24.7743600Z 
2026-10-07T14:04:24.7743960Z Rust is installed now. Great!
2026-10-07T14:04:24.7744210Z 
2026-10-07T14:04:24.7744380Z To get started you may need to restart your current shell.
2026-10-07T14:04:24.7744830Z This would reload your PATH environment variable to include
2026-10-07T14:04:24.7745230Z Cargo's bin directory ($HOME/.cargo/bin).
2026-10-07T14:04:24.7745440Z 
2026-10-07T14:04:24.7745600Z To configure your current shell, you need to source the
2026-10-07T14:04:24.7745970Z corresponding env file under $HOME/.cargo.
2026-10-07T14:04:24.7746190Z 
2026-10-07T14:04:24.7746410Z Consider running the right command for your shell (note the leading DOT):
2026-10-07T14:04:24.7746980Z . "$HOME/.cargo/env"           # For sh/ash/dash/pdksh/zsh
2026-10-07T14:04:24.7747430Z source "$HOME/.cargo/env.tcsh" # For tcsh
2026-10-07T14:04:24.7747860Z cargo:rerun-if-env-changed=CC_x86_64-apple-darwin
2026-10-07T14:04:24.7748270Z CC_x86_64-apple-darwin = None
2026-10-07T14:04:24.7748720Z cargo:rerun-if-env-changed=CC_x86_64_apple_darwin
2026-10-07T14:04:24.7749140Z CC_x86_64_apple_darwin = None
2026-10-07T14:04:24.7874720Z cargo:rerun-if-env-changed=HOST_CC
2026-10-07T14:04:24.7875060Z HOST_CC = None
2026-10-07T14:04:24.7875360Z cargo:rerun-if-env-changed=CC
2026-10-07T14:04:24.7875670Z CC = None
2026-10-07T14:04:24.8058070Z cargo:rerun-if-env-changed=CC_ENABLE_DEBUG_OUTPUT
2026-10-07T14:04:24.8862750Z cargo:rerun-if-env-changed=CRATE_CC_NO_DEFAULTS
2026-10-07T14:04:24.8863210Z CRATE_CC_NO_DEFAULTS = None
2026-10-07T14:04:24.8863600Z cargo:rerun-if-env-changed=MACOSX_DEPLOYMENT_TARGET
2026-10-07T14:04:24.8864040Z MACOSX_DEPLOYMENT_TARGET = None
2026-10-07T14:04:24.8968100Z cargo:rerun-if-env-changed=CFLAGS
2026-10-07T14:04:24.8968570Z CFLAGS = None
2026-10-07T14:04:24.8968980Z cargo:rerun-if-env-changed=HOST_CFLAGS
2026-10-07T14:04:24.8969510Z HOST_CFLAGS = None
2026-10-07T14:04:24.8969870Z cargo:rerun-if-env-changed=CFLAGS_x86_64_apple_darwin
2026-10-07T14:04:24.8970300Z CFLAGS_x86_64_apple_darwin = None
2026-10-07T14:04:24.8970750Z cargo:rerun-if-env-changed=CFLAGS_x86_64-apple-darwin
2026-10-07T14:04:24.8971180Z CFLAGS_x86_64-apple-darwin = None
2026-10-07T14:04:24.9074780Z ##[end-action id=__dtolnay_rust-toolchain.__run_2;outcome=success;conclusion=success;duration_ms=2029]
2026-10-07T14:04:24.9078450Z ##[start-action display=Install rustup if needed on windows;id=__dtolnay_rust-toolchain.__run_3]
2026-10-07T14:04:24.9087800Z ##[end-action id=__dtolnay_rust-toolchain.__run_3;outcome=skipped;conclusion=skipped;duration_ms=0]
2026-10-07T14:04:24.9100930Z ##[start-action display=rustup toolchain install 1.97.1;id=__dtolnay_rust-toolchain.__run_4]
2026-10-07T14:04:24.9129700Z ##[group]Run log=$(mktemp)
2026-10-07T14:04:24.9130460Z [36;1mlog=$(mktemp)[0m
2026-10-07T14:04:24.9130890Z [36;1mtrap 'rm -f "$log"' EXIT[0m
2026-10-07T14:04:24.9131230Z [36;1mfor attempt in 1 2 3 4 5; do[0m
2026-10-07T14:04:24.9132010Z [36;1m  if rustup toolchain install 1.97.1 --profile minimal --no-self-update --force-non-host 2>&1 | tee "$log"; then[0m
2026-10-07T14:04:24.9132620Z [36;1m    break[0m
2026-10-07T14:04:24.9132890Z [36;1m  else[0m
2026-10-07T14:04:24.9133160Z [36;1m    status=$?[0m
2026-10-07T14:04:24.9133420Z [36;1m  fi[0m
2026-10-07T14:04:24.9133810Z [36;1m  if [[ $attempt == 5 ]] || ! grep -Fq 'checksum failed for ' "$log" \[0m
2026-10-07T14:04:24.9134470Z [36;1m      || ! grep -Fq 'this is likely due to an ongoing update of the official release server' "$log"; then[0m
2026-10-07T14:04:24.9135020Z [36;1m    exit "$status"[0m
2026-10-07T14:04:24.9135310Z [36;1m  fi[0m
2026-10-07T14:04:24.9135820Z [36;1m  echo "Retrying rustup toolchain install in 30 seconds (retry $attempt of 4)" >&2[0m
2026-10-07T14:04:24.9136550Z [36;1m  sleep 30[0m
2026-10-07T14:04:24.9137050Z [36;1mdone[0m
2026-10-07T14:04:24.9157700Z shell: /bin/bash --noprofile --norc -e -o pipefail {0}
2026-10-07T14:04:24.9158090Z env:
2026-10-07T14:04:24.9158360Z   CARGO_NET_GIT_FETCH_WITH_CLI: true
2026-10-07T14:04:24.9158690Z   RUSTFLAGS: -D warnings
2026-10-07T14:04:24.9158990Z   GRAFTING_VERSION: 0.6.0
2026-10-07T14:04:24.9159270Z   SCRYING_VERSION: 0.7.2
2026-10-07T14:04:24.9159570Z   WELDING_VERSION: 0.14.1
2026-10-07T14:04:24.9159910Z   SCRY_SOURCE_REF: 4d8d1d3f8dd450b712960c90b74263a45b46e35b
2026-10-07T14:04:24.9160370Z   WELD_SOURCE_REF: c7b7b4c52138643e22580a918542e8e036a0b24a
2026-10-07T14:04:24.9160750Z   WGPU_BACKEND: metal
2026-10-07T14:04:24.9161070Z   CEF_PATH: /Users/markik/Code/cef-cache/wgpu-weld
2026-10-07T14:04:24.9161430Z   CAPTURE: 1
2026-10-07T14:04:24.9161670Z   TIMEOUT: 90
2026-10-07T14:04:24.9161920Z   VISIBLE: 1
2026-10-07T14:04:24.9162200Z   WELD_SKIP_CASES: popup
2026-10-07T14:04:24.9162470Z   PROOF_HOST: intel
2026-10-07T14:04:24.9162740Z   CARGO_HOME: /Users/markik/.cargo
2026-10-07T14:04:24.9163050Z   RUSTUP_PERMIT_COPY_RENAME: 1
2026-10-07T14:04:24.9163330Z ##[endgroup]
2026-10-07T14:04:25.3702480Z info: syncing channel updates for 1.97.1-x86_64-apple-darwin
2026-10-07T14:04:25.5363220Z 
2026-10-07T14:04:25.5567800Z   1.97.1-x86_64-apple-darwin unchanged - rustc 1.97.1 (8bab26f4f 2026-07-14)
2026-10-07T14:04:25.5568900Z 
2026-10-07T14:04:25.5652690Z ##[end-action id=__dtolnay_rust-toolchain.__run_4;outcome=success;conclusion=success;duration_ms=655]
2026-10-07T14:04:25.5658310Z ##[start-action display=rustup default 1.97.1;id=__dtolnay_rust-toolchain.__run_5]
2026-10-07T14:04:25.5685510Z ##[group]Run rustup default 1.97.1 --force-non-host
2026-10-07T14:04:25.5686020Z [36;1mrustup default 1.97.1 --force-non-host[0m
2026-10-07T14:04:25.5704240Z shell: /bin/bash --noprofile --norc -e -o pipefail {0}
2026-10-07T14:04:25.5704660Z env:
2026-10-07T14:04:25.5705040Z   CARGO_NET_GIT_FETCH_WITH_CLI: true
2026-10-07T14:04:25.5705440Z   RUSTFLAGS: -D warnings
2026-10-07T14:04:25.5705760Z   GRAFTING_VERSION: 0.6.0
2026-10-07T14:04:25.5706060Z   SCRYING_VERSION: 0.7.2
2026-10-07T14:04:25.5706360Z   WELDING_VERSION: 0.14.1
2026-10-07T14:04:25.5706710Z   SCRY_SOURCE_REF: 4d8d1d3f8dd450b712960c90b74263a45b46e35b
2026-10-07T14:04:25.5707160Z   WELD_SOURCE_REF: c7b7b4c52138643e22580a918542e8e036a0b24a
2026-10-07T14:04:25.5707550Z   WGPU_BACKEND: metal
2026-10-07T14:04:25.5707870Z   CEF_PATH: /Users/markik/Code/cef-cache/wgpu-weld
2026-10-07T14:04:25.5708250Z   CAPTURE: 1
2026-10-07T14:04:25.5708490Z   TIMEOUT: 90
2026-10-07T14:04:25.5708740Z   VISIBLE: 1
2026-10-07T14:04:25.5721210Z   WELD_SKIP_CASES: popup
2026-10-07T14:04:25.5721640Z   PROOF_HOST: intel
2026-10-07T14:04:25.5721940Z   CARGO_HOME: /Users/markik/.cargo
2026-10-07T14:04:25.5722280Z ##[endgroup]
2026-10-07T14:04:25.6027280Z info: using existing install for 1.97.1-x86_64-apple-darwin
2026-10-07T14:04:25.6217540Z info: default toolchain set to 1.97.1-x86_64-apple-darwin
2026-10-07T14:04:25.6217980Z 
2026-10-07T14:04:25.6411250Z   1.97.1-x86_64-apple-darwin unchanged - rustc 1.97.1 (8bab26f4f 2026-07-14)
2026-10-07T14:04:25.6411750Z 
2026-10-07T14:04:25.6416190Z info: note that the toolchain '1.97.1-x86_64-apple-darwin' is currently in use (overridden by '/Users/markik/actions-runner-wgpu/_work/wgpu-graft/wgpu-graft/rust-toolchain.toml')
2026-10-07T14:04:25.6435350Z ##[end-action id=__dtolnay_rust-toolchain.__run_5;outcome=success;conclusion=success;duration_ms=77]
2026-10-07T14:04:25.6438790Z ##[start-action display=Create cachekey;id=__dtolnay_rust-toolchain.rustc-version]
2026-10-07T14:04:25.6467660Z ##[group]Run DATE=$(rustc +1.97.1 --version --verbose | sed -ne 's/^commit-date: \(20[0-9][0-9]\)-\([01][0-9]\)-\([0-3][0-9]\)$/\1\2\3/p')
2026-10-07T14:04:25.6468690Z [36;1mDATE=$(rustc +1.97.1 --version --verbose | sed -ne 's/^commit-date: \(20[0-9][0-9]\)-\([01][0-9]\)-\([0-3][0-9]\)$/\1\2\3/p')[0m
2026-10-07T14:04:25.6469500Z [36;1mHASH=$(rustc +1.97.1 --version --verbose | sed -ne 's/^commit-hash: //p')[0m
2026-10-07T14:04:25.6470120Z [36;1mecho "cachekey=$(echo $DATE$HASH | head -c12)" >> $GITHUB_OUTPUT[0m
2026-10-07T14:04:25.6488830Z shell: /bin/bash --noprofile --norc -e -o pipefail {0}
2026-10-07T14:04:25.6489240Z env:
2026-10-07T14:04:25.6489520Z   CARGO_NET_GIT_FETCH_WITH_CLI: true
2026-10-07T14:04:25.6489980Z   RUSTFLAGS: -D warnings
2026-10-07T14:04:25.6490410Z   GRAFTING_VERSION: 0.6.0
2026-10-07T14:04:25.6490710Z   SCRYING_VERSION: 0.7.2
2026-10-07T14:04:25.6490990Z   WELDING_VERSION: 0.14.1
2026-10-07T14:04:25.6491370Z   SCRY_SOURCE_REF: 4d8d1d3f8dd450b712960c90b74263a45b46e35b
2026-10-07T14:04:25.6491820Z   WELD_SOURCE_REF: c7b7b4c52138643e22580a918542e8e036a0b24a
2026-10-07T14:04:25.6492200Z   WGPU_BACKEND: metal
2026-10-07T14:04:25.6492530Z   CEF_PATH: /Users/markik/Code/cef-cache/wgpu-weld
2026-10-07T14:04:25.6492880Z   CAPTURE: 1
2026-10-07T14:04:25.6493130Z   TIMEOUT: 90
2026-10-07T14:04:25.6493390Z   VISIBLE: 1
2026-10-07T14:04:25.6493650Z   WELD_SKIP_CASES: popup
2026-10-07T14:04:25.6493940Z   PROOF_HOST: intel
2026-10-07T14:04:25.6494230Z   CARGO_HOME: /Users/markik/.cargo
2026-10-07T14:04:25.6494540Z ##[endgroup]
2026-10-07T14:04:25.7479570Z ##[end-action id=__dtolnay_rust-toolchain.rustc-version;outcome=success;conclusion=success;duration_ms=103]
2026-10-07T14:04:25.7483150Z ##[start-action display=Disable incremental compilation;id=__dtolnay_rust-toolchain.__run_6]
2026-10-07T14:04:25.7510620Z ##[group]Run if [ -z "${CARGO_INCREMENTAL+set}" ]; then
2026-10-07T14:04:25.7511100Z [36;1mif [ -z "${CARGO_INCREMENTAL+set}" ]; then[0m
2026-10-07T14:04:25.7511530Z [36;1m  echo CARGO_INCREMENTAL=0 >> $GITHUB_ENV[0m
2026-10-07T14:04:25.7511940Z [36;1mfi[0m
2026-10-07T14:04:25.7531090Z shell: /bin/bash --noprofile --norc -e -o pipefail {0}
2026-10-07T14:04:25.7531520Z env:
2026-10-07T14:04:25.7531800Z   CARGO_NET_GIT_FETCH_WITH_CLI: true
2026-10-07T14:04:25.7532190Z   RUSTFLAGS: -D warnings
2026-10-07T14:04:25.7532510Z   GRAFTING_VERSION: 0.6.0
2026-10-07T14:04:25.7532890Z   SCRYING_VERSION: 0.7.2
2026-10-07T14:04:25.7533230Z   WELDING_VERSION: 0.14.1
2026-10-07T14:04:25.7533600Z   SCRY_SOURCE_REF: 4d8d1d3f8dd450b712960c90b74263a45b46e35b
2026-10-07T14:04:25.7534090Z   WELD_SOURCE_REF: c7b7b4c52138643e22580a918542e8e036a0b24a
2026-10-07T14:04:25.7534510Z   WGPU_BACKEND: metal
2026-10-07T14:04:25.7534850Z   CEF_PATH: /Users/markik/Code/cef-cache/wgpu-weld
2026-10-07T14:04:25.7535250Z   CAPTURE: 1
2026-10-07T14:04:25.7535520Z   TIMEOUT: 90
2026-10-07T14:04:25.7535780Z   VISIBLE: 1
2026-10-07T14:04:25.7536060Z   WELD_SKIP_CASES: popup
2026-10-07T14:04:25.7536370Z   PROOF_HOST: intel
2026-10-07T14:04:25.7536700Z   CARGO_HOME: /Users/markik/.cargo
2026-10-07T14:04:25.7537040Z ##[endgroup]
2026-10-07T14:04:25.7710680Z ##[end-action id=__dtolnay_rust-toolchain.__run_6;outcome=success;conclusion=success;duration_ms=22]
2026-10-07T14:04:25.7713920Z ##[start-action display=Enable colors in Cargo output;id=__dtolnay_rust-toolchain.__run_7]
2026-10-07T14:04:25.7740070Z ##[group]Run if [ -z "${CARGO_TERM_COLOR+set}" ]; then
2026-10-07T14:04:25.7740550Z [36;1mif [ -z "${CARGO_TERM_COLOR+set}" ]; then[0m
2026-10-07T14:04:25.7753840Z [36;1m  echo CARGO_TERM_COLOR=always >> $GITHUB_ENV[0m
2026-10-07T14:04:25.7754310Z [36;1mfi[0m
2026-10-07T14:04:25.7773310Z shell: /bin/bash --noprofile --norc -e -o pipefail {0}
2026-10-07T14:04:25.7773760Z env:
2026-10-07T14:04:25.7774030Z   CARGO_NET_GIT_FETCH_WITH_CLI: true
2026-10-07T14:04:25.7774350Z   RUSTFLAGS: -D warnings
2026-10-07T14:04:25.7774660Z   GRAFTING_VERSION: 0.6.0
2026-10-07T14:04:25.7774960Z   SCRYING_VERSION: 0.7.2
2026-10-07T14:04:25.7775310Z   WELDING_VERSION: 0.14.1
2026-10-07T14:04:25.7775690Z   SCRY_SOURCE_REF: 4d8d1d3f8dd450b712960c90b74263a45b46e35b
2026-10-07T14:04:25.7776310Z   WELD_SOURCE_REF: c7b7b4c52138643e22580a918542e8e036a0b24a
2026-10-07T14:04:25.7776720Z   WGPU_BACKEND: metal
2026-10-07T14:04:25.7777070Z   CEF_PATH: /Users/markik/Code/cef-cache/wgpu-weld
2026-10-07T14:04:25.7777460Z   CAPTURE: 1
2026-10-07T14:04:25.7777710Z   TIMEOUT: 90
2026-10-07T14:04:25.7777950Z   VISIBLE: 1
2026-10-07T14:04:25.7778210Z   WELD_SKIP_CASES: popup
2026-10-07T14:04:25.7778520Z   PROOF_HOST: intel
2026-10-07T14:04:25.7778860Z   CARGO_HOME: /Users/markik/.cargo
2026-10-07T14:04:25.7779200Z   CARGO_INCREMENTAL: 0
2026-10-07T14:04:25.7779500Z ##[endgroup]
2026-10-07T14:04:25.7953100Z ##[end-action id=__dtolnay_rust-toolchain.__run_7;outcome=success;conclusion=success;duration_ms=23]
2026-10-07T14:04:25.7957790Z ##[start-action display=Enable Cargo sparse registry;id=__dtolnay_rust-toolchain.__run_8]
2026-10-07T14:04:25.7987830Z ##[group]Run # implemented in 1.66, stabilized in 1.68, made default in 1.70
2026-10-07T14:04:25.7988520Z [36;1m# implemented in 1.66, stabilized in 1.68, made default in 1.70[0m
2026-10-07T14:04:25.7989520Z [36;1mif [ -z "${CARGO_REGISTRIES_CRATES_IO_PROTOCOL+set}" -o -f "/Users/markik/actions-runner-wgpu/_work/_temp"/.implicit_cargo_registries_crates_io_protocol ]; then[0m
2026-10-07T14:04:25.7990570Z [36;1m  if rustc +1.97.1 --version --verbose | grep -q '^release: 1\.6[89]\.'; then[0m
2026-10-07T14:04:25.7991390Z [36;1m    touch "/Users/markik/actions-runner-wgpu/_work/_temp"/.implicit_cargo_registries_crates_io_protocol || true[0m
2026-10-07T14:04:25.7992190Z [36;1m    echo CARGO_REGISTRIES_CRATES_IO_PROTOCOL=sparse >> $GITHUB_ENV[0m
2026-10-07T14:04:25.7993880Z [36;1m  elif rustc +1.97.1 --version --verbose | grep -q '^release: 1\.6[67]\.'; then[0m
2026-10-07T14:04:25.7994810Z [36;1m    touch "/Users/markik/actions-runner-wgpu/_work/_temp"/.implicit_cargo_registries_crates_io_protocol || true[0m
2026-10-07T14:04:25.7995760Z [36;1m    echo CARGO_REGISTRIES_CRATES_IO_PROTOCOL=git >> $GITHUB_ENV[0m
2026-10-07T14:04:25.7996470Z [36;1m  fi[0m
2026-10-07T14:04:25.7996790Z [36;1mfi[0m
2026-10-07T14:04:25.8016660Z shell: /bin/bash --noprofile --norc -e -o pipefail {0}
2026-10-07T14:04:25.8017100Z env:
2026-10-07T14:04:25.8017400Z   CARGO_NET_GIT_FETCH_WITH_CLI: true
2026-10-07T14:04:25.8017770Z   RUSTFLAGS: -D warnings
2026-10-07T14:04:25.8018090Z   GRAFTING_VERSION: 0.6.0
2026-10-07T14:04:25.8018410Z   SCRYING_VERSION: 0.7.2
2026-10-07T14:04:25.8018720Z   WELDING_VERSION: 0.14.1
2026-10-07T14:04:25.8019090Z   SCRY_SOURCE_REF: 4d8d1d3f8dd450b712960c90b74263a45b46e35b
2026-10-07T14:04:25.8019560Z   WELD_SOURCE_REF: c7b7b4c52138643e22580a918542e8e036a0b24a
2026-10-07T14:04:25.8019990Z   WGPU_BACKEND: metal
2026-10-07T14:04:25.8020370Z   CEF_PATH: /Users/markik/Code/cef-cache/wgpu-weld
2026-10-07T14:04:25.8020760Z   CAPTURE: 1
2026-10-07T14:04:25.8021020Z   TIMEOUT: 90
2026-10-07T14:04:25.8021280Z   VISIBLE: 1
2026-10-07T14:04:25.8021550Z   WELD_SKIP_CASES: popup
2026-10-07T14:04:25.8021870Z   PROOF_HOST: intel
2026-10-07T14:04:25.8022170Z   CARGO_HOME: /Users/markik/.cargo
2026-10-07T14:04:25.8022510Z   CARGO_INCREMENTAL: 0
2026-10-07T14:04:25.8022820Z   CARGO_TERM_COLOR: always
2026-10-07T14:04:25.8023120Z ##[endgroup]
2026-10-07T14:04:25.8936180Z ##[end-action id=__dtolnay_rust-toolchain.__run_8;outcome=success;conclusion=success;duration_ms=97]
2026-10-07T14:04:25.8939650Z ##[start-action display=Work around spurious network errors in curl 8.0;id=__dtolnay_rust-toolchain.__run_9]
2026-10-07T14:04:25.8968740Z ##[group]Run # https://rust-lang.zulipchat.com/#narrow/stream/246057-t-cargo/topic/timeout.20investigation
2026-10-07T14:04:25.8969660Z [36;1m# https://rust-lang.zulipchat.com/#narrow/stream/246057-t-cargo/topic/timeout.20investigation[0m
2026-10-07T14:04:25.8970480Z [36;1mif rustc +1.97.1 --version --verbose | grep -q '^release: 1\.7[01]\.'; then[0m
2026-10-07T14:04:25.8971060Z [36;1m  echo CARGO_HTTP_MULTIPLEXING=false >> $GITHUB_ENV[0m
2026-10-07T14:04:25.8971480Z [36;1mfi[0m
2026-10-07T14:04:25.8991120Z shell: /bin/bash --noprofile --norc -e -o pipefail {0}
2026-10-07T14:04:25.8991540Z env:
2026-10-07T14:04:25.8991830Z   CARGO_NET_GIT_FETCH_WITH_CLI: true
2026-10-07T14:04:25.8992190Z   RUSTFLAGS: -D warnings
2026-10-07T14:04:25.8992510Z   GRAFTING_VERSION: 0.6.0
2026-10-07T14:04:25.8992840Z   SCRYING_VERSION: 0.7.2
2026-10-07T14:04:25.8993140Z   WELDING_VERSION: 0.14.1
2026-10-07T14:04:25.8993520Z   SCRY_SOURCE_REF: 4d8d1d3f8dd450b712960c90b74263a45b46e35b
2026-10-07T14:04:25.8994020Z   WELD_SOURCE_REF: c7b7b4c52138643e22580a918542e8e036a0b24a
2026-10-07T14:04:25.8994440Z   WGPU_BACKEND: metal
2026-10-07T14:04:25.8994780Z   CEF_PATH: /Users/markik/Code/cef-cache/wgpu-weld
2026-10-07T14:04:25.8995180Z   CAPTURE: 1
2026-10-07T14:04:25.8995440Z   TIMEOUT: 90
2026-10-07T14:04:25.8995700Z   VISIBLE: 1
2026-10-07T14:04:25.8995970Z   WELD_SKIP_CASES: popup
2026-10-07T14:04:25.8996280Z   PROOF_HOST: intel
2026-10-07T14:04:25.8996580Z   CARGO_HOME: /Users/markik/.cargo
2026-10-07T14:04:25.8996930Z   CARGO_INCREMENTAL: 0
2026-10-07T14:04:25.8997230Z   CARGO_TERM_COLOR: always
2026-10-07T14:04:25.8997550Z ##[endgroup]
2026-10-07T14:04:25.9539190Z ##[end-action id=__dtolnay_rust-toolchain.__run_9;outcome=success;conclusion=success;duration_ms=59]
2026-10-07T14:04:25.9544500Z ##[start-action display=rustc +1.97.1 --version --verbose;id=__dtolnay_rust-toolchain.__run_10]
2026-10-07T14:04:25.9583930Z ##[group]Run rustc +1.97.1 --version --verbose
2026-10-07T14:04:25.9584390Z [36;1mrustc +1.97.1 --version --verbose[0m
2026-10-07T14:04:25.9603330Z shell: /bin/bash --noprofile --norc -e -o pipefail {0}
2026-10-07T14:04:25.9603760Z env:
2026-10-07T14:04:25.9604040Z   CARGO_NET_GIT_FETCH_WITH_CLI: true
2026-10-07T14:04:25.9604880Z   RUSTFLAGS: -D warnings
2026-10-07T14:04:25.9605210Z   GRAFTING_VERSION: 0.6.0
2026-10-07T14:04:25.9605510Z   SCRYING_VERSION: 0.7.2
2026-10-07T14:04:25.9605800Z   WELDING_VERSION: 0.14.1
2026-10-07T14:04:25.9606140Z   SCRY_SOURCE_REF: 4d8d1d3f8dd450b712960c90b74263a45b46e35b
2026-10-07T14:04:25.9606610Z   WELD_SOURCE_REF: c7b7b4c52138643e22580a918542e8e036a0b24a
2026-10-07T14:04:25.9607010Z   WGPU_BACKEND: metal
2026-10-07T14:04:25.9607340Z   CEF_PATH: /Users/markik/Code/cef-cache/wgpu-weld
2026-10-07T14:04:25.9607730Z   CAPTURE: 1
2026-10-07T14:04:25.9608000Z   TIMEOUT: 90
2026-10-07T14:04:25.9608260Z   VISIBLE: 1
2026-10-07T14:04:25.9608530Z   WELD_SKIP_CASES: popup
2026-10-07T14:04:25.9608840Z   PROOF_HOST: intel
2026-10-07T14:04:25.9609140Z   CARGO_HOME: /Users/markik/.cargo
2026-10-07T14:04:25.9609470Z   CARGO_INCREMENTAL: 0
2026-10-07T14:04:25.9609770Z   CARGO_TERM_COLOR: always
2026-10-07T14:04:25.9610070Z ##[endgroup]
2026-10-07T14:04:26.0106820Z rustc 1.97.1 (8bab26f4f 2026-07-14)
2026-10-07T14:04:26.0107340Z binary: rustc
2026-10-07T14:04:26.0107690Z commit-hash: 8bab26f4f68e0e26f0bb7960be334d5b520ea452
2026-10-07T14:04:26.0108150Z commit-date: 2026-07-14
2026-10-07T14:04:26.0108480Z host: x86_64-apple-darwin
2026-10-07T14:04:26.0108790Z release: 1.97.1
2026-10-07T14:04:26.0125780Z LLVM version: 22.1.6
2026-10-07T14:04:26.0151090Z ##[end-action id=__dtolnay_rust-toolchain.__run_10;outcome=success;conclusion=success;duration_ms=60]
2026-10-07T14:04:26.0295090Z ##[group]Run actions/checkout@v4
2026-10-07T14:04:26.0295510Z with:
2026-10-07T14:04:26.0295830Z   repository: merely-made/wgpu-graft
2026-10-07T14:04:26.0296220Z   ref: 816f3e7857afee863200e1c25b300c43b1532aae
2026-10-07T14:04:26.0296650Z   path: .registry-proof-source/graft
2026-10-07T14:04:26.0299550Z   token: ***
2026-10-07T14:04:26.0299840Z   ssh-strict: true
2026-10-07T14:04:26.0300140Z   ssh-user: git
2026-10-07T14:04:26.0300430Z   persist-credentials: true
2026-10-07T14:04:26.0300810Z   clean: true
2026-10-07T14:04:26.0301110Z   sparse-checkout-cone-mode: true
2026-10-07T14:04:26.0301480Z   fetch-depth: 1
2026-10-07T14:04:26.0301760Z   fetch-tags: false
2026-10-07T14:04:26.0302060Z   show-progress: true
2026-10-07T14:04:26.0302360Z   lfs: false
2026-10-07T14:04:26.0302630Z   submodules: false
2026-10-07T14:04:26.0302930Z   set-safe-directory: true
2026-10-07T14:04:26.0303270Z   allow-unsafe-pr-checkout: false
2026-10-07T14:04:26.0303610Z env:
2026-10-07T14:04:26.0303950Z   CARGO_NET_GIT_FETCH_WITH_CLI: true
2026-10-07T14:04:26.0304340Z   RUSTFLAGS: -D warnings
2026-10-07T14:04:26.0304660Z   GRAFTING_VERSION: 0.6.0
2026-10-07T14:04:26.0304970Z   SCRYING_VERSION: 0.7.2
2026-10-07T14:04:26.0305290Z   WELDING_VERSION: 0.14.1
2026-10-07T14:04:26.0305670Z   SCRY_SOURCE_REF: 4d8d1d3f8dd450b712960c90b74263a45b46e35b
2026-10-07T14:04:26.0306170Z   WELD_SOURCE_REF: c7b7b4c52138643e22580a918542e8e036a0b24a
2026-10-07T14:04:26.0306600Z   WGPU_BACKEND: metal
2026-10-07T14:04:26.0306950Z   CEF_PATH: /Users/markik/Code/cef-cache/wgpu-weld
2026-10-07T14:04:26.0307360Z   CAPTURE: 1
2026-10-07T14:04:26.0307620Z   TIMEOUT: 90
2026-10-07T14:04:26.0307930Z   VISIBLE: 1
2026-10-07T14:04:26.0308200Z   WELD_SKIP_CASES: popup
2026-10-07T14:04:26.0308520Z   PROOF_HOST: intel
2026-10-07T14:04:26.0308820Z   CARGO_HOME: /Users/markik/.cargo
2026-10-07T14:04:26.0309170Z   CARGO_INCREMENTAL: 0
2026-10-07T14:04:26.0309490Z   CARGO_TERM_COLOR: always
2026-10-07T14:04:26.0309810Z ##[endgroup]
2026-10-07T14:04:26.1637550Z Syncing repository: merely-made/wgpu-graft
2026-10-07T14:04:26.1641480Z ##[group]Getting Git version info
2026-10-07T14:04:26.1642180Z Working directory is '/Users/markik/actions-runner-wgpu/_work/wgpu-graft/wgpu-graft/.registry-proof-source/graft'
2026-10-07T14:04:26.1666510Z [command]/usr/bin/git version
2026-10-07T14:04:26.1881120Z git version 2.39.5 (Apple Git-154)
2026-10-07T14:04:26.1899180Z ##[endgroup]
2026-10-07T14:04:26.1908230Z Copying '/Users/markik/.gitconfig' to '/Users/markik/actions-runner-wgpu/_work/_temp/7e9907f5-e32b-4022-9f40-7fadad76d622/.gitconfig'
2026-10-07T14:04:26.1918770Z Temporarily overriding HOME='/Users/markik/actions-runner-wgpu/_work/_temp/7e9907f5-e32b-4022-9f40-7fadad76d622' before making global git config changes
2026-10-07T14:04:26.1919830Z Adding repository directory to the temporary git global config as a safe directory
2026-10-07T14:04:26.1923300Z [command]/usr/bin/git config --global --add safe.directory /Users/markik/actions-runner-wgpu/_work/wgpu-graft/wgpu-graft/.registry-proof-source/graft
2026-10-07T14:04:26.2137940Z ##[group]Initializing the repository
2026-10-07T14:04:26.2142680Z [command]/usr/bin/git init /Users/markik/actions-runner-wgpu/_work/wgpu-graft/wgpu-graft/.registry-proof-source/graft
2026-10-07T14:04:26.2425480Z Initialized empty Git repository in /Users/markik/actions-runner-wgpu/_work/wgpu-graft/wgpu-graft/.registry-proof-source/graft/.git/
2026-10-07T14:04:26.2434990Z [command]/usr/bin/git remote add origin https://github.com/merely-made/wgpu-graft
2026-10-07T14:04:26.2660310Z ##[endgroup]
2026-10-07T14:04:26.2660840Z ##[group]Disabling automatic garbage collection
2026-10-07T14:04:26.2665600Z [command]/usr/bin/git config --local gc.auto 0
2026-10-07T14:04:26.2876940Z ##[endgroup]
2026-10-07T14:04:26.2877440Z ##[group]Setting up auth
2026-10-07T14:04:26.2883520Z [command]/usr/bin/git config --local --name-only --get-regexp core\.sshCommand
2026-10-07T14:04:26.3092220Z [command]/usr/bin/git submodule foreach --recursive sh -c "git config --local --name-only --get-regexp 'core\.sshCommand' && git config --local --unset-all 'core.sshCommand' || :"
2026-10-07T14:04:26.4400320Z [command]/usr/bin/git config --local --name-only --get-regexp http\.https\:\/\/github\.com\/\.extraheader
2026-10-07T14:04:26.4606360Z [command]/usr/bin/git submodule foreach --recursive sh -c "git config --local --name-only --get-regexp 'http\.https\:\/\/github\.com\/\.extraheader' && git config --local --unset-all 'http.https://github.com/.extraheader' || :"
2026-10-07T14:04:26.5874450Z [command]/usr/bin/git config --local --name-only --get-regexp ^includeIf\.gitdir:
2026-10-07T14:04:26.6079970Z [command]/usr/bin/git submodule foreach --recursive git config --local --show-origin --name-only --get-regexp remote.origin.url
2026-10-07T14:04:26.7324980Z [command]/usr/bin/git config --local http.https://github.com/.extraheader AUTHORIZATION: basic ***
2026-10-07T14:04:26.7536070Z ##[endgroup]
2026-10-07T14:04:26.7536590Z ##[group]Fetching the repository
2026-10-07T14:04:26.7543270Z [command]/usr/bin/git -c protocol.version=2 fetch --no-tags --prune --no-recurse-submodules --depth=1 origin 816f3e7857afee863200e1c25b300c43b1532aae
2026-10-07T14:04:27.9996740Z From https://github.com/merely-made/wgpu-graft
2026-10-07T14:04:27.9997370Z  * branch            816f3e7857afee863200e1c25b300c43b1532aae -> FETCH_HEAD
2026-10-07T14:04:28.0076570Z ##[endgroup]
2026-10-07T14:04:28.0077100Z ##[group]Determining the checkout info
2026-10-07T14:04:28.0078120Z ##[endgroup]
2026-10-07T14:04:28.0083460Z [command]/usr/bin/git sparse-checkout disable
2026-10-07T14:04:28.0306800Z [command]/usr/bin/git config --local --unset-all extensions.worktreeConfig
2026-10-07T14:04:28.0510910Z ##[group]Checking out the ref
2026-10-07T14:04:28.0515540Z [command]/usr/bin/git checkout --progress --force 816f3e7857afee863200e1c25b300c43b1532aae
2026-10-07T14:04:28.2309020Z Note: switching to '816f3e7857afee863200e1c25b300c43b1532aae'.
2026-10-07T14:04:28.2309370Z 
2026-10-07T14:04:28.2309830Z You are in 'detached HEAD' state. You can look around, make experimental
2026-10-07T14:04:28.2310450Z changes and commit them, and you can discard any commits you make in this
2026-10-07T14:04:28.2311050Z state without impacting any branches by switching back to a branch.
2026-10-07T14:04:28.2311410Z 
2026-10-07T14:04:28.2311650Z If you want to create a new branch to retain commits you create, you may
2026-10-07T14:04:28.2312240Z do so (now or later) by using -c with the switch command. Example:
2026-10-07T14:04:28.2312550Z 
2026-10-07T14:04:28.2313310Z   git switch -c <new-branch-name>
2026-10-07T14:04:28.2313530Z 
2026-10-07T14:04:28.2313690Z Or undo this operation with:
2026-10-07T14:04:28.2313880Z 
2026-10-07T14:04:28.2314020Z   git switch -
2026-10-07T14:04:28.2314190Z 
2026-10-07T14:04:28.2314460Z Turn off this advice by setting config variable advice.detachedHead to false
2026-10-07T14:04:28.2314860Z 
2026-10-07T14:04:28.2315050Z HEAD is now at 816f3e7 Fix move-only frame access in Bevy demo
2026-10-07T14:04:28.2322860Z ##[endgroup]
2026-10-07T14:04:28.2563040Z [command]/usr/bin/git log -1 --format=%H
2026-10-07T14:04:28.2776010Z 816f3e7857afee863200e1c25b300c43b1532aae
2026-10-07T14:04:28.2976840Z ##[group]Run actions/checkout@v4
2026-10-07T14:04:28.2977220Z with:
2026-10-07T14:04:28.2977490Z   repository: merely-made/wgpu-scry
2026-10-07T14:04:28.2977870Z   ref: 4d8d1d3f8dd450b712960c90b74263a45b46e35b
2026-10-07T14:04:28.2978220Z   path: .registry-proof-source/scry
2026-10-07T14:04:28.2980890Z   token: ***
2026-10-07T14:04:28.2981100Z   ssh-strict: true
2026-10-07T14:04:28.2981310Z   ssh-user: git
2026-10-07T14:04:28.2981750Z   persist-credentials: true
2026-10-07T14:04:28.2982050Z   clean: true
2026-10-07T14:04:28.2982270Z   sparse-checkout-cone-mode: true
2026-10-07T14:04:28.2982550Z   fetch-depth: 1
2026-10-07T14:04:28.2982760Z   fetch-tags: false
2026-10-07T14:04:28.2982980Z   show-progress: true
2026-10-07T14:04:28.2983210Z   lfs: false
2026-10-07T14:04:28.2983410Z   submodules: false
2026-10-07T14:04:28.2983650Z   set-safe-directory: true
2026-10-07T14:04:28.2983910Z   allow-unsafe-pr-checkout: false
2026-10-07T14:04:28.2984180Z env:
2026-10-07T14:04:28.2984420Z   CARGO_NET_GIT_FETCH_WITH_CLI: true
2026-10-07T14:04:28.2984700Z   RUSTFLAGS: -D warnings
2026-10-07T14:04:28.2984940Z   GRAFTING_VERSION: 0.6.0
2026-10-07T14:04:28.2985180Z   SCRYING_VERSION: 0.7.2
2026-10-07T14:04:28.2985420Z   WELDING_VERSION: 0.14.1
2026-10-07T14:04:28.2985730Z   SCRY_SOURCE_REF: 4d8d1d3f8dd450b712960c90b74263a45b46e35b
2026-10-07T14:04:28.2986130Z   WELD_SOURCE_REF: c7b7b4c52138643e22580a918542e8e036a0b24a
2026-10-07T14:04:28.2986480Z   WGPU_BACKEND: metal
2026-10-07T14:04:28.2986750Z   CEF_PATH: /Users/markik/Code/cef-cache/wgpu-weld
2026-10-07T14:04:28.2987080Z   CAPTURE: 1
2026-10-07T14:04:28.2987280Z   TIMEOUT: 90
2026-10-07T14:04:28.2987470Z   VISIBLE: 1
2026-10-07T14:04:28.2987670Z   WELD_SKIP_CASES: popup
2026-10-07T14:04:28.2987910Z   PROOF_HOST: intel
2026-10-07T14:04:28.2988140Z   CARGO_HOME: /Users/markik/.cargo
2026-10-07T14:04:28.2988420Z   CARGO_INCREMENTAL: 0
2026-10-07T14:04:28.2988650Z   CARGO_TERM_COLOR: always
2026-10-07T14:04:28.2988890Z ##[endgroup]
2026-10-07T14:04:28.4290230Z Syncing repository: merely-made/wgpu-scry
2026-10-07T14:04:28.4295940Z ##[group]Getting Git version info
2026-10-07T14:04:28.4296620Z Working directory is '/Users/markik/actions-runner-wgpu/_work/wgpu-graft/wgpu-graft/.registry-proof-source/scry'
2026-10-07T14:04:28.4320340Z [command]/usr/bin/git version
2026-10-07T14:04:28.4531220Z git version 2.39.5 (Apple Git-154)
2026-10-07T14:04:28.4549390Z ##[endgroup]
2026-10-07T14:04:28.4557680Z Copying '/Users/markik/.gitconfig' to '/Users/markik/actions-runner-wgpu/_work/_temp/473dabfb-6739-4bbe-bbcc-ea99db6d904c/.gitconfig'
2026-10-07T14:04:28.4567980Z Temporarily overriding HOME='/Users/markik/actions-runner-wgpu/_work/_temp/473dabfb-6739-4bbe-bbcc-ea99db6d904c' before making global git config changes
2026-10-07T14:04:28.4569030Z Adding repository directory to the temporary git global config as a safe directory
2026-10-07T14:04:28.4572420Z [command]/usr/bin/git config --global --add safe.directory /Users/markik/actions-runner-wgpu/_work/wgpu-graft/wgpu-graft/.registry-proof-source/scry
2026-10-07T14:04:28.4794170Z ##[group]Initializing the repository
2026-10-07T14:04:28.4798790Z [command]/usr/bin/git init /Users/markik/actions-runner-wgpu/_work/wgpu-graft/wgpu-graft/.registry-proof-source/scry
2026-10-07T14:04:28.5065490Z Initialized empty Git repository in /Users/markik/actions-runner-wgpu/_work/wgpu-graft/wgpu-graft/.registry-proof-source/scry/.git/
2026-10-07T14:04:28.5077450Z [command]/usr/bin/git remote add origin https://github.com/merely-made/wgpu-scry
2026-10-07T14:04:28.5300630Z ##[endgroup]
2026-10-07T14:04:28.5301150Z ##[group]Disabling automatic garbage collection
2026-10-07T14:04:28.5304730Z [command]/usr/bin/git config --local gc.auto 0
2026-10-07T14:04:28.5517720Z ##[endgroup]
2026-10-07T14:04:28.5518230Z ##[group]Setting up auth
2026-10-07T14:04:28.5524420Z [command]/usr/bin/git config --local --name-only --get-regexp core\.sshCommand
2026-10-07T14:04:28.5736600Z [command]/usr/bin/git submodule foreach --recursive sh -c "git config --local --name-only --get-regexp 'core\.sshCommand' && git config --local --unset-all 'core.sshCommand' || :"
2026-10-07T14:04:28.7017880Z [command]/usr/bin/git config --local --name-only --get-regexp http\.https\:\/\/github\.com\/\.extraheader
2026-10-07T14:04:28.7218760Z [command]/usr/bin/git submodule foreach --recursive sh -c "git config --local --name-only --get-regexp 'http\.https\:\/\/github\.com\/\.extraheader' && git config --local --unset-all 'http.https://github.com/.extraheader' || :"
2026-10-07T14:04:28.8462130Z [command]/usr/bin/git config --local --name-only --get-regexp ^includeIf\.gitdir:
2026-10-07T14:04:28.8663150Z [command]/usr/bin/git submodule foreach --recursive git config --local --show-origin --name-only --get-regexp remote.origin.url
2026-10-07T14:04:28.9922750Z [command]/usr/bin/git config --local http.https://github.com/.extraheader AUTHORIZATION: basic ***
2026-10-07T14:04:29.0133510Z ##[endgroup]
2026-10-07T14:04:29.0134030Z ##[group]Fetching the repository
2026-10-07T14:04:29.0141220Z [command]/usr/bin/git -c protocol.version=2 fetch --no-tags --prune --no-recurse-submodules --depth=1 origin 4d8d1d3f8dd450b712960c90b74263a45b46e35b
2026-10-07T14:04:30.0764830Z From https://github.com/merely-made/wgpu-scry
2026-10-07T14:04:30.0765420Z  * branch            4d8d1d3f8dd450b712960c90b74263a45b46e35b -> FETCH_HEAD
2026-10-07T14:04:30.0847040Z ##[endgroup]
2026-10-07T14:04:30.0847600Z ##[group]Determining the checkout info
2026-10-07T14:04:30.0848220Z ##[endgroup]
2026-10-07T14:04:30.0853900Z [command]/usr/bin/git sparse-checkout disable
2026-10-07T14:04:30.1079760Z [command]/usr/bin/git config --local --unset-all extensions.worktreeConfig
2026-10-07T14:04:30.1282980Z ##[group]Checking out the ref
2026-10-07T14:04:30.1287710Z [command]/usr/bin/git checkout --progress --force 4d8d1d3f8dd450b712960c90b74263a45b46e35b
2026-10-07T14:04:30.2409720Z Note: switching to '4d8d1d3f8dd450b712960c90b74263a45b46e35b'.
2026-10-07T14:04:30.2410120Z 
2026-10-07T14:04:30.2410390Z You are in 'detached HEAD' state. You can look around, make experimental
2026-10-07T14:04:30.2411050Z changes and commit them, and you can discard any commits you make in this
2026-10-07T14:04:30.2411650Z state without impacting any branches by switching back to a branch.
2026-10-07T14:04:30.2411990Z 
2026-10-07T14:04:30.2412240Z If you want to create a new branch to retain commits you create, you may
2026-10-07T14:04:30.2412810Z do so (now or later) by using -c with the switch command. Example:
2026-10-07T14:04:30.2413150Z 
2026-10-07T14:04:30.2413280Z   git switch -c <new-branch-name>
2026-10-07T14:04:30.2413520Z 
2026-10-07T14:04:30.2413640Z Or undo this operation with:
2026-10-07T14:04:30.2413870Z 
2026-10-07T14:04:30.2413980Z   git switch -
2026-10-07T14:04:30.2414160Z 
2026-10-07T14:04:30.2414440Z Turn off this advice by setting config variable advice.detachedHead to false
2026-10-07T14:04:30.2414800Z 
2026-10-07T14:04:30.2415220Z HEAD is now at 4d8d1d3 Release scrying 0.7.2 with explicit paint waits and native pixel qualification
2026-10-07T14:04:30.2424330Z ##[endgroup]
2026-10-07T14:04:30.2659540Z [command]/usr/bin/git log -1 --format=%H
2026-10-07T14:04:30.2865820Z 4d8d1d3f8dd450b712960c90b74263a45b46e35b
2026-10-07T14:04:30.3073250Z ##[group]Run actions/checkout@v4
2026-10-07T14:04:30.3073610Z with:
2026-10-07T14:04:30.3073900Z   repository: merely-made/wgpu-weld
2026-10-07T14:04:30.3074270Z   ref: c7b7b4c52138643e22580a918542e8e036a0b24a
2026-10-07T14:04:30.3075040Z   path: .registry-proof-source/weld
2026-10-07T14:04:30.3077820Z   token: ***
2026-10-07T14:04:30.3078030Z   ssh-strict: true
2026-10-07T14:04:30.3078250Z   ssh-user: git
2026-10-07T14:04:30.3078470Z   persist-credentials: true
2026-10-07T14:04:30.3078710Z   clean: true
2026-10-07T14:04:30.3078940Z   sparse-checkout-cone-mode: true
2026-10-07T14:04:30.3079210Z   fetch-depth: 1
2026-10-07T14:04:30.3079540Z   fetch-tags: false
2026-10-07T14:04:30.3079750Z   show-progress: true
2026-10-07T14:04:30.3079980Z   lfs: false
2026-10-07T14:04:30.3080170Z   submodules: false
2026-10-07T14:04:30.3080400Z   set-safe-directory: true
2026-10-07T14:04:30.3080660Z   allow-unsafe-pr-checkout: false
2026-10-07T14:04:30.3080920Z env:
2026-10-07T14:04:30.3081160Z   CARGO_NET_GIT_FETCH_WITH_CLI: true
2026-10-07T14:04:30.3081430Z   RUSTFLAGS: -D warnings
2026-10-07T14:04:30.3081680Z   GRAFTING_VERSION: 0.6.0
2026-10-07T14:04:30.3081910Z   SCRYING_VERSION: 0.7.2
2026-10-07T14:04:30.3082150Z   WELDING_VERSION: 0.14.1
2026-10-07T14:04:30.3082460Z   SCRY_SOURCE_REF: 4d8d1d3f8dd450b712960c90b74263a45b46e35b
2026-10-07T14:04:30.3082860Z   WELD_SOURCE_REF: c7b7b4c52138643e22580a918542e8e036a0b24a
2026-10-07T14:04:30.3083200Z   WGPU_BACKEND: metal
2026-10-07T14:04:30.3083470Z   CEF_PATH: /Users/markik/Code/cef-cache/wgpu-weld
2026-10-07T14:04:30.3083800Z   CAPTURE: 1
2026-10-07T14:04:30.3084000Z   TIMEOUT: 90
2026-10-07T14:04:30.3084200Z   VISIBLE: 1
2026-10-07T14:04:30.3084400Z   WELD_SKIP_CASES: popup
2026-10-07T14:04:30.3084640Z   PROOF_HOST: intel
2026-10-07T14:04:30.3084870Z   CARGO_HOME: /Users/markik/.cargo
2026-10-07T14:04:30.3085140Z   CARGO_INCREMENTAL: 0
2026-10-07T14:04:30.3085360Z   CARGO_TERM_COLOR: always
2026-10-07T14:04:30.3085600Z ##[endgroup]
2026-10-07T14:04:30.4395280Z Syncing repository: merely-made/wgpu-weld
2026-10-07T14:04:30.4400510Z ##[group]Getting Git version info
2026-10-07T14:04:30.4401230Z Working directory is '/Users/markik/actions-runner-wgpu/_work/wgpu-graft/wgpu-graft/.registry-proof-source/weld'
2026-10-07T14:04:30.4426160Z [command]/usr/bin/git version
2026-10-07T14:04:30.4641560Z git version 2.39.5 (Apple Git-154)
2026-10-07T14:04:30.4660010Z ##[endgroup]
2026-10-07T14:04:30.4668180Z Copying '/Users/markik/.gitconfig' to '/Users/markik/actions-runner-wgpu/_work/_temp/cfe7d9d0-63f9-4f7d-bfea-af66a204ddba/.gitconfig'
2026-10-07T14:04:30.4678580Z Temporarily overriding HOME='/Users/markik/actions-runner-wgpu/_work/_temp/cfe7d9d0-63f9-4f7d-bfea-af66a204ddba' before making global git config changes
2026-10-07T14:04:30.4679610Z Adding repository directory to the temporary git global config as a safe directory
2026-10-07T14:04:30.4683130Z [command]/usr/bin/git config --global --add safe.directory /Users/markik/actions-runner-wgpu/_work/wgpu-graft/wgpu-graft/.registry-proof-source/weld
2026-10-07T14:04:30.4894490Z ##[group]Initializing the repository
2026-10-07T14:04:30.4899130Z [command]/usr/bin/git init /Users/markik/actions-runner-wgpu/_work/wgpu-graft/wgpu-graft/.registry-proof-source/weld
2026-10-07T14:04:30.5156750Z Initialized empty Git repository in /Users/markik/actions-runner-wgpu/_work/wgpu-graft/wgpu-graft/.registry-proof-source/weld/.git/
2026-10-07T14:04:30.5167200Z [command]/usr/bin/git remote add origin https://github.com/merely-made/wgpu-weld
2026-10-07T14:04:30.5392240Z ##[endgroup]
2026-10-07T14:04:30.5392770Z ##[group]Disabling automatic garbage collection
2026-10-07T14:04:30.5396880Z [command]/usr/bin/git config --local gc.auto 0
2026-10-07T14:04:30.5605290Z ##[endgroup]
2026-10-07T14:04:30.5605800Z ##[group]Setting up auth
2026-10-07T14:04:30.5612610Z [command]/usr/bin/git config --local --name-only --get-regexp core\.sshCommand
2026-10-07T14:04:30.5820830Z [command]/usr/bin/git submodule foreach --recursive sh -c "git config --local --name-only --get-regexp 'core\.sshCommand' && git config --local --unset-all 'core.sshCommand' || :"
2026-10-07T14:04:30.7078760Z [command]/usr/bin/git config --local --name-only --get-regexp http\.https\:\/\/github\.com\/\.extraheader
2026-10-07T14:04:30.7288830Z [command]/usr/bin/git submodule foreach --recursive sh -c "git config --local --name-only --get-regexp 'http\.https\:\/\/github\.com\/\.extraheader' && git config --local --unset-all 'http.https://github.com/.extraheader' || :"
2026-10-07T14:04:30.8551860Z [command]/usr/bin/git config --local --name-only --get-regexp ^includeIf\.gitdir:
2026-10-07T14:04:30.8758990Z [command]/usr/bin/git submodule foreach --recursive git config --local --show-origin --name-only --get-regexp remote.origin.url
2026-10-07T14:04:31.0018020Z [command]/usr/bin/git config --local http.https://github.com/.extraheader AUTHORIZATION: basic ***
2026-10-07T14:04:31.0232790Z ##[endgroup]
2026-10-07T14:04:31.0233340Z ##[group]Fetching the repository
2026-10-07T14:04:31.0241130Z [command]/usr/bin/git -c protocol.version=2 fetch --no-tags --prune --no-recurse-submodules --depth=1 origin c7b7b4c52138643e22580a918542e8e036a0b24a
2026-10-07T14:04:31.5736720Z From https://github.com/merely-made/wgpu-weld
2026-10-07T14:04:31.5737330Z  * branch            c7b7b4c52138643e22580a918542e8e036a0b24a -> FETCH_HEAD
2026-10-07T14:04:31.5834270Z ##[endgroup]
2026-10-07T14:04:31.5834730Z ##[group]Determining the checkout info
2026-10-07T14:04:31.5835260Z ##[endgroup]
2026-10-07T14:04:31.5835590Z [command]/usr/bin/git sparse-checkout disable
2026-10-07T14:04:31.6054010Z [command]/usr/bin/git config --local --unset-all extensions.worktreeConfig
2026-10-07T14:04:31.6320400Z ##[group]Checking out the ref
2026-10-07T14:04:31.6324650Z [command]/usr/bin/git checkout --progress --force c7b7b4c52138643e22580a918542e8e036a0b24a
2026-10-07T14:04:31.6696380Z Note: switching to 'c7b7b4c52138643e22580a918542e8e036a0b24a'.
2026-10-07T14:04:31.6696840Z 
2026-10-07T14:04:31.6697160Z You are in 'detached HEAD' state. You can look around, make experimental
2026-10-07T14:04:31.6697780Z changes and commit them, and you can discard any commits you make in this
2026-10-07T14:04:31.6698370Z state without impacting any branches by switching back to a branch.
2026-10-07T14:04:31.6698750Z 
2026-10-07T14:04:31.6698980Z If you want to create a new branch to retain commits you create, you may
2026-10-07T14:04:31.6699540Z do so (now or later) by using -c with the switch command. Example:
2026-10-07T14:04:31.6699880Z 
2026-10-07T14:04:31.6700020Z   git switch -c <new-branch-name>
2026-10-07T14:04:31.6700260Z 
2026-10-07T14:04:31.6700450Z Or undo this operation with:
2026-10-07T14:04:31.6700660Z 
2026-10-07T14:04:31.6700830Z   git switch -
2026-10-07T14:04:31.6700990Z 
2026-10-07T14:04:31.6701260Z Turn off this advice by setting config variable advice.detachedHead to false
2026-10-07T14:04:31.6701630Z 
2026-10-07T14:04:31.6701830Z HEAD is now at c7b7b4c Refuse unsafe CEF DevTools windows
2026-10-07T14:04:31.6703570Z ##[endgroup]
2026-10-07T14:04:31.6934590Z [command]/usr/bin/git log -1 --format=%H
2026-10-07T14:04:31.7142840Z c7b7b4c52138643e22580a918542e8e036a0b24a
2026-10-07T14:04:31.7275900Z ##[group]Run brew_bin="$(command -v brew || true)"
2026-10-07T14:04:31.7276430Z [36;1mbrew_bin="$(command -v brew || true)"[0m
2026-10-07T14:04:31.7276840Z [36;1mif [ -z "$brew_bin" ]; then[0m
2026-10-07T14:04:31.7277470Z [36;1m  if [ -x /opt/homebrew/bin/brew ]; then brew_bin=/opt/homebrew/bin/brew; else brew_bin=/usr/local/bin/brew; fi[0m
2026-10-07T14:04:31.7278090Z [36;1mfi[0m
2026-10-07T14:04:31.7278490Z [36;1m"$brew_bin" list cmake >/dev/null 2>&1 || "$brew_bin" install cmake[0m
2026-10-07T14:04:31.7279100Z [36;1m"$brew_bin" list ninja >/dev/null 2>&1 || "$brew_bin" install ninja[0m
2026-10-07T14:04:31.7279640Z [36;1mecho "$("$brew_bin" --prefix)/bin" >> "$GITHUB_PATH"[0m
2026-10-07T14:04:31.7300180Z shell: /bin/bash -e {0}
2026-10-07T14:04:31.7300500Z env:
2026-10-07T14:04:31.7300780Z   CARGO_NET_GIT_FETCH_WITH_CLI: true
2026-10-07T14:04:31.7301180Z   RUSTFLAGS: -D warnings
2026-10-07T14:04:31.7301500Z   GRAFTING_VERSION: 0.6.0
2026-10-07T14:04:31.7301880Z   SCRYING_VERSION: 0.7.2
2026-10-07T14:04:31.7302220Z   WELDING_VERSION: 0.14.1
2026-10-07T14:04:31.7302970Z   SCRY_SOURCE_REF: 4d8d1d3f8dd450b712960c90b74263a45b46e35b
2026-10-07T14:04:31.7303450Z   WELD_SOURCE_REF: c7b7b4c52138643e22580a918542e8e036a0b24a
2026-10-07T14:04:31.7303870Z   WGPU_BACKEND: metal
2026-10-07T14:04:31.7304230Z   CEF_PATH: /Users/markik/Code/cef-cache/wgpu-weld
2026-10-07T14:04:31.7304610Z   CAPTURE: 1
2026-10-07T14:04:31.7304880Z   TIMEOUT: 90
2026-10-07T14:04:31.7305140Z   VISIBLE: 1
2026-10-07T14:04:31.7305380Z   WELD_SKIP_CASES: popup
2026-10-07T14:04:31.7305690Z   PROOF_HOST: intel
2026-10-07T14:04:31.7306010Z   CARGO_HOME: /Users/markik/.cargo
2026-10-07T14:04:31.7306350Z   CARGO_INCREMENTAL: 0
2026-10-07T14:04:31.7306650Z   CARGO_TERM_COLOR: always
2026-10-07T14:04:31.7306950Z ##[endgroup]
2026-10-07T14:04:33.5581530Z ##[group]Run astral-sh/setup-uv@20cfd1bf945f4377ade1205e4dbc17946fc9a30d
2026-10-07T14:04:33.5582060Z with:
2026-10-07T14:04:33.5582310Z   version: 0.12.8
2026-10-07T14:04:33.5582570Z   enable-cache: false
2026-10-07T14:04:33.5582930Z   activate-environment: false
2026-10-07T14:04:33.5583210Z   no-project: false
2026-10-07T14:04:33.5583640Z   working-directory: /Users/markik/actions-runner-wgpu/_work/wgpu-graft/wgpu-graft
2026-10-07T14:04:33.5586730Z   github-token: ***
2026-10-07T14:04:33.5587410Z   cache-dependency-glob: **/*requirements*.txt
**/*requirements*.in
**/*constraints*.txt
**/*constraints*.in
**/pyproject.toml
**/uv.lock
**/*.py.lock

2026-10-07T14:04:33.5588180Z   restore-cache: true
2026-10-07T14:04:33.5588470Z   save-cache: true
2026-10-07T14:04:33.5588740Z   prune-cache: false
2026-10-07T14:04:33.5588990Z   cache-python: false
2026-10-07T14:04:33.5589290Z   ignore-nothing-to-cache: false
2026-10-07T14:04:33.5589660Z   ignore-empty-workdir: false
2026-10-07T14:04:33.5590030Z   download-from-astral-mirror: true
2026-10-07T14:04:33.5590380Z   add-problem-matchers: true
2026-10-07T14:04:33.5590720Z   quiet: false
2026-10-07T14:04:33.5590990Z   resolution-strategy: highest
2026-10-07T14:04:33.5591320Z env:
2026-10-07T14:04:33.5591590Z   CARGO_NET_GIT_FETCH_WITH_CLI: true
2026-10-07T14:04:33.5591930Z   RUSTFLAGS: -D warnings
2026-10-07T14:04:33.5592210Z   GRAFTING_VERSION: 0.6.0
2026-10-07T14:04:33.5592520Z   SCRYING_VERSION: 0.7.2
2026-10-07T14:04:33.5592820Z   WELDING_VERSION: 0.14.1
2026-10-07T14:04:33.5593180Z   SCRY_SOURCE_REF: 4d8d1d3f8dd450b712960c90b74263a45b46e35b
2026-10-07T14:04:33.5593650Z   WELD_SOURCE_REF: c7b7b4c52138643e22580a918542e8e036a0b24a
2026-10-07T14:04:33.5594080Z   WGPU_BACKEND: metal
2026-10-07T14:04:33.5594400Z   CEF_PATH: /Users/markik/Code/cef-cache/wgpu-weld
2026-10-07T14:04:33.5594780Z   CAPTURE: 1
2026-10-07T14:04:33.5595030Z   TIMEOUT: 90
2026-10-07T14:04:33.5595290Z   VISIBLE: 1
2026-10-07T14:04:33.5595520Z   WELD_SKIP_CASES: popup
2026-10-07T14:04:33.5595810Z   PROOF_HOST: intel
2026-10-07T14:04:33.5596220Z   CARGO_HOME: /Users/markik/.cargo
2026-10-07T14:04:33.5596530Z   CARGO_INCREMENTAL: 0
2026-10-07T14:04:33.5596790Z   CARGO_TERM_COLOR: always
2026-10-07T14:04:33.5597250Z   RUNNER_TOOL_CACHE: /Users/markik/actions-runner-wgpu/_work/_temp/uv-tool-cache
2026-10-07T14:04:33.5597730Z ##[endgroup]
2026-10-07T14:04:33.7826080Z Found uv in tool-cache for 0.12.8
2026-10-07T14:04:33.7829530Z Added /Users/markik/.local/bin to the path
2026-10-07T14:04:33.7837970Z Added /Users/markik/actions-runner-wgpu/_work/_tool/uv/0.12.8/x86_64 to the path
2026-10-07T14:04:33.7839890Z Set UV_PYTHON_INSTALL_DIR to /Users/markik/.local/share/uv/python
2026-10-07T14:04:33.7840770Z Added /Users/markik/.local/share/uv/python to the path
2026-10-07T14:04:33.7864740Z Successfully installed uv version 0.12.8
2026-10-07T14:04:33.9367660Z ##[group]Run uv python install --no-bin 3.13
2026-10-07T14:04:33.9368140Z [36;1muv python install --no-bin 3.13[0m
2026-10-07T14:04:33.9368570Z [36;1mpython_bin="$(uv python find 3.13)"[0m
2026-10-07T14:04:33.9369010Z [36;1mmkdir -p "$RUNNER_TEMP/python-bin"[0m
2026-10-07T14:04:33.9369480Z [36;1mln -sf "$python_bin" "$RUNNER_TEMP/python-bin/python"[0m
2026-10-07T14:04:33.9370010Z [36;1mln -sf "$python_bin" "$RUNNER_TEMP/python-bin/python3"[0m
2026-10-07T14:04:33.9370970Z [36;1mecho "$RUNNER_TEMP/python-bin" >> "$GITHUB_PATH"[0m
2026-10-07T14:04:33.9396790Z shell: /bin/bash -e {0}
2026-10-07T14:04:33.9397120Z env:
2026-10-07T14:04:33.9397400Z   CARGO_NET_GIT_FETCH_WITH_CLI: true
2026-10-07T14:04:33.9397750Z   RUSTFLAGS: -D warnings
2026-10-07T14:04:33.9398080Z   GRAFTING_VERSION: 0.6.0
2026-10-07T14:04:33.9398390Z   SCRYING_VERSION: 0.7.2
2026-10-07T14:04:33.9398690Z   WELDING_VERSION: 0.14.1
2026-10-07T14:04:33.9399170Z   SCRY_SOURCE_REF: 4d8d1d3f8dd450b712960c90b74263a45b46e35b
2026-10-07T14:04:33.9399660Z   WELD_SOURCE_REF: c7b7b4c52138643e22580a918542e8e036a0b24a
2026-10-07T14:04:33.9400070Z   WGPU_BACKEND: metal
2026-10-07T14:04:33.9400420Z   CEF_PATH: /Users/markik/Code/cef-cache/wgpu-weld
2026-10-07T14:04:33.9400810Z   CAPTURE: 1
2026-10-07T14:04:33.9401070Z   TIMEOUT: 90
2026-10-07T14:04:33.9401340Z   VISIBLE: 1
2026-10-07T14:04:33.9401610Z   WELD_SKIP_CASES: popup
2026-10-07T14:04:33.9401920Z   PROOF_HOST: intel
2026-10-07T14:04:33.9402260Z   CARGO_HOME: /Users/markik/.cargo
2026-10-07T14:04:33.9402600Z   CARGO_INCREMENTAL: 0
2026-10-07T14:04:33.9402910Z   CARGO_TERM_COLOR: always
2026-10-07T14:04:33.9403370Z   UV_PYTHON_INSTALL_DIR: /Users/markik/actions-runner-wgpu/_work/_temp/uv-python
2026-10-07T14:04:33.9404000Z   UV_CACHE_DIR: /Users/markik/actions-runner-wgpu/_work/_temp/uv-cache
2026-10-07T14:04:33.9404460Z ##[endgroup]
2026-10-07T14:04:34.3091860Z Downloading cpython-3.13.15-macos-x86_64-none (download) (23.8MiB)
2026-10-07T14:04:35.3451970Z  Downloaded cpython-3.13.15-macos-x86_64-none (download)
2026-10-07T14:04:35.4231520Z Installed Python 3.13.15 in 1.44s
2026-10-07T14:04:35.4231980Z  + cpython-3.13.15-macos-x86_64-none
2026-10-07T14:04:36.0074250Z ##[group]Run root="$RUNNER_TEMP/registry-triplet"
2026-10-07T14:04:36.0074790Z [36;1mroot="$RUNNER_TEMP/registry-triplet"[0m
2026-10-07T14:04:36.0076000Z [36;1mpython3 scripts/stage_registry_triplet.py --kind graft-servo --source .registry-proof-source/graft --destination "$root/graft" --grafting-version "$GRAFTING_VERSION" --scrying-version "$SCRYING_VERSION" --welding-version "$WELDING_VERSION"[0m
2026-10-07T14:04:36.0078040Z [36;1mpython3 scripts/stage_registry_triplet.py --kind scry-mac --source .registry-proof-source/scry --destination "$root/scry" --grafting-version "$GRAFTING_VERSION" --scrying-version "$SCRYING_VERSION" --welding-version "$WELDING_VERSION"[0m
2026-10-07T14:04:36.0079970Z [36;1mpython3 scripts/stage_registry_triplet.py --kind weld-mac --source .registry-proof-source/weld --destination "$root/weld" --grafting-version "$GRAFTING_VERSION" --scrying-version "$SCRYING_VERSION" --welding-version "$WELDING_VERSION"[0m
2026-10-07T14:04:36.0081940Z [36;1mpython3 scripts/verify_registry_triplet.py --consumer "$root/graft" --receipt-dir "$root/receipts/graft" --grafting-version "$GRAFTING_VERSION" --scrying-version "$SCRYING_VERSION" --welding-version "$WELDING_VERSION" --allow-servo-git[0m
2026-10-07T14:04:36.0083800Z [36;1mpython3 scripts/verify_registry_triplet.py --consumer "$root/scry" --receipt-dir "$root/receipts/scry" --grafting-version "$GRAFTING_VERSION" --scrying-version "$SCRYING_VERSION" --welding-version "$WELDING_VERSION"[0m
2026-10-07T14:04:36.0085550Z [36;1mpython3 scripts/verify_registry_triplet.py --consumer "$root/weld" --receipt-dir "$root/receipts/weld" --grafting-version "$GRAFTING_VERSION" --scrying-version "$SCRYING_VERSION" --welding-version "$WELDING_VERSION"[0m
2026-10-07T14:04:36.0111880Z shell: /bin/bash -e {0}
2026-10-07T14:04:36.0112220Z env:
2026-10-07T14:04:36.0112500Z   CARGO_NET_GIT_FETCH_WITH_CLI: true
2026-10-07T14:04:36.0112860Z   RUSTFLAGS: -D warnings
2026-10-07T14:04:36.0113190Z   GRAFTING_VERSION: 0.6.0
2026-10-07T14:04:36.0113510Z   SCRYING_VERSION: 0.7.2
2026-10-07T14:04:36.0113850Z   WELDING_VERSION: 0.14.1
2026-10-07T14:04:36.0114230Z   SCRY_SOURCE_REF: 4d8d1d3f8dd450b712960c90b74263a45b46e35b
2026-10-07T14:04:36.0114710Z   WELD_SOURCE_REF: c7b7b4c52138643e22580a918542e8e036a0b24a
2026-10-07T14:04:36.0115610Z   WGPU_BACKEND: metal
2026-10-07T14:04:36.0115930Z   CEF_PATH: /Users/markik/Code/cef-cache/wgpu-weld
2026-10-07T14:04:36.0116330Z   CAPTURE: 1
2026-10-07T14:04:36.0116590Z   TIMEOUT: 90
2026-10-07T14:04:36.0116850Z   VISIBLE: 1
2026-10-07T14:04:36.0117130Z   WELD_SKIP_CASES: popup
2026-10-07T14:04:36.0117440Z   PROOF_HOST: intel
2026-10-07T14:04:36.0117750Z   CARGO_HOME: /Users/markik/.cargo
2026-10-07T14:04:36.0118070Z   CARGO_INCREMENTAL: 0
2026-10-07T14:04:36.0118360Z   CARGO_TERM_COLOR: always
2026-10-07T14:04:36.0118730Z   UV_PYTHON_INSTALL_DIR: /Users/markik/.local/share/uv/python
2026-10-07T14:04:36.0119130Z ##[endgroup]
2026-10-07T14:04:36.3197640Z staged graft-servo registry consumer: /Users/markik/actions-runner-wgpu/_work/_temp/registry-triplet/graft
2026-10-07T14:04:36.4130200Z staged scry-mac registry consumer: /Users/markik/actions-runner-wgpu/_work/_temp/registry-triplet/scry
2026-10-07T14:04:36.5015570Z staged weld-mac registry consumer: /Users/markik/actions-runner-wgpu/_work/_temp/registry-triplet/weld
2026-10-07T14:04:36.5958430Z [1m[92m    Updating[0m git repository `https://github.com/jamienicol/glslopt-rs`
2026-10-07T14:04:36.6001330Z [1m[92m    Updating[0m crates.io index
2026-10-07T14:04:36.6039460Z [1m[92m    Updating[0m git repository `https://github.com/servo/servo`
2026-10-07T14:04:40.7899060Z [1m[92m     Locking[0m 972 packages to latest compatible versions
2026-10-07T14:04:40.8019450Z [1m[92m      Adding[0m argon2 v0.6.0-rc.8 [1m[33m(available: v0.6.0)[0m
2026-10-07T14:04:40.8784500Z [1m[92m      Adding[0m generic-array v0.14.7 [1m[33m(available: v0.14.9)[0m
2026-10-07T14:04:40.8825030Z [1m[92m      Adding[0m gleam v0.15.1 [1m[33m(available: v0.16.0)[0m
2026-10-07T14:04:40.8838110Z [1m[92m      Adding[0m glow v0.17.0 [1m[33m(available: v0.18.0)[0m
2026-10-07T14:04:40.9109770Z [1m[92m      Adding[0m icu_capi v1.5.0 [1m[33m(available: v1.5.1)[0m
2026-10-07T14:04:40.9774440Z [1m[92m      Adding[0m mozangle v0.6.0 [1m[33m(available: v0.7.1)[0m
2026-10-07T14:04:40.9823760Z [1m[92m      Adding[0m mozjs_sys v140.14.0-0 [1m[33m(available: v140.14.0-0-lts)[0m
2026-10-07T14:04:41.0062640Z [1m[92m      Adding[0m ocb3 v0.2.0-rc.3 [1m[33m(available: v0.2.0)[0m
2026-10-07T14:04:41.0274280Z [1m[92m      Adding[0m pkcs1 v0.8.0-rc.4 [1m[33m(available: v0.8.0-rc.5)[0m
2026-10-07T14:04:41.0320500Z [1m[92m      Adding[0m pollster v0.4.0 [1m[33m(available: v1.0.1)[0m
2026-10-07T14:04:41.0687090Z [1m[92m      Adding[0m rsa v0.10.0-rc.18 [1m[33m(available: v0.10.0-rc.19)[0m
2026-10-07T14:04:41.1313130Z [1m[92m      Adding[0m surfman v0.13.0 [1m[33m(available: v0.14.0)[0m
2026-10-07T14:04:41.2509690Z [1m[92m      Adding[0m wgpu v28.0.0 [1m[33m(available: v30.0.1)[0m
2026-10-07T14:04:41.2519420Z [1m[92m      Adding[0m wgpu v29.0.4 [1m[33m(available: v30.0.1)[0m
2026-10-07T14:04:44.8344330Z registry proof: grafting 0.6.0 <- registry+https://github.com/rust-lang/crates.io-index
2026-10-07T14:04:44.8345240Z registry proof: scrying 0.7.2 <- registry+https://github.com/rust-lang/crates.io-index
2026-10-07T14:04:44.8345980Z registry proof: welding 0.14.1 <- registry+https://github.com/rust-lang/crates.io-index
2026-10-07T14:04:44.8346760Z registry proof: PASS (/Users/markik/actions-runner-wgpu/_work/_temp/registry-triplet/graft)
2026-10-07T14:04:44.9650610Z [1m[92m    Updating[0m crates.io index
2026-10-07T14:04:47.2407200Z [1m[92m     Locking[0m 366 packages to latest Rust 1.97.1 compatible versions
2026-10-07T14:04:47.2835730Z [1m[92m      Adding[0m objc2 v0.6.3 [1m[33m(available: v0.6.5)[0m
2026-10-07T14:04:47.3071520Z [1m[92m      Adding[0m pollster v0.4.0 [1m[33m(available: v1.0.1)[0m
2026-10-07T14:04:48.5345850Z registry proof: grafting 0.6.0 <- registry+https://github.com/rust-lang/crates.io-index
2026-10-07T14:04:48.5346720Z registry proof: scrying 0.7.2 <- registry+https://github.com/rust-lang/crates.io-index
2026-10-07T14:04:48.5347480Z registry proof: welding 0.14.1 <- registry+https://github.com/rust-lang/crates.io-index
2026-10-07T14:04:48.5348660Z registry proof: PASS (/Users/markik/actions-runner-wgpu/_work/_temp/registry-triplet/scry)
2026-10-07T14:04:48.6627490Z [1m[92m    Updating[0m crates.io index
2026-10-07T14:04:50.3738270Z [1m[92m     Locking[0m 467 packages to latest Rust 1.97.1 compatible versions
2026-10-07T14:04:50.3916050Z [1m[92m      Adding[0m cef v151.8.1+151.3.24 [1m[33m(available: v154.5.0+154.0.34)[0m
2026-10-07T14:04:50.4788780Z [1m[92m      Adding[0m pollster v0.4.0 [1m[33m(available: v1.0.1)[0m
2026-10-07T14:04:51.9391500Z registry proof: grafting 0.6.0 <- registry+https://github.com/rust-lang/crates.io-index
2026-10-07T14:04:51.9392400Z registry proof: scrying 0.7.2 <- registry+https://github.com/rust-lang/crates.io-index
2026-10-07T14:04:51.9393180Z registry proof: welding 0.14.1 <- registry+https://github.com/rust-lang/crates.io-index
2026-10-07T14:04:51.9393940Z registry proof: PASS (/Users/markik/actions-runner-wgpu/_work/_temp/registry-triplet/weld)
2026-10-07T14:04:51.9536460Z ##[group]Run export CARGO_TARGET_DIR="$RUNNER_TEMP/registry-triplet-target/graft"
2026-10-07T14:04:51.9537250Z [36;1mexport CARGO_TARGET_DIR="$RUNNER_TEMP/registry-triplet-target/graft"[0m
2026-10-07T14:04:51.9537790Z [36;1mcd "$RUNNER_TEMP/registry-triplet/graft"[0m
2026-10-07T14:04:51.9538220Z [36;1mcargo build --locked -p demo-servo-winit[0m
2026-10-07T14:04:51.9538720Z [36;1mset -o pipefail[0m
2026-10-07T14:04:51.9539260Z [36;1mbash scripts/smoke-demo-mac.sh 2>&1 | tee "$RUNNER_TEMP/registry-graft-$PROOF_HOST.log"[0m
2026-10-07T14:04:51.9566240Z shell: /bin/bash -e {0}
2026-10-07T14:04:51.9566550Z env:
2026-10-07T14:04:51.9566810Z   CARGO_NET_GIT_FETCH_WITH_CLI: true
2026-10-07T14:04:51.9567120Z   RUSTFLAGS: -D warnings
2026-10-07T14:04:51.9567400Z   GRAFTING_VERSION: 0.6.0
2026-10-07T14:04:51.9567680Z   SCRYING_VERSION: 0.7.2
2026-10-07T14:04:51.9567970Z   WELDING_VERSION: 0.14.1
2026-10-07T14:04:51.9568390Z   SCRY_SOURCE_REF: 4d8d1d3f8dd450b712960c90b74263a45b46e35b
2026-10-07T14:04:51.9568890Z   WELD_SOURCE_REF: c7b7b4c52138643e22580a918542e8e036a0b24a
2026-10-07T14:04:51.9569260Z   WGPU_BACKEND: metal
2026-10-07T14:04:51.9569570Z   CEF_PATH: /Users/markik/Code/cef-cache/wgpu-weld
2026-10-07T14:04:51.9569950Z   CAPTURE: 1
2026-10-07T14:04:51.9570190Z   TIMEOUT: 90
2026-10-07T14:04:51.9570420Z   VISIBLE: 1
2026-10-07T14:04:51.9570660Z   WELD_SKIP_CASES: popup
2026-10-07T14:04:51.9570950Z   PROOF_HOST: intel
2026-10-07T14:04:51.9571230Z   CARGO_HOME: /Users/markik/.cargo
2026-10-07T14:04:51.9571540Z   CARGO_INCREMENTAL: 0
2026-10-07T14:04:51.9571860Z   CARGO_TERM_COLOR: always
2026-10-07T14:04:51.9572230Z   UV_PYTHON_INSTALL_DIR: /Users/markik/.local/share/uv/python
2026-10-07T14:04:51.9572610Z ##[endgroup]
2026-10-07T14:04:53.6567640Z [1m[92m   Compiling[0m proc-macro2 v1.0.107
2026-10-07T14:04:53.6568630Z [1m[92m   Compiling[0m unicode-ident v1.0.26
2026-10-07T14:04:53.6569350Z [1m[92m   Compiling[0m quote v1.0.47
2026-10-07T14:04:53.6570240Z [1m[92m   Compiling[0m libc v0.2.190
2026-10-07T14:04:53.6572160Z [1m[92m   Compiling[0m cfg-if v1.0.5
2026-10-07T14:04:53.6573090Z [1m[92m   Compiling[0m serde_core v1.0.229
2026-10-07T14:04:53.6573810Z [1m[92m   Compiling[0m serde v1.0.229
2026-10-07T14:04:53.6574460Z [1m[92m   Compiling[0m libm v0.2.16
2026-10-07T14:04:53.6575090Z [1m[92m   Compiling[0m autocfg v1.5.1
2026-10-07T14:04:53.6575740Z [1m[92m   Compiling[0m typenum v1.20.1
2026-10-07T14:04:53.6576470Z [1m[92m   Compiling[0m rand_core v0.10.1
2026-10-07T14:04:53.6577170Z [1m[92m   Compiling[0m getrandom v0.4.3
2026-10-07T14:04:53.6578100Z [1m[92m   Compiling[0m log v0.4.34
2026-10-07T14:04:53.6578570Z [1m[92m   Compiling[0m shlex v2.0.1
2026-10-07T14:04:53.6579030Z [1m[92m   Compiling[0m find-msvc-tools v0.1.14
2026-10-07T14:04:53.6579520Z [1m[92m   Compiling[0m stable_deref_trait v1.2.1
2026-10-07T14:04:53.7734800Z [1m[92m   Compiling[0m subtle v2.6.1
2026-10-07T14:04:53.8449220Z [1m[92m   Compiling[0m version_check v0.9.5
2026-10-07T14:04:53.8751780Z [1m[92m   Compiling[0m cmov v0.5.4
2026-10-07T14:04:54.0073320Z [1m[92m   Compiling[0m once_cell v1.21.4
2026-10-07T14:04:54.0381310Z [1m[92m   Compiling[0m siphasher v1.0.4
2026-10-07T14:04:54.0800530Z [1m[92m   Compiling[0m memchr v2.8.3
2026-10-07T14:04:54.2235900Z [1m[92m   Compiling[0m foldhash v0.2.0
2026-10-07T14:04:54.2336160Z [1m[92m   Compiling[0m scopeguard v1.2.0
2026-10-07T14:04:54.3361190Z [1m[92m   Compiling[0m ctutils v0.4.3
2026-10-07T14:04:54.3919380Z [1m[92m   Compiling[0m arrayvec v0.7.8
2026-10-07T14:04:54.4166570Z [1m[92m   Compiling[0m phf_shared v0.13.1
2026-10-07T14:04:54.4692780Z [1m[92m   Compiling[0m num-traits v0.2.19
2026-10-07T14:04:54.4695880Z [1m[92m   Compiling[0m itoa v1.0.18
2026-10-07T14:04:54.5002900Z [1m[92m   Compiling[0m crossbeam-utils v0.8.23
2026-10-07T14:04:54.5403290Z [1m[92m   Compiling[0m fastrand v2.5.0
2026-10-07T14:04:54.7224110Z [1m[92m   Compiling[0m equivalent v1.0.2
2026-10-07T14:04:54.7441600Z [1m[92m   Compiling[0m adler2 v2.0.1
2026-10-07T14:04:54.7824900Z [1m[92m   Compiling[0m phf_generator v0.13.1
2026-10-07T14:04:54.7831630Z [1m[92m   Compiling[0m thiserror v2.0.21
2026-10-07T14:04:54.8459400Z [1m[92m   Compiling[0m fnv v1.0.7
2026-10-07T14:04:54.8459990Z [1m[92m   Compiling[0m hashbrown v0.17.1
2026-10-07T14:04:54.9198360Z [1m[92m   Compiling[0m parking_lot_core v0.9.12
2026-10-07T14:04:54.9447280Z [1m[92m   Compiling[0m bytes v1.12.1
2026-10-07T14:04:54.9676730Z [1m[92m   Compiling[0m zerocopy v0.8.61
2026-10-07T14:04:55.0341640Z [1m[92m   Compiling[0m simd-adler32 v0.3.10
2026-10-07T14:04:55.3270690Z [1m[92m   Compiling[0m new_debug_unreachable v1.0.6
2026-10-07T14:04:55.3489070Z [1m[92m   Compiling[0m rayon-core v1.13.0
2026-10-07T14:04:55.3718390Z [1m[92m   Compiling[0m crossbeam-epoch v0.9.21
2026-10-07T14:04:55.4167130Z [1m[92m   Compiling[0m crossbeam-deque v0.8.8
2026-10-07T14:04:55.6852630Z [1m[92m   Compiling[0m crc32fast v1.5.2
2026-10-07T14:04:55.7857740Z [1m[92m   Compiling[0m indexmap v2.14.2
2026-10-07T14:04:55.9345460Z [1m[92m   Compiling[0m rustversion v1.0.23
2026-10-07T14:04:56.5604510Z [1m[92m   Compiling[0m syn v2.0.119
2026-10-07T14:04:56.6259140Z [1m[92m   Compiling[0m syn v3.0.6
2026-10-07T14:04:56.7009020Z [1m[92m   Compiling[0m phf_codegen v0.13.1
2026-10-07T14:04:56.8450050Z [1m[92m   Compiling[0m either v1.19.0
2026-10-07T14:04:57.4763220Z [1m[92m   Compiling[0m jobserver v0.1.35
2026-10-07T14:04:57.5011700Z [1m[92m   Compiling[0m utf8_iter v1.0.4
2026-10-07T14:04:57.6423130Z [1m[92m   Compiling[0m pin-project-lite v0.2.17
2026-10-07T14:04:57.6888000Z [1m[92m   Compiling[0m writeable v0.6.4
2026-10-07T14:04:57.7129310Z [1m[92m   Compiling[0m miniz_oxide v0.9.1
2026-10-07T14:04:57.7664600Z [1m[92m   Compiling[0m core-foundation-sys v0.8.7
2026-10-07T14:04:57.9188120Z [1m[92m   Compiling[0m cc v1.6.0
2026-10-07T14:04:57.9659040Z [1m[92m   Compiling[0m litemap v0.8.3
2026-10-07T14:04:57.9951650Z [1m[92m   Compiling[0m bitflags v2.13.2
2026-10-07T14:04:58.0922330Z [1m[92m   Compiling[0m rustc-hash v2.1.3
2026-10-07T14:04:58.2393220Z [1m[92m   Compiling[0m khronos_api v3.1.0
2026-10-07T14:04:58.2611840Z [1m[92m   Compiling[0m objc2-encode v4.1.0
2026-10-07T14:04:58.2982780Z [1m[92m   Compiling[0m same-file v1.0.6
2026-10-07T14:04:58.3257030Z [1m[92m   Compiling[0m miniz_oxide v0.8.9
2026-10-07T14:04:58.3488960Z [1m[92m   Compiling[0m precomputed-hash v0.1.1
2026-10-07T14:04:58.3492560Z [1m[92m   Compiling[0m xml-rs v0.8.29
2026-10-07T14:04:58.4651690Z [1m[92m   Compiling[0m walkdir v2.5.0
2026-10-07T14:04:58.5180190Z [1m[92m   Compiling[0m ident_case v1.0.1
2026-10-07T14:04:58.6115270Z [1m[92m   Compiling[0m num-integer v0.1.47
2026-10-07T14:04:58.6835880Z [1m[92m   Compiling[0m string_cache_codegen v0.6.1
2026-10-07T14:04:58.9341810Z [1m[92m   Compiling[0m core_detect v1.0.0
2026-10-07T14:04:58.9584760Z [1m[92m   Compiling[0m icu_normalizer_data v2.3.0
2026-10-07T14:04:58.9796880Z [1m[92m   Compiling[0m icu_properties_data v2.3.0
2026-10-07T14:04:59.1491060Z [1m[92m   Compiling[0m simdutf8 v0.1.5
2026-10-07T14:04:59.2214930Z [1m[92m   Compiling[0m multiversion_no_op v1.0.0
2026-10-07T14:04:59.3114850Z [1m[92m   Compiling[0m socket2 v0.6.5
2026-10-07T14:04:59.3870730Z [1m[92m   Compiling[0m flate2 v1.1.10
2026-10-07T14:04:59.4624130Z [1m[92m   Compiling[0m mio v1.2.4
2026-10-07T14:04:59.4929500Z [1m[92m   Compiling[0m http v1.5.0
2026-10-07T14:04:59.5376280Z [1m[92m   Compiling[0m fdeflate v0.3.7
2026-10-07T14:04:59.6136320Z [1m[92m   Compiling[0m writeable v0.5.5
2026-10-07T14:04:59.9108160Z [1m[92m   Compiling[0m lazy_static v1.5.1
2026-10-07T14:05:00.0492130Z [1m[92m   Compiling[0m litemap v0.7.5
2026-10-07T14:05:00.1125640Z [1m[92m   Compiling[0m winnow v1.0.4
2026-10-07T14:05:00.1735370Z [1m[92m   Compiling[0m png v0.18.1
2026-10-07T14:05:00.2211520Z [1m[92m   Compiling[0m generic-array v0.14.7
2026-10-07T14:05:00.3239430Z [1m[92m   Compiling[0m objc2 v0.6.5
2026-10-07T14:05:00.4151100Z [1m[92m   Compiling[0m gl_generator v0.14.0
2026-10-07T14:05:00.4530450Z [1m[92m   Compiling[0m toml_datetime v1.1.1+spec-1.1.0
2026-10-07T14:05:00.5091320Z [1m[92m   Compiling[0m rayon v1.12.0
2026-10-07T14:05:00.5748490Z [1m[92m   Compiling[0m percent-encoding v2.3.2
2026-10-07T14:05:00.7268710Z [1m[92m   Compiling[0m itertools v0.14.0
2026-10-07T14:05:00.7795240Z [1m[92m   Compiling[0m encoding_rs v0.8.42
2026-10-07T14:05:00.9019110Z [1m[92m   Compiling[0m core_maths v0.1.1
2026-10-07T14:05:00.9252820Z [1m[92m   Compiling[0m quick-error v2.0.1
2026-10-07T14:05:01.0474520Z [1m[92m   Compiling[0m polycool v0.4.0
2026-10-07T14:05:01.0730960Z [1m[92m   Compiling[0m weezl v0.1.12
2026-10-07T14:05:01.0951330Z [1m[92m   Compiling[0m zune-core v0.5.3
2026-10-07T14:05:01.2454740Z [1m[92m   Compiling[0m getrandom v0.3.4
2026-10-07T14:05:01.2749220Z [1m[92m   Compiling[0m dtoa v1.0.11
2026-10-07T14:05:01.3984020Z [1m[92m   Compiling[0m form_urlencoded v1.2.2
2026-10-07T14:05:01.5070810Z [1m[92m   Compiling[0m dtoa-short v0.3.5
2026-10-07T14:05:01.5333410Z [1m[92m   Compiling[0m zune-jpeg v0.5.15
2026-10-07T14:05:01.5627090Z [1m[92m   Compiling[0m web_atoms v0.2.6
2026-10-07T14:05:01.6784000Z [1m[92m   Compiling[0m aho-corasick v1.1.5
2026-10-07T14:05:01.7044650Z [1m[92m   Compiling[0m byteorder-lite v0.1.0
2026-10-07T14:05:01.7448290Z [1m[92m   Compiling[0m pkg-config v0.3.34
2026-10-07T14:05:01.9527780Z [1m[92m   Compiling[0m regex-syntax v0.8.11
2026-10-07T14:05:02.1750360Z [1m[92m   Compiling[0m toml_parser v1.1.3+spec-1.1.0
2026-10-07T14:05:02.3487910Z [1m[92m   Compiling[0m synstructure v0.13.2
2026-10-07T14:05:02.3691260Z [1m[92m   Compiling[0m darling_core v0.20.11
2026-10-07T14:05:02.4683210Z [1m[92m   Compiling[0m synstructure v0.14.0
2026-10-07T14:05:02.6332600Z [1m[92m   Compiling[0m color_quant v1.1.0
2026-10-07T14:05:02.7813970Z [1m[92m   Compiling[0m block-buffer v0.10.4
2026-10-07T14:05:02.9557190Z [1m[92m   Compiling[0m gif v0.14.2
2026-10-07T14:05:02.9880120Z [1m[92m   Compiling[0m crypto-common v0.1.7
2026-10-07T14:05:03.1189480Z [1m[92m   Compiling[0m image-webp v0.2.4
2026-10-07T14:05:03.1729210Z [1m[92m   Compiling[0m gleam v0.15.1
2026-10-07T14:05:03.3439660Z [1m[92m   Compiling[0m serde_spanned v1.1.1
2026-10-07T14:05:03.3660600Z [1m[92m   Compiling[0m core-foundation v0.9.4
2026-10-07T14:05:03.3676760Z [1m[92m   Compiling[0m crossbeam-channel v0.5.17
2026-10-07T14:05:03.4637580Z [1m[92m   Compiling[0m selectors v0.40.0
2026-10-07T14:05:03.4936770Z [1m[92m   Compiling[0m foreign-types-shared v0.3.1
2026-10-07T14:05:03.5701670Z [1m[92m   Compiling[0m bitflags v1.3.2
2026-10-07T14:05:03.6378580Z [1m[92m   Compiling[0m time-core v0.1.9
2026-10-07T14:05:03.6957570Z [1m[92m   Compiling[0m thin-vec v0.2.20
2026-10-07T14:05:04.0198030Z [1m[92m   Compiling[0m num-conv v0.2.2
2026-10-07T14:05:04.0449490Z [1m[92m   Compiling[0m smallbitvec v2.6.1
2026-10-07T14:05:04.1466680Z [1m[92m   Compiling[0m unicode-bidi v0.3.18
2026-10-07T14:05:04.2416590Z [1m[92m   Compiling[0m toml_writer v1.1.2+spec-1.1.0
2026-10-07T14:05:04.2655230Z [1m[92m   Compiling[0m block2 v0.6.2
2026-10-07T14:05:04.3306850Z [1m[92m   Compiling[0m time-macros v0.2.32
2026-10-07T14:05:04.4266230Z [1m[92m   Compiling[0m core-graphics-types v0.1.3
2026-10-07T14:05:04.5149600Z [1m[92m   Compiling[0m digest v0.10.7
2026-10-07T14:05:04.5582390Z [1m[92m   Compiling[0m glslopt v0.1.14 (https://github.com/jamienicol/glslopt-rs?rev=68019f02a1437d785408ebc8ce7fd20341fffb8a#68019f02)
2026-10-07T14:05:04.6052870Z [1m[92m   Compiling[0m toml v1.1.6+spec-1.1.0
2026-10-07T14:05:04.6303850Z [1m[92m   Compiling[0m stylo v0.20.0
2026-10-07T14:05:04.6595850Z [1m[92m   Compiling[0m deranged v0.5.8
2026-10-07T14:05:04.7467750Z [1m[92m   Compiling[0m num_threads v0.1.7
2026-10-07T14:05:04.8668250Z [1m[92m   Compiling[0m num_cpus v1.17.0
2026-10-07T14:05:04.9197240Z [1m[92m   Compiling[0m slotmap v1.1.1
2026-10-07T14:05:04.9433720Z [1m[92m   Compiling[0m powerfmt v0.2.1
2026-10-07T14:05:05.0425010Z [1m[92m   Compiling[0m static_assertions v1.1.0
2026-10-07T14:05:05.1707220Z [1m[92m   Compiling[0m cpufeatures v0.2.17
2026-10-07T14:05:05.2107500Z [1m[92m   Compiling[0m icu_locale_fallback_data v2.3.0
2026-10-07T14:05:05.2541110Z [1m[92m   Compiling[0m float-cmp v0.9.0
2026-10-07T14:05:05.3816370Z [1m[92m   Compiling[0m zeroize_derive v1.5.0
2026-10-07T14:05:05.4061950Z [1m[92m   Compiling[0m zerocopy-derive v0.8.61
2026-10-07T14:05:05.4353030Z [1m[92m   Compiling[0m yoke-derive v0.7.5
2026-10-07T14:05:05.4745190Z [1m[92m   Compiling[0m zerovec-derive v0.10.4
2026-10-07T14:05:05.4972360Z [1m[92m   Compiling[0m phf_macros v0.13.1
2026-10-07T14:05:05.6388440Z [1m[92m   Compiling[0m serde_derive v1.0.229
2026-10-07T14:05:05.9210040Z [1m[92m   Compiling[0m zerofrom-derive v0.1.8
2026-10-07T14:05:06.1230740Z [1m[92m   Compiling[0m bytemuck_derive v1.12.1
2026-10-07T14:05:06.2663210Z [1m[92m   Compiling[0m zeroize v1.9.1
2026-10-07T14:05:06.4047190Z [1m[92m   Compiling[0m displaydoc v0.2.7
2026-10-07T14:05:06.6687730Z [1m[92m   Compiling[0m thiserror-impl v2.0.21
2026-10-07T14:05:07.0787680Z [1m[92m   Compiling[0m hybrid-array v0.4.15
2026-10-07T14:05:07.1290480Z [1m[92m   Compiling[0m yoke-derive v0.8.4
2026-10-07T14:05:07.2051840Z [1m[92m   Compiling[0m zerovec-derive v0.11.6
2026-10-07T14:05:07.2465840Z [1m[92m   Compiling[0m phf v0.13.1
2026-10-07T14:05:07.2698100Z [1m[92m   Compiling[0m darling_macro v0.20.11
2026-10-07T14:05:07.2997830Z [1m[92m   Compiling[0m tokio-macros v2.7.2
2026-10-07T14:05:07.5497900Z [1m[92m   Compiling[0m num-derive v0.4.2
2026-10-07T14:05:07.6930250Z [1m[92m   Compiling[0m cssparser-macros v0.7.1
2026-10-07T14:05:07.7435100Z [1m[92m   Compiling[0m derive_more-impl v2.1.1
2026-10-07T14:05:07.7665500Z [1m[92m   Compiling[0m darling v0.20.11
2026-10-07T14:05:08.0392540Z [1m[92m   Compiling[0m foreign-types-macros v0.2.4
2026-10-07T14:05:08.0853970Z [1m[92m   Compiling[0m zerofrom v0.1.8
2026-10-07T14:05:08.1206970Z [1m[92m   Compiling[0m regex-automata v0.4.18
2026-10-07T14:05:08.2618450Z [1m[92m   Compiling[0m malloc_size_of_derive v0.1.3
2026-10-07T14:05:08.3696340Z [1m[92m   Compiling[0m tokio v1.53.2
2026-10-07T14:05:08.3956390Z [1m[92m   Compiling[0m bytemuck v1.25.2
2026-10-07T14:05:08.4651690Z [1m[92m   Compiling[0m to_shmem_derive v0.1.0
2026-10-07T14:05:08.7563000Z [1m[92m   Compiling[0m time v0.3.55
2026-10-07T14:05:08.9009140Z [1m[92m   Compiling[0m foreign-types v0.5.0
2026-10-07T14:05:09.0939270Z [1m[92m   Compiling[0m yoke v0.7.5
2026-10-07T14:05:09.0941060Z [1m[92m   Compiling[0m yoke v0.8.3
2026-10-07T14:05:09.1225900Z [1m[92m   Compiling[0m stylo_static_prefs v0.20.0
2026-10-07T14:05:09.3029150Z [1m[92m   Compiling[0m strict-num v0.1.1
2026-10-07T14:05:09.3458650Z [1m[92m   Compiling[0m crypto-common v0.2.2
2026-10-07T14:05:09.4898810Z [1m[92m   Compiling[0m block-buffer v0.12.1
2026-10-07T14:05:09.5124010Z [1m[92m   Compiling[0m peek-poke-derive v0.3.0
2026-10-07T14:05:09.6533040Z [1m[92m   Compiling[0m rgb v0.8.53
2026-10-07T14:05:09.6957700Z [1m[92m   Compiling[0m font-types v0.12.6
2026-10-07T14:05:09.7175420Z [1m[92m   Compiling[0m core-graphics v0.23.2
2026-10-07T14:05:10.1931930Z [1m[92m   Compiling[0m dispatch2 v0.3.1
2026-10-07T14:05:10.3828090Z [1m[92m   Compiling[0m read-fonts v0.41.0
2026-10-07T14:05:10.4189620Z [1m[92m   Compiling[0m tikv-jemalloc-sys v0.6.1+5.3.0-1-ge13ca993e8ccb9ba9847cc330696e02839f328f7
2026-10-07T14:05:10.9360480Z [1m[92m   Compiling[0m derive_more v2.1.1
2026-10-07T14:05:10.9596330Z [1m[92m   Compiling[0m stylo_atoms v0.20.0
2026-10-07T14:05:10.9893150Z [1m[92m   Compiling[0m serde_bytes v0.11.19
2026-10-07T14:05:11.1877200Z [1m[92m   Compiling[0m heck v0.5.0
2026-10-07T14:05:11.3102360Z [1m[92m   Compiling[0m void v1.0.2
2026-10-07T14:05:11.3356140Z [1m[92m   Compiling[0m byteorder v1.5.0
2026-10-07T14:05:11.3866110Z [1m[92m   Compiling[0m icu_segmenter_data v2.3.0
2026-10-07T14:05:11.4652050Z [1m[92m   Compiling[0m typeid v1.0.3
2026-10-07T14:05:11.5408810Z [1m[92m   Compiling[0m regex v1.13.1
2026-10-07T14:05:11.6415790Z [1m[92m   Compiling[0m arrayref v0.3.9
2026-10-07T14:05:11.7097510Z [1m[92m   Compiling[0m mime v0.3.17
2026-10-07T14:05:11.7522940Z [1m[92m   Compiling[0m base64 v0.22.1
2026-10-07T14:05:11.8044500Z [1m[92m   Compiling[0m base64 v0.23.1
2026-10-07T14:05:11.8547460Z [1m[92m   Compiling[0m zerovec v0.10.4
2026-10-07T14:05:12.2324870Z [1m[92m   Compiling[0m zerovec v0.11.8
2026-10-07T14:05:12.2759450Z [1m[92m   Compiling[0m zerotrie v0.2.5
2026-10-07T14:05:12.3340560Z [1m[92m   Compiling[0m tiny-skia-path v0.12.0
2026-10-07T14:05:12.4970260Z [1m[92m   Compiling[0m strum_macros v0.28.0
2026-10-07T14:05:13.4228670Z [1m[92m   Compiling[0m objc2-core-foundation v0.3.2
2026-10-07T14:05:14.1703270Z [1m[92m   Compiling[0m smallvec v1.16.2
2026-10-07T14:05:14.5283230Z [1m[92m   Compiling[0m euclid v0.22.14
2026-10-07T14:05:14.8903350Z [1m[92m   Compiling[0m lock_api v0.4.14
2026-10-07T14:05:15.0246770Z [1m[92m   Compiling[0m tinystr v0.7.6
2026-10-07T14:05:15.1370810Z [1m[92m   Compiling[0m app_units v0.7.8
2026-10-07T14:05:15.3060960Z [1m[92m   Compiling[0m parking_lot v0.12.5
2026-10-07T14:05:15.3487190Z [1m[92m   Compiling[0m icu_locid v1.5.0
2026-10-07T14:05:15.3631590Z [1m[92m   Compiling[0m cssparser v0.37.0
2026-10-07T14:05:15.4389790Z [1m[92m   Compiling[0m servo_arc v0.4.3
2026-10-07T14:05:15.4684820Z [1m[92m   Compiling[0m build-parallel v0.1.2
2026-10-07T14:05:15.6579590Z [1m[92m   Compiling[0m rand_core v0.9.5
2026-10-07T14:05:15.6954510Z [1m[92m   Compiling[0m webrender_build v0.70.0
2026-10-07T14:05:15.8791680Z [1m[92m   Compiling[0m tinystr v0.8.4
2026-10-07T14:05:15.9243710Z [1m[92m   Compiling[0m potential_utf v0.1.6
2026-10-07T14:05:16.0110400Z [1m[92m   Compiling[0m string_cache v0.9.0
2026-10-07T14:05:16.0841940Z [1m[92m   Compiling[0m memmap2 v0.9.11
2026-10-07T14:05:16.1923280Z [1m[92m   Compiling[0m icu_locale_core v2.3.0
2026-10-07T14:05:16.2188220Z [1m[92m   Compiling[0m icu_collections v2.3.0
2026-10-07T14:05:16.2462740Z [1m[92m   Compiling[0m malloc_buf v0.0.6
2026-10-07T14:05:16.3082910Z [1m[92m   Compiling[0m kurbo v0.13.1
2026-10-07T14:05:16.4132430Z [1m[92m   Compiling[0m peek-poke v0.3.0
2026-10-07T14:05:16.4569030Z [1m[92m   Compiling[0m wr_malloc_size_of v0.2.2
2026-10-07T14:05:16.6293480Z [1m[92m   Compiling[0m ppv-lite86 v0.2.21
2026-10-07T14:05:16.6937260Z [1m[92m   Compiling[0m zeitstempel v0.2.2
2026-10-07T14:05:16.7698140Z [1m[92m   Compiling[0m sha1_smol v1.0.1
2026-10-07T14:05:16.8262230Z [1m[92m   Compiling[0m unic-char-range v0.9.0
2026-10-07T14:05:17.0023710Z [1m[92m   Compiling[0m unic-common v0.9.0
2026-10-07T14:05:17.1198270Z [1m[92m   Compiling[0m tinyvec v1.13.3
2026-10-07T14:05:17.2060920Z [1m[92m   Compiling[0m unic-ucd-version v0.9.0
2026-10-07T14:05:17.2797790Z [1m[92m   Compiling[0m rand_chacha v0.9.0
2026-10-07T14:05:17.3031300Z [1m[92m   Compiling[0m uuid v1.27.0
2026-10-07T14:05:17.3281630Z [1m[92m   Compiling[0m unic-char-property v0.9.0
2026-10-07T14:05:17.3447050Z [1m[92m   Compiling[0m objc v0.2.7
2026-10-07T14:05:17.6030000Z [1m[92m   Compiling[0m strum v0.28.0
2026-10-07T14:05:17.7898180Z [1m[92m   Compiling[0m to_shmem v0.5.0
2026-10-07T14:05:17.8195700Z [1m[92m   Compiling[0m webrender_api v0.70.0
2026-10-07T14:05:17.8462710Z [1m[92m   Compiling[0m fontdb v0.24.0
2026-10-07T14:05:17.9939420Z [1m[92m   Compiling[0m cobs v0.3.0
2026-10-07T14:05:18.0219980Z [1m[92m   Compiling[0m core-text v20.1.0
2026-10-07T14:05:18.1195000Z [1m[92m   Compiling[0m roxmltree v0.21.1
2026-10-07T14:05:18.1466130Z [1m[92m   Compiling[0m simplecss v0.2.2
2026-10-07T14:05:18.1700920Z [1m[92m   Compiling[0m icu_provider v2.3.1
2026-10-07T14:05:18.2956350Z [1m[92m   Compiling[0m imagesize v0.15.0
2026-10-07T14:05:18.5938130Z [1m[92m   Compiling[0m tendril v0.5.1
2026-10-07T14:05:18.6772770Z [1m[92m   Compiling[0m svg_fmt v0.4.5
2026-10-07T14:05:19.0454150Z [1m[92m   Compiling[0m icu_normalizer v2.3.0
2026-10-07T14:05:19.1031840Z [1m[92m   Compiling[0m icu_properties v2.3.0
2026-10-07T14:05:19.1752010Z [1m[92m   Compiling[0m markup5ever v0.39.0
2026-10-07T14:05:19.2938320Z [1m[92m   Compiling[0m icu_locale_fallback v2.3.0
2026-10-07T14:05:19.3195300Z [1m[92m   Compiling[0m svgtypes v0.16.1
2026-10-07T14:05:19.3508320Z [1m[92m   Compiling[0m tracy-rs v0.1.2
2026-10-07T14:05:19.4924490Z [1m[92m   Compiling[0m unicode-script v0.5.8
2026-10-07T14:05:19.6521400Z [1m[92m   Compiling[0m unicode-vo v0.1.0
2026-10-07T14:05:19.7810350Z [1m[92m   Compiling[0m xmlwriter v0.1.0
2026-10-07T14:05:19.8059000Z [1m[92m   Compiling[0m data-url v0.3.2
2026-10-07T14:05:19.8348760Z [1m[92m   Compiling[0m pico-args v0.5.0
2026-10-07T14:05:19.9086430Z [1m[92m   Compiling[0m icu_segmenter v2.3.0
2026-10-07T14:05:20.1228590Z [1m[92m   Compiling[0m etagere v0.2.15
2026-10-07T14:05:20.1634050Z [1m[92m   Compiling[0m postcard v1.1.3
2026-10-07T14:05:20.1884790Z [1m[92m   Compiling[0m ron v0.12.2
2026-10-07T14:05:20.2374050Z [1m[92m   Compiling[0m rand v0.9.5
2026-10-07T14:05:20.2668110Z [1m[92m   Compiling[0m unic-ucd-ident v0.9.0
2026-10-07T14:05:20.4210180Z [1m[92m   Compiling[0m plane-split v0.18.0
2026-10-07T14:05:20.4465370Z [1m[92m   Compiling[0m allocator-api2 v0.2.21
2026-10-07T14:05:20.6095920Z [1m[92m   Compiling[0m bincode v1.3.3
2026-10-07T14:05:20.7062180Z [1m[92m   Compiling[0m tiny-skia v0.12.0
2026-10-07T14:05:20.8198840Z [1m[92m   Compiling[0m stylo_derive v0.20.0
2026-10-07T14:05:20.8564530Z [1m[92m   Compiling[0m sha2 v0.10.9
2026-10-07T14:05:21.1419790Z [1m[92m   Compiling[0m skrifa v0.44.0
2026-10-07T14:05:21.2473980Z [1m[92m   Compiling[0m stylo_malloc_size_of v0.20.0
2026-10-07T14:05:21.4384280Z [1m[92m   Compiling[0m idna_adapter v1.2.2
2026-10-07T14:05:21.4664470Z [1m[92m   Compiling[0m harfrust v0.12.0
2026-10-07T14:05:21.5535570Z [1m[92m   Compiling[0m stylo_dom v0.20.0
2026-10-07T14:05:21.6007880Z [1m[92m   Compiling[0m uluru v3.1.0
2026-10-07T14:05:21.6469240Z [1m[92m   Compiling[0m idna v1.1.0
2026-10-07T14:05:21.6739270Z [1m[92m   Compiling[0m const-oid v0.10.2
2026-10-07T14:05:21.7947970Z [1m[92m   Compiling[0m zmij v1.0.23
2026-10-07T14:05:21.8929310Z [1m[92m   Compiling[0m atomic_refcell v0.1.14
2026-10-07T14:05:22.0860810Z [1m[92m   Compiling[0m topological-sort v0.1.0
2026-10-07T14:05:22.1094970Z [1m[92m   Compiling[0m unicode-segmentation v1.13.3
2026-10-07T14:05:22.1982670Z [1m[92m   Compiling[0m grid v1.0.1
2026-10-07T14:05:22.2619460Z [1m[92m   Compiling[0m url v2.5.8
2026-10-07T14:05:22.3465880Z [1m[92m   Compiling[0m ipc-channel v0.22.0
2026-10-07T14:05:22.5806970Z [1m[92m   Compiling[0m taffy v0.12.2
2026-10-07T14:05:22.8492730Z [1m[92m   Compiling[0m keyboard-types v0.8.3
2026-10-07T14:05:22.9684760Z [1m[92m   Compiling[0m objc2-foundation v0.3.2
2026-10-07T14:05:23.3278710Z [1m[92m   Compiling[0m stylo_traits v0.20.0
2026-10-07T14:05:23.5693290Z [1m[92m   Compiling[0m urlpattern v0.3.0
2026-10-07T14:05:24.0747880Z [1m[92m   Compiling[0m content-security-policy v0.8.2
2026-10-07T14:05:24.7799180Z [1m[92m   Compiling[0m cfg_aliases v0.2.2
2026-10-07T14:05:24.9033230Z [1m[92m   Compiling[0m serde_json v1.0.151
2026-10-07T14:05:25.2502110Z [1m[92m   Compiling[0m half v2.7.1
2026-10-07T14:05:25.3412890Z [1m[92m   Compiling[0m servo-config-macro v0.5.0 (https://github.com/servo/servo?rev=1d44e5dd6a8b64c02f9dbf7fcbdf4ebdd0740019#1d44e5dd)
2026-10-07T14:05:25.8630650Z [1m[92m   Compiling[0m enumn v0.1.14
2026-10-07T14:05:25.8633310Z [1m[92m   Compiling[0m profiling-procmacros v1.0.18
2026-10-07T14:05:25.8635380Z [1m[92m   Compiling[0m equator-macro v0.4.2
2026-10-07T14:05:26.1687500Z [1m[92m   Compiling[0m futures-core v0.3.34
2026-10-07T14:05:26.1996620Z [1m[92m   Compiling[0m mach2 v0.6.0
2026-10-07T14:05:26.3446920Z [1m[92m   Compiling[0m profiling v1.0.18
2026-10-07T14:05:26.4113840Z [1m[92m   Compiling[0m accesskit v0.24.1
2026-10-07T14:05:26.4380080Z [1m[92m   Compiling[0m cpufeatures v0.3.1
2026-10-07T14:05:26.5544610Z [1m[92m   Compiling[0m digest v0.11.3
2026-10-07T14:05:26.6593030Z [1m[92m   Compiling[0m anyhow v1.0.104
2026-10-07T14:05:26.8922460Z [1m[92m   Compiling[0m usvg v0.48.1
2026-10-07T14:05:26.9188070Z [1m[92m   Compiling[0m equator v0.4.2
2026-10-07T14:05:27.1065220Z [1m[92m   Compiling[0m toml_edit v0.25.15+spec-1.1.0
2026-10-07T14:05:27.1377200Z [1m[92m   Compiling[0m paste v1.0.15
2026-10-07T14:05:27.5124930Z [1m[92m   Compiling[0m num-complex v0.4.6
2026-10-07T14:05:28.3158370Z [1m[92m   Compiling[0m wr_glyph_rasterizer v0.70.0
2026-10-07T14:05:28.5034180Z [1m[92m   Compiling[0m proc-macro-crate v3.5.0
2026-10-07T14:05:28.6110250Z [1m[92m   Compiling[0m aligned-vec v0.6.4
2026-10-07T14:05:28.9363890Z [1m[92m   Compiling[0m icu_provider_macros v1.5.0
2026-10-07T14:05:28.9693130Z [1m[92m   Compiling[0m num-bigint v0.4.8
2026-10-07T14:05:29.2160330Z [1m[92m   Compiling[0m nom v8.0.0
2026-10-07T14:05:29.3431100Z [1m[92m   Compiling[0m num_enum_derive v0.7.6
2026-10-07T14:05:29.5911190Z [1m[92m   Compiling[0m futures-sink v0.3.34
2026-10-07T14:05:29.6156590Z [1m[92m   Compiling[0m icu_provider v1.5.0
2026-10-07T14:05:30.3771390Z [1m[92m   Compiling[0m resvg v0.48.1
2026-10-07T14:05:30.5975660Z [1m[92m   Compiling[0m v_frame v0.3.9
2026-10-07T14:05:30.9378620Z [1m[92m   Compiling[0m num_enum v0.7.6
2026-10-07T14:05:31.0461880Z [1m[92m   Compiling[0m as-slice v0.2.1
2026-10-07T14:05:31.1663940Z [1m[92m   Compiling[0m built v0.8.1
2026-10-07T14:05:31.1887280Z [1m[92m   Compiling[0m av-scenechange v0.14.1
2026-10-07T14:05:31.2158620Z [1m[92m   Compiling[0m aligned v0.4.3
2026-10-07T14:05:31.2417890Z [1m[92m   Compiling[0m arg_enum_proc_macro v0.3.4
2026-10-07T14:05:31.3276340Z [1m[92m   Compiling[0m no_std_io2 v0.9.4
2026-10-07T14:05:31.3519920Z [1m[92m   Compiling[0m pulp v0.22.3
2026-10-07T14:05:31.4189650Z [1m[92m   Compiling[0m num-rational v0.4.2
2026-10-07T14:05:31.4549360Z [1m[92m   Compiling[0m slab v0.4.12
2026-10-07T14:05:31.6526920Z [1m[92m   Compiling[0m servo-config v0.5.0 (https://github.com/servo/servo?rev=1d44e5dd6a8b64c02f9dbf7fcbdf4ebdd0740019#1d44e5dd)
2026-10-07T14:05:31.6793230Z [1m[92m   Compiling[0m pastey v0.1.1
2026-10-07T14:05:31.7841080Z [1m[92m   Compiling[0m y4m v0.8.0
2026-10-07T14:05:32.0237780Z [1m[92m   Compiling[0m bitstream-io v4.10.0
2026-10-07T14:05:32.0550980Z [1m[92m   Compiling[0m maybe-rayon v0.1.1
2026-10-07T14:05:32.0814450Z [1m[92m   Compiling[0m rav1e v0.8.1
2026-10-07T14:05:32.1773870Z [1m[92m   Compiling[0m raw-cpuid v11.6.0
2026-10-07T14:05:32.2010840Z [1m[92m   Compiling[0m simd_helpers v0.1.0
2026-10-07T14:05:32.3429050Z [1m[92m   Compiling[0m httparse v1.10.1
2026-10-07T14:05:32.6331920Z [1m[92m   Compiling[0m reborrow v0.5.5
2026-10-07T14:05:32.7713830Z [1m[92m   Compiling[0m pulp-wasm-simd-flag v0.1.1
2026-10-07T14:05:32.8785420Z [1m[92m   Compiling[0m imgref v1.12.3
2026-10-07T14:05:32.9031120Z [1m[92m   Compiling[0m icu_segmenter_data v1.5.1
2026-10-07T14:05:32.9032740Z [1m[92m   Compiling[0m noop_proc_macro v0.3.0
2026-10-07T14:05:33.2483590Z [1m[92m   Compiling[0m loop9 v0.1.5
2026-10-07T14:05:33.3057230Z [1m[92m   Compiling[0m icu_collections v1.5.0
2026-10-07T14:05:33.3310940Z [1m[92m   Compiling[0m zune-inflate v0.2.54
2026-10-07T14:05:33.4354880Z [1m[92m   Compiling[0m avif-serialize v0.8.9
2026-10-07T14:05:33.5054560Z [1m[92m   Compiling[0m tracing-core v0.1.36
2026-10-07T14:05:33.7109120Z [1m[92m   Compiling[0m pxfm v0.1.30
2026-10-07T14:05:33.8942420Z [1m[92m   Compiling[0m lebe v0.5.3
2026-10-07T14:05:34.2539220Z [1m[92m   Compiling[0m bit_field v0.10.3
2026-10-07T14:05:34.3481070Z [1m[92m   Compiling[0m fax v0.2.7
2026-10-07T14:05:34.5430040Z [1m[92m   Compiling[0m tracing v0.1.44
2026-10-07T14:05:34.5706830Z [1m[92m   Compiling[0m qoi v0.4.1
2026-10-07T14:05:34.7567670Z [1m[92m   Compiling[0m block-padding v0.4.2
2026-10-07T14:05:34.9012690Z [1m[92m   Compiling[0m tiff v0.11.3
2026-10-07T14:05:34.9556060Z [1m[92m   Compiling[0m atomic-waker v1.1.2
2026-10-07T14:05:34.9822740Z [1m[92m   Compiling[0m av1-grain v0.2.5
2026-10-07T14:05:34.9833490Z [1m[92m   Compiling[0m raw-window-handle v0.6.2
2026-10-07T14:05:34.9834190Z [1m[92m   Compiling[0m inout v0.2.2
2026-10-07T14:05:35.0256750Z [1m[92m   Compiling[0m icu_segmenter v1.5.0
2026-10-07T14:05:35.0725980Z [1m[92m   Compiling[0m futures-channel v0.3.34
2026-10-07T14:05:35.1095460Z [1m[92m   Compiling[0m tokio-util v0.7.19
2026-10-07T14:05:35.1581510Z [1m[92m   Compiling[0m http-body v1.1.0
2026-10-07T14:05:35.1867050Z [1m[92m   Compiling[0m try-lock v0.2.5
2026-10-07T14:05:35.2522270Z [1m[92m   Compiling[0m cipher v0.5.2
2026-10-07T14:05:35.3484250Z [1m[92m   Compiling[0m want v0.3.2
2026-10-07T14:05:35.4000730Z [1m[92m   Compiling[0m cookie v0.18.2
2026-10-07T14:05:35.4519480Z [1m[92m   Compiling[0m cookie v0.16.2
2026-10-07T14:05:35.4890340Z [1m[92m   Compiling[0m base64ct v1.8.3
2026-10-07T14:05:35.6186930Z [1m[92m   Compiling[0m thiserror v1.0.69
2026-10-07T14:05:35.8135780Z [1m[92m   Compiling[0m thiserror-impl v1.0.69
2026-10-07T14:05:36.2050930Z [1m[92m   Compiling[0m h2 v0.4.20
2026-10-07T14:05:36.5069090Z [1m[92m   Compiling[0m sha1 v0.10.7
2026-10-07T14:05:36.5809360Z [1m[92m   Compiling[0m headers-core v0.3.0
2026-10-07T14:05:36.7222240Z [1m[92m   Compiling[0m httpdate v1.0.3
2026-10-07T14:05:37.0814220Z [1m[92m   Compiling[0m headers v0.4.2
2026-10-07T14:05:37.1279730Z [1m[92m   Compiling[0m http v0.2.12
2026-10-07T14:05:37.4178020Z [1m[92m   Compiling[0m glob v0.3.4
2026-10-07T14:05:37.7323240Z [1m[92m   Compiling[0m servo-embedder-traits v0.5.0 (https://github.com/servo/servo?rev=1d44e5dd6a8b64c02f9dbf7fcbdf4ebdd0740019#1d44e5dd)
2026-10-07T14:05:38.0542990Z [1m[92m   Compiling[0m surfman v0.13.0
2026-10-07T14:05:38.6046570Z [1m[92m   Compiling[0m moxcms v0.8.1
2026-10-07T14:05:38.6646310Z [1m[92m   Compiling[0m rustls-pki-types v1.15.1
2026-10-07T14:05:38.7377110Z [1m[92m   Compiling[0m inventory v0.3.24
2026-10-07T14:05:38.7749640Z [1m[92m   Compiling[0m webdriver v0.53.0
2026-10-07T14:05:38.8569370Z [1m[92m   Compiling[0m vcpkg v0.2.15
2026-10-07T14:05:38.9346590Z [1m[92m   Compiling[0m glow v0.17.0
2026-10-07T14:05:39.2092570Z [1m[92m   Compiling[0m pem-rfc7468 v1.0.0
2026-10-07T14:05:39.2958180Z [1m[92m   Compiling[0m cgl v0.3.2
2026-10-07T14:05:39.4341330Z [1m[92m   Compiling[0m cpubits v0.1.1
2026-10-07T14:05:39.5687600Z [1m[92m   Compiling[0m dpi v0.1.2
2026-10-07T14:05:39.6606780Z [1m[92m   Compiling[0m der v0.8.2
2026-10-07T14:05:39.8523400Z [1m[92m   Compiling[0m futures-task v0.3.34
2026-10-07T14:05:39.9122220Z [1m[92m   Compiling[0m chacha20 v0.10.2
2026-10-07T14:05:40.0399170Z [1m[92m   Compiling[0m cmake v0.1.58
2026-10-07T14:05:40.1361410Z [1m[92m   Compiling[0m futures-util v0.3.34
2026-10-07T14:05:40.3128290Z [1m[92m   Compiling[0m dunce v1.0.5
2026-10-07T14:05:40.4547080Z [1m[92m   Compiling[0m fs_extra v1.3.0
2026-10-07T14:05:40.5187840Z [1m[92m   Compiling[0m servo-tracing v0.5.0 (https://github.com/servo/servo?rev=1d44e5dd6a8b64c02f9dbf7fcbdf4ebdd0740019#1d44e5dd)
2026-10-07T14:05:40.7113170Z [1m[92m   Compiling[0m icu_locid_transform_data v1.5.1
2026-10-07T14:05:40.9472150Z [1m[92m   Compiling[0m aws-lc-sys v0.45.0
2026-10-07T14:05:40.9961460Z [1m[92m   Compiling[0m tower-service v0.3.3
2026-10-07T14:05:41.1695410Z [1m[92m   Compiling[0m rand v0.10.3
2026-10-07T14:05:41.3620130Z [1m[92m   Compiling[0m hyper v1.12.0
2026-10-07T14:05:41.6000240Z [1m[92m   Compiling[0m hashbrown v0.16.1
2026-10-07T14:05:42.2386650Z [1m[92m   Compiling[0m spki v0.8.1
2026-10-07T14:05:42.6321750Z [1m[92m   Compiling[0m pkcs8 v0.11.0
2026-10-07T14:05:42.8487310Z [1m[92m   Compiling[0m ipnet v2.12.2
2026-10-07T14:05:43.0975840Z [1m[92m   Compiling[0m libz-sys v1.1.29
2026-10-07T14:05:43.2853570Z [1m[92m   Compiling[0m crypto-bigint v0.7.5
2026-10-07T14:05:43.4091800Z [1m[92m   Compiling[0m aws-lc-rs v1.18.1
2026-10-07T14:05:43.5865130Z [1m[92m   Compiling[0m exr v1.74.2
2026-10-07T14:05:43.6829570Z [1m[92m   Compiling[0m servo-hyper-serde v0.5.0 (https://github.com/servo/servo?rev=1d44e5dd6a8b64c02f9dbf7fcbdf4ebdd0740019#1d44e5dd)
2026-10-07T14:05:43.8648440Z [1m[92m   Compiling[0m icu_locid_transform v1.5.0
2026-10-07T14:05:43.9881830Z [1m[92m   Compiling[0m icu_properties_data v1.5.1
2026-10-07T14:05:44.0154660Z [1m[92m   Compiling[0m sys-locale v0.3.2
2026-10-07T14:05:44.0626870Z [1m[92m   Compiling[0m clang-sys v1.9.1
2026-10-07T14:05:44.2692010Z [1m[92m   Compiling[0m ff v0.14.0
2026-10-07T14:05:44.5043980Z [1m[92m   Compiling[0m hyper-util v0.1.21
2026-10-07T14:05:44.5974480Z [1m[92m   Compiling[0m alloc-no-stdlib v2.0.4
2026-10-07T14:05:44.7981140Z [1m[92m   Compiling[0m alloc-stdlib v0.2.4
2026-10-07T14:05:44.8606980Z [1m[92m   Compiling[0m hmac v0.13.0
2026-10-07T14:05:45.0038760Z [1m[92m   Compiling[0m signature v3.0.0
2026-10-07T14:05:45.1739700Z [1m[92m   Compiling[0m errno v0.3.14
2026-10-07T14:05:45.2027840Z [1m[92m   Compiling[0m minimal-lexical v0.2.1
2026-10-07T14:05:45.2776400Z [1m[92m   Compiling[0m foldhash v0.1.5
2026-10-07T14:05:45.4049750Z [1m[92m   Compiling[0m icu_properties v1.5.1
2026-10-07T14:05:45.5819590Z [1m[92m   Compiling[0m hashbrown v0.15.5
2026-10-07T14:05:45.6658130Z [1m[92m   Compiling[0m nom v7.1.3
2026-10-07T14:05:46.4604270Z [1m[92m   Compiling[0m brotli-decompressor v5.0.3
2026-10-07T14:05:46.8618620Z [1m[92m   Compiling[0m ravif v0.13.0
2026-10-07T14:05:46.9795360Z [1m[92m   Compiling[0m group v0.14.0
2026-10-07T14:05:47.2586540Z [1m[92m   Compiling[0m keccak v0.2.2
2026-10-07T14:05:47.4754870Z [1m[92m   Compiling[0m libloading v0.8.9
2026-10-07T14:05:47.7967140Z [1m[92m   Compiling[0m wuff-capi v0.2.0
2026-10-07T14:05:48.1207960Z [1m[92m   Compiling[0m fixedbitset v0.5.7
2026-10-07T14:05:48.5358040Z [1m[92m   Compiling[0m bindgen v0.72.1
2026-10-07T14:05:48.6130660Z [1m[92m   Compiling[0m base16ct v1.0.0
2026-10-07T14:05:48.9066420Z [1m[92m   Compiling[0m sec1 v0.8.1
2026-10-07T14:05:48.9610480Z [1m[92m   Compiling[0m cexpr v0.6.0
2026-10-07T14:05:48.9918780Z [1m[92m   Compiling[0m petgraph v0.8.3
2026-10-07T14:05:49.1147480Z [1m[92m   Compiling[0m itertools v0.13.0
2026-10-07T14:05:49.4274080Z [1m[92m   Compiling[0m image v0.25.10
2026-10-07T14:05:50.3220210Z [1m[92m   Compiling[0m hkdf v0.13.0
2026-10-07T14:05:50.4200340Z [1m[92m   Compiling[0m servo-media-derive v0.5.0 (https://github.com/servo/servo?rev=1d44e5dd6a8b64c02f9dbf7fcbdf4ebdd0740019#1d44e5dd)
2026-10-07T14:05:51.0007660Z [1m[92m   Compiling[0m shlex v1.3.0
2026-10-07T14:05:51.2315610Z [1m[92m   Compiling[0m rustix v1.1.5
2026-10-07T14:05:51.3216530Z [1m[92m   Compiling[0m byte-slice-cast v1.2.3
2026-10-07T14:05:51.3706330Z [1m[92m   Compiling[0m speexdsp-resampler v0.1.0
2026-10-07T14:05:51.4032130Z [1m[92m   Compiling[0m elliptic-curve v0.14.1
2026-10-07T14:05:51.7502030Z [1m[92m   Compiling[0m wuff v0.2.9
2026-10-07T14:05:51.9259150Z [1m[92m   Compiling[0m fontsan v0.7.0
2026-10-07T14:05:52.0089630Z [1m[92m   Compiling[0m zstd-sys v2.1.0+zstd.1.5.7
2026-10-07T14:05:52.3258880Z [1m[92m   Compiling[0m harfbuzz-sys v0.7.0
2026-10-07T14:05:52.3749960Z [1m[92m   Compiling[0m itertools v0.15.0
2026-10-07T14:05:52.4843910Z [1m[92m   Compiling[0m objc2-io-surface v0.3.2
2026-10-07T14:05:52.5193590Z [1m[92m   Compiling[0m objc2-core-data v0.3.2
2026-10-07T14:05:52.5690490Z [1m[92m   Compiling[0m objc2-core-image v0.3.2
2026-10-07T14:05:52.7139390Z [1m[92m   Compiling[0m objc2-cloud-kit v0.3.2
2026-10-07T14:05:53.2222060Z [1m[92m   Compiling[0m objc2-metal v0.3.2
2026-10-07T14:05:53.4418350Z [1m[92m   Compiling[0m rustls v0.23.45
2026-10-07T14:05:53.5434610Z [1m[92m   Compiling[0m sponge-cursor v0.1.0
2026-10-07T14:05:53.6491080Z [1m[92m   Compiling[0m untrusted v0.9.0
2026-10-07T14:05:54.2224030Z [1m[92m   Compiling[0m sha2 v0.11.0
2026-10-07T14:05:56.1322670Z [1m[92m   Compiling[0m naga v29.0.4
2026-10-07T14:05:56.3604690Z [1m[92m   Compiling[0m iana-time-zone v0.1.65
2026-10-07T14:05:56.6072800Z [1m[92m   Compiling[0m unicode-width v0.2.2
2026-10-07T14:05:56.6342680Z [1m[92m   Compiling[0m icu_calendar_data v1.5.1
2026-10-07T14:05:56.6349020Z [1m[92m   Compiling[0m bit-vec v0.9.1
2026-10-07T14:05:57.0781540Z [1m[92m   Compiling[0m strck v0.1.2
2026-10-07T14:05:57.1135370Z [1m[92m   Compiling[0m bit-set v0.9.1
2026-10-07T14:05:57.3047550Z [1m[92m   Compiling[0m strck_ident v0.1.2
2026-10-07T14:05:57.4190030Z [1m[92m   Compiling[0m codespan-reporting v0.13.1
2026-10-07T14:05:58.3939730Z [1m[92m   Compiling[0m xattr v1.6.1
2026-10-07T14:05:58.4903760Z [1m[92m   Compiling[0m filetime v0.2.29
2026-10-07T14:05:58.8237680Z [1m[92m   Compiling[0m semver v1.0.28
2026-10-07T14:05:58.8795940Z [1m[92m   Compiling[0m alloc-no-stdlib v3.0.0
2026-10-07T14:05:59.0508010Z [1m[92m   Compiling[0m hexf-parse v0.2.1
2026-10-07T14:05:59.0982350Z [1m[92m   Compiling[0m encoding_c_mem v0.2.6
2026-10-07T14:05:59.2250130Z [1m[92m   Compiling[0m rustc-hash v1.1.0
2026-10-07T14:05:59.2919770Z [1m[92m   Compiling[0m ohos-deviceinfo-sys v0.1.8
2026-10-07T14:05:59.3622240Z [1m[92m   Compiling[0m zstd-safe v8.0.0
2026-10-07T14:05:59.3886560Z [1m[92m   Compiling[0m unicase v2.10.0
2026-10-07T14:05:59.4146240Z [1m[92m   Compiling[0m encoding_c v0.9.8
2026-10-07T14:05:59.4395620Z [1m[92m   Compiling[0m unicode-properties v0.1.4
2026-10-07T14:05:59.7534200Z [1m[92m   Compiling[0m mime_guess v2.0.5
2026-10-07T14:06:00.1358630Z [1m[92m   Compiling[0m rustc_version v0.4.1
2026-10-07T14:06:00.5683890Z [1m[92m   Compiling[0m diplomat_core v0.8.1
2026-10-07T14:06:00.6493130Z [1m[92m   Compiling[0m alloc-stdlib v0.3.0
2026-10-07T14:06:00.8469990Z [1m[92m   Compiling[0m tar v0.4.46
2026-10-07T14:06:02.1210500Z [1m[92m   Compiling[0m primefield v0.14.0
2026-10-07T14:06:02.4299380Z [1m[92m   Compiling[0m wgpu-types v29.0.4
2026-10-07T14:06:02.5189740Z [1m[92m   Compiling[0m sha1 v0.11.0
2026-10-07T14:06:02.7064060Z [1m[92m   Compiling[0m wgpu-hal v29.0.4
2026-10-07T14:06:02.9997070Z [1m[92m   Compiling[0m universal-hash v0.6.1
2026-10-07T14:06:03.2276140Z [1m[92m   Compiling[0m calendrical_calculations v0.1.3
2026-10-07T14:06:03.3200770Z [1m[92m   Compiling[0m object v0.37.3
2026-10-07T14:06:03.4197760Z [1m[92m   Compiling[0m diplomat v0.8.0
2026-10-07T14:06:04.2396650Z [1m[92m   Compiling[0m icu_calendar v1.5.2
2026-10-07T14:06:04.3686150Z [1m[92m   Compiling[0m wnaf v0.14.1
2026-10-07T14:06:04.7771650Z [1m[92m   Compiling[0m brotli-decompressor v6.0.1
2026-10-07T14:06:06.5506750Z [1m[92m   Compiling[0m mozjs_sys v140.14.0-0
2026-10-07T14:06:06.8272570Z [1m[92m   Compiling[0m curve25519-dalek v5.0.0
2026-10-07T14:06:07.4843460Z [1m[92m   Compiling[0m rfc6979 v0.6.0
2026-10-07T14:06:07.6940090Z [1m[92m   Compiling[0m objc2-quartz-core v0.3.2
2026-10-07T14:06:07.7790220Z [1m[92m   Compiling[0m objc2-core-graphics v0.3.2
2026-10-07T14:06:07.8067830Z [1m[92m   Compiling[0m icu_provider_adapters v1.5.0
2026-10-07T14:06:07.8069200Z [1m[92m   Compiling[0m html5ever v0.39.0
2026-10-07T14:06:07.8381530Z [1m[92m   Compiling[0m font-types v0.11.3
2026-10-07T14:06:08.4207050Z [1m[92m   Compiling[0m color v0.3.3
2026-10-07T14:06:08.6414320Z [1m[92m   Compiling[0m ahash v0.8.12
2026-10-07T14:06:08.9977840Z [1m[92m   Compiling[0m raw-window-metal v1.1.0
2026-10-07T14:06:09.3060170Z [1m[92m   Compiling[0m objc-sys v0.3.5
2026-10-07T14:06:09.5094300Z [1m[92m   Compiling[0m prettyplease v0.2.37
2026-10-07T14:06:09.5367860Z [1m[92m   Compiling[0m gimli v0.32.3
2026-10-07T14:06:09.8324700Z [1m[92m   Compiling[0m linebender_resource_handle v0.1.1
2026-10-07T14:06:09.8588710Z [1m[92m   Compiling[0m diplomat-runtime v0.8.3
2026-10-07T14:06:10.0340120Z [1m[92m   Compiling[0m icu_capi v1.5.0
2026-10-07T14:06:10.1011590Z [1m[92m   Compiling[0m peniko v0.6.1
2026-10-07T14:06:10.7030890Z [1m[92m   Compiling[0m objc2-core-video v0.3.2
2026-10-07T14:06:10.8128500Z [1m[92m   Compiling[0m objc2-core-text v0.3.2
2026-10-07T14:06:11.5956910Z [1m[92m   Compiling[0m zstd v0.14.0
2026-10-07T14:06:11.8251700Z [1m[92m   Compiling[0m read-fonts v0.39.2
2026-10-07T14:06:12.2457400Z [1m[92m   Compiling[0m ecdsa v0.17.0
2026-10-07T14:06:12.8887820Z [1m[92m   Compiling[0m objc2-app-kit v0.3.2
2026-10-07T14:06:13.1609900Z [1m[92m   Compiling[0m wgpu-naga-bridge v29.0.4
2026-10-07T14:06:13.5085920Z [1m[92m   Compiling[0m webrender v0.70.0
2026-10-07T14:06:13.6222420Z [1m[92m   Compiling[0m addr2line v0.25.1
2026-10-07T14:06:13.9244950Z [1m[92m   Compiling[0m servo-script-bindings v0.5.0 (https://github.com/servo/servo?rev=1d44e5dd6a8b64c02f9dbf7fcbdf4ebdd0740019#1d44e5dd)
2026-10-07T14:06:14.0464340Z [1m[92m   Compiling[0m brotli v9.0.0
2026-10-07T14:06:14.2538320Z [1m[92m   Compiling[0m primeorder v0.14.0
2026-10-07T14:06:14.7104070Z [1m[92m   Compiling[0m chrono v0.4.45
2026-10-07T14:06:14.9379320Z [1m[92m   Compiling[0m shake v0.1.0
2026-10-07T14:06:15.0666080Z [1m[92m   Compiling[0m libsqlite3-sys v0.36.0
2026-10-07T14:06:15.1123860Z [1m[92m   Compiling[0m webpki-roots v1.0.9
2026-10-07T14:06:15.1523240Z [1m[92m   Compiling[0m aead v0.6.1
2026-10-07T14:06:15.3105070Z [1m[92m   Compiling[0m wgpu-core v29.0.4
2026-10-07T14:06:15.4126430Z [1m[92m   Compiling[0m guillotiere v0.7.0
2026-10-07T14:06:15.5839750Z [1m[92m   Compiling[0m curve25519-dalek-derive v0.1.1
2026-10-07T14:06:15.9217670Z [1m[92m   Compiling[0m core-foundation v0.10.1
2026-10-07T14:06:16.0829770Z [1m[92m   Compiling[0m security-framework-sys v2.17.0
2026-10-07T14:06:16.4419500Z [1m[92m   Compiling[0m futures-io v0.3.34
2026-10-07T14:06:16.4992210Z [1m[92m   Compiling[0m data-encoding v2.11.1
2026-10-07T14:06:16.7177770Z [1m[92m   Compiling[0m fst v0.4.7
2026-10-07T14:06:16.7280640Z [1m[92m   Compiling[0m litrs v1.0.0
2026-10-07T14:06:16.7634300Z [1m[92m   Compiling[0m compression-core v0.4.33
2026-10-07T14:06:17.0074680Z [1m[92m   Compiling[0m rustc-demangle v0.1.28
2026-10-07T14:06:17.1793020Z [1m[92m   Compiling[0m fearless_simd v0.4.1
2026-10-07T14:06:17.7000780Z [1m[92m   Compiling[0m document-features v0.2.12
2026-10-07T14:06:18.2069630Z [1m[92m   Compiling[0m wgpu-core-deps-apple v29.0.4
2026-10-07T14:06:18.3464170Z [1m[92m   Compiling[0m security-framework v3.7.0
2026-10-07T14:06:20.3769800Z [1m[92m   Compiling[0m compression-codecs v0.4.45
2026-10-07T14:06:20.6577050Z [1m[92m   Compiling[0m backtrace v0.3.76
2026-10-07T14:06:22.9871160Z [1m[92m   Compiling[0m mozangle v0.6.0
2026-10-07T14:06:23.1344650Z [1m[92m   Compiling[0m polyval v0.7.3
2026-10-07T14:06:23.4094350Z [1m[92m   Compiling[0m skrifa v0.42.1
2026-10-07T14:06:23.5608880Z [1m[92m   Compiling[0m hash2curve v0.14.0
2026-10-07T14:06:23.6870810Z [1m[92m   Compiling[0m ed448 v0.5.0
2026-10-07T14:06:23.8718680Z [1m[92m   Compiling[0m aes v0.9.3
2026-10-07T14:06:23.9529110Z [1m[92m   Compiling[0m phc v0.6.1
2026-10-07T14:06:24.1051260Z [1m[92m   Compiling[0m ctr v0.10.1
2026-10-07T14:06:24.3050170Z [1m[92m   Compiling[0m wgpu v29.0.4
2026-10-07T14:06:24.4351220Z [1m[92m   Compiling[0m module-lattice v0.2.3
2026-10-07T14:06:24.8016690Z [1m[92m   Compiling[0m vello_common v0.0.9
2026-10-07T14:06:24.8959490Z [1m[92m   Compiling[0m heck v0.4.1
2026-10-07T14:06:24.9257150Z [1m[92m   Compiling[0m sync_wrapper v1.0.2
2026-10-07T14:06:25.0720930Z [1m[92m   Compiling[0m tower-layer v0.3.3
2026-10-07T14:06:25.2610820Z [1m[92m   Compiling[0m sea-query-derive v1.0.0
2026-10-07T14:06:25.2899260Z [1m[92m   Compiling[0m tempfile v3.27.0
2026-10-07T14:06:25.3187750Z [1m[92m   Compiling[0m password-hash v0.6.1
2026-10-07T14:06:25.3763110Z [1m[92m   Compiling[0m tower v0.5.3
2026-10-07T14:06:25.5696090Z [1m[92m   Compiling[0m ed448-goldilocks v0.14.0-pre.15
2026-10-07T14:06:25.9676740Z [1m[92m   Compiling[0m servo-dom-struct v0.5.0 (https://github.com/servo/servo?rev=1d44e5dd6a8b64c02f9dbf7fcbdf4ebdd0740019#1d44e5dd)
2026-10-07T14:06:26.1287410Z [1m[92m   Compiling[0m ghash v0.6.0
2026-10-07T14:06:26.3457900Z [1m[92m   Compiling[0m mozjs v0.21.6
2026-10-07T14:06:26.7167580Z [1m[92m   Compiling[0m objc2 v0.5.3
2026-10-07T14:06:26.7559620Z [1m[92m   Compiling[0m quick_cache v0.6.24
2026-10-07T14:06:27.6373620Z [1m[92m   Compiling[0m async-compression v0.4.50
2026-10-07T14:06:28.5495880Z [1m[92m   Compiling[0m glifo v0.1.1
2026-10-07T14:06:28.9092820Z [1m[92m   Compiling[0m futures v0.3.34
2026-10-07T14:06:29.0455090Z [1m[92m   Compiling[0m poly1305 v0.9.1
2026-10-07T14:06:29.3613320Z [1m[92m   Compiling[0m crypto-primes v0.7.2
2026-10-07T14:06:29.3959660Z [1m[92m   Compiling[0m sha3 v0.11.0
2026-10-07T14:06:29.6961340Z [1m[92m   Compiling[0m ed25519 v3.0.0
2026-10-07T14:06:29.8956960Z [1m[92m   Compiling[0m hashlink v0.11.1
2026-10-07T14:06:29.9431500Z [1m[92m   Compiling[0m pkcs1 v0.8.0-rc.4
2026-10-07T14:06:30.2338760Z [1m[92m   Compiling[0m http-body-util v0.1.5
2026-10-07T14:06:30.2804880Z [1m[92m   Compiling[0m nom-language v0.1.0
2026-10-07T14:06:30.4981930Z [1m[92m   Compiling[0m blake2 v0.11.0
2026-10-07T14:06:30.6453900Z [1m[92m   Compiling[0m tokio-stream v0.1.19
2026-10-07T14:06:30.7272200Z [1m[92m   Compiling[0m xml5ever v0.39.0
2026-10-07T14:06:30.8003140Z [1m[92m   Compiling[0m kem v0.3.0
2026-10-07T14:06:30.8285090Z [1m[92m   Compiling[0m dbl v0.5.0
2026-10-07T14:06:30.9959760Z [1m[92m   Compiling[0m async-recursion v1.2.0
2026-10-07T14:06:31.0279520Z [1m[92m   Compiling[0m servo-deny-public-fields v0.5.0 (https://github.com/servo/servo?rev=1d44e5dd6a8b64c02f9dbf7fcbdf4ebdd0740019#1d44e5dd)
2026-10-07T14:06:31.4137260Z [1m[92m   Compiling[0m servo-jstraceable-derive v0.5.0 (https://github.com/servo/servo?rev=1d44e5dd6a8b64c02f9dbf7fcbdf4ebdd0740019#1d44e5dd)
2026-10-07T14:06:31.4808990Z [1m[92m   Compiling[0m ordered-channel v1.2.0
2026-10-07T14:06:31.5606140Z [1m[92m   Compiling[0m grafting v0.6.0
2026-10-07T14:06:31.6503510Z [1m[92m   Compiling[0m thread_local v1.1.10
2026-10-07T14:06:31.6832490Z [1m[92m   Compiling[0m fallible-streaming-iterator v0.1.9
2026-10-07T14:06:31.9497190Z [1m[92m   Compiling[0m utf8parse v0.2.2
2026-10-07T14:06:31.9786490Z [1m[92m   Compiling[0m imsz v0.4.1
2026-10-07T14:06:32.0109850Z [1m[92m   Compiling[0m fallible-iterator v0.3.0
2026-10-07T14:06:32.0661350Z [1m[92m   Compiling[0m servo-script v0.5.0 (https://github.com/servo/servo?rev=1d44e5dd6a8b64c02f9dbf7fcbdf4ebdd0740019#1d44e5dd)
2026-10-07T14:06:32.1380090Z [1m[92m   Compiling[0m rsa v0.10.0-rc.18
2026-10-07T14:06:32.1621630Z [1m[92m   Compiling[0m anstyle-parse v1.0.0
2026-10-07T14:06:32.2083060Z [1m[92m   Compiling[0m vello_cpu v0.0.9
2026-10-07T14:06:32.4148630Z [1m[92m   Compiling[0m ocb3 v0.2.0-rc.3
2026-10-07T14:06:32.4684320Z [1m[92m   Compiling[0m ml-kem v0.3.2
2026-10-07T14:06:32.4976470Z [1m[92m   Compiling[0m argon2 v0.6.0-rc.8
2026-10-07T14:06:32.7181540Z [1m[92m   Compiling[0m rusqlite v0.38.0
2026-10-07T14:06:32.7431610Z [1m[92m   Compiling[0m nom-rfc8288 v0.4.0
2026-10-07T14:06:32.7440520Z [1m[92m   Compiling[0m ed25519-dalek v3.0.0
2026-10-07T14:06:33.1951390Z [1m[92m   Compiling[0m servo-devtools v0.5.0 (https://github.com/servo/servo?rev=1d44e5dd6a8b64c02f9dbf7fcbdf4ebdd0740019#1d44e5dd)
2026-10-07T14:06:33.3222610Z [1m[92m   Compiling[0m chacha20poly1305 v0.11.0
2026-10-07T14:06:33.5351590Z [1m[92m   Compiling[0m block2 v0.5.1
2026-10-07T14:06:33.5967210Z [1m[92m   Compiling[0m x448 v0.14.0-pre.12
2026-10-07T14:06:33.6679160Z [1m[92m   Compiling[0m sea-query v1.0.2
2026-10-07T14:06:33.8890580Z [1m[92m   Compiling[0m aes-gcm v0.11.1
2026-10-07T14:06:33.9236700Z [1m[92m   Compiling[0m ml-dsa v0.1.1
2026-10-07T14:06:34.0272320Z [1m[92m   Compiling[0m aes-kw v0.3.1
2026-10-07T14:06:34.1864030Z [1m[92m   Compiling[0m x25519-dalek v3.0.0
2026-10-07T14:06:34.2661860Z [1m[92m   Compiling[0m p521 v0.14.0
2026-10-07T14:06:34.3550420Z [1m[92m   Compiling[0m p384 v0.14.0
2026-10-07T14:06:34.4382960Z [1m[92m   Compiling[0m p256 v0.14.0
2026-10-07T14:06:34.6881350Z [1m[92m   Compiling[0m servo-webvtt v0.5.0 (https://github.com/servo/servo?rev=1d44e5dd6a8b64c02f9dbf7fcbdf4ebdd0740019#1d44e5dd)
2026-10-07T14:06:34.7877740Z [1m[92m   Compiling[0m k12 v0.5.1
2026-10-07T14:06:35.1375210Z [1m[92m   Compiling[0m sha3 v0.12.0
2026-10-07T14:06:35.2709460Z [1m[92m   Compiling[0m turboshake v0.7.1
2026-10-07T14:06:35.4717390Z [1m[92m   Compiling[0m cshake v0.2.1
2026-10-07T14:06:35.5527540Z [1m[92m   Compiling[0m brotli v8.0.4
2026-10-07T14:06:35.6945120Z [1m[92m   Compiling[0m cbc v0.2.1
2026-10-07T14:06:35.7246300Z [1m[92m   Compiling[0m chardetng v0.1.17
2026-10-07T14:06:35.9326350Z [1m[92m   Compiling[0m anstyle-query v1.1.5
2026-10-07T14:06:36.0952280Z [1m[92m   Compiling[0m dispatch v0.2.0
2026-10-07T14:06:36.4111950Z [1m[92m   Compiling[0m jiff-core v0.1.1
2026-10-07T14:06:36.4502950Z [1m[92m   Compiling[0m colorchoice v1.0.5
2026-10-07T14:06:36.6214240Z [1m[92m   Compiling[0m anstyle v1.0.14
2026-10-07T14:06:37.0502650Z [1m[92m   Compiling[0m seq-macro v0.3.6
2026-10-07T14:06:37.2428930Z [1m[92m   Compiling[0m is_terminal_polyfill v1.70.2
2026-10-07T14:06:37.2854980Z [1m[92m   Compiling[0m buf-read-ext v0.4.0
2026-10-07T14:06:37.4010280Z [1m[92m   Compiling[0m swapper v0.1.0
2026-10-07T14:06:37.4699240Z [1m[92m   Compiling[0m anstream v1.0.0
2026-10-07T14:06:37.5924230Z [1m[92m   Compiling[0m sea-query-rusqlite v0.8.0
2026-10-07T14:06:37.8456680Z [1m[92m   Compiling[0m objc2-foundation v0.2.2
2026-10-07T14:06:38.0958090Z [1m[92m   Compiling[0m winit v0.30.13
2026-10-07T14:06:38.1312960Z [1m[92m   Compiling[0m objc2-core-audio v0.3.2
2026-10-07T14:06:38.4137850Z [1m[92m   Compiling[0m jiff v0.2.38
2026-10-07T14:06:38.5573360Z [1m[92m   Compiling[0m env_filter v2.0.0
2026-10-07T14:06:38.6831360Z [1m[92m   Compiling[0m objc2-core-audio-types v0.3.2
2026-10-07T14:06:39.2548100Z [1m[92m   Compiling[0m gaol v0.2.1
2026-10-07T14:06:39.3986170Z [1m[92m   Compiling[0m by_address v1.2.1
2026-10-07T14:06:39.5741470Z [1m[92m   Compiling[0m unicode_categories v0.1.1
2026-10-07T14:06:39.8958480Z [1m[92m   Compiling[0m palette_derive v0.7.7
2026-10-07T14:06:39.9227280Z [1m[92m   Compiling[0m objc2-core-media v0.3.2
2026-10-07T14:06:41.4872980Z [1m[92m   Compiling[0m objc2-av-foundation v0.3.2
2026-10-07T14:06:41.6090940Z [1m[92m   Compiling[0m objc2-uniform-type-identifiers v0.3.2
2026-10-07T14:06:41.6459320Z [1m[92m   Compiling[0m objc2-security v0.3.2
2026-10-07T14:06:41.6710590Z [1m[92m   Compiling[0m objc2-javascript-core v0.3.2
2026-10-07T14:06:42.0103150Z [1m[92m   Compiling[0m scrying v0.7.2
2026-10-07T14:06:42.0535580Z [1m[92m   Compiling[0m palette_math v0.7.7
2026-10-07T14:06:42.0886750Z [1m[92m   Compiling[0m cursor-icon v1.2.0
2026-10-07T14:06:42.3147460Z [1m[92m   Compiling[0m welding v0.14.1
2026-10-07T14:06:42.3550630Z [1m[92m   Compiling[0m smol_str v0.2.2
2026-10-07T14:06:42.3888790Z [1m[92m   Compiling[0m palette v0.7.7
2026-10-07T14:06:42.7856330Z [1m[92m   Compiling[0m objc2-screen-capture-kit v0.3.2
2026-10-07T14:06:42.8199500Z [1m[92m   Compiling[0m demo-servo-winit v0.1.0 (/Users/markik/actions-runner-wgpu/_work/_temp/registry-triplet/graft/demo)
2026-10-07T14:06:43.2563710Z [1m[92m   Compiling[0m env_logger v0.11.11
2026-10-07T14:06:44.1142630Z [1m[92m   Compiling[0m demo-support v0.1.0 (/Users/markik/actions-runner-wgpu/_work/_temp/registry-triplet/graft/demo-support)
2026-10-07T14:06:44.2443000Z [1m[92m   Compiling[0m pollster v0.4.0
2026-10-07T14:06:45.8412430Z [1m[92m   Compiling[0m objc2-app-kit v0.2.2
2026-10-07T14:07:10.3353760Z [1m[92m   Compiling[0m arboard v3.6.1
2026-10-07T14:07:11.1607380Z [1m[92m   Compiling[0m objc2-web-kit v0.3.2
2026-10-07T14:07:28.0843710Z [1m[92m   Compiling[0m rustls-webpki v0.103.15
2026-10-07T14:07:33.7721940Z [1m[92m   Compiling[0m tikv-jemallocator v0.6.1
2026-10-07T14:07:33.8689020Z [1m[92m   Compiling[0m servo-allocator v0.5.0 (https://github.com/servo/servo?rev=1d44e5dd6a8b64c02f9dbf7fcbdf4ebdd0740019#1d44e5dd)
2026-10-07T14:07:34.7438180Z [1m[92m   Compiling[0m tokio-rustls v0.26.6
2026-10-07T14:07:34.7438640Z [1m[92m   Compiling[0m tungstenite v0.30.0
2026-10-07T14:07:34.7439090Z [1m[92m   Compiling[0m rustls-platform-verifier v0.7.1
2026-10-07T14:07:35.0516560Z [1m[92m   Compiling[0m hyper-rustls v0.27.10
2026-10-07T14:07:35.7357060Z [1m[92m   Compiling[0m async-tungstenite v0.35.0
2026-10-07T14:07:44.7834200Z [1m[92m   Compiling[0m servo-malloc-size-of v0.5.0 (https://github.com/servo/servo?rev=1d44e5dd6a8b64c02f9dbf7fcbdf4ebdd0740019#1d44e5dd)
2026-10-07T14:07:45.3409080Z [1m[92m   Compiling[0m servo-base v0.5.0 (https://github.com/servo/servo?rev=1d44e5dd6a8b64c02f9dbf7fcbdf4ebdd0740019#1d44e5dd)
2026-10-07T14:07:45.3410270Z [1m[92m   Compiling[0m servo-url v0.5.0 (https://github.com/servo/servo?rev=1d44e5dd6a8b64c02f9dbf7fcbdf4ebdd0740019#1d44e5dd)
2026-10-07T14:07:45.3411370Z [1m[92m   Compiling[0m servo-geometry v0.5.0 (https://github.com/servo/servo?rev=1d44e5dd6a8b64c02f9dbf7fcbdf4ebdd0740019#1d44e5dd)
2026-10-07T14:07:45.3412510Z [1m[92m   Compiling[0m servo-media-streams v0.5.0 (https://github.com/servo/servo?rev=1d44e5dd6a8b64c02f9dbf7fcbdf4ebdd0740019#1d44e5dd)
2026-10-07T14:07:45.3413650Z [1m[92m   Compiling[0m servo-media-traits v0.5.0 (https://github.com/servo/servo?rev=1d44e5dd6a8b64c02f9dbf7fcbdf4ebdd0740019#1d44e5dd)
2026-10-07T14:07:45.3414790Z [1m[92m   Compiling[0m servo-timers v0.5.0 (https://github.com/servo/servo?rev=1d44e5dd6a8b64c02f9dbf7fcbdf4ebdd0740019#1d44e5dd)
2026-10-07T14:07:45.3415860Z [1m[92m   Compiling[0m servo-xpath v0.5.0 (https://github.com/servo/servo?rev=1d44e5dd6a8b64c02f9dbf7fcbdf4ebdd0740019#1d44e5dd)
2026-10-07T14:07:45.8371960Z [1m[92m   Compiling[0m servo-media-webrtc v0.5.0 (https://github.com/servo/servo?rev=1d44e5dd6a8b64c02f9dbf7fcbdf4ebdd0740019#1d44e5dd)
2026-10-07T14:07:46.7422500Z [1m[92m   Compiling[0m servo-profile-traits v0.5.0 (https://github.com/servo/servo?rev=1d44e5dd6a8b64c02f9dbf7fcbdf4ebdd0740019#1d44e5dd)
2026-10-07T14:07:46.7424420Z [1m[92m   Compiling[0m servo-pixels v0.5.0 (https://github.com/servo/servo?rev=1d44e5dd6a8b64c02f9dbf7fcbdf4ebdd0740019#1d44e5dd)
2026-10-07T14:07:46.7426310Z [1m[92m   Compiling[0m servo-media-player v0.5.0 (https://github.com/servo/servo?rev=1d44e5dd6a8b64c02f9dbf7fcbdf4ebdd0740019#1d44e5dd)
2026-10-07T14:07:46.7428010Z [1m[92m   Compiling[0m servo-background-hang-monitor-api v0.5.0 (https://github.com/servo/servo?rev=1d44e5dd6a8b64c02f9dbf7fcbdf4ebdd0740019#1d44e5dd)
2026-10-07T14:07:47.4136280Z [1m[92m   Compiling[0m servo-background-hang-monitor v0.5.0 (https://github.com/servo/servo?rev=1d44e5dd6a8b64c02f9dbf7fcbdf4ebdd0740019#1d44e5dd)
2026-10-07T14:07:47.4970310Z [1m[92m   Compiling[0m servo-media-audio v0.5.0 (https://github.com/servo/servo?rev=1d44e5dd6a8b64c02f9dbf7fcbdf4ebdd0740019#1d44e5dd)
2026-10-07T14:07:47.7860810Z [1m[92m   Compiling[0m servo-fonts-traits v0.5.0 (https://github.com/servo/servo?rev=1d44e5dd6a8b64c02f9dbf7fcbdf4ebdd0740019#1d44e5dd)
2026-10-07T14:07:47.7862740Z [1m[92m   Compiling[0m servo-storage-traits v0.5.0 (https://github.com/servo/servo?rev=1d44e5dd6a8b64c02f9dbf7fcbdf4ebdd0740019#1d44e5dd)
2026-10-07T14:07:47.7864610Z [1m[92m   Compiling[0m servo-profile v0.5.0 (https://github.com/servo/servo?rev=1d44e5dd6a8b64c02f9dbf7fcbdf4ebdd0740019#1d44e5dd)
2026-10-07T14:07:49.7584730Z [1m[92m   Compiling[0m servo-media v0.5.0 (https://github.com/servo/servo?rev=1d44e5dd6a8b64c02f9dbf7fcbdf4ebdd0740019#1d44e5dd)
2026-10-07T14:07:50.2276070Z [1m[92m   Compiling[0m servo-media-dummy v0.5.0 (https://github.com/servo/servo?rev=1d44e5dd6a8b64c02f9dbf7fcbdf4ebdd0740019#1d44e5dd)
2026-10-07T14:07:52.4053730Z [1m[92m   Compiling[0m servo-paint-api v0.5.0 (https://github.com/servo/servo?rev=1d44e5dd6a8b64c02f9dbf7fcbdf4ebdd0740019#1d44e5dd)
2026-10-07T14:07:52.4055820Z [1m[92m   Compiling[0m servo-webxr-api v0.5.0 (https://github.com/servo/servo?rev=1d44e5dd6a8b64c02f9dbf7fcbdf4ebdd0740019#1d44e5dd)
2026-10-07T14:07:52.4057720Z [1m[92m   Compiling[0m servo-wakelock v0.5.0 (https://github.com/servo/servo?rev=1d44e5dd6a8b64c02f9dbf7fcbdf4ebdd0740019#1d44e5dd)
2026-10-07T14:07:52.4059690Z [1m[92m   Compiling[0m servo-default-resources v0.5.0 (https://github.com/servo/servo?rev=1d44e5dd6a8b64c02f9dbf7fcbdf4ebdd0740019#1d44e5dd)
2026-10-07T14:07:54.7631760Z [1m[92m   Compiling[0m servo-net-traits v0.5.0 (https://github.com/servo/servo?rev=1d44e5dd6a8b64c02f9dbf7fcbdf4ebdd0740019#1d44e5dd)
2026-10-07T14:07:54.7633050Z [1m[92m   Compiling[0m servo-media-thread v0.5.0 (https://github.com/servo/servo?rev=1d44e5dd6a8b64c02f9dbf7fcbdf4ebdd0740019#1d44e5dd)
2026-10-07T14:07:54.9344660Z [1m[92m   Compiling[0m servo-canvas-traits v0.5.0 (https://github.com/servo/servo?rev=1d44e5dd6a8b64c02f9dbf7fcbdf4ebdd0740019#1d44e5dd)
2026-10-07T14:07:58.1933250Z [1m[92m   Compiling[0m servo-devtools-traits v0.5.0 (https://github.com/servo/servo?rev=1d44e5dd6a8b64c02f9dbf7fcbdf4ebdd0740019#1d44e5dd)
2026-10-07T14:07:58.1934430Z [1m[92m   Compiling[0m servo-fonts v0.5.0 (https://github.com/servo/servo?rev=1d44e5dd6a8b64c02f9dbf7fcbdf4ebdd0740019#1d44e5dd)
2026-10-07T14:07:58.1935500Z [1m[92m   Compiling[0m servo-storage v0.5.0 (https://github.com/servo/servo?rev=1d44e5dd6a8b64c02f9dbf7fcbdf4ebdd0740019#1d44e5dd)
2026-10-07T14:07:59.0783050Z [1m[92m   Compiling[0m servo-webgl v0.5.0 (https://github.com/servo/servo?rev=1d44e5dd6a8b64c02f9dbf7fcbdf4ebdd0740019#1d44e5dd)
2026-10-07T14:08:00.3295390Z [1m[92m   Compiling[0m servo-canvas v0.5.0 (https://github.com/servo/servo?rev=1d44e5dd6a8b64c02f9dbf7fcbdf4ebdd0740019#1d44e5dd)
2026-10-07T14:08:00.4356790Z [1m[92m   Compiling[0m servo-constellation-traits v0.5.0 (https://github.com/servo/servo?rev=1d44e5dd6a8b64c02f9dbf7fcbdf4ebdd0740019#1d44e5dd)
2026-10-07T14:08:04.1932950Z [1m[92m   Compiling[0m servo-net v0.5.0 (https://github.com/servo/servo?rev=1d44e5dd6a8b64c02f9dbf7fcbdf4ebdd0740019#1d44e5dd)
2026-10-07T14:08:04.1934170Z [1m[92m   Compiling[0m servo-script-traits v0.5.0 (https://github.com/servo/servo?rev=1d44e5dd6a8b64c02f9dbf7fcbdf4ebdd0740019#1d44e5dd)
2026-10-07T14:08:04.1935300Z [1m[92m   Compiling[0m servo-paint v0.5.0 (https://github.com/servo/servo?rev=1d44e5dd6a8b64c02f9dbf7fcbdf4ebdd0740019#1d44e5dd)
2026-10-07T14:08:05.4332540Z [1m[92m   Compiling[0m servo-layout-api v0.5.0 (https://github.com/servo/servo?rev=1d44e5dd6a8b64c02f9dbf7fcbdf4ebdd0740019#1d44e5dd)
2026-10-07T14:08:05.4335160Z [1m[92m   Compiling[0m servo-metrics v0.5.0 (https://github.com/servo/servo?rev=1d44e5dd6a8b64c02f9dbf7fcbdf4ebdd0740019#1d44e5dd)
2026-10-07T14:08:06.7481020Z [1m[92m   Compiling[0m servo-constellation v0.5.0 (https://github.com/servo/servo?rev=1d44e5dd6a8b64c02f9dbf7fcbdf4ebdd0740019#1d44e5dd)
2026-10-07T14:09:33.2877860Z [1m[92m   Compiling[0m servo-layout v0.5.0 (https://github.com/servo/servo?rev=1d44e5dd6a8b64c02f9dbf7fcbdf4ebdd0740019#1d44e5dd)
2026-10-07T14:09:39.6654640Z [1m[92m   Compiling[0m servo v0.5.0 (https://github.com/servo/servo?rev=1d44e5dd6a8b64c02f9dbf7fcbdf4ebdd0740019#1d44e5dd)
2026-10-07T14:09:41.8242370Z [1m[92m   Compiling[0m servo-wgpu-interop-adapter v0.1.0 (/Users/markik/actions-runner-wgpu/_work/_temp/registry-triplet/graft/adapter)
2026-10-07T14:10:16.0013610Z [1m[92m    Finished[0m `dev` profile [unoptimized + debuginfo] target(s) in 5m 24s
2026-10-07T14:10:24.2373350Z demo url: file:///Users/markik/actions-runner-wgpu/_work/_temp/registry-triplet/graft/demo/fixtures/smoke.html
2026-10-07T14:10:24.2374040Z host backend: Metal
2026-10-07T14:10:24.2375040Z capabilities: CapabilityMatrix { host_backend: Metal, gl_framebuffer_source: Supported, vulkan_external_image: Unsupported(HostBackendMismatch), metal_texture_ref: Supported, dx12_shared_texture: Unsupported(HostBackendMismatch) }
2026-10-07T14:10:24.2376450Z [servo] URL changed: file:///Users/markik/actions-runner-wgpu/_work/_temp/registry-triplet/graft/demo/fixtures/smoke.html
2026-10-07T14:10:24.2377170Z GRAFT DEMO SMOKE initial pixel=[23, 97, 181, 255] size=1024x600
2026-10-07T14:10:24.2377750Z GRAFT DEMO SMOKE PASS path=GPU-import frames=42 pixel=[221, 79, 54, 255] size=960x640
2026-10-07T14:10:24.2405910Z [wgpu] backend: Metal
2026-10-07T14:10:24.2438750Z Deterministic macOS smoke passed.
2026-10-07T14:10:24.4406560Z ##[group]Run # ScreenCaptureKit authorization for the unsigned demo is attached to
2026-10-07T14:10:24.4407320Z [36;1m# ScreenCaptureKit authorization for the unsigned demo is attached to[0m
2026-10-07T14:10:24.4407920Z [36;1m# its stable executable path on this host. Cargo still fingerprints[0m
2026-10-07T14:10:24.4408440Z [36;1m# and rebuilds the fresh registry consumer at that path.[0m
2026-10-07T14:10:24.4408970Z [36;1mexport CARGO_TARGET_DIR="/Users/markik/Code/targets/wgpu-scry-hardware"[0m
2026-10-07T14:10:24.4409530Z [36;1m# A logged-in runner can keep its WindowServer session while the[0m
2026-10-07T14:10:24.4410060Z [36;1m# display becomes idle. SCK then emits status-only samples. Wake the[0m
2026-10-07T14:10:24.4410590Z [36;1m# display and hold the headed session awake for the battery.[0m
2026-10-07T14:10:24.4411000Z [36;1mcaffeinate -u -t 5 &[0m
2026-10-07T14:10:24.4411260Z [36;1msleep 2[0m
2026-10-07T14:10:24.4411480Z [36;1mset -o pipefail[0m
2026-10-07T14:10:24.4412160Z [36;1mcaffeinate -dims bash "$RUNNER_TEMP/registry-triplet/scry/scripts/test-mac.sh" 2>&1 | tee "$RUNNER_TEMP/registry-scry-$PROOF_HOST.log"[0m
2026-10-07T14:10:24.4489730Z shell: /bin/bash -e {0}
2026-10-07T14:10:24.4490000Z env:
2026-10-07T14:10:24.4490220Z   CARGO_NET_GIT_FETCH_WITH_CLI: true
2026-10-07T14:10:24.4490520Z   RUSTFLAGS: -D warnings
2026-10-07T14:10:24.4490770Z   GRAFTING_VERSION: 0.6.0
2026-10-07T14:10:24.4491020Z   SCRYING_VERSION: 0.7.2
2026-10-07T14:10:24.4491260Z   WELDING_VERSION: 0.14.1
2026-10-07T14:10:24.4491570Z   SCRY_SOURCE_REF: 4d8d1d3f8dd450b712960c90b74263a45b46e35b
2026-10-07T14:10:24.4491990Z   WELD_SOURCE_REF: c7b7b4c52138643e22580a918542e8e036a0b24a
2026-10-07T14:10:24.4492340Z   WGPU_BACKEND: metal
2026-10-07T14:10:24.4492620Z   CEF_PATH: /Users/markik/Code/cef-cache/wgpu-weld
2026-10-07T14:10:24.4492950Z   CAPTURE: 1
2026-10-07T14:10:24.4493160Z   TIMEOUT: 90
2026-10-07T14:10:24.4493360Z   VISIBLE: 1
2026-10-07T14:10:24.4493580Z   WELD_SKIP_CASES: popup
2026-10-07T14:10:24.4493830Z   PROOF_HOST: intel
2026-10-07T14:10:24.4494080Z   CARGO_HOME: /Users/markik/.cargo
2026-10-07T14:10:24.4494360Z   CARGO_INCREMENTAL: 0
2026-10-07T14:10:24.4494990Z   CARGO_TERM_COLOR: always
2026-10-07T14:10:24.4496210Z   UV_PYTHON_INSTALL_DIR: /Users/markik/.local/share/uv/python
2026-10-07T14:10:24.4496610Z ##[endgroup]
2026-10-07T14:10:28.4932080Z ==> ScreenCaptureKit display-awake hold active
2026-10-07T14:10:28.4932590Z ==> building demo-mac
2026-10-07T14:11:44.4492270Z ==> code-signing identity: -
2026-10-07T14:11:44.4627150Z Executable=/Users/markik/Code/targets/wgpu-scry-hardware/debug/scry-demo-mac-hardware.app/Contents/MacOS/demo-mac
2026-10-07T14:11:44.4627980Z designated => identifier "org.merely.scry.hardware-demo"
2026-10-07T14:11:44.4631750Z ==> LaunchServices app: /Users/markik/Code/targets/wgpu-scry-hardware/debug/scry-demo-mac-hardware.app
2026-10-07T14:11:44.4634660Z 
2026-10-07T14:11:44.4634880Z ==> --scripted
2026-10-07T14:11:49.8785580Z demo-mac: nav event: Starting { url: "about:blank" }
2026-10-07T14:11:49.8786190Z demo-mac: nav event: SourceChanged { url: "about:blank" }
2026-10-07T14:11:49.8786660Z demo-mac: js->host: ready
2026-10-07T14:11:49.8787100Z demo-mac: scripted: page ready
2026-10-07T14:11:49.8787560Z demo-mac: nav event: Completed { url: "about:blank", success: true }
2026-10-07T14:11:49.8788120Z demo-mac: nav event: TitleChanged { title: "scrying-test" }
2026-10-07T14:11:49.8788620Z demo-mac: js->host: echo:ping-from-host
2026-10-07T14:11:49.8789030Z demo-mac: scripted: JS echoed host message
2026-10-07T14:11:49.8789510Z demo-mac: scripted: 6 ScrollWheel events dispatched without error
2026-10-07T14:11:49.8790000Z demo-mac: cursor change: Default
2026-10-07T14:11:49.8790470Z demo-mac: scripted: 3 KeyDown/KeyUp pairs dispatched without error
2026-10-07T14:11:49.8791420Z demo-mac: scripted: PASS — slices E + G + I + cursor handler verified at runtime
2026-10-07T14:11:49.8791990Z   - cursor handler fired 1 time(s) over the run
2026-10-07T14:11:49.8823960Z   -> PASS
2026-10-07T14:11:49.8856190Z 
2026-10-07T14:11:49.8856690Z ==> --browser-test
2026-10-07T14:11:51.2765070Z demo-mac: nav event: Starting { url: "scrying-test://history-1" }
2026-10-07T14:11:51.2765860Z demo-mac: nav event: SourceChanged { url: "scrying-test://history-1" }
2026-10-07T14:11:51.2766430Z demo-mac: js->host: loaded:history-1
2026-10-07T14:11:51.2766840Z demo-mac: browser-test: history-1 loaded
2026-10-07T14:11:51.2767430Z demo-mac: nav event: Completed { url: "scrying-test://history-1", success: true }
2026-10-07T14:11:51.2768060Z demo-mac: nav event: Starting { url: "scrying-test://history-2" }
2026-10-07T14:11:51.2768700Z demo-mac: nav event: SourceChanged { url: "scrying-test://history-2" }
2026-10-07T14:11:51.2769230Z demo-mac: js->host: loaded:history-2
2026-10-07T14:11:51.2769630Z demo-mac: browser-test: history-2 loaded
2026-10-07T14:11:51.2770170Z demo-mac: nav event: Completed { url: "scrying-test://history-2", success: true }
2026-10-07T14:11:51.2770810Z demo-mac: nav event: Starting { url: "scrying-test://history-1" }
2026-10-07T14:11:51.2771400Z demo-mac: nav event: SourceChanged { url: "scrying-test://history-1" }
2026-10-07T14:11:51.2772100Z demo-mac: nav event: Completed { url: "scrying-test://history-1", success: true }
2026-10-07T14:11:51.2772710Z demo-mac: browser-test: go_back navigated to history-1
2026-10-07T14:11:51.2773250Z demo-mac: nav event: Starting { url: "scrying-test://history-2" }
2026-10-07T14:11:51.2773830Z demo-mac: nav event: SourceChanged { url: "scrying-test://history-2" }
2026-10-07T14:11:51.2774480Z demo-mac: nav event: Completed { url: "scrying-test://history-2", success: true }
2026-10-07T14:11:51.2775090Z demo-mac: browser-test: go_forward navigated to history-2
2026-10-07T14:11:51.2775560Z demo-mac: browser-test: apply_settings ok
2026-10-07T14:11:51.2776060Z demo-mac: nav event: Starting { url: "scrying-test://find-target" }
2026-10-07T14:11:51.2776670Z demo-mac: nav event: SourceChanged { url: "scrying-test://find-target" }
2026-10-07T14:11:51.2777330Z demo-mac: js->host: loaded:find-target
2026-10-07T14:11:51.2777860Z demo-mac: nav event: Completed { url: "scrying-test://find-target", success: true }
2026-10-07T14:11:51.2779110Z demo-mac: browser-test: find_in_page matched
2026-10-07T14:11:51.2779550Z demo-mac: browser-test: PDF rendered (12150 bytes)
2026-10-07T14:11:51.2780290Z demo-mac: browser-test: PASS — items 1, 3, 4, 9 verified at runtime
2026-10-07T14:11:51.2780890Z   - history controls (go_back/go_forward observed via SourceChanged events)
2026-10-07T14:11:51.2781420Z   - settings (apply_settings returned Ok)
2026-10-07T14:11:51.2781880Z   - URL schemes (scrying-test:// served 3 pages successfully)
2026-10-07T14:11:51.2782470Z   - find_in_page → Some(true), request_pdf → 12150 bytes
2026-10-07T14:11:51.2802020Z   -> PASS
2026-10-07T14:11:51.2835720Z 
2026-10-07T14:11:51.2836040Z ==> --interaction-state-test
2026-10-07T14:11:52.9999770Z demo-mac: nav event: Starting { url: "scrying-test://history-1" }
2026-10-07T14:11:53.0000610Z demo-mac: nav event: SourceChanged { url: "scrying-test://history-1" }
2026-10-07T14:11:53.0001180Z demo-mac: js->host: loaded:history-1
2026-10-07T14:11:53.0001780Z demo-mac: nav event: Completed { url: "scrying-test://history-1", success: true }
2026-10-07T14:11:53.0002420Z demo-mac: nav event: Starting { url: "scrying-test://history-2" }
2026-10-07T14:11:53.0003020Z demo-mac: nav event: SourceChanged { url: "scrying-test://history-2" }
2026-10-07T14:11:53.0003520Z demo-mac: js->host: loaded:history-2
2026-10-07T14:11:53.0004030Z demo-mac: nav event: Completed { url: "scrying-test://history-2", success: true }
2026-10-07T14:11:53.0004680Z demo-mac: nav event: Starting { url: "scrying-test://find-target" }
2026-10-07T14:11:53.0005290Z demo-mac: nav event: SourceChanged { url: "scrying-test://find-target" }
2026-10-07T14:11:53.0005810Z demo-mac: js->host: loaded:find-target
2026-10-07T14:11:53.0006370Z demo-mac: nav event: Completed { url: "scrying-test://find-target", success: true }
2026-10-07T14:11:53.0007580Z demo-mac: interaction-state-test: serialized 1024 bytes at C
2026-10-07T14:11:53.0008180Z demo-mac: nav event: Starting { url: "scrying-test://history-2" }
2026-10-07T14:11:53.0008770Z demo-mac: nav event: SourceChanged { url: "scrying-test://history-2" }
2026-10-07T14:11:53.0009410Z demo-mac: nav event: Completed { url: "scrying-test://history-2", success: true }
2026-10-07T14:11:53.0010030Z demo-mac: nav event: Starting { url: "scrying-test://history-1" }
2026-10-07T14:11:53.0010600Z demo-mac: nav event: SourceChanged { url: "scrying-test://history-1" }
2026-10-07T14:11:53.0011240Z demo-mac: nav event: Completed { url: "scrying-test://history-1", success: true }
2026-10-07T14:11:53.0011880Z demo-mac: interaction-state-test: restore_interaction_state ok
2026-10-07T14:11:53.0012440Z demo-mac: nav event: Starting { url: "scrying-test://find-target" }
2026-10-07T14:11:53.0013040Z demo-mac: nav event: SourceChanged { url: "scrying-test://find-target" }
2026-10-07T14:11:53.0013650Z demo-mac: js->host: loaded:find-target
2026-10-07T14:11:53.0014170Z demo-mac: nav event: Completed { url: "scrying-test://find-target", success: true }
2026-10-07T14:11:53.0014730Z demo-mac: interaction-state-test: restored to C
2026-10-07T14:11:53.0015500Z demo-mac: interaction-state-test: PASS — serialize/restore round-trip verified
2026-10-07T14:11:53.0016130Z   - serialized at C (1024 bytes), navigated back to A, restore landed on C
2026-10-07T14:11:53.0016710Z   - post-restore can_go_back == true, can_go_forward == false
2026-10-07T14:11:53.0036550Z   -> PASS
2026-10-07T14:11:53.0067930Z 
2026-10-07T14:11:53.0068660Z ==> --pointer-input-test
2026-10-07T14:11:54.4094070Z demo-mac: nav event: Starting { url: "scrying-test://pointer" }
2026-10-07T14:11:54.4094720Z demo-mac: nav event: SourceChanged { url: "scrying-test://pointer" }
2026-10-07T14:11:54.4095370Z demo-mac: nav event: Completed { url: "scrying-test://pointer", success: true }
2026-10-07T14:11:54.4095910Z demo-mac: js->host: ready
2026-10-07T14:11:54.4096310Z demo-mac: pointer-input-test: page ready
2026-10-07T14:11:54.4096710Z demo-mac: js->host: ptr:down:50,718:mouse
2026-10-07T14:11:54.4097090Z demo-mac: cursor change: Default
2026-10-07T14:11:54.4097990Z demo-mac: js->host: ptr:move:75,693:mouse
2026-10-07T14:11:54.4098400Z demo-mac: js->host: ptr:up:75,693:mouse
2026-10-07T14:11:54.4099180Z demo-mac: pointer-input-test: PASS — Down/Update/Up reached JS pointer listeners
2026-10-07T14:11:54.4099790Z   - JS observed: down=true move=true up=true leave=false
2026-10-07T14:11:54.4110460Z   - WebKit reported pointerType = Some("mouse") (macOS collapses every device to mouse)
2026-10-07T14:11:54.4131700Z   -> PASS
2026-10-07T14:11:54.4164650Z 
2026-10-07T14:11:54.4165220Z ==> --incognito-test
2026-10-07T14:11:55.1878850Z demo-mac: --incognito-test: spun up persistent comparison producer
2026-10-07T14:11:55.1879580Z demo-mac: incognito-test: set_cookie 'scrying-incognito-88869' on incognito producer
2026-10-07T14:11:55.1880250Z demo-mac: incognito-test: incognito store reports 1 cookie(s)
2026-10-07T14:11:55.1880830Z demo-mac: incognito-test: persistent store reports 0 cookie(s)
2026-10-07T14:11:55.1881700Z demo-mac: incognito-test: PASS — non_persistent stores stay isolated from persistent ones
2026-10-07T14:11:55.1882380Z   - set_cookie on incognito producer was visible to its own request_all_cookies
2026-10-07T14:11:55.1882980Z   - same cookie was absent from a separate persistent producer's store
2026-10-07T14:11:55.1914340Z   -> PASS
2026-10-07T14:11:55.1946940Z 
2026-10-07T14:11:55.1947200Z ==> --download-test
2026-10-07T14:12:02.7349120Z demo-mac: download-test: serving payload at http://127.0.0.1:56283/download
2026-10-07T14:12:02.7349960Z demo-mac: download-test: auth-required payload at http://127.0.0.1:56283/download-auth
2026-10-07T14:12:02.7350650Z demo-mac: nav event: Starting { url: "http://127.0.0.1:56283/download" }
2026-10-07T14:12:02.7352840Z demo-mac: nav event: DownloadStarted { id: DownloadId(1), url: "http://127.0.0.1:56283/download", suggested_filename: "scrying-download.bin", destination_path: "/Users/markik/Code/targets/wgpu-scry-hardware/demo-mac-download-test-88887/download-output/scrying-download.bin", total_bytes_expected: Some(262144) }
2026-10-07T14:12:02.7354720Z demo-mac: nav event: DownloadProgress { id: DownloadId(1), bytes_written: 262144, total_bytes_expected: Some(262144) }
2026-10-07T14:12:02.7356070Z demo-mac: nav event: DownloadFinished { id: DownloadId(1), destination_path: "/Users/markik/Code/targets/wgpu-scry-hardware/demo-mac-download-test-88887/download-output/scrying-download.bin", error: None }
2026-10-07T14:12:02.7357770Z demo-mac: download-test: phase A: 262144 bytes landed at /Users/markik/Code/targets/wgpu-scry-hardware/demo-mac-download-test-88887/download-output/scrying-download.bin (matches served payload)
2026-10-07T14:12:02.7358840Z demo-mac: nav event: Completed { url: "", success: false }
2026-10-07T14:12:02.7359420Z demo-mac: nav event: Starting { url: "http://127.0.0.1:56283/download" }
2026-10-07T14:12:02.7359980Z demo-mac: nav event: Completed { url: "", success: false }
2026-10-07T14:12:02.7360640Z demo-mac: nav event: DownloadCancelled { id: DownloadId(2), destination_path: "", resume_data: None }
2026-10-07T14:12:02.7361570Z demo-mac: download-test: phase B: DownloadCancelled fired for id 2 after host Cancel decision
2026-10-07T14:12:02.7362480Z demo-mac: download-test: phase C: cancel_download(unknown) returned Ok(false) as expected
2026-10-07T14:12:02.7363250Z demo-mac: download-test: auth challenge for host '127.0.0.1' method 'NSURLAuthenticationMethodHTTPBasic'
2026-10-07T14:12:02.7364370Z demo-mac: nav event: AuthChallenged { url: "http://127.0.0.1:56283/download-auth", host: "127.0.0.1", auth_method: "NSURLAuthenticationMethodHTTPBasic", source: Download }
2026-10-07T14:12:02.7366360Z demo-mac: nav event: DownloadStarted { id: DownloadId(3), url: "http://127.0.0.1:56283/download-auth", suggested_filename: "scrying-download.bin", destination_path: "/Users/markik/Code/targets/wgpu-scry-hardware/demo-mac-download-test-88887/download-output/scrying-download-1.bin", total_bytes_expected: Some(262144) }
2026-10-07T14:12:02.7368120Z demo-mac: nav event: DownloadProgress { id: DownloadId(3), bytes_written: 262144, total_bytes_expected: Some(262144) }
2026-10-07T14:12:02.7369820Z demo-mac: nav event: DownloadFinished { id: DownloadId(3), destination_path: "/Users/markik/Code/targets/wgpu-scry-hardware/demo-mac-download-test-88887/download-output/scrying-download-1.bin", error: None }
2026-10-07T14:12:02.7371100Z demo-mac: download-test: phase D: auth-protected download succeeded with 262144 bytes after credentials supplied
2026-10-07T14:12:02.7371900Z demo-mac: nav event: Starting { url: "http://127.0.0.1:56283/download-slow" }
2026-10-07T14:12:02.7372600Z demo-mac: nav event: Completed { url: "", success: false }
2026-10-07T14:12:02.7374110Z demo-mac: nav event: DownloadStarted { id: DownloadId(4), url: "http://127.0.0.1:56283/download-slow", suggested_filename: "scrying-download.bin", destination_path: "/Users/markik/Code/targets/wgpu-scry-hardware/demo-mac-download-test-88887/download-output/scrying-download-2.bin", total_bytes_expected: Some(262144) }
2026-10-07T14:12:02.7375810Z demo-mac: download-test: phase E: cancel_download(4) -> Ok(true), awaiting resume_data
2026-10-07T14:12:02.7553390Z demo-mac: nav event: DownloadCancelled { id: DownloadId(4), destination_path: "/Users/markik/Code/targets/wgpu-scry-hardware/demo-mac-download-test-88887/download-output/scrying-download-2.bin", resume_data: Some([98, 112, 108, 105, 115, 116, 48, 48, 212, 1, 2, 3, 4, 5, 6, 7, 10, 88, 36, 118, 101, 114, 115, 105, 111, 110, 89, 36, 97, 114, 99, 104, 105, 118, 101, 114, 84, 36, 116, 111, 112, 88, 36, 111, 98, 106, 101, 99, 116, 115, 18, 0, 1, 134, 160, 95, 16, 15, 78, 83, 75, 101, 121, 101, 100, 65, 114, 99, 104, 105, 118, 101, 114, 209, 8, 9, 95, 16, 27, 78, 83, 75, 101, 121, 101, 100, 65, 114, 99, 104, 105, 118, 101, 82, 111, 111, 116, 79, 98, 106, 101, 99, 116, 75, 101, 121, 128, 1, 175, 16, 24, 11, 12, 39, 40, 41, 42, 43, 44, 45, 46, 47, 48, 49, 50, 54, 61, 64, 67, 68, 69, 70, 71, 72, 73, 85, 36, 110, 117, 108, 108, 211, 13, 14, 15, 16, 27, 38, 87, 78, 83, 46, 107, 101, 121, 115, 90, 78, 83, 46, 111, 98, 106, 101, 99, 116, 115, 86, 36, 99, 108, 97, 115, 115, 170, 17, 18, 19, 20, 21, 22, 23, 24, 25, 26, 128, 2, 128, 3, 128, 4, 128, 5, 128, 6, 128, 7, 128, 8, 128, 9, 128, 10, 128, 11, 170, 28, 29, 30, 31, 32, 33, 34, 35, 36, 37, 128, 12, 128, 13, 128, 15, 128, 16, 128, 17, 128, 18, 128, 19, 128, 20, 128, 21, 128, 22, 128, 23, 95, 16, 31, 78, 83, 85, 82, 76, 83, 101, 115, 115, 105, 111, 110, 82, 101, 115, 117, 109, 101, 73, 110, 102, 111, 76, 111, 99, 97, 108, 80, 97, 116, 104, 95, 16, 26, 78, 83, 85, 82, 76, 83, 101, 115, 115, 105, 111, 110, 82, 101, 115, 117, 109, 101, 82, 101, 115, 112, 111, 110, 115, 101, 95, 16, 32, 78, 83, 85, 82, 76, 83, 101, 115, 115, 105, 111, 110, 82, 101, 115, 117, 109, 101, 67, 117, 114, 114, 101, 110, 116, 82, 101, 113, 117, 101, 115, 116, 95, 16, 33, 78, 83, 85, 82, 76, 83, 101, 115, 115, 105, 111, 110, 82, 101, 115, 117, 109, 101, 79, 114, 105, 103, 105, 110, 97, 108, 82, 101, 113, 117, 101, 115, 116, 95, 16, 23, 78, 83, 85, 82, 76, 83, 101, 115, 115, 105, 111, 110, 68, 111, 119, 110, 108, 111, 97, 100, 85, 82, 76, 95, 16, 34, 78, 83, 85, 82, 76, 83, 101, 115, 115, 105, 111, 110, 82, 101, 115, 117, 109, 101, 73, 110, 102, 111, 84, 101, 109, 112, 70, 105, 108, 101, 78, 97, 109, 101, 95, 16, 31, 78, 83, 85, 82, 76, 83, 101, 115, 115, 105, 111, 110, 82, 101, 115, 117, 109, 101, 66, 121, 116, 101, 115, 82, 101, 99, 101, 105, 118, 101, 100, 95, 16, 27, 78, 83, 85, 82, 76, 83, 101, 115, 115, 105, 111, 110, 82, 101, 115, 117, 109, 101, 69, 110, 116, 105, 116, 121, 84, 97, 103, 95, 16, 29, 78, 83, 85, 82, 76, 83, 101, 115, 115, 105, 111, 110, 82, 101, 115, 117, 109, 101, 73, 110, 102, 111, 86, 101, 114, 115, 105, 111, 110, 95, 16, 36, 78, 83, 85, 82, 76, 83, 101, 115, 115, 105, 111, 110, 82, 101, 115, 117, 109, 101, 83, 101, 114, 118, 101, 114, 68, 111, 119, 110, 108, 111, 97, 100, 68, 97, 116, 101, 95, 16, 113, 47, 85, 115, 101, 114, 115, 47, 109, 97, 114, 107, 105, 107, 47, 67, 111, 100, 101, 47, 116, 97, 114, 103, 101, 116, 115, 47, 119, 103, 112, 117, 45, 115, 99, 114, 121, 45, 104, 97, 114, 100, 119, 97, 114, 101, 47, 100, 101, 109, 111, 45, 109, 97, 99, 45, 100, 111, 119, 110, 108, 111, 97, 100, 45, 116, 101, 115, 116, 45, 56, 56, 56, 56, 55, 47, 100, 111, 119, 110, 108, 111, 97, 100, 45, 111, 117, 116, 112, 117, 116, 47, 115, 99, 114, 121, 105, 110, 103, 45, 100, 111, 119, 110, 108, 111, 97, 100, 45, 50, 46, 98, 105, 110, 210, 51, 15, 52, 53, 87, 78, 83, 46, 100, 97, 116, 97, 79, 17, 7, 36, 98, 112, 108, 105, 115, 116, 48, 48, 212, 1, 2, 3, 4, 5, 6, 7, 10, 88, 36, 118, 101, 114, 115, 105, 111, 110, 89, 36, 97, 114, 99, 104, 105, 118, 101, 114, 84, 36, 116, 111, 112, 88, 36, 111, 98, 106, 101, 99, 116, 115, 18, 0, 1, 134, 160, 95, 16, 15, 78, 83, 75, 101, 121, 101, 100, 65, 114, 99, 104, 105, 118, 101, 114, 209, 8, 9, 84, 114, 111, 111, 116, 128, 1, 175, 16, 29, 11, 12, 39, 45, 46, 52, 53, 54, 55, 77, 78, 79, 80, 81, 82, 83, 84, 85, 86, 87, 88, 89, 90, 91, 92, 93, 97, 101, 105, 85, 36, 110, 117, 108, 108, 221, 13, 14, 15, 16, 17, 18, 19, 20, 21, 22, 23, 24, 25, 26, 27, 28, 29, 30, 31, 32, 33, 34, 35, 36, 37, 38, 95, 16, 31, 95, 95, 110, 115, 117, 114, 108, 114, 101, 113, 117, 101, 115, 116, 95, 112, 114, 111, 116, 111, 95, 112, 114, 111, 112, 95, 111, 98, 106, 95, 54, 95, 16, 31, 95, 95, 110, 115, 117, 114, 108, 114, 101, 113, 117, 101, 115, 116, 95, 112, 114, 111, 116, 111, 95, 112, 114, 111, 112, 95, 111, 98, 106, 95, 51, 82, 36, 50, 95, 16, 31, 95, 95, 110, 115, 117, 114, 108, 114, 101, 113, 117, 101, 115, 116, 95, 112, 114, 111, 116, 111, 95, 112, 114, 111, 112, 95, 111, 98, 106, 95, 48, 82, 36, 51, 95, 16, 31, 95, 95, 110, 115, 117, 114, 108, 114, 101, 113, 117, 101, 115, 116, 95, 112, 114, 111, 116, 111, 95, 112, 114, 111, 112, 95, 111, 98, 106, 95, 52, 86, 36, 99, 108, 97, 115, 115, 95, 16, 31, 95, 95, 110, 115, 117, 114, 108, 114, 101, 113, 117, 101, 115, 116, 95, 112, 114, 111, 116, 111, 95, 112, 114, 111, 112, 95, 111, 98, 106, 95, 49, 82, 36, 52, 82, 36, 48, 95, 16, 31, 95, 95, 110, 115, 117, 114, 108, 114, 101, 113, 117, 101, 115, 116, 95, 112, 114, 111, 116, 111, 95, 112, 114, 111, 112, 95, 111, 98, 106, 95, 53, 95, 16, 31, 95, 95, 110, 115, 117, 114, 108, 114, 101, 113, 117, 101, 115, 116, 95, 112, 114, 111, 116, 111, 95, 112, 114, 111, 112, 95, 111, 98, 106, 95, 50, 82, 36, 49, 128, 26, 128, 7, 16, 7, 128, 2, 16, 9, 128, 8, 128, 28, 128, 5, 8, 16, 8, 128, 0, 128, 6, 16, 1, 211, 40, 19, 41, 36, 43, 44, 87, 78, 83, 46, 98, 97, 115, 101, 91, 78, 83, 46, 114, 101, 108, 97, 116, 105, 118, 101, 128, 0, 128, 4, 128, 3, 95, 16, 36, 104, 116, 116, 112, 58, 47, 47, 49, 50, 55, 46, 48, 46, 48, 46, 49, 58, 53, 54, 50, 56, 51, 47, 100, 111, 119, 110, 108, 111, 97, 100, 45, 115, 108, 111, 119, 210, 47, 48, 49, 50, 90, 36, 99, 108, 97, 115, 115, 110, 97, 109, 101, 88, 36, 99, 108, 97, 115, 115, 101, 115, 85, 78, 83, 85, 82, 76, 162, 49, 51, 88, 78, 83, 79, 98, 106, 101, 99, 116, 35, 65, 200, 59, 69, 86, 38, 17, 237, 16, 0, 16, 200, 211, 56, 57, 19, 58, 67, 76, 87, 78, 83, 46, 107, 101, 121, 115, 90, 78, 83, 46, 111, 98, 106, 101, 99, 116, 115, 168, 59, 60, 61, 62, 63, 64, 65, 66, 128, 9, 128, 10, 128, 11, 128, 12, 128, 13, 128, 14, 128, 15, 128, 16, 168, 68, 69, 70, 71, 72, 73, 74, 75, 128, 17, 128, 18, 128, 19, 128, 20, 128, 21, 128, 22, 128, 23, 128, 24, 128, 25, 84, 69, 116, 97, 103, 92, 67, 111, 110, 116, 101, 110, 116, 45, 84, 121, 112, 101, 88, 95, 95, 104, 104, 97, 97, 95, 95, 93, 76, 97, 115, 116, 45, 77, 111, 100, 105, 102, 105, 101, 100, 93, 65, 99, 99, 101, 112, 116, 45, 82, 97, 110, 103, 101, 115, 95, 16, 19, 67, 111, 110, 116, 101, 110, 116, 45, 68, 105, 115, 112, 111, 115, 105, 116, 105, 111, 110, 94, 67, 111, 110, 116, 101, 110, 116, 45, 76, 101, 110, 103, 116, 104, 90, 67, 111, 110, 110, 101, 99, 116, 105, 111, 110, 95, 16, 28, 34, 115, 99, 114, 121, 105, 110, 103, 45, 116, 101, 115, 116, 45, 101, 116, 97, 103, 45, 100, 101, 97, 100, 98, 101, 101, 102, 34, 95, 16, 24, 97, 112, 112, 108, 105, 99, 97, 116, 105, 111, 110, 47, 111, 99, 116, 101, 116, 45, 115, 116, 114, 101, 97, 109, 95, 17, 1, 232, 13, 10, 13, 10, 89, 110, 66, 115, 97, 88, 78, 48, 77, 68, 68, 88, 65, 81, 73, 68, 66, 65, 85, 71, 66, 119, 103, 75, 68, 65, 52, 81, 69, 104, 82, 97, 81, 50, 57, 117, 98, 109, 86, 106, 100, 71, 108, 118, 98, 108, 120, 68, 98, 50, 53, 48, 90, 87, 53, 48, 76, 86, 82, 53, 99, 71, 86, 100, 84, 71, 70, 122, 100, 67, 49, 78, 98, 50, 82, 112, 90, 109, 108, 108, 90, 70, 49, 66, 89, 50, 78, 108, 99, 72, 81, 116, 85, 109, 70, 117, 90, 50, 86, 122, 88, 120, 65, 84, 81, 50, 57, 117, 100, 71, 86, 117, 100, 67, 49, 69, 97, 88, 78, 119, 98, 51, 78, 112, 100, 71, 108, 118, 98, 108, 53, 68, 98, 50, 53, 48, 90, 87, 53, 48, 76, 85, 120, 108, 98, 109, 100, 48, 97, 70, 82, 70, 100, 71, 70, 110, 111, 81, 108, 86, 89, 50, 120, 118, 99, 50, 87, 104, 67, 49, 56, 81, 71, 71, 70, 119, 99, 71, 120, 112, 89, 50, 70, 48, 97, 87, 57, 117, 76, 50, 57, 106, 100, 71, 86, 48, 76, 88, 78, 48, 99, 109, 86, 104, 98, 97, 69, 78, 88, 120, 65, 100, 84, 87, 57, 117, 76, 67, 65, 119, 77, 83, 66, 75, 89, 87, 52, 103, 77, 106, 65, 121, 78, 67, 65, 119, 77, 68, 111, 119, 77, 68, 111, 119, 77, 67, 66, 72, 84, 86, 83, 104, 68, 49, 86, 105, 101, 88, 82, 108, 99, 54, 69, 82, 88, 120, 65, 114, 89, 88, 82, 48, 89, 87, 78, 111, 98, 87, 86, 117, 100, 68, 115, 103, 90, 109, 108, 115, 90, 87, 53, 104, 98, 87, 85, 57, 73, 110, 78, 106, 99, 110, 108, 112, 98, 109, 99, 116, 90, 71, 57, 51, 98, 109, 120, 118, 89, 87, 81, 117, 89, 109, 108, 117, 73, 113, 69, 84, 86, 106, 73, 50, 77, 106, 69, 48, 78, 75, 69, 86, 88, 120, 65, 99, 73, 110, 78, 106, 99, 110, 108, 112, 98, 109, 99, 116, 100, 71, 86, 122, 100, 67, 49, 108, 100, 71, 70, 110, 76, 87, 82, 108, 89, 87, 82, 105, 90, 87, 86, 109, 73, 103, 65, 73, 65, 66, 99, 65, 73, 103, 65, 118, 65, 68, 48, 65, 83, 119, 66, 104, 65, 72, 65, 65, 100, 81, 66, 51, 65, 72, 48, 65, 102, 119, 67, 97, 65, 74, 119, 65, 118, 65, 67, 43, 65, 77, 81, 65, 120, 103, 68, 48, 65, 80, 89, 65, 47, 81, 68, 47, 65, 65, 65, 65, 65, 65, 65, 65, 65, 103, 69, 65, 65, 65, 65, 65, 65, 65, 65, 65, 70, 103, 65, 65, 65, 65, 65, 65, 65, 65, 65, 65, 65, 65, 65, 65, 65, 65, 65, 65, 65, 82, 52, 61, 95, 16, 29, 77, 111, 110, 44, 32, 48, 49, 32, 74, 97, 110, 32, 50, 48, 50, 52, 32, 48, 48, 58, 48, 48, 58, 48, 48, 32, 71, 77, 84, 85, 98, 121, 116, 101, 115, 95, 16, 43, 97, 116, 116, 97, 99, 104, 109, 101, 110, 116, 59, 32, 102, 105, 108, 101, 110, 97, 109, 101, 61, 34, 115, 99, 114, 121, 105, 110, 103, 45, 100, 111, 119, 110, 108, 111, 97, 100, 46, 98, 105, 110, 34, 86, 50, 54, 50, 49, 52, 52, 85, 99, 108, 111, 115, 101, 210, 47, 48, 94, 95, 95, 16, 19, 78, 83, 77, 117, 116, 97, 98, 108, 101, 68, 105, 99, 116, 105, 111, 110, 97, 114, 121, 163, 94, 96, 51, 92, 78, 83, 68, 105, 99, 116, 105, 111, 110, 97, 114, 121, 210, 19, 98, 99, 100, 89, 78, 83, 46, 115, 116, 114, 105, 110, 103, 128, 27, 95, 16, 24, 97, 112, 112, 108, 105, 99, 97, 116, 105, 111, 110, 47, 111, 99, 116, 101, 116, 45, 115, 116, 114, 101, 97, 109, 210, 47, 48, 102, 103, 95, 16, 15, 78, 83, 77, 117, 116, 97, 98, 108, 101, 83, 116, 114, 105, 110, 103, 163, 102, 104, 51, 88, 78, 83, 83, 116, 114, 105, 110, 103, 210, 47, 48, 106, 107, 95, 16, 17, 78, 83, 72, 84, 84, 80, 85, 82, 76, 82, 101, 115, 112, 111, 110, 115, 101, 163, 108, 109, 51, 95, 16, 17, 78, 83, 72, 84, 84, 80, 85, 82, 76, 82, 101, 115, 112, 111, 110, 115, 101, 93, 78, 83, 85, 82, 76, 82, 101, 115, 112, 111, 110, 115, 101, 0, 8, 0, 17, 0, 26, 0, 36, 0, 41, 0, 50, 0, 55, 0, 73, 0, 76, 0, 81, 0, 83, 0, 115, 0, 121, 0, 148, 0, 182, 0, 216, 0, 219, 0, 253, 1, 0, 1, 34, 1, 41, 1, 75, 1, 78, 1, 81, 1, 115, 1, 149, 1, 152, 1, 154, 1, 156, 1, 158, 1, 160, 1, 162, 1, 164, 1, 166, 1, 168, 1, 169, 1, 171, 1, 173, 1, 175, 1, 177, 1, 184, 1, 192, 1, 204, 1, 206, 1, 208, 1, 210, 1, 249, 1, 254, 2, 9, 2, 18, 2, 24, 2, 27, 2, 36, 2, 45, 2, 47, 2, 49, 2, 56, 2, 64, 2, 75, 2, 84, 2, 86, 2, 88, 2, 90, 2, 92, 2, 94, 2, 96, 2, 98, 2, 100, 2, 109, 2, 111, 2, 113, 2, 115, 2, 117, 2, 119, 2, 121, 2, 123, 2, 125, 2, 127, 2, 132, 2, 145, 2, 154, 2, 168, 2, 182, 2, 204, 2, 219, 2, 230, 3, 5, 3, 32, 5, 12, 5, 44, 5, 50, 5, 96, 5, 103, 5, 109, 5, 114, 5, 136, 5, 140, 5, 153, 5, 158, 5, 168, 5, 170, 5, 197, 5, 202, 5, 220, 5, 224, 5, 233, 5, 238, 6, 2, 6, 6, 6, 26, 0, 0, 0, 0, 0, 0, 2, 1, 0, 0, 0, 0, 0, 0, 0, 110, 0, 0, 0, 0, 0, 0, 0, 0, 0, 0, 0, 0, 0, 0, 6, 40, 128, 14, 210, 55, 56, 57, 58, 90, 36, 99, 108, 97, 115, 115, 110, 97, 109, 101, 88, 36, 99, 108, 97, 115, 115, 101, 115, 93, 78, 83, 77, 117, 116, 97, 98, 108, 101, 68, 97, 116, 97, 163, 57, 59, 60, 86, 78, 83, 68, 97, 116, 97, 88, 78, 83, 79, 98, 106, 101, 99, 116, 210, 51, 15, 62, 53, 79, 17, 15, 254, 98, 112, 108, 105, 115, 116, 48, 48, 212, 1, 2, 3, 4, 5, 6, 7, 10, 88, 36, 118, 101, 114, 115, 105, 111, 110, 89, 36, 97, 114, 99, 104, 105, 118, 101, 114, 84, 36, 116, 111, 112, 88, 36, 111, 98, 106, 101, 99, 116, 115, 18, 0, 1, 134, 160, 95, 16, 15, 78, 83, 75, 101, 121, 101, 100, 65, 114, 99, 104, 105, 118, 101, 114, 209, 8, 9, 95, 16, 27, 78, 83, 75, 101, 121, 101, 100, 65, 114, 99, 104, 105, 118, 101, 82, 111, 111, 116, 79, 98, 106, 101, 99, 116, 75, 101, 121, 128, 1, 175, 16, 50, 11, 12, 70, 121, 127, 128, 134, 76, 135, 139, 89, 141, 94, 142, 110, 143, 144, 168, 169, 170, 171, 172, 173, 174, 175, 176, 177, 178, 179, 180, 181, 182, 183, 184, 185, 186, 190, 204, 205, 206, 207, 208, 209, 210, 211, 212, 218, 219, 220, 223, 85, 36, 110, 117, 108, 108, 223, 16, 56, 13, 14, 15, 16, 17, 18, 19, 20, 21, 22, 23, 24, 25, 26, 27, 28, 29, 30, 31, 32, 33, 34, 35, 36, 37, 38, 39, 40, 41, 42, 43, 44, 45, 46, 47, 48, 49, 50, 51, 52, 53, 54, 55, 56, 57, 58, 59, 60, 61, 62, 63, 64, 65, 66, 67, 68, 69, 70, 71, 69, 70, 69, 70, 74, 75, 76, 77, 78, 79, 78, 77, 75, 83, 78, 85, 86, 70, 88, 89, 70, 74, 70, 70, 94, 95, 96, 97, 78, 69, 70, 75, 89, 70, 103, 104, 78, 69, 71, 94, 70, 108, 78, 110, 70, 70, 70, 114, 70, 78, 117, 70, 78, 95, 16, 24, 114, 101, 113, 117, 105, 114, 101, 115, 68, 78, 83, 83, 69, 67, 86, 97, 108, 105, 100, 97, 116, 105, 111, 110, 95, 16, 18, 105, 115, 87, 101, 98, 83, 101, 97, 114, 99, 104, 67, 111, 110, 116, 101, 110, 116, 95, 16, 31, 95, 95, 110, 115, 117, 114, 108, 114, 101, 113, 117, 101, 115, 116, 95, 112, 114, 111, 116, 111, 95, 112, 114, 111, 112, 95, 111, 98, 106, 95, 57, 95, 16, 20, 97, 108, 108, 111, 119, 101, 100, 80, 114, 111, 116, 111, 99, 111, 108, 84, 121, 112, 101, 115, 93, 98, 108, 111, 99, 107, 84, 114, 97, 99, 107, 101, 114, 115, 95, 16, 30, 97, 108, 108, 111, 119, 115, 67, 111, 110, 115, 116, 114, 97, 105, 110, 101, 100, 78, 101, 116, 119, 111, 114, 107, 65, 99, 99, 101, 115, 115, 95, 16, 19, 97, 115, 115, 117, 109, 101, 115, 72, 84, 84, 80, 51, 67, 97, 112, 97, 98, 108, 101, 95, 16, 32, 95, 95, 110, 115, 117, 114, 108, 114, 101, 113, 117, 101, 115, 116, 95, 112, 114, 111, 116, 111, 95, 112, 114, 111, 112, 95, 111, 98, 106, 95, 49, 48, 95, 16, 32, 95, 95, 110, 115, 117, 114, 108, 114, 101, 113, 117, 101, 115, 116, 95, 112, 114, 111, 116, 111, 95, 112, 114, 111, 112, 95, 111, 98, 106, 95, 49, 49, 91, 97, 116, 116, 114, 105, 98, 117, 116, 105, 111, 110, 95, 16, 32, 95, 95, 110, 115, 117, 114, 108, 114, 101, 113, 117, 101, 115, 116, 95, 112, 114, 111, 116, 111, 95, 112, 114, 111, 112, 95, 111, 98, 106, 95, 49, 50, 95, 16, 32, 95, 95, 110, 115, 117, 114, 108, 114, 101, 113, 117, 101, 115, 116, 95, 112, 114, 111, 116, 111, 95, 112, 114, 111, 112, 95, 111, 98, 106, 95, 50, 48, 95, 16, 26, 95, 95, 110, 115, 117, 114, 108, 114, 101, 113, 117, 101, 115, 116, 95, 112, 114, 111, 116, 111, 95, 112, 114, 111, 112, 115, 95, 16, 32, 95, 95, 110, 115, 117, 114, 108, 114, 101, 113, 117, 101, 115, 116, 95, 112, 114, 111, 116, 111, 95, 112, 114, 111, 112, 95, 111, 98, 106, 95, 50, 49, 95, 16, 32, 95, 95, 110, 115, 117, 114, 108, 114, 101, 113, 117, 101, 115, 116, 95, 112, 114, 111, 116, 111, 95, 112, 114, 111, 112, 95, 111, 98, 106, 95, 49, 51, 95, 16, 32, 95, 95, 110, 115, 117, 114, 108, 114, 101, 113, 117, 101, 115, 116, 95, 112, 114, 111, 116, 111, 95, 112, 114, 111, 112, 95, 111, 98, 106, 95, 49, 52, 95, 16, 32, 95, 95, 110, 115, 117, 114, 108, 114, 101, 113, 117, 101, 115, 116, 95, 112, 114, 111, 116, 111, 95, 112, 114, 111, 112, 95, 111, 98, 106, 95, 49, 53, 95, 16, 32, 95, 95, 110, 115, 117, 114, 108, 114, 101, 113, 117, 101, 115, 116, 95, 112, 114, 111, 116, 111, 95, 112, 114, 111, 112, 95, 111, 98, 106, 95, 49, 54, 95, 16, 32, 95, 95, 110, 115, 117, 114, 108, 114, 101, 113, 117, 101, 115, 116, 95, 112, 114, 111, 116, 111, 95, 112, 114, 111, 112, 95, 111, 98, 106, 95, 49, 55, 95, 16, 32, 95, 95, 110, 115, 117, 114, 108, 114, 101, 113, 117, 101, 115, 116, 95, 112, 114, 111, 116, 111, 95, 112, 114, 111, 112, 95, 111, 98, 106, 95, 49, 56, 95, 16, 22, 117, 115, 101, 69, 110, 104, 97, 110, 99, 101, 100, 80, 114, 105, 118, 97, 99, 121, 77, 111, 100, 101, 95, 16, 32, 95, 95, 110, 115, 117, 114, 108, 114, 101, 113, 117, 101, 115, 116, 95, 112, 114, 111, 116, 111, 95, 112, 114, 111, 112, 95, 111, 98, 106, 95, 49, 57, 95, 16, 37, 97, 108, 108, 111, 119, 80, 114, 105, 118, 97, 116, 101, 65, 99, 99, 101, 115, 115, 84, 111, 107, 101, 110, 115, 70, 111, 114, 84, 104, 105, 114, 100, 80, 97, 114, 116, 121, 95, 16, 19, 97, 108, 108, 111, 119, 115, 80, 101, 114, 115, 105, 115, 116, 101, 110, 116, 68, 78, 83, 95, 16, 31, 95, 95, 110, 115, 117, 114, 108, 114, 101, 113, 117, 101, 115, 116, 95, 112, 114, 111, 116, 111, 95, 112, 114, 111, 112, 95, 111, 98, 106, 95, 48, 95, 16, 30, 114, 101, 113, 117, 105, 114, 101, 115, 83, 104, 111, 114, 116, 67, 111, 110, 110, 101, 99, 116, 105, 111, 110, 84, 105, 109, 101, 111, 117, 116, 95, 16, 22, 112, 114, 105, 118, 97, 99, 121, 80, 114, 111, 120, 121, 70, 97, 105, 108, 67, 108, 111, 115, 101, 100, 95, 16, 26, 112, 97, 121, 108, 111, 97, 100, 84, 114, 97, 110, 115, 109, 105, 115, 115, 105, 111, 110, 84, 105, 109, 101, 111, 117, 116, 95, 16, 31, 95, 95, 110, 115, 117, 114, 108, 114, 101, 113, 117, 101, 115, 116, 95, 112, 114, 111, 116, 111, 95, 112, 114, 111, 112, 95, 111, 98, 106, 95, 49, 95, 16, 39, 99, 111, 110, 116, 101, 110, 116, 68, 105, 115, 112, 111, 115, 105, 116, 105, 111, 110, 69, 110, 99, 111, 100, 105, 110, 103, 70, 97, 108, 108, 98, 97, 99, 107, 65, 114, 114, 97, 121, 95, 16, 31, 95, 95, 110, 115, 117, 114, 108, 114, 101, 113, 117, 101, 115, 116, 95, 112, 114, 111, 116, 111, 95, 112, 114, 111, 112, 95, 111, 98, 106, 95, 50, 94, 116, 114, 97, 99, 107, 101, 114, 67, 111, 110, 116, 101, 120, 116, 89, 97, 108, 108, 111, 119, 115, 85, 67, 65, 95, 16, 20, 112, 114, 111, 104, 105, 98, 105, 116, 80, 114, 105, 118, 97, 99, 121, 80, 114, 111, 120, 121, 95, 16, 31, 95, 95, 110, 115, 117, 114, 108, 114, 101, 113, 117, 101, 115, 116, 95, 112, 114, 111, 116, 111, 95, 112, 114, 111, 112, 95, 111, 98, 106, 95, 51, 95, 16, 48, 112, 114, 105, 118, 97, 99, 121, 80, 114, 111, 120, 121, 70, 97, 105, 108, 67, 108, 111, 115, 101, 100, 70, 111, 114, 85, 110, 114, 101, 97, 99, 104, 97, 98, 108, 101, 78, 111, 110, 77, 97, 105, 110, 72, 111, 115, 116, 115, 95, 16, 41, 112, 114, 105, 118, 97, 99, 121, 80, 114, 111, 120, 121, 70, 97, 105, 108, 67, 108, 111, 115, 101, 100, 70, 111, 114, 85, 110, 114, 101, 97, 99, 104, 97, 98, 108, 101, 72, 111, 115, 116, 115, 86, 36, 99, 108, 97, 115, 115, 95, 16, 31, 95, 95, 110, 115, 117, 114, 108, 114, 101, 113, 117, 101, 115, 116, 95, 112, 114, 111, 116, 111, 95, 112, 114, 111, 112, 95, 111, 98, 106, 95, 52, 95, 16, 24, 98, 111, 117, 110, 100, 73, 110, 116, 101, 114, 102, 97, 99, 101, 73, 100, 101, 110, 116, 105, 102, 105, 101, 114, 95, 16, 28, 97, 108, 108, 111, 119, 115, 69, 120, 112, 101, 110, 115, 105, 118, 101, 78, 101, 116, 119, 111, 114, 107, 65, 99, 99, 101, 115, 115, 95, 16, 31, 95, 95, 110, 115, 117, 114, 108, 114, 101, 113, 117, 101, 115, 116, 95, 112, 114, 111, 116, 111, 95, 112, 114, 111, 112, 95, 111, 98, 106, 95, 53, 95, 16, 16, 115, 116, 97, 114, 116, 84, 105, 109, 101, 111, 117, 116, 84, 105, 109, 101, 95, 16, 18, 112, 114, 101, 118, 101, 110, 116, 72, 83, 84, 83, 83, 116, 111, 114, 97, 103, 101, 95, 16, 31, 95, 95, 110, 115, 117, 114, 108, 114, 101, 113, 117, 101, 115, 116, 95, 112, 114, 111, 116, 111, 95, 112, 114, 111, 112, 95, 111, 98, 106, 95, 54, 95, 16, 25, 99, 111, 111, 107, 105, 101, 80, 97, 114, 116, 105, 116, 105, 111, 110, 73, 100, 101, 110, 116, 105, 102, 105, 101, 114, 82, 36, 48, 95, 16, 34, 102, 97, 105, 108, 73, 110, 115, 101, 99, 117, 114, 101, 76, 111, 97, 100, 87, 105, 116, 104, 72, 84, 84, 80, 83, 68, 78, 83, 82, 101, 99, 111, 114, 100, 92, 107, 110, 111, 119, 110, 84, 114, 97, 99, 107, 101, 114, 90, 105, 103, 110, 111, 114, 101, 72, 83, 84, 83, 82, 36, 49, 95, 16, 27, 97, 108, 108, 111, 119, 79, 110, 108, 121, 80, 97, 114, 116, 105, 116, 105, 111, 110, 101, 100, 67, 111, 111, 107, 105, 101, 115, 95, 16, 31, 95, 95, 110, 115, 117, 114, 108, 114, 101, 113, 117, 101, 115, 116, 95, 112, 114, 111, 116, 111, 95, 112, 114, 111, 112, 95, 111, 98, 106, 95, 55, 82, 36, 50, 95, 16, 33, 115, 99, 104, 101, 109, 101, 87, 97, 115, 85, 112, 103, 114, 97, 100, 101, 100, 68, 117, 101, 84, 111, 68, 121, 110, 97, 109, 105, 99, 72, 83, 84, 83, 95, 16, 31, 95, 95, 110, 115, 117, 114, 108, 114, 101, 113, 117, 101, 115, 116, 95, 112, 114, 111, 116, 111, 95, 112, 114, 111, 112, 95, 111, 98, 106, 95, 56, 16, 0, 8, 128, 10, 8, 8, 128, 2, 128, 7, 16, 0, 128, 12, 128, 0, 128, 36, 128, 0, 128, 12, 128, 7, 128, 13, 128, 0, 128, 14, 128, 15, 8, 128, 16, 9, 8, 128, 2, 8, 8, 35, 0, 0, 0, 0, 0, 0, 0, 0, 128, 3, 128, 45, 128, 6, 128, 0, 8, 128, 7, 9, 8, 128, 49, 128, 8, 128, 0, 128, 10, 8, 128, 11, 128, 0, 16, 2, 8, 8, 8, 16, 9, 8, 128, 0, 16, 22, 8, 128, 0, 8, 211, 122, 50, 123, 78, 125, 126, 87, 78, 83, 46, 98, 97, 115, 101, 91, 78, 83, 46, 114, 101, 108, 97, 116, 105, 118, 101, 128, 0, 128, 5, 128, 4, 95, 16, 36, 104, 116, 116, 112, 58, 47, 47, 49, 50, 55, 46, 48, 46, 48, 46, 49, 58, 53, 54, 50, 56, 51, 47, 100, 111, 119, 110, 108, 111, 97, 100, 45, 115, 108, 111, 119, 210, 129, 130, 131, 132, 90, 36, 99, 108, 97, 115, 115, 110, 97, 109, 101, 88, 36, 99, 108, 97, 115, 115, 101, 115, 85, 78, 83, 85, 82, 76, 162, 131, 133, 88, 78, 83, 79, 98, 106, 101, 99, 116, 35, 64, 78, 0, 0, 0, 0, 0, 0, 211, 122, 50, 123, 78, 125, 138, 128, 0, 128, 5, 128, 9, 95, 16, 36, 104, 116, 116, 112, 58, 47, 47, 49, 50, 55, 46, 48, 46, 48, 46, 49, 58, 53, 54, 50, 56, 51, 47, 100, 111, 119, 110, 108, 111, 97, 100, 45, 115, 108, 111, 119, 9, 17, 1, 134, 16, 4, 83, 71, 69, 84, 211, 145, 146, 50, 147, 157, 167, 87, 78, 83, 46, 107, 101, 121, 115, 90, 78, 83, 46, 111, 98, 106, 101, 99, 116, 115, 169, 148, 149, 150, 151, 152, 153, 154, 155, 156, 128, 17, 128, 18, 128, 19, 128, 20, 128, 21, 128, 22, 128, 23, 128, 24, 128, 25, 169, 158, 159, 160, 161, 162, 163, 164, 165, 166, 128, 26, 128, 27, 128, 28, 128, 29, 128, 30, 128, 31, 128, 32, 128, 33, 128, 34, 128, 35, 86, 65, 99, 99, 101, 112, 116, 94, 83, 101, 99, 45, 70, 101, 116, 99, 104, 45, 83, 105, 116, 101, 88, 95, 95, 104, 104, 97, 97, 95, 95, 95, 16, 25, 85, 112, 103, 114, 97, 100, 101, 45, 73, 110, 115, 101, 99, 117, 114, 101, 45, 82, 101, 113, 117, 101, 115, 116, 115, 94, 83, 101, 99, 45, 70, 101, 116, 99, 104, 45, 77, 111, 100, 101, 90, 85, 115, 101, 114, 45, 65, 103, 101, 110, 116, 95, 16, 15, 65, 99, 99, 101, 112, 116, 45, 76, 97, 110, 103, 117, 97, 103, 101, 94, 83, 101, 99, 45, 70, 101, 116, 99, 104, 45, 68, 101, 115, 116, 95, 16, 15, 65, 99, 99, 101, 112, 116, 45, 69, 110, 99, 111, 100, 105, 110, 103, 95, 16, 63, 116, 101, 120, 116, 47, 104, 116, 109, 108, 44, 97, 112, 112, 108, 105, 99, 97, 116, 105, 111, 110, 47, 120, 104, 116, 109, 108, 43, 120, 109, 108, 44, 97, 112, 112, 108, 105, 99, 97, 116, 105, 111, 110, 47, 120, 109, 108, 59, 113, 61, 48, 46, 57, 44, 42, 47, 42, 59, 113, 61, 48, 46, 56, 84, 110, 111, 110, 101, 95, 17, 2, 108, 13, 10, 13, 10, 89, 110, 66, 115, 97, 88, 78, 48, 77, 68, 68, 89, 65, 81, 73, 68, 66, 65, 85, 71, 66, 119, 103, 74, 67, 119, 48, 80, 69, 82, 77, 86, 70, 49, 90, 66, 89, 50, 78, 108, 99, 72, 82, 101, 85, 50, 86, 106, 76, 85, 90, 108, 100, 71, 78, 111, 76, 86, 78, 112, 100, 71, 86, 102, 69, 66, 108, 86, 99, 71, 100, 121, 89, 87, 82, 108, 76, 85, 108, 117, 99, 50, 86, 106, 100, 88, 74, 108, 76, 86, 74, 108, 99, 88, 86, 108, 99, 51, 82, 122, 88, 108, 78, 108, 89, 121, 49, 71, 90, 88, 82, 106, 97, 67, 49, 78, 98, 50, 82, 108, 87, 108, 86, 122, 90, 88, 73, 116, 81, 87, 100, 108, 98, 110, 82, 102, 69, 65, 57, 66, 89, 50, 78, 108, 99, 72, 81, 116, 84, 71, 70, 117, 90, 51, 86, 104, 90, 50, 86, 101, 85, 50, 86, 106, 76, 85, 90, 108, 100, 71, 78, 111, 76, 85, 82, 108, 99, 51, 82, 102, 69, 65, 57, 66, 89, 50, 78, 108, 99, 72, 81, 116, 82, 87, 53, 106, 98, 50, 82, 112, 98, 109, 101, 104, 67, 108, 56, 81, 80, 51, 82, 108, 101, 72, 81, 118, 97, 72, 82, 116, 98, 67, 120, 104, 99, 72, 66, 115, 97, 87, 78, 104, 100, 71, 108, 118, 98, 105, 57, 52, 97, 72, 82, 116, 98, 67, 116, 52, 98, 87, 119, 115, 89, 88, 66, 119, 98, 71, 108, 106, 89, 88, 82, 112, 98, 50, 52, 118, 101, 71, 49, 115, 79, 51, 69, 57, 77, 67, 52, 53, 76, 67, 111, 118, 75, 106, 116, 120, 80, 84, 65, 117, 79, 75, 69, 77, 86, 71, 53, 118, 98, 109, 87, 104, 68, 108, 69, 120, 111, 82, 66, 89, 98, 109, 70, 50, 97, 87, 100, 104, 100, 71, 87, 104, 69, 108, 56, 81, 87, 69, 49, 118, 101, 109, 108, 115, 98, 71, 69, 118, 78, 83, 52, 119, 73, 67, 104, 78, 89, 87, 78, 112, 98, 110, 82, 118, 99, 50, 103, 55, 73, 69, 108, 117, 100, 71, 86, 115, 73, 69, 49, 104, 89, 121, 66, 80, 85, 121, 66, 89, 73, 68, 69, 119, 88, 122, 69, 49, 88, 122, 99, 112, 73, 69, 70, 119, 99, 71, 120, 108, 86, 50, 86, 105, 83, 50, 108, 48, 76, 122, 89, 119, 78, 83, 52, 120, 76, 106, 69, 49, 73, 67, 104, 76, 83, 70, 82, 78, 84, 67, 119, 103, 98, 71, 108, 114, 90, 83, 66, 72, 90, 87, 78, 114, 98, 121, 109, 104, 70, 70, 53, 108, 98, 105, 49, 86, 85, 121, 120, 108, 98, 106, 116, 120, 80, 84, 65, 117, 79, 97, 69, 87, 87, 71, 82, 118, 89, 51, 86, 116, 90, 87, 53, 48, 111, 82, 104, 100, 90, 51, 112, 112, 99, 67, 119, 103, 90, 71, 86, 109, 98, 71, 70, 48, 90, 81, 65, 73, 65, 66, 107, 65, 73, 65, 65, 118, 65, 69, 115, 65, 87, 103, 66, 108, 65, 72, 99, 65, 104, 103, 67, 89, 65, 74, 111, 65, 51, 65, 68, 101, 65, 79, 77, 65, 53, 81, 68, 110, 65, 79, 107, 65, 56, 103, 68, 48, 65, 85, 56, 66, 85, 81, 70, 103, 65, 87, 73, 66, 97, 119, 70, 116, 65, 65, 65, 65, 65, 65, 65, 65, 65, 103, 69, 65, 65, 65, 65, 65, 65, 65, 65, 65, 71, 81, 65, 65, 65, 65, 65, 65, 65, 65, 65, 65, 65, 65, 65, 65, 65, 65, 65, 65, 65, 88, 115, 61, 81, 49, 88, 110, 97, 118, 105, 103, 97, 116, 101, 95, 16, 88, 77, 111, 122, 105, 108, 108, 97, 47, 53, 46, 48, 32, 40, 77, 97, 99, 105, 110, 116, 111, 115, 104, 59, 32, 73, 110, 116, 101, 108, 32, 77, 97, 99, 32, 79, 83, 32, 88, 32, 49, 48, 95, 49, 53, 95, 55, 41, 32, 65, 112, 112, 108, 101, 87, 101, 98, 75, 105, 116, 47, 54, 48, 53, 46, 49, 46, 49, 53, 32, 40, 75, 72, 84, 77, 76, 44, 32, 108, 105, 107, 101, 32, 71, 101, 99, 107, 111, 41, 94, 101, 110, 45, 85, 83, 44, 101, 110, 59, 113, 61, 48, 46, 57, 88, 100, 111, 99, 117, 109, 101, 110, 116, 93, 103, 122, 105, 112, 44, 32, 100, 101, 102, 108, 97, 116, 101, 210, 129, 130, 187, 188, 95, 16, 19, 78, 83, 77, 117, 116, 97, 98, 108, 101, 68, 105, 99, 116, 105, 111, 110, 97, 114, 121, 163, 187, 189, 133, 92, 78, 83, 68, 105, 99, 116, 105, 111, 110, 97, 114, 121, 211, 145, 146, 50, 191, 197, 167, 165, 192, 193, 194, 195, 196, 128, 37, 128, 38, 128, 39, 128, 40, 128, 41, 165, 198, 199, 199, 201, 199, 128, 42, 128, 43, 128, 43, 128, 44, 128, 43, 128, 35, 95, 16, 42, 95, 107, 67, 70, 72, 84, 84, 80, 67, 111, 111, 107, 105, 101, 80, 111, 108, 105, 99, 121, 80, 114, 111, 112, 101, 114, 116, 121, 83, 105, 116, 101, 70, 111, 114, 67, 111, 111, 107, 105, 101, 115, 95, 16, 48, 95, 107, 67, 70, 72, 84, 84, 80, 67, 111, 111, 107, 105, 101, 80, 111, 108, 105, 99, 121, 80, 114, 111, 112, 101, 114, 116, 121, 73, 115, 84, 111, 112, 76, 101, 118, 101, 108, 78, 97, 118, 105, 103, 97, 116, 105, 111, 110, 95, 16, 21, 87, 75, 86, 101, 114, 121, 76, 111, 119, 76, 111, 97, 100, 80, 114, 105, 111, 114, 105, 116, 121, 95, 16, 24, 95, 107, 67, 70, 85, 82, 76, 67, 97, 99, 104, 101, 80, 97, 114, 116, 105, 116, 105, 111, 110, 75, 101, 121, 95, 16, 32, 107, 67, 70, 85, 82, 76, 82, 101, 113, 117, 101, 115, 116, 65, 108, 108, 111, 119, 65, 108, 108, 80, 79, 83, 84, 67, 97, 99, 104, 105, 110, 103, 95, 16, 36, 104, 116, 116, 112, 58, 47, 47, 49, 50, 55, 46, 48, 46, 48, 46, 49, 58, 53, 54, 50, 56, 51, 47, 100, 111, 119, 110, 108, 111, 97, 100, 45, 115, 108, 111, 119, 16, 1, 89, 49, 50, 55, 46, 48, 46, 48, 46, 49, 210, 146, 50, 213, 217, 163, 83, 215, 216, 128, 13, 128, 46, 128, 47, 128, 48, 16, 12, 16, 5, 210, 129, 130, 221, 222, 87, 78, 83, 65, 114, 114, 97, 121, 162, 221, 133, 210, 129, 130, 224, 225, 95, 16, 19, 78, 83, 77, 117, 116, 97, 98, 108, 101, 85, 82, 76, 82, 101, 113, 117, 101, 115, 116, 163, 226, 227, 133, 95, 16, 19, 78, 83, 77, 117, 116, 97, 98, 108, 101, 85, 82, 76, 82, 101, 113, 117, 101, 115, 116, 92, 78, 83, 85, 82, 76, 82, 101, 113, 117, 101, 115, 116, 0, 8, 0, 17, 0, 26, 0, 36, 0, 41, 0, 50, 0, 55, 0, 73, 0, 76, 0, 106, 0, 108, 0, 161, 0, 167, 1, 26, 1, 53, 1, 74, 1, 108, 1, 131, 1, 145, 1, 178, 1, 200, 1, 235, 2, 14, 2, 26, 2, 61, 2, 96, 2, 125, 2, 160, 2, 195, 2, 230, 3, 9, 3, 44, 3, 79, 3, 114, 3, 139, 3, 174, 3, 214, 3, 236, 4, 14, 4, 47, 4, 72, 4, 101, 4, 135, 4, 177, 4, 211, 4, 226, 4, 236, 5, 3, 5, 37, 5, 88, 5, 132, 5, 139, 5, 173, 5, 200, 5, 231, 6, 9, 6, 28, 6, 49, 6, 83, 6, 111, 6, 114, 6, 151, 6, 164, 6, 175, 6, 178, 6, 208, 6, 242, 6, 245, 7, 25, 7, 59, 7, 61, 7, 62, 7, 64, 7, 65, 7, 66, 7, 68, 7, 70, 7, 72, 7, 74, 7, 76, 7, 78, 7, 80, 7, 82, 7, 84, 7, 86, 7, 88, 7, 90, 7, 92, 7, 93, 7, 95, 7, 96, 7, 97, 7, 99, 7, 100, 7, 101, 7, 110, 7, 112, 7, 114, 7, 116, 7, 118, 7, 119, 7, 121, 7, 122, 7, 123, 7, 125, 7, 127, 7, 129, 7, 131, 7, 132, 7, 134, 7, 136, 7, 138, 7, 139, 7, 140, 7, 141, 7, 143, 7, 144, 7, 146, 7, 148, 7, 149, 7, 151, 7, 152, 7, 159, 7, 167, 7, 179, 7, 181, 7, 183, 7, 185, 7, 224, 7, 229, 7, 240, 7, 249, 7, 255, 8, 2, 8, 11, 8, 20, 8, 27, 8, 29, 8, 31, 8, 33, 8, 72, 8, 73, 8, 76, 8, 78, 8, 82, 8, 89, 8, 97, 8, 108, 8, 118, 8, 120, 8, 122, 8, 124, 8, 126, 8, 128, 8, 130, 8, 132, 8, 134, 8, 136, 8, 146, 8, 148, 8, 150, 8, 152, 8, 154, 8, 156, 8, 158, 8, 160, 8, 162, 8, 164, 8, 166, 8, 173, 8, 188, 8, 197, 8, 225, 8, 240, 8, 251, 9, 13, 9, 28, 9, 46, 9, 112, 9, 117, 11, 229, 11, 231, 11, 240, 12, 75, 12, 90, 12, 99, 12, 113, 12, 118, 12, 140, 12, 144, 12, 157, 12, 164, 12, 170, 12, 172, 12, 174, 12, 176, 12, 178, 12, 180, 12, 186, 12, 188, 12, 190, 12, 192, 12, 194, 12, 196, 12, 198, 12, 243, 13, 38, 13, 62, 13, 89, 13, 124, 13, 163, 13, 165, 13, 175, 13, 180, 13, 184, 13, 186, 13, 188, 13, 190, 13, 192, 13, 194, 13, 196, 13, 201, 13, 209, 13, 212, 13, 217, 13, 239, 13, 243, 14, 9, 0, 0, 0, 0, 0, 0, 2, 1, 0, 0, 0, 0, 0, 0, 0, 228, 0, 0, 0, 0, 0, 0, 0, 0, 0, 0, 0, 0, 0, 0, 14, 22, 128, 14, 210, 51, 15, 65, 53, 79, 17, 15, 45, 98, 112, 108, 105, 115, 116, 48, 48, 212, 1, 2, 3, 4, 5, 6, 7, 10, 88, 36, 118, 101, 114, 115, 105, 111, 110, 89, 36, 97, 114, 99, 104, 105, 118, 101, 114, 84, 36, 116, 111, 112, 88, 36, 111, 98, 106, 101, 99, 116, 115, 18, 0, 1, 134, 160, 95, 16, 15, 78, 83, 75, 101, 121, 101, 100, 65, 114, 99, 104, 105, 118, 101, 114, 209, 8, 9, 95, 16, 27, 78, 83, 75, 101, 121, 101, 100, 65, 114, 99, 104, 105, 118, 101, 82, 111, 111, 116, 79, 98, 106, 101, 99, 116, 75, 101, 121, 128, 1, 175, 16, 46, 11, 12, 70, 121, 127, 128, 134, 76, 135, 139, 89, 141, 94, 142, 110, 143, 144, 164, 165, 166, 167, 168, 169, 170, 171, 172, 173, 174, 175, 176, 177, 178, 182, 196, 197, 198, 199, 200, 201, 202, 203, 204, 210, 211, 212, 215, 85, 36, 110, 117, 108, 108, 223, 16, 56, 13, 14, 15, 16, 17, 18, 19, 20, 21, 22, 23, 24, 25, 26, 27, 28, 29, 30, 31, 32, 33, 34, 35, 36, 37, 38, 39, 40, 41, 42, 43, 44, 45, 46, 47, 48, 49, 50, 51, 52, 53, 54, 55, 56, 57, 58, 59, 60, 61, 62, 63, 64, 65, 66, 67, 68, 69, 70, 71, 69, 70, 69, 70, 74, 75, 76, 77, 78, 79, 78, 77, 75, 83, 78, 85, 86, 70, 88, 89, 70, 74, 70, 70, 94, 95, 96, 97, 78, 69, 70, 75, 89, 70, 103, 104, 78, 69, 71, 94, 70, 108, 78, 110, 70, 70, 70, 114, 70, 78, 117, 70, 78, 95, 16, 24, 114, 101, 113, 117, 105, 114, 101, 115, 68, 78, 83, 83, 69, 67, 86, 97, 108, 105, 100, 97, 116, 105, 111, 110, 95, 16, 18, 105, 115, 87, 101, 98, 83, 101, 97, 114, 99, 104, 67, 111, 110, 116, 101, 110, 116, 95, 16, 31, 95, 95, 110, 115, 117, 114, 108, 114, 101, 113, 117, 101, 115, 116, 95, 112, 114, 111, 116, 111, 95, 112, 114, 111, 112, 95, 111, 98, 106, 95, 57, 95, 16, 20, 97, 108, 108, 111, 119, 101, 100, 80, 114, 111, 116, 111, 99, 111, 108, 84, 121, 112, 101, 115, 93, 98, 108, 111, 99, 107, 84, 114, 97, 99, 107, 101, 114, 115, 95, 16, 30, 97, 108, 108, 111, 119, 115, 67, 111, 110, 115, 116, 114, 97, 105, 110, 101, 100, 78, 101, 116, 119, 111, 114, 107, 65, 99, 99, 101, 115, 115, 95, 16, 19, 97, 115, 115, 117, 109, 101, 115, 72, 84, 84, 80, 51, 67, 97, 112, 97, 98, 108, 101, 95, 16, 32, 95, 95, 110, 115, 117, 114, 108, 114, 101, 113, 117, 101, 115, 116, 95, 112, 114, 111, 116, 111, 95, 112, 114, 111, 112, 95, 111, 98, 106, 95, 49, 48, 95, 16, 32, 95, 95, 110, 115, 117, 114, 108, 114, 101, 113, 117, 101, 115, 116, 95, 112, 114, 111, 116, 111, 95, 112, 114, 111, 112, 95, 111, 98, 106, 95, 49, 49, 91, 97, 116, 116, 114, 105, 98, 117, 116, 105, 111, 110, 95, 16, 32, 95, 95, 110, 115, 117, 114, 108, 114, 101, 113, 117, 101, 115, 116, 95, 112, 114, 111, 116, 111, 95, 112, 114, 111, 112, 95, 111, 98, 106, 95, 49, 50, 95, 16, 32, 95, 95, 110, 115, 117, 114, 108, 114, 101, 113, 117, 101, 115, 116, 95, 112, 114, 111, 116, 111, 95, 112, 114, 111, 112, 95, 111, 98, 106, 95, 50, 48, 95, 16, 26, 95, 95, 110, 115, 117, 114, 108, 114, 101, 113, 117, 101, 115, 116, 95, 112, 114, 111, 116, 111, 95, 112, 114, 111, 112, 115, 95, 16, 32, 95, 95, 110, 115, 117, 114, 108, 114, 101, 113, 117, 101, 115, 116, 95, 112, 114, 111, 116, 111, 95, 112, 114, 111, 112, 95, 111, 98, 106, 95, 50, 49, 95, 16, 32, 95, 95, 110, 115, 117, 114, 108, 114, 101, 113, 117, 101, 115, 116, 95, 112, 114, 111, 116, 111, 95, 112, 114, 111, 112, 95, 111, 98, 106, 95, 49, 51, 95, 16, 32, 95, 95, 110, 115, 117, 114, 108, 114, 101, 113, 117, 101, 115, 116, 95, 112, 114, 111, 116, 111, 95, 112, 114, 111, 112, 95, 111, 98, 106, 95, 49, 52, 95, 16, 32, 95, 95, 110, 115, 117, 114, 108, 114, 101, 113, 117, 101, 115, 116, 95, 112, 114, 111, 116, 111, 95, 112, 114, 111, 112, 95, 111, 98, 106, 95, 49, 53, 95, 16, 32, 95, 95, 110, 115, 117, 114, 108, 114, 101, 113, 117, 101, 115, 116, 95, 112, 114, 111, 116, 111, 95, 112, 114, 111, 112, 95, 111, 98, 106, 95, 49, 54, 95, 16, 32, 95, 95, 110, 115, 117, 114, 108, 114, 101, 113, 117, 101, 115, 116, 95, 112, 114, 111, 116, 111, 95, 112, 114, 111, 112, 95, 111, 98, 106, 95, 49, 55, 95, 16, 32, 95, 95, 110, 115, 117, 114, 108, 114, 101, 113, 117, 101, 115, 116, 95, 112, 114, 111, 116, 111, 95, 112, 114, 111, 112, 95, 111, 98, 106, 95, 49, 56, 95, 16, 22, 117, 115, 101, 69, 110, 104, 97, 110, 99, 101, 100, 80, 114, 105, 118, 97, 99, 121, 77, 111, 100, 101, 95, 16, 32, 95, 95, 110, 115, 117, 114, 108, 114, 101, 113, 117, 101, 115, 116, 95, 112, 114, 111, 116, 111, 95, 112, 114, 111, 112, 95, 111, 98, 106, 95, 49, 57, 95, 16, 37, 97, 108, 108, 111, 119, 80, 114, 105, 118, 97, 116, 101, 65, 99, 99, 101, 115, 115, 84, 111, 107, 101, 110, 115, 70, 111, 114, 84, 104, 105, 114, 100, 80, 97, 114, 116, 121, 95, 16, 19, 97, 108, 108, 111, 119, 115, 80, 101, 114, 115, 105, 115, 116, 101, 110, 116, 68, 78, 83, 95, 16, 31, 95, 95, 110, 115, 117, 114, 108, 114, 101, 113, 117, 101, 115, 116, 95, 112, 114, 111, 116, 111, 95, 112, 114, 111, 112, 95, 111, 98, 106, 95, 48, 95, 16, 30, 114, 101, 113, 117, 105, 114, 101, 115, 83, 104, 111, 114, 116, 67, 111, 110, 110, 101, 99, 116, 105, 111, 110, 84, 105, 109, 101, 111, 117, 116, 95, 16, 22, 112, 114, 105, 118, 97, 99, 121, 80, 114, 111, 120, 121, 70, 97, 105, 108, 67, 108, 111, 115, 101, 100, 95, 16, 26, 112, 97, 121, 108, 111, 97, 100, 84, 114, 97, 110, 115, 109, 105, 115, 115, 105, 111, 110, 84, 105, 109, 101, 111, 117, 116, 95, 16, 31, 95, 95, 110, 115, 117, 114, 108, 114, 101, 113, 117, 101, 115, 116, 95, 112, 114, 111, 116, 111, 95, 112, 114, 111, 112, 95, 111, 98, 106, 95, 49, 95, 16, 39, 99, 111, 110, 116, 101, 110, 116, 68, 105, 115, 112, 111, 115, 105, 116, 105, 111, 110, 69, 110, 99, 111, 100, 105, 110, 103, 70, 97, 108, 108, 98, 97, 99, 107, 65, 114, 114, 97, 121, 95, 16, 31, 95, 95, 110, 115, 117, 114, 108, 114, 101, 113, 117, 101, 115, 116, 95, 112, 114, 111, 116, 111, 95, 112, 114, 111, 112, 95, 111, 98, 106, 95, 50, 94, 116, 114, 97, 99, 107, 101, 114, 67, 111, 110, 116, 101, 120, 116, 89, 97, 108, 108, 111, 119, 115, 85, 67, 65, 95, 16, 20, 112, 114, 111, 104, 105, 98, 105, 116, 80, 114, 105, 118, 97, 99, 121, 80, 114, 111, 120, 121, 95, 16, 31, 95, 95, 110, 115, 117, 114, 108, 114, 101, 113, 117, 101, 115, 116, 95, 112, 114, 111, 116, 111, 95, 112, 114, 111, 112, 95, 111, 98, 106, 95, 51, 95, 16, 48, 112, 114, 105, 118, 97, 99, 121, 80, 114, 111, 120, 121, 70, 97, 105, 108, 67, 108, 111, 115, 101, 100, 70, 111, 114, 85, 110, 114, 101, 97, 99, 104, 97, 98, 108, 101, 78, 111, 110, 77, 97, 105, 110, 72, 111, 115, 116, 115, 95, 16, 41, 112, 114, 105, 118, 97, 99, 121, 80, 114, 111, 120, 121, 70, 97, 105, 108, 67, 108, 111, 115, 101, 100, 70, 111, 114, 85, 110, 114, 101, 97, 99, 104, 97, 98, 108, 101, 72, 111, 115, 116, 115, 86, 36, 99, 108, 97, 115, 115, 95, 16, 31, 95, 95, 110, 115, 117, 114, 108, 114, 101, 113, 117, 101, 115, 116, 95, 112, 114, 111, 116, 111, 95, 112, 114, 111, 112, 95, 111, 98, 106, 95, 52, 95, 16, 24, 98, 111, 117, 110, 100, 73, 110, 116, 101, 114, 102, 97, 99, 101, 73, 100, 101, 110, 116, 105, 102, 105, 101, 114, 95, 16, 28, 97, 108, 108, 111, 119, 115, 69, 120, 112, 101, 110, 115, 105, 118, 101, 78, 101, 116, 119, 111, 114, 107, 65, 99, 99, 101, 115, 115, 95, 16, 31, 95, 95, 110, 115, 117, 114, 108, 114, 101, 113, 117, 101, 115, 116, 95, 112, 114, 111, 116, 111, 95, 112, 114, 111, 112, 95, 111, 98, 106, 95, 53, 95, 16, 16, 115, 116, 97, 114, 116, 84, 105, 109, 101, 111, 117, 116, 84, 105, 109, 101, 95, 16, 18, 112, 114, 101, 118, 101, 110, 116, 72, 83, 84, 83, 83, 116, 111, 114, 97, 103, 101, 95, 16, 31, 95, 95, 110, 115, 117, 114, 108, 114, 101, 113, 117, 101, 115, 116, 95, 112, 114, 111, 116, 111, 95, 112, 114, 111, 112, 95, 111, 98, 106, 95, 54, 95, 16, 25, 99, 111, 111, 107, 105, 101, 80, 97, 114, 116, 105, 116, 105, 111, 110, 73, 100, 101, 110, 116, 105, 102, 105, 101, 114, 82, 36, 48, 95, 16, 34, 102, 97, 105, 108, 73, 110, 115, 101, 99, 117, 114, 101, 76, 111, 97, 100, 87, 105, 116, 104, 72, 84, 84, 80, 83, 68, 78, 83, 82, 101, 99, 111, 114, 100, 92, 107, 110, 111, 119, 110, 84, 114, 97, 99, 107, 101, 114, 90, 105, 103, 110, 111, 114, 101, 72, 83, 84, 83, 82, 36, 49, 95, 16, 27, 97, 108, 108, 111, 119, 79, 110, 108, 121, 80, 97, 114, 116, 105, 116, 105, 111, 110, 101, 100, 67, 111, 111, 107, 105, 101, 115, 95, 16, 31, 95, 95, 110, 115, 117, 114, 108, 114, 101, 113, 117, 101, 115, 116, 95, 112, 114, 111, 116, 111, 95, 112, 114, 111, 112, 95, 111, 98, 106, 95, 55, 82, 36, 50, 95, 16, 33, 115, 99, 104, 101, 109, 101, 87, 97, 115, 85, 112, 103, 114, 97, 100, 101, 100, 68, 117, 101, 84, 111, 68, 121, 110, 97, 109, 105, 99, 72, 83, 84, 83, 95, 16, 31, 95, 95, 110, 115, 117, 114, 108, 114, 101, 113, 117, 101, 115, 116, 95, 112, 114, 111, 116, 111, 95, 112, 114, 111, 112, 95, 111, 98, 106, 95, 56, 16, 0, 8, 128, 10, 8, 8, 128, 2, 128, 7, 16, 0, 128, 12, 128, 0, 128, 32, 128, 0, 128, 12, 128, 7, 128, 13, 128, 0, 128, 14, 128, 15, 8, 128, 16, 9, 8, 128, 2, 8, 8, 35, 0, 0, 0, 0, 0, 0, 0, 0, 128, 3, 128, 41, 128, 6, 128, 0, 8, 128, 7, 9, 8, 128, 45, 128, 8, 128, 0, 128, 10, 8, 128, 11, 128, 0, 16, 2, 8, 8, 8, 16, 9, 8, 128, 0, 16, 22, 8, 128, 0, 8, 211, 122, 50, 123, 78, 125, 126, 87, 78, 83, 46, 98, 97, 115, 101, 91, 78, 83, 46, 114, 101, 108, 97, 116, 105, 118, 101, 128, 0, 128, 5, 128, 4, 95, 16, 36, 104, 116, 116, 112, 58, 47, 47, 49, 50, 55, 46, 48, 46, 48, 46, 49, 58, 53, 54, 50, 56, 51, 47, 100, 111, 119, 110, 108, 111, 97, 100, 45, 115, 108, 111, 119, 210, 129, 130, 131, 132, 90, 36, 99, 108, 97, 115, 115, 110, 97, 109, 101, 88, 36, 99, 108, 97, 115, 115, 101, 115, 85, 78, 83, 85, 82, 76, 162, 131, 133, 88, 78, 83, 79, 98, 106, 101, 99, 116, 35, 64, 78, 0, 0, 0, 0, 0, 0, 211, 122, 50, 123, 78, 125, 138, 128, 0, 128, 5, 128, 9, 95, 16, 36, 104, 116, 116, 112, 58, 47, 47, 49, 50, 55, 46, 48, 46, 48, 46, 49, 58, 53, 54, 50, 56, 51, 47, 100, 111, 119, 110, 108, 111, 97, 100, 45, 115, 108, 111, 119, 9, 17, 1, 134, 16, 4, 83, 71, 69, 84, 211, 145, 146, 50, 147, 155, 163, 87, 78, 83, 46, 107, 101, 121, 115, 90, 78, 83, 46, 111, 98, 106, 101, 99, 116, 115, 167, 148, 149, 150, 151, 152, 153, 154, 128, 17, 128, 18, 128, 19, 128, 20, 128, 21, 128, 22, 128, 23, 167, 156, 157, 158, 159, 160, 161, 162, 128, 24, 128, 25, 128, 26, 128, 27, 128, 28, 128, 29, 128, 30, 128, 31, 86, 65, 99, 99, 101, 112, 116, 94, 83, 101, 99, 45, 70, 101, 116, 99, 104, 45, 83, 105, 116, 101, 88, 95, 95, 104, 104, 97, 97, 95, 95, 95, 16, 25, 85, 112, 103, 114, 97, 100, 101, 45, 73, 110, 115, 101, 99, 117, 114, 101, 45, 82, 101, 113, 117, 101, 115, 116, 115, 94, 83, 101, 99, 45, 70, 101, 116, 99, 104, 45, 77, 111, 100, 101, 90, 85, 115, 101, 114, 45, 65, 103, 101, 110, 116, 94, 83, 101, 99, 45, 70, 101, 116, 99, 104, 45, 68, 101, 115, 116, 95, 16, 63, 116, 101, 120, 116, 47, 104, 116, 109, 108, 44, 97, 112, 112, 108, 105, 99, 97, 116, 105, 111, 110, 47, 120, 104, 116, 109, 108, 43, 120, 109, 108, 44, 97, 112, 112, 108, 105, 99, 97, 116, 105, 111, 110, 47, 120, 109, 108, 59, 113, 61, 48, 46, 57, 44, 42, 47, 42, 59, 113, 61, 48, 46, 56, 84, 110, 111, 110, 101, 95, 17, 1, 252, 13, 10, 13, 10, 89, 110, 66, 115, 97, 88, 78, 48, 77, 68, 68, 87, 65, 81, 73, 68, 66, 65, 85, 71, 66, 119, 107, 76, 68, 81, 56, 82, 88, 108, 78, 108, 89, 121, 49, 71, 90, 88, 82, 106, 97, 67, 49, 69, 90, 88, 78, 48, 87, 108, 86, 122, 90, 88, 73, 116, 81, 87, 100, 108, 98, 110, 82, 102, 69, 66, 108, 86, 99, 71, 100, 121, 89, 87, 82, 108, 76, 85, 108, 117, 99, 50, 86, 106, 100, 88, 74, 108, 76, 86, 74, 108, 99, 88, 86, 108, 99, 51, 82, 122, 86, 107, 70, 106, 89, 50, 86, 119, 100, 70, 53, 84, 90, 87, 77, 116, 82, 109, 86, 48, 89, 50, 103, 116, 85, 50, 108, 48, 90, 86, 53, 84, 90, 87, 77, 116, 82, 109, 86, 48, 89, 50, 103, 116, 84, 87, 57, 107, 90, 97, 69, 73, 87, 71, 82, 118, 89, 51, 86, 116, 90, 87, 53, 48, 111, 81, 112, 102, 69, 70, 104, 78, 98, 51, 112, 112, 98, 71, 120, 104, 76, 122, 85, 117, 77, 67, 65, 111, 84, 87, 70, 106, 97, 87, 53, 48, 98, 51, 78, 111, 79, 121, 66, 74, 98, 110, 82, 108, 98, 67, 66, 78, 89, 87, 77, 103, 84, 49, 77, 103, 87, 67, 65, 120, 77, 70, 56, 120, 78, 86, 56, 51, 75, 83, 66, 66, 99, 72, 66, 115, 90, 86, 100, 108, 89, 107, 116, 112, 100, 67, 56, 50, 77, 68, 85, 117, 77, 83, 52, 120, 78, 83, 65, 111, 83, 48, 104, 85, 84, 85, 119, 115, 73, 71, 120, 112, 97, 50, 85, 103, 82, 50, 86, 106, 97, 50, 56, 112, 111, 81, 120, 82, 77, 97, 69, 79, 88, 120, 65, 47, 100, 71, 86, 52, 100, 67, 57, 111, 100, 71, 49, 115, 76, 71, 70, 119, 99, 71, 120, 112, 89, 50, 70, 48, 97, 87, 57, 117, 76, 51, 104, 111, 100, 71, 49, 115, 75, 51, 104, 116, 98, 67, 120, 104, 99, 72, 66, 115, 97, 87, 78, 104, 100, 71, 108, 118, 98, 105, 57, 52, 98, 87, 119, 55, 99, 84, 48, 119, 76, 106, 107, 115, 75, 105, 56, 113, 79, 51, 69, 57, 77, 67, 52, 52, 111, 82, 66, 85, 98, 109, 57, 117, 90, 97, 69, 83, 87, 71, 53, 104, 100, 109, 108, 110, 89, 88, 82, 108, 65, 65, 103, 65, 70, 81, 65, 107, 65, 67, 56, 65, 83, 119, 66, 83, 65, 71, 69, 65, 99, 65, 66, 121, 65, 72, 115, 65, 102, 81, 68, 89, 65, 78, 111, 65, 51, 65, 68, 101, 65, 83, 65, 66, 73, 103, 69, 110, 65, 83, 107, 65, 65, 65, 65, 65, 65, 65, 65, 67, 65, 81, 65, 65, 65, 65, 65, 65, 65, 65, 65, 84, 65, 65, 65, 65, 65, 65, 65, 65, 65, 65, 65, 65, 65, 65, 65, 65, 65, 65, 65, 66, 77, 103, 61, 61, 81, 49, 88, 110, 97, 118, 105, 103, 97, 116, 101, 95, 16, 88, 77, 111, 122, 105, 108, 108, 97, 47, 53, 46, 48, 32, 40, 77, 97, 99, 105, 110, 116, 111, 115, 104, 59, 32, 73, 110, 116, 101, 108, 32, 77, 97, 99, 32, 79, 83, 32, 88, 32, 49, 48, 95, 49, 53, 95, 55, 41, 32, 65, 112, 112, 108, 101, 87, 101, 98, 75, 105, 116, 47, 54, 48, 53, 46, 49, 46, 49, 53, 32, 40, 75, 72, 84, 77, 76, 44, 32, 108, 105, 107, 101, 32, 71, 101, 99, 107, 111, 41, 88, 100, 111, 99, 117, 109, 101, 110, 116, 210, 129, 130, 179, 180, 95, 16, 19, 78, 83, 77, 117, 116, 97, 98, 108, 101, 68, 105, 99, 116, 105, 111, 110, 97, 114, 121, 163, 179, 181, 133, 92, 78, 83, 68, 105, 99, 116, 105, 111, 110, 97, 114, 121, 211, 145, 146, 50, 183, 189, 163, 165, 184, 185, 186, 187, 188, 128, 33, 128, 34, 128, 35, 128, 36, 128, 37, 165, 190, 191, 191, 193, 191, 128, 38, 128, 39, 128, 39, 128, 40, 128, 39, 128, 31, 95, 16, 42, 95, 107, 67, 70, 72, 84, 84, 80, 67, 111, 111, 107, 105, 101, 80, 111, 108, 105, 99, 121, 80, 114, 111, 112, 101, 114, 116, 121, 83, 105, 116, 101, 70, 111, 114, 67, 111, 111, 107, 105, 101, 115, 95, 16, 48, 95, 107, 67, 70, 72, 84, 84, 80, 67, 111, 111, 107, 105, 101, 80, 111, 108, 105, 99, 121, 80, 114, 111, 112, 101, 114, 116, 121, 73, 115, 84, 111, 112, 76, 101, 118, 101, 108, 78, 97, 118, 105, 103, 97, 116, 105, 111, 110, 95, 16, 21, 87, 75, 86, 101, 114, 121, 76, 111, 119, 76, 111, 97, 100, 80, 114, 105, 111, 114, 105, 116, 121, 95, 16, 24, 95, 107, 67, 70, 85, 82, 76, 67, 97, 99, 104, 101, 80, 97, 114, 116, 105, 116, 105, 111, 110, 75, 101, 121, 95, 16, 32, 107, 67, 70, 85, 82, 76, 82, 101, 113, 117, 101, 115, 116, 65, 108, 108, 111, 119, 65, 108, 108, 80, 79, 83, 84, 67, 97, 99, 104, 105, 110, 103, 95, 16, 36, 104, 116, 116, 112, 58, 47, 47, 49, 50, 55, 46, 48, 46, 48, 46, 49, 58, 53, 54, 50, 56, 51, 47, 100, 111, 119, 110, 108, 111, 97, 100, 45, 115, 108, 111, 119, 16, 1, 89, 49, 50, 55, 46, 48, 46, 48, 46, 49, 210, 146, 50, 205, 209, 163, 83, 207, 208, 128, 13, 128, 42, 128, 43, 128, 44, 16, 12, 16, 5, 210, 129, 130, 213, 214, 87, 78, 83, 65, 114, 114, 97, 121, 162, 213, 133, 210, 129, 130, 216, 217, 95, 16, 19, 78, 83, 77, 117, 116, 97, 98, 108, 101, 85, 82, 76, 82, 101, 113, 117, 101, 115, 116, 163, 218, 219, 133, 95, 16, 19, 78, 83, 77, 117, 116, 97, 98, 108, 101, 85, 82, 76, 82, 101, 113, 117, 101, 115, 116, 92, 78, 83, 85, 82, 76, 82, 101, 113, 117, 101, 115, 116, 0, 8, 0, 17, 0, 26, 0, 36, 0, 41, 0, 50, 0, 55, 0, 73, 0, 76, 0, 106, 0, 108, 0, 157, 0, 163, 1, 22, 1, 49, 1, 70, 1, 104, 1, 127, 1, 141, 1, 174, 1, 196, 1, 231, 2, 10, 2, 22, 2, 57, 2, 92, 2, 121, 2, 156, 2, 191, 2, 226, 3, 5, 3, 40, 3, 75, 3, 110, 3, 135, 3, 170, 3, 210, 3, 232, 4, 10, 4, 43, 4, 68, 4, 97, 4, 131, 4, 173, 4, 207, 4, 222, 4, 232, 4, 255, 5, 33, 5, 84, 5, 128, 5, 135, 5, 169, 5, 196, 5, 227, 6, 5, 6, 24, 6, 45, 6, 79, 6, 107, 6, 110, 6, 147, 6, 160, 6, 171, 6, 174, 6, 204, 6, 238, 6, 241, 7, 21, 7, 55, 7, 57, 7, 58, 7, 60, 7, 61, 7, 62, 7, 64, 7, 66, 7, 68, 7, 70, 7, 72, 7, 74, 7, 76, 7, 78, 7, 80, 7, 82, 7, 84, 7, 86, 7, 88, 7, 89, 7, 91, 7, 92, 7, 93, 7, 95, 7, 96, 7, 97, 7, 106, 7, 108, 7, 110, 7, 112, 7, 114, 7, 115, 7, 117, 7, 118, 7, 119, 7, 121, 7, 123, 7, 125, 7, 127, 7, 128, 7, 130, 7, 132, 7, 134, 7, 135, 7, 136, 7, 137, 7, 139, 7, 140, 7, 142, 7, 144, 7, 145, 7, 147, 7, 148, 7, 155, 7, 163, 7, 175, 7, 177, 7, 179, 7, 181, 7, 220, 7, 225, 7, 236, 7, 245, 7, 251, 7, 254, 8, 7, 8, 16, 8, 23, 8, 25, 8, 27, 8, 29, 8, 68, 8, 69, 8, 72, 8, 74, 8, 78, 8, 85, 8, 93, 8, 104, 8, 112, 8, 114, 8, 116, 8, 118, 8, 120, 8, 122, 8, 124, 8, 126, 8, 134, 8, 136, 8, 138, 8, 140, 8, 142, 8, 144, 8, 146, 8, 148, 8, 150, 8, 157, 8, 172, 8, 181, 8, 209, 8, 224, 8, 235, 8, 250, 9, 60, 9, 65, 11, 65, 11, 67, 11, 76, 11, 167, 11, 176, 11, 181, 11, 203, 11, 207, 11, 220, 11, 227, 11, 233, 11, 235, 11, 237, 11, 239, 11, 241, 11, 243, 11, 249, 11, 251, 11, 253, 11, 255, 12, 1, 12, 3, 12, 5, 12, 50, 12, 101, 12, 125, 12, 152, 12, 187, 12, 226, 12, 228, 12, 238, 12, 243, 12, 247, 12, 249, 12, 251, 12, 253, 12, 255, 13, 1, 13, 3, 13, 8, 13, 16, 13, 19, 13, 24, 13, 46, 13, 50, 13, 72, 0, 0, 0, 0, 0, 0, 2, 1, 0, 0, 0, 0, 0, 0, 0, 220, 0, 0, 0, 0, 0, 0, 0, 0, 0, 0, 0, 0, 0, 0, 13, 85, 128, 14, 95, 16, 36, 104, 116, 116, 112, 58, 47, 47, 49, 50, 55, 46, 48, 46, 48, 46, 49, 58, 53, 54, 50, 56, 51, 47, 100, 111, 119, 110, 108, 111, 97, 100, 45, 115, 108, 111, 119, 95, 16, 22, 115, 99, 114, 121, 105, 110, 103, 45, 100, 111, 119, 110, 108, 111, 97, 100, 45, 50, 46, 98, 105, 110, 18, 0, 1, 0, 0, 95, 16, 28, 34, 115, 99, 114, 121, 105, 110, 103, 45, 116, 101, 115, 116, 45, 101, 116, 97, 103, 45, 100, 101, 97, 100, 98, 101, 101, 102, 34, 16, 6, 95, 16, 29, 77, 111, 110, 44, 32, 48, 49, 32, 74, 97, 110, 32, 50, 48, 50, 52, 32, 48, 48, 58, 48, 48, 58, 48, 48, 32, 71, 77, 84, 210, 55, 56, 74, 75, 95, 16, 19, 78, 83, 77, 117, 116, 97, 98, 108, 101, 68, 105, 99, 116, 105, 111, 110, 97, 114, 121, 163, 74, 76, 60, 92, 78, 83, 68, 105, 99, 116, 105, 111, 110, 97, 114, 121, 0, 8, 0, 17, 0, 26, 0, 36, 0, 41, 0, 50, 0, 55, 0, 73, 0, 76, 0, 106, 0, 108, 0, 135, 0, 141, 0, 148, 0, 156, 0, 167, 0, 174, 0, 185, 0, 187, 0, 189, 0, 191, 0, 193, 0, 195, 0, 197, 0, 199, 0, 201, 0, 203, 0, 205, 0, 216, 0, 218, 0, 220, 0, 222, 0, 224, 0, 226, 0, 228, 0, 230, 0, 232, 0, 234, 0, 236, 0, 238, 1, 16, 1, 45, 1, 80, 1, 116, 1, 142, 1, 179, 1, 213, 1, 243, 2, 19, 2, 58, 2, 174, 2, 179, 2, 187, 9, 227, 9, 229, 9, 234, 9, 245, 9, 254, 10, 12, 10, 16, 10, 23, 10, 32, 10, 37, 26, 39, 26, 41, 26, 46, 41, 95, 41, 97, 41, 136, 41, 161, 41, 166, 41, 197, 41, 199, 41, 231, 41, 236, 42, 2, 42, 6, 0, 0, 0, 0, 0, 0, 2, 1, 0, 0, 0, 0, 0, 0, 0, 77, 0, 0, 0, 0, 0, 0, 0, 0, 0, 0, 0, 0, 0, 0, 42, 19]) }
2026-10-07T14:12:02.7667790Z demo-mac: download-test: phase E: DownloadCancelled with 10957 bytes of resume_data
2026-10-07T14:12:02.7668400Z demo-mac: download-test: phase E: resume_download issued, resumed id = 5
2026-10-07T14:12:02.7669920Z demo-mac: nav event: DownloadStarted { id: DownloadId(5), url: "", suggested_filename: "scrying-download-2.bin", destination_path: "/Users/markik/Code/targets/wgpu-scry-hardware/demo-mac-download-test-88887/download-output/scrying-download-2.bin", total_bytes_expected: None }
2026-10-07T14:12:02.7671510Z demo-mac: nav event: DownloadProgress { id: DownloadId(5), bytes_written: 262144, total_bytes_expected: None }
2026-10-07T14:12:02.7672930Z demo-mac: nav event: DownloadFinished { id: DownloadId(5), destination_path: "/Users/markik/Code/targets/wgpu-scry-hardware/demo-mac-download-test-88887/download-output/scrying-download-2.bin", error: None }
2026-10-07T14:12:02.7674150Z demo-mac: download-test: phase E: resumed download produced 262144 bytes matching the expected payload
2026-10-07T14:12:02.7675150Z demo-mac: download-test: PASS — item 8 download pipeline verified
2026-10-07T14:12:02.7675860Z   - basic: DownloadStarted/Progress/Finished events landed with id 1 and bytes match served payload
2026-10-07T14:12:02.7676640Z   - host Cancel decision: DownloadCancelled fired (no Started, no Finished) for id 2
2026-10-07T14:12:02.7677260Z   - cancel_download(unknown_id): returned Ok(false) as expected
2026-10-07T14:12:02.7678680Z   - basic-auth download via start_download: shared auth handler supplied credentials, download succeeded (download-level auth callback fired = true)
2026-10-07T14:12:02.7679680Z   - resume: cancelled mid-stream (id 4), resume_download produced complete bytes (resumed id 5)
2026-10-07T14:12:02.7680240Z   -> PASS
2026-10-07T14:12:02.7680360Z 
2026-10-07T14:12:02.7680480Z ==> --profile-test
2026-10-07T14:12:03.5131090Z demo-mac: --profile-test: spun up persistent counterpart at same data_dir
2026-10-07T14:12:03.5131750Z demo-mac: profile-test: set_cookie 'scrying-profile-88994' on producer #1
2026-10-07T14:12:03.5132270Z demo-mac: profile-test: producer #1 store reports 1 cookie(s)
2026-10-07T14:12:03.5132730Z demo-mac: profile-test: producer #2 store reports 1 cookie(s)
2026-10-07T14:12:03.5133490Z demo-mac: profile-test: PASS — persistent stores at the same data_dir share cookies
2026-10-07T14:12:03.5134080Z   - set_cookie on producer #1 was visible to its own request_all_cookies
2026-10-07T14:12:03.5134680Z   - same cookie was visible to a separate persistent producer at the same data_dir
2026-10-07T14:12:03.5167280Z   -> PASS
2026-10-07T14:12:03.5200770Z 
2026-10-07T14:12:03.5200970Z ==> --two-tabs
2026-10-07T14:12:12.2423870Z demo-mac: --two-tabs: spun up second producer
2026-10-07T14:12:12.2424390Z demo-mac: nav event: Starting { url: "scrying-test://history-1" }
2026-10-07T14:12:12.2424920Z demo-mac: [tab2] nav event: Starting { url: "scrying-test://history-2" }
2026-10-07T14:12:12.2425470Z demo-mac: nav event: SourceChanged { url: "scrying-test://history-1" }
2026-10-07T14:12:12.2426020Z demo-mac: [tab2] nav event: SourceChanged { url: "scrying-test://history-2" }
2026-10-07T14:12:12.2426620Z demo-mac: nav event: Completed { url: "scrying-test://history-1", success: true }
2026-10-07T14:12:12.2427090Z demo-mac: js->host: loaded:history-1
2026-10-07T14:12:12.2427560Z demo-mac: [tab2] nav event: Completed { url: "scrying-test://history-2", success: true }
2026-10-07T14:12:12.2428060Z demo-mac: [tab2] js->host: loaded:history-2
2026-10-07T14:12:12.2428940Z demo-mac: two-tabs: PASS — multi-instance independence verified (3 tab-1 urls, 3 tab-2 urls, no cross-talk)
2026-10-07T14:12:12.2460910Z   -> PASS
2026-10-07T14:12:12.2495030Z 
2026-10-07T14:12:12.2495350Z ==> --capture-test
2026-10-07T14:12:46.1225690Z demo-mac: started loading scrying-test://capture
2026-10-07T14:12:46.1227110Z demo-mac: nav event: Starting { url: "scrying-test://capture" }
2026-10-07T14:12:46.1227680Z demo-mac: nav event: SourceChanged { url: "scrying-test://capture" }
2026-10-07T14:12:46.1228240Z demo-mac: nav event: Completed { url: "scrying-test://capture", success: true }
2026-10-07T14:12:46.1228720Z demo-mac: start_capture_async kicked off
2026-10-07T14:12:46.1229340Z demo-mac: capture activity at 0.00s: frames=0, complete=1, idle=0, visible=Some(true), minimized=Some(false), focused=false
2026-10-07T14:12:46.1230240Z demo-mac: capture activity at 1.00s: frames=3, complete=3, idle=55, visible=Some(true), minimized=Some(false), focused=false
2026-10-07T14:12:46.1231160Z demo-mac: capture activity at 2.00s: frames=3, complete=3, idle=113, visible=Some(true), minimized=Some(false), focused=false
2026-10-07T14:12:46.1232050Z demo-mac: capture activity at 3.00s: frames=3, complete=3, idle=171, visible=Some(true), minimized=Some(false), focused=false
2026-10-07T14:12:46.1232950Z demo-mac: capture activity at 4.00s: frames=3, complete=3, idle=229, visible=Some(true), minimized=Some(false), focused=false
2026-10-07T14:12:46.1233840Z demo-mac: capture activity at 5.00s: frames=3, complete=3, idle=288, visible=Some(true), minimized=Some(false), focused=false
2026-10-07T14:12:46.1234730Z demo-mac: capture activity at 6.00s: frames=3, complete=3, idle=346, visible=Some(true), minimized=Some(false), focused=false
2026-10-07T14:12:46.1235610Z demo-mac: capture activity at 7.00s: frames=3, complete=3, idle=404, visible=Some(true), minimized=Some(false), focused=false
2026-10-07T14:12:46.1237180Z demo-mac: capture activity at 8.00s: frames=3, complete=3, idle=462, visible=Some(true), minimized=Some(false), focused=false
2026-10-07T14:12:46.1238110Z demo-mac: capture activity at 9.00s: frames=3, complete=3, idle=520, visible=Some(true), minimized=Some(false), focused=false
2026-10-07T14:12:46.1239000Z demo-mac: capture activity at 10.00s: frames=3, complete=3, idle=578, visible=Some(true), minimized=Some(false), focused=false
2026-10-07T14:12:46.1239890Z demo-mac: capture activity at 11.00s: frames=3, complete=3, idle=637, visible=Some(true), minimized=Some(false), focused=false
2026-10-07T14:12:46.1240790Z demo-mac: capture activity at 12.00s: frames=3, complete=3, idle=695, visible=Some(true), minimized=Some(false), focused=false
2026-10-07T14:12:46.1241680Z demo-mac: capture activity at 13.00s: frames=3, complete=3, idle=753, visible=Some(true), minimized=Some(false), focused=false
2026-10-07T14:12:46.1242570Z demo-mac: capture activity at 14.00s: frames=3, complete=3, idle=811, visible=Some(true), minimized=Some(false), focused=false
2026-10-07T14:12:46.1243470Z demo-mac: capture activity at 15.00s: frames=3, complete=3, idle=869, visible=Some(true), minimized=Some(false), focused=false
2026-10-07T14:12:46.1244360Z demo-mac: capture activity at 16.00s: frames=3, complete=3, idle=927, visible=Some(true), minimized=Some(false), focused=false
2026-10-07T14:12:46.1245390Z demo-mac: capture activity at 17.00s: frames=3, complete=3, idle=985, visible=Some(true), minimized=Some(false), focused=false
2026-10-07T14:12:46.1246300Z demo-mac: capture activity at 18.00s: frames=3, complete=3, idle=1043, visible=Some(true), minimized=Some(false), focused=false
2026-10-07T14:12:46.1247390Z demo-mac: capture activity at 19.00s: frames=3, complete=3, idle=1101, visible=Some(true), minimized=Some(false), focused=false
2026-10-07T14:12:46.1248300Z demo-mac: capture activity at 20.00s: frames=3, complete=3, idle=1160, visible=Some(true), minimized=Some(false), focused=false
2026-10-07T14:12:46.1249200Z demo-mac: capture activity at 21.00s: frames=3, complete=3, idle=1218, visible=Some(true), minimized=Some(false), focused=false
2026-10-07T14:12:46.1250110Z demo-mac: capture activity at 22.00s: frames=3, complete=3, idle=1276, visible=Some(true), minimized=Some(false), focused=false
2026-10-07T14:12:46.1251280Z demo-mac: capture activity at 23.00s: frames=3, complete=3, idle=1334, visible=Some(true), minimized=Some(false), focused=false
2026-10-07T14:12:46.1252180Z demo-mac: capture activity at 24.00s: frames=3, complete=3, idle=1393, visible=Some(true), minimized=Some(false), focused=false
2026-10-07T14:12:46.1253090Z demo-mac: capture activity at 25.00s: frames=3, complete=3, idle=1451, visible=Some(true), minimized=Some(false), focused=false
2026-10-07T14:12:46.1253990Z demo-mac: capture activity at 26.00s: frames=3, complete=3, idle=1509, visible=Some(true), minimized=Some(false), focused=false
2026-10-07T14:12:46.1254930Z demo-mac: capture activity at 27.00s: frames=3, complete=3, idle=1567, visible=Some(true), minimized=Some(false), focused=false
2026-10-07T14:12:46.1255850Z demo-mac: capture activity at 28.00s: frames=3, complete=3, idle=1625, visible=Some(true), minimized=Some(false), focused=false
2026-10-07T14:12:46.1256750Z demo-mac: capture activity at 29.00s: frames=3, complete=3, idle=1683, visible=Some(true), minimized=Some(false), focused=false
2026-10-07T14:12:46.1257370Z demo-mac: capture-test: FAIL
2026-10-07T14:12:46.1257810Z   - captured 3 frame(s) within 30s without observing 5 frame(s) at every expected size
2026-10-07T14:12:46.1258340Z   - observed 3 frame(s) at 1024x1536, expected at least 5
2026-10-07T14:12:46.1259150Z   - pre-import frame diagnostics: no-latest-sample=564288, no-image-payload=1741, config-revision-pending=0, source-dimension-mismatch=0, empty-crop=0
2026-10-07T14:12:46.1260200Z   - SCK frame statuses: missing=0, complete=3, idle=1741, blank=0, suspended=0, started=0, stopped=0, unknown=0, last=Some(1)
2026-10-07T14:12:46.1261510Z   - capture revisions: requested=0, applied=0; last source dimensions=Some(PhysicalSize { width: 2048, height: 1592 }), expected host dimensions=Some(PhysicalSize { width: 2048, height: 1592 })
2026-10-07T14:12:46.1269760Z   -> FAIL (PASS receipt absent)
2026-10-07T14:12:46.1306070Z 
2026-10-07T14:12:46.1306560Z ==> --capture-test+resize
2026-10-07T14:13:03.8717310Z demo-mac: started loading scrying-test://capture
2026-10-07T14:13:03.8717860Z demo-mac: nav event: Starting { url: "scrying-test://capture" }
2026-10-07T14:13:03.8718380Z demo-mac: nav event: SourceChanged { url: "scrying-test://capture" }
2026-10-07T14:13:03.8718940Z demo-mac: nav event: Completed { url: "scrying-test://capture", success: true }
2026-10-07T14:13:03.8719480Z demo-mac: start_capture_async kicked off
2026-10-07T14:13:03.8720170Z demo-mac: capture activity at 0.00s: frames=0, complete=1, idle=0, visible=Some(true), minimized=Some(false), focused=false
2026-10-07T14:13:03.8721060Z demo-mac: capture activity at 1.00s: frames=3, complete=3, idle=56, visible=Some(true), minimized=Some(false), focused=false
2026-10-07T14:13:03.8721980Z demo-mac: capture activity at 2.00s: frames=3, complete=3, idle=114, visible=Some(true), minimized=Some(false), focused=false
2026-10-07T14:13:03.8722870Z demo-mac: capture activity at 3.00s: frames=3, complete=3, idle=172, visible=Some(true), minimized=Some(false), focused=false
2026-10-07T14:13:03.8723780Z demo-mac: capture activity at 4.00s: frames=3, complete=3, idle=231, visible=Some(true), minimized=Some(false), focused=false
2026-10-07T14:13:03.8724660Z demo-mac: capture activity at 5.00s: frames=3, complete=3, idle=289, visible=Some(true), minimized=Some(false), focused=false
2026-10-07T14:13:03.8725660Z demo-mac: resize-test step 0 → request logical inner_size = 1280x800
2026-10-07T14:13:03.8726380Z demo-mac: capture activity at 6.00s: frames=3, complete=3, idle=347, visible=Some(true), minimized=Some(false), focused=false
2026-10-07T14:13:03.8727270Z demo-mac: capture activity at 7.00s: frames=6, complete=6, idle=402, visible=Some(true), minimized=Some(false), focused=false
2026-10-07T14:13:03.8728170Z demo-mac: capture activity at 8.00s: frames=6, complete=6, idle=461, visible=Some(true), minimized=Some(false), focused=false
2026-10-07T14:13:03.8729060Z demo-mac: capture activity at 9.00s: frames=6, complete=6, idle=519, visible=Some(true), minimized=Some(false), focused=false
2026-10-07T14:13:03.8730390Z demo-mac: resize-test step 1 → request logical inner_size = 768x600
2026-10-07T14:13:03.8731090Z demo-mac: capture activity at 10.01s: frames=6, complete=6, idle=577, visible=Some(true), minimized=Some(false), focused=false
2026-10-07T14:13:03.8732000Z demo-mac: capture activity at 11.01s: frames=9, complete=10, idle=630, visible=Some(true), minimized=Some(false), focused=false
2026-10-07T14:13:03.8732910Z demo-mac: capture activity at 12.01s: frames=9, complete=10, idle=688, visible=Some(true), minimized=Some(false), focused=false
2026-10-07T14:13:03.8733810Z demo-mac: capture activity at 13.01s: frames=9, complete=10, idle=746, visible=Some(true), minimized=Some(false), focused=false
2026-10-07T14:13:03.8734580Z demo-mac: resize-test step 2 → request logical inner_size = 1024x700
2026-10-07T14:13:03.8735280Z demo-mac: capture activity at 14.01s: frames=9, complete=10, idle=805, visible=Some(true), minimized=Some(false), focused=false
2026-10-07T14:13:03.8736270Z demo-mac: capture-test: PASS — SCK pipeline delivered 12 frames across [768x1200, 1024x1400, 1024x1536, 1280x1600]
2026-10-07T14:13:03.8759840Z   -> PASS
2026-10-07T14:13:03.8798110Z 
2026-10-07T14:13:03.8798490Z ==> summary
2026-10-07T14:13:03.8798740Z   passed: 9 / 10
2026-10-07T14:13:03.8798980Z   failed: 1
2026-10-07T14:13:03.8799200Z     - --capture-test
2026-10-07T14:13:04.0676790Z ##[error]Process completed with exit code 1.
2026-10-07T14:13:04.0777820Z ##[group]Run actions/upload-artifact@v4
2026-10-07T14:13:04.0778170Z with:
2026-10-07T14:13:04.0778400Z   name: registry-triplet-metal-intel
2026-10-07T14:13:04.0779690Z   path: /Users/markik/actions-runner-wgpu/_work/_temp/registry-triplet
/Users/markik/actions-runner-wgpu/_work/_temp/registry-graft-intel.log
/Users/markik/actions-runner-wgpu/_work/_temp/registry-scry-intel.log
/Users/markik/actions-runner-wgpu/_work/_temp/registry-weld-intel

2026-10-07T14:13:04.0782000Z   if-no-files-found: warn
2026-10-07T14:13:04.0782320Z   compression-level: 6
2026-10-07T14:13:04.0782570Z   overwrite: false
2026-10-07T14:13:04.0782810Z   include-hidden-files: false
2026-10-07T14:13:04.0783060Z env:
2026-10-07T14:13:04.0794680Z   CARGO_NET_GIT_FETCH_WITH_CLI: true
2026-10-07T14:13:04.0795000Z   RUSTFLAGS: -D warnings
2026-10-07T14:13:04.0795330Z   GRAFTING_VERSION: 0.6.0
2026-10-07T14:13:04.0795570Z   SCRYING_VERSION: 0.7.2
2026-10-07T14:13:04.0795810Z   WELDING_VERSION: 0.14.1
2026-10-07T14:13:04.0796150Z   SCRY_SOURCE_REF: 4d8d1d3f8dd450b712960c90b74263a45b46e35b
2026-10-07T14:13:04.0796550Z   WELD_SOURCE_REF: c7b7b4c52138643e22580a918542e8e036a0b24a
2026-10-07T14:13:04.0796890Z   WGPU_BACKEND: metal
2026-10-07T14:13:04.0797330Z   CEF_PATH: /Users/markik/Code/cef-cache/wgpu-weld
2026-10-07T14:13:04.0797650Z   CAPTURE: 1
2026-10-07T14:13:04.0797910Z   TIMEOUT: 90
2026-10-07T14:13:04.0798110Z   VISIBLE: 1
2026-10-07T14:13:04.0798320Z   WELD_SKIP_CASES: popup
2026-10-07T14:13:04.0798560Z   PROOF_HOST: intel
2026-10-07T14:13:04.0798810Z   CARGO_HOME: /Users/markik/.cargo
2026-10-07T14:13:04.0799090Z   CARGO_INCREMENTAL: 0
2026-10-07T14:13:04.0799330Z   CARGO_TERM_COLOR: always
2026-10-07T14:13:04.0799660Z   UV_PYTHON_INSTALL_DIR: /Users/markik/.local/share/uv/python
2026-10-07T14:13:04.0800020Z ##[endgroup]
2026-10-07T14:13:04.5296080Z (node:89837) [DEP0040] DeprecationWarning: The `punycode` module is deprecated. Please use a userland alternative instead.
2026-10-07T14:13:04.5297100Z (Use `node --trace-deprecation ...` to show where the warning was created)
2026-10-07T14:13:04.5484700Z Multiple search paths detected. Calculating the least common ancestor of all paths
2026-10-07T14:13:04.5486580Z The least common ancestor is /Users/markik/actions-runner-wgpu/_work/_temp. This will be the root directory of the artifact
2026-10-07T14:13:04.5487380Z With the provided path, there will be 69 files uploaded
2026-10-07T14:13:04.5491450Z Artifact name is valid!
2026-10-07T14:13:04.5492180Z Root directory input is valid!
2026-10-07T14:13:04.9285040Z Beginning upload of artifact content to blob storage
2026-10-07T14:13:05.1377440Z (node:89837) [DEP0169] DeprecationWarning: `url.parse()` behavior is not standardized and prone to errors that have security implications. Use the WHATWG URL API instead. CVEs are not issued for `url.parse()` vulnerabilities.
2026-10-07T14:13:05.6901480Z Uploaded bytes 1202508
2026-10-07T14:13:06.6551010Z Finished uploading artifact content to blob storage!
2026-10-07T14:13:06.6551840Z SHA256 digest of uploaded artifact zip is e7a345c6cd19c683753363b3f6b070582456e58d7062e4faa3c899aa24ec463d
2026-10-07T14:13:06.6553030Z Finalizing artifact upload
2026-10-07T14:13:06.9266380Z Artifact registry-triplet-metal-intel.zip successfully finalized. Artifact ID 11487982173
2026-10-07T14:13:06.9267360Z Artifact registry-triplet-metal-intel has been successfully uploaded! Final size is 1202508 bytes. Artifact ID is 11487982173
2026-10-07T14:13:06.9278800Z Artifact download URL: https://github.com/merely-made/wgpu-graft/actions/runs/37633624184/artifacts/11487982173
2026-10-07T14:13:06.9607300Z Post job cleanup.
2026-10-07T14:13:07.1021390Z [command]/usr/local/bin/git version
2026-10-07T14:13:07.1283420Z git version 2.54.0
2026-10-07T14:13:07.1313290Z Copying '/Users/markik/.gitconfig' to '/Users/markik/actions-runner-wgpu/_work/_temp/19ac643d-fc9a-4d1c-8000-ff9b7f6a4bc0/.gitconfig'
2026-10-07T14:13:07.1322750Z Temporarily overriding HOME='/Users/markik/actions-runner-wgpu/_work/_temp/19ac643d-fc9a-4d1c-8000-ff9b7f6a4bc0' before making global git config changes
2026-10-07T14:13:07.1323770Z Adding repository directory to the temporary git global config as a safe directory
2026-10-07T14:13:07.1327680Z [command]/usr/local/bin/git config --global --add safe.directory /Users/markik/actions-runner-wgpu/_work/wgpu-graft/wgpu-graft/.registry-proof-source/weld
2026-10-07T14:13:07.1501790Z [command]/usr/local/bin/git config --local --name-only --get-regexp core\.sshCommand
2026-10-07T14:13:07.1639910Z [command]/usr/local/bin/git submodule foreach --recursive sh -c "git config --local --name-only --get-regexp 'core\.sshCommand' && git config --local --unset-all 'core.sshCommand' || :"
2026-10-07T14:13:07.3266080Z [command]/usr/local/bin/git config --local --name-only --get-regexp http\.https\:\/\/github\.com\/\.extraheader
2026-10-07T14:13:07.3387610Z http.https://github.com/.extraheader
2026-10-07T14:13:07.3399800Z [command]/usr/local/bin/git config --local --unset-all http.https://github.com/.extraheader
2026-10-07T14:13:07.3537870Z [command]/usr/local/bin/git submodule foreach --recursive sh -c "git config --local --name-only --get-regexp 'http\.https\:\/\/github\.com\/\.extraheader' && git config --local --unset-all 'http.https://github.com/.extraheader' || :"
2026-10-07T14:13:07.5084870Z [command]/usr/local/bin/git config --local --name-only --get-regexp ^includeIf\.gitdir:
2026-10-07T14:13:07.5218570Z [command]/usr/local/bin/git submodule foreach --recursive git config --local --show-origin --name-only --get-regexp remote.origin.url
2026-10-07T14:13:07.6942030Z Post job cleanup.
2026-10-07T14:13:07.8306770Z [command]/usr/local/bin/git version
2026-10-07T14:13:07.8441600Z git version 2.54.0
2026-10-07T14:13:07.8471080Z Copying '/Users/markik/.gitconfig' to '/Users/markik/actions-runner-wgpu/_work/_temp/5aa62c7b-60ab-456a-a8e2-eb97fb70fb1c/.gitconfig'
2026-10-07T14:13:07.8481460Z Temporarily overriding HOME='/Users/markik/actions-runner-wgpu/_work/_temp/5aa62c7b-60ab-456a-a8e2-eb97fb70fb1c' before making global git config changes
2026-10-07T14:13:07.8482530Z Adding repository directory to the temporary git global config as a safe directory
2026-10-07T14:13:07.8486630Z [command]/usr/local/bin/git config --global --add safe.directory /Users/markik/actions-runner-wgpu/_work/wgpu-graft/wgpu-graft/.registry-proof-source/scry
2026-10-07T14:13:07.8637350Z [command]/usr/local/bin/git config --local --name-only --get-regexp core\.sshCommand
2026-10-07T14:13:07.8773180Z [command]/usr/local/bin/git submodule foreach --recursive sh -c "git config --local --name-only --get-regexp 'core\.sshCommand' && git config --local --unset-all 'core.sshCommand' || :"
2026-10-07T14:13:08.0331710Z [command]/usr/local/bin/git config --local --name-only --get-regexp http\.https\:\/\/github\.com\/\.extraheader
2026-10-07T14:13:08.0454360Z http.https://github.com/.extraheader
2026-10-07T14:13:08.0467430Z [command]/usr/local/bin/git config --local --unset-all http.https://github.com/.extraheader
2026-10-07T14:13:08.0608480Z [command]/usr/local/bin/git submodule foreach --recursive sh -c "git config --local --name-only --get-regexp 'http\.https\:\/\/github\.com\/\.extraheader' && git config --local --unset-all 'http.https://github.com/.extraheader' || :"
2026-10-07T14:13:08.2171350Z [command]/usr/local/bin/git config --local --name-only --get-regexp ^includeIf\.gitdir:
2026-10-07T14:13:08.2306820Z [command]/usr/local/bin/git submodule foreach --recursive git config --local --show-origin --name-only --get-regexp remote.origin.url
2026-10-07T14:13:08.4022330Z Post job cleanup.
2026-10-07T14:13:08.5360820Z [command]/usr/local/bin/git version
2026-10-07T14:13:08.5499010Z git version 2.54.0
2026-10-07T14:13:08.5527340Z Copying '/Users/markik/.gitconfig' to '/Users/markik/actions-runner-wgpu/_work/_temp/e526a994-b929-4067-a008-a9ebbf2f9f25/.gitconfig'
2026-10-07T14:13:08.5537770Z Temporarily overriding HOME='/Users/markik/actions-runner-wgpu/_work/_temp/e526a994-b929-4067-a008-a9ebbf2f9f25' before making global git config changes
2026-10-07T14:13:08.5538840Z Adding repository directory to the temporary git global config as a safe directory
2026-10-07T14:13:08.5542610Z [command]/usr/local/bin/git config --global --add safe.directory /Users/markik/actions-runner-wgpu/_work/wgpu-graft/wgpu-graft/.registry-proof-source/graft
2026-10-07T14:13:08.5706870Z [command]/usr/local/bin/git config --local --name-only --get-regexp core\.sshCommand
2026-10-07T14:13:08.5840790Z [command]/usr/local/bin/git submodule foreach --recursive sh -c "git config --local --name-only --get-regexp 'core\.sshCommand' && git config --local --unset-all 'core.sshCommand' || :"
2026-10-07T14:13:08.7400520Z [command]/usr/local/bin/git config --local --name-only --get-regexp http\.https\:\/\/github\.com\/\.extraheader
2026-10-07T14:13:08.7521080Z http.https://github.com/.extraheader
2026-10-07T14:13:08.7532650Z [command]/usr/local/bin/git config --local --unset-all http.https://github.com/.extraheader
2026-10-07T14:13:08.7668330Z [command]/usr/local/bin/git submodule foreach --recursive sh -c "git config --local --name-only --get-regexp 'http\.https\:\/\/github\.com\/\.extraheader' && git config --local --unset-all 'http.https://github.com/.extraheader' || :"
2026-10-07T14:13:08.9231050Z [command]/usr/local/bin/git config --local --name-only --get-regexp ^includeIf\.gitdir:
2026-10-07T14:13:08.9365420Z [command]/usr/local/bin/git submodule foreach --recursive git config --local --show-origin --name-only --get-regexp remote.origin.url
2026-10-07T14:13:09.1055600Z Post job cleanup.
2026-10-07T14:13:09.1862510Z Released host hardware lock at /var/folders/nt/xlxwlg695b399ck_h55sfwtc0000gn/T/merely-wgpu-hardware-lock/host.lock
2026-10-07T14:13:09.1991360Z Post job cleanup.
2026-10-07T14:13:09.3359330Z [command]/usr/local/bin/git version
2026-10-07T14:13:09.3497090Z git version 2.54.0
2026-10-07T14:13:09.3527390Z Copying '/Users/markik/.gitconfig' to '/Users/markik/actions-runner-wgpu/_work/_temp/46791ecc-e277-4769-a390-5d43b83dcdd0/.gitconfig'
2026-10-07T14:13:09.3538120Z Temporarily overriding HOME='/Users/markik/actions-runner-wgpu/_work/_temp/46791ecc-e277-4769-a390-5d43b83dcdd0' before making global git config changes
2026-10-07T14:13:09.3539200Z Adding repository directory to the temporary git global config as a safe directory
2026-10-07T14:13:09.3543150Z [command]/usr/local/bin/git config --global --add safe.directory /Users/markik/actions-runner-wgpu/_work/wgpu-graft/wgpu-graft
2026-10-07T14:13:09.3701780Z [command]/usr/local/bin/git config --local --name-only --get-regexp core\.sshCommand
2026-10-07T14:13:09.3841460Z [command]/usr/local/bin/git submodule foreach --recursive sh -c "git config --local --name-only --get-regexp 'core\.sshCommand' && git config --local --unset-all 'core.sshCommand' || :"
2026-10-07T14:13:09.5429380Z [command]/usr/local/bin/git config --local --name-only --get-regexp http\.https\:\/\/github\.com\/\.extraheader
2026-10-07T14:13:09.5556540Z http.https://github.com/.extraheader
2026-10-07T14:13:09.5568870Z [command]/usr/local/bin/git config --local --unset-all http.https://github.com/.extraheader
2026-10-07T14:13:09.5704570Z [command]/usr/local/bin/git submodule foreach --recursive sh -c "git config --local --name-only --get-regexp 'http\.https\:\/\/github\.com\/\.extraheader' && git config --local --unset-all 'http.https://github.com/.extraheader' || :"
2026-10-07T14:13:09.7242540Z [command]/usr/local/bin/git config --local --name-only --get-regexp ^includeIf\.gitdir:
2026-10-07T14:13:09.7376960Z [command]/usr/local/bin/git submodule foreach --recursive git config --local --show-origin --name-only --get-regexp remote.origin.url
2026-10-07T14:13:09.9082130Z Cleaning up orphan processes
2026-10-07T14:13:10.1059350Z ##[warning]Node.js 20 is deprecated. The following actions target Node.js 20 but are being forced to run on Node.js 24: actions/checkout@v4, actions/upload-artifact@v4. For more information see: https://github.blog/changelog/2025-09-19-deprecation-of-node-20-on-github-actions-runners/
