2026-10-07T13:35:24.5014529Z Current runner version: '2.337.0'
2026-10-07T13:35:24.5035859Z ##[group]Runner Image Provisioner
2026-10-07T13:35:24.5036505Z Hosted Compute Agent
2026-10-07T13:35:24.5037069Z Version: 20260901.588
2026-10-07T13:35:24.5037742Z Commit: f88ec8081b781fac6c440065ac7ff9e710ce3d0b
2026-10-07T13:35:24.5038431Z Build Date: 2026-09-01T19:56:44Z
2026-10-07T13:35:24.5038987Z Worker ID: {2c5ce18a-2d5b-407b-b8d6-cedb2d954ed3}
2026-10-07T13:35:24.5039567Z Azure Region: eastus
2026-10-07T13:35:24.5040086Z ##[endgroup]
2026-10-07T13:35:24.5041189Z ##[group]Operating System
2026-10-07T13:35:24.5041744Z Ubuntu
2026-10-07T13:35:24.5042194Z 24.04.5
2026-10-07T13:35:24.5042592Z LTS
2026-10-07T13:35:24.5043065Z ##[endgroup]
2026-10-07T13:35:24.5043519Z ##[group]Runner Image
2026-10-07T13:35:24.5044073Z Image: ubuntu-24.04
2026-10-07T13:35:24.5044565Z Version: 20260927.320.1
2026-10-07T13:35:24.5045619Z Included Software: https://github.com/actions/runner-images/blob/ubuntu24/20260927.320/images/ubuntu/Ubuntu2404-Readme.md
2026-10-07T13:35:24.5046827Z Image Release: https://github.com/actions/runner-images/releases/tag/ubuntu24%2F20260927.320
2026-10-07T13:35:24.5048014Z ##[endgroup]
2026-10-07T13:35:24.5049554Z ##[group]GITHUB_TOKEN Permissions
2026-10-07T13:35:24.5051862Z Contents: read
2026-10-07T13:35:24.5052506Z Metadata: read
2026-10-07T13:35:24.5053233Z ##[endgroup]
2026-10-07T13:35:24.5055396Z Secret source: Actions
2026-10-07T13:35:24.5056430Z Cache mode: write
2026-10-07T13:35:24.5057541Z Prepare workflow directory
2026-10-07T13:35:24.6362725Z Prepare all required actions
2026-10-07T13:35:24.6401623Z Getting action download info
2026-10-07T13:35:24.8447623Z Download action repository 'actions/checkout@v4' (SHA:11d5960a326750d5838078e36cf38b85af677262)
2026-10-07T13:35:25.0711551Z Download action repository 'dtolnay/rust-toolchain@1.92.0' (SHA:1e7c0e2ba8d6443512f43fe0c99104527001da2e)
2026-10-07T13:35:25.4180979Z Complete job name: Rust 1.92 / Linux / WPE
2026-10-07T13:35:25.4591703Z ##[group]Checking docker version
2026-10-07T13:35:25.4602510Z ##[command]/usr/bin/docker version --format '{{.Server.APIVersion}}'
2026-10-07T13:35:25.6129989Z '1.48'
2026-10-07T13:35:25.6142048Z Docker daemon API version: '1.48'
2026-10-07T13:35:25.6142781Z ##[command]/usr/bin/docker version --format '{{.Client.APIVersion}}'
2026-10-07T13:35:25.6276798Z '1.48'
2026-10-07T13:35:25.6286915Z Docker client API version: '1.48'
2026-10-07T13:35:25.6291700Z ##[endgroup]
2026-10-07T13:35:25.6294148Z ##[group]Clean up resources from previous jobs
2026-10-07T13:35:25.6298828Z ##[command]/usr/bin/docker ps --all --quiet --no-trunc --filter "label=9cc8b8"
2026-10-07T13:35:25.6599405Z ##[command]/usr/bin/docker network prune --force --filter "label=9cc8b8"
2026-10-07T13:35:25.6965031Z ##[endgroup]
2026-10-07T13:35:25.6965462Z ##[group]Create local container network
2026-10-07T13:35:25.6973531Z ##[command]/usr/bin/docker network create --label 9cc8b8 github_network_43bb10cfa3aa46428c4e9aa4562fdbce
2026-10-07T13:35:26.1742594Z e22167706d2cec823710cdabe716eb092b3dd6392827ef8b443f2ee9ce68eadb
2026-10-07T13:35:26.1761632Z ##[endgroup]
2026-10-07T13:35:26.1781868Z ##[group]Starting job container
2026-10-07T13:35:26.1800199Z ##[command]/usr/bin/docker pull fedora:44
2026-10-07T13:35:26.5610588Z 44: Pulling from library/fedora
2026-10-07T13:35:26.6515142Z 59259e167f13: Pulling fs layer
2026-10-07T13:35:27.0211518Z 59259e167f13: Download complete
2026-10-07T13:35:28.7450761Z 59259e167f13: Pull complete
2026-10-07T13:35:28.7486103Z Digest: sha256:43b29f65a41eb9c35e1cd5323e3bdf3b655c2357a9f4f1ff2f9c2798e5045d80
2026-10-07T13:35:28.7503511Z Status: Downloaded newer image for fedora:44
2026-10-07T13:35:28.7511131Z docker.io/library/fedora:44
2026-10-07T13:35:28.7578566Z ##[command]/usr/bin/docker create --name 69b8c4acd9c44222a7af2a3c176389e7_fedora44_9af3eb --label 9cc8b8 --workdir /__w/wgpu-scry/wgpu-scry --network github_network_43bb10cfa3aa46428c4e9aa4562fdbce  -e "HOME=/github/home" -e GITHUB_ACTIONS=true -e CI=true -v "/var/run/docker.sock":"/var/run/docker.sock" -v "/home/runner/work":"/__w" -v "/home/runner/actions-runner/cached/2.337.0/externals":"/__e":ro -v "/home/runner/work/_temp":"/__w/_temp" -v "/home/runner/work/_actions":"/__w/_actions" -v "/opt/hostedtoolcache":"/__t" -v "/home/runner/work/_temp/_github_home":"/github/home" -v "/home/runner/work/_temp/_github_workflow":"/github/workflow" --entrypoint "tail" fedora:44 "-f" "/dev/null"
2026-10-07T13:35:35.3031666Z 1202901c19b23472ff0b0ca588cec397bef680c0860cd53c2482b9ee38e1064a
2026-10-07T13:35:35.3052393Z ##[command]/usr/bin/docker start 1202901c19b23472ff0b0ca588cec397bef680c0860cd53c2482b9ee38e1064a
2026-10-07T13:35:35.5179539Z 1202901c19b23472ff0b0ca588cec397bef680c0860cd53c2482b9ee38e1064a
2026-10-07T13:35:35.5197381Z ##[command]/usr/bin/docker ps --all --filter id=1202901c19b23472ff0b0ca588cec397bef680c0860cd53c2482b9ee38e1064a --filter status=running --no-trunc --format "{{.ID}} {{.Status}}"
2026-10-07T13:35:35.5296609Z 1202901c19b23472ff0b0ca588cec397bef680c0860cd53c2482b9ee38e1064a Up Less than a second
2026-10-07T13:35:35.5314006Z ##[command]/usr/bin/docker inspect --format "{{range .Config.Env}}{{println .}}{{end}}" 1202901c19b23472ff0b0ca588cec397bef680c0860cd53c2482b9ee38e1064a
2026-10-07T13:35:35.5411007Z GITHUB_ACTIONS=true
2026-10-07T13:35:35.5411589Z CI=true
2026-10-07T13:35:35.5411889Z HOME=/github/home
2026-10-07T13:35:35.5412466Z PATH=/usr/local/sbin:/usr/local/bin:/usr/sbin:/usr/bin:/sbin:/bin
2026-10-07T13:35:35.5412954Z DISTTAG=f44container
2026-10-07T13:35:35.5413215Z FGC=f44
2026-10-07T13:35:35.5413386Z FBR=f44
2026-10-07T13:35:35.5430110Z ##[endgroup]
2026-10-07T13:35:35.5437825Z ##[group]Waiting for all services to be ready
2026-10-07T13:35:35.5439159Z ##[endgroup]
2026-10-07T13:35:35.5599604Z ##[group]Run dnf install -y dnf-plugins-core git curl gcc gcc-c++ \
2026-10-07T13:35:35.5600067Z [36;1mdnf install -y dnf-plugins-core git curl gcc gcc-c++ \[0m
2026-10-07T13:35:35.5600455Z [36;1m  pkgconf-pkg-config mesa-libgbm-devel libdrm-devel \[0m
2026-10-07T13:35:35.5600757Z [36;1m  vulkan-loader-devel[0m
2026-10-07T13:35:35.5600994Z [36;1mdnf copr enable -y philn/wpewebkit[0m
2026-10-07T13:35:35.5601303Z [36;1mdnf install -y wpewebkit-devel libwpe-devel wpebackend-fdo-devel[0m
2026-10-07T13:35:35.5604233Z shell: sh -e {0}
2026-10-07T13:35:35.5604618Z env:
2026-10-07T13:35:35.5604786Z   CARGO_NET_GIT_FETCH_WITH_CLI: true
2026-10-07T13:35:35.5605002Z ##[endgroup]
2026-10-07T13:35:35.6922947Z Updating and loading repositories:
2026-10-07T13:35:36.7088960Z  Fedora 44 openh264 (From Cisco) - x86_ 100% |   6.9 KiB/s |   5.3 KiB |  00m01s
2026-10-07T13:35:36.9189533Z  Fedora 44 - x86_64 - Updates           100% |  10.3 MiB/s |  12.5 MiB |  00m01s
2026-10-07T13:35:38.3720077Z  Fedora 44 - x86_64                     100% |  15.6 MiB/s |  36.6 MiB |  00m02s
2026-10-07T13:35:40.7299216Z Repositories loaded.
2026-10-07T13:35:42.2089280Z Package "curl-8.18.0-8.fc44.x86_64" is already installed.
2026-10-07T13:35:42.2089624Z 
2026-10-07T13:35:42.2105503Z Package                             Arch   Version                   Repository                            Size
2026-10-07T13:35:42.2106106Z Upgrading:
2026-10-07T13:35:42.2106577Z  elfutils-libelf                    x86_64 0:0.196-1.fc44            updates                            1.4 MiB
2026-10-07T13:35:42.2107481Z    replacing elfutils-libelf        x86_64 0:0.195-1.fc44            0eae96ab45874228a86a12a132e699ed   1.2 MiB
2026-10-07T13:35:42.2108178Z  elfutils-libs                      x86_64 0:0.196-1.fc44            updates                          715.4 KiB
2026-10-07T13:35:42.2108886Z    replacing elfutils-libs          x86_64 0:0.195-1.fc44            0eae96ab45874228a86a12a132e699ed 715.3 KiB
2026-10-07T13:35:42.2109579Z  glibc                              x86_64 0:2.43-9.fc44             updates                            6.9 MiB
2026-10-07T13:35:42.2110230Z    replacing glibc                  x86_64 0:2.43-8.fc44             0eae96ab45874228a86a12a132e699ed   6.9 MiB
2026-10-07T13:35:42.2110936Z  glibc-common                       x86_64 0:2.43-9.fc44             updates                            1.0 MiB
2026-10-07T13:35:42.2112341Z    replacing glibc-common           x86_64 0:2.43-8.fc44             0eae96ab45874228a86a12a132e699ed   1.0 MiB
2026-10-07T13:35:42.2113057Z  glibc-minimal-langpack             x86_64 0:2.43-9.fc44             updates                            0.0   B
2026-10-07T13:35:42.2113829Z    replacing glibc-minimal-langpack x86_64 0:2.43-8.fc44             0eae96ab45874228a86a12a132e699ed   0.0   B
2026-10-07T13:35:42.2114404Z Installing:
2026-10-07T13:35:42.2114844Z  dnf-plugins-core                   noarch 0:4.10.1-9.fc44           fedora                            23.0 KiB
2026-10-07T13:35:42.2115519Z  gcc                                x86_64 0:16.2.1-2.fc44           updates                          121.8 MiB
2026-10-07T13:35:42.2116131Z  gcc-c++                            x86_64 0:16.2.1-2.fc44           updates                           46.8 MiB
2026-10-07T13:35:42.2116756Z  git                                x86_64 0:2.56.0-1.fc44           updates                           57.7 KiB
2026-10-07T13:35:42.2120116Z  libdrm-devel                       x86_64 0:2.4.134-1.fc44          updates                          743.6 KiB
2026-10-07T13:35:42.2120851Z Total size of inbound packages is 217 MiB. Need to download 217 MiB.
2026-10-07T13:35:42.2121469Z After this operation, 873 MiB extra will be used (install 883 MiB, remove 10 MiB).
2026-10-07T13:35:42.2122173Z  mesa-libgbm-devel                  x86_64 0:26.2.3-1.fc44           updates                           30.1 KiB
2026-10-07T13:35:42.2123242Z  pkgconf-pkg-config                 x86_64 0:2.5.1-1.fc44            fedora                           989.0   B
2026-10-07T13:35:42.2123989Z  vulkan-loader-devel                x86_64 0:1.4.341.0-1.fc44        fedora                             8.0 KiB
2026-10-07T13:35:42.2124586Z Installing dependencies:
2026-10-07T13:35:42.2125657Z  binutils                           x86_64 0:2.46.1-1.fc44           updates                           28.2 MiB
2026-10-07T13:35:42.2126912Z  cmake-filesystem                   x86_64 0:4.3.0-1.fc44            fedora                             0.0   B
2026-10-07T13:35:42.2128063Z  cpp                                x86_64 0:16.2.1-2.fc44           updates                           42.6 MiB
2026-10-07T13:35:42.2128922Z  dbus-libs                          x86_64 1:1.16.2-1.fc44           fedora                           357.4 KiB
2026-10-07T13:35:42.2129785Z  dnf-data                           noarch 0:4.24.0-3.fc44           fedora                            39.7 KiB
2026-10-07T13:35:42.2130703Z  dns-root-data                      noarch 0:2026260100-2.fc44       fedora                            10.9 KiB
2026-10-07T13:35:42.2131732Z  elfutils-debuginfod-client         x86_64 0:0.196-1.fc44            updates                           83.8 KiB
2026-10-07T13:35:42.2132700Z  expat                              x86_64 0:2.8.5-1.fc44            updates                          342.2 KiB
2026-10-07T13:35:42.2133738Z  git-core                           x86_64 0:2.56.0-1.fc44           updates                           27.7 MiB
2026-10-07T13:35:42.2134688Z  git-core-doc                       noarch 0:2.56.0-1.fc44           updates                           19.1 MiB
2026-10-07T13:35:42.2135432Z  glibc-devel                        x86_64 0:2.43-9.fc44             updates                            2.3 MiB
2026-10-07T13:35:42.2135985Z  groff-base                         x86_64 0:1.23.0-12.fc44          fedora                             3.9 MiB
2026-10-07T13:35:42.2136524Z  hiredis                            x86_64 0:1.2.0-8.fc44            fedora                           105.7 KiB
2026-10-07T13:35:42.2137068Z  hwdata                             noarch 0:0.412-1.fc44            updates                           10.1 MiB
2026-10-07T13:35:42.2138019Z  jansson                            x86_64 0:2.14-4.fc44             fedora                            88.9 KiB
2026-10-07T13:35:42.2138850Z  kernel-headers                     x86_64 0:7.2.4-200.fc44          updates                            7.0 MiB
2026-10-07T13:35:42.2139709Z  less                               x86_64 0:704-4.fc44              updates                          479.5 KiB
2026-10-07T13:35:42.2140146Z  libX11-xcb                         x86_64 0:1.8.13-3.fc44           updates                           10.8 KiB
2026-10-07T13:35:42.2140527Z  libXau                             x86_64 0:1.0.12-4.fc44           fedora                            72.8 KiB
2026-10-07T13:35:42.2140918Z  libatomic                          x86_64 0:16.2.1-2.fc44           updates                           45.6 KiB
2026-10-07T13:35:42.2141304Z  libcomps                           x86_64 0:0.1.24-1.fc44           fedora                           209.2 KiB
2026-10-07T13:35:42.2141731Z  libdisplay-info                    x86_64 0:0.3.0-1.fc44            fedora                           226.5 KiB
2026-10-07T13:35:42.2142145Z  libdnf                             x86_64 0:0.76.0-1.fc44           updates                            2.3 MiB
2026-10-07T13:35:42.2142542Z  libdrm                             x86_64 0:2.4.134-1.fc44          updates                          405.8 KiB
2026-10-07T13:35:42.2142933Z  libedit                            x86_64 0:3.1-59.20260512cvs.fc44 updates                          248.3 KiB
2026-10-07T13:35:42.2143353Z  libfdisk                           x86_64 0:2.41.5-1.fc44           updates                          388.3 KiB
2026-10-07T13:35:42.2143749Z  libgit2                            x86_64 0:1.9.7-1.fc44            updates                            1.4 MiB
2026-10-07T13:35:42.2144267Z  liblastlog2                        x86_64 0:2.41.5-1.fc44           updates                           41.6 KiB
2026-10-07T13:35:42.2144657Z  libmpc                             x86_64 0:1.4.1-1.fc44            updates                          168.7 KiB
2026-10-07T13:35:42.2145044Z  libpciaccess                       x86_64 0:0.16-17.fc44            fedora                            48.4 KiB
2026-10-07T13:35:42.2145477Z  libpciaccess-devel                 x86_64 0:0.16-17.fc44            fedora                            15.3 KiB
2026-10-07T13:35:42.2145895Z  libpkgconf                         x86_64 0:2.5.1-1.fc44            fedora                            90.1 KiB
2026-10-07T13:35:42.2146295Z  libssh2                            x86_64 0:1.11.1-9.fc44           updates                          338.6 KiB
2026-10-07T13:35:42.2146714Z  libstdc++-devel                    x86_64 0:16.2.1-2.fc44           updates                           41.2 MiB
2026-10-07T13:35:42.2147294Z  libwayland-client                  x86_64 0:1.26.0-1.fc44           updates                           66.0 KiB
2026-10-07T13:35:42.2147946Z  libxcb                             x86_64 0:1.17.0-7.fc44           fedora                             1.1 MiB
2026-10-07T13:35:42.2148346Z  libxcrypt-devel                    x86_64 0:4.5.2-3.fc44            fedora                            31.0 KiB
2026-10-07T13:35:42.2148750Z  libxshmfence                       x86_64 0:1.3.2-8.fc44            fedora                            12.3 KiB
2026-10-07T13:35:42.2149139Z  llhttp                             x86_64 0:9.3.1-1.fc44            fedora                            96.6 KiB
2026-10-07T13:35:42.2149533Z  llvm-filesystem                    x86_64 0:22.1.8-4.fc44           updates                            0.0   B
2026-10-07T13:35:42.2149946Z  llvm-libs                          x86_64 0:22.1.8-4.fc44           updates                          140.5 MiB
2026-10-07T13:35:42.2150339Z  lm_sensors-libs                    x86_64 0:3.6.0-24.fc44           fedora                            85.7 KiB
2026-10-07T13:35:42.2150719Z  make                               x86_64 1:4.4.1-12.fc44           fedora                             1.8 MiB
2026-10-07T13:35:42.2151102Z  mesa-filesystem                    x86_64 0:26.2.3-1.fc44           updates                            3.6 KiB
2026-10-07T13:35:42.2151496Z  mesa-libgbm                        x86_64 0:26.2.3-1.fc44           updates                           19.5 KiB
2026-10-07T13:35:42.2151995Z  mpdecimal                          x86_64 0:4.0.1-3.fc44            fedora                           217.1 KiB
2026-10-07T13:35:42.2152377Z  ncurses                            x86_64 0:6.6-1.fc44              fedora                           611.4 KiB
2026-10-07T13:35:42.2152758Z  oniguruma                          x86_64 0:6.9.10-4.fc44           fedora                           770.9 KiB
2026-10-07T13:35:42.2153150Z  openssh                            x86_64 0:10.2p1-14.fc44          updates                            1.4 MiB
2026-10-07T13:35:42.2153554Z  openssh-clients                    x86_64 0:10.2p1-14.fc44          updates                            2.7 MiB
2026-10-07T13:35:42.2153977Z  perl-AutoLoader                    noarch 0:5.74-525.fc44           updates                           20.6 KiB
2026-10-07T13:35:42.2154371Z  perl-B                             x86_64 0:1.89-525.fc44           updates                          501.2 KiB
2026-10-07T13:35:42.2154764Z  perl-Carp                          noarch 0:1.54-521.fc44           fedora                            46.6 KiB
2026-10-07T13:35:42.2155174Z  perl-Class-Struct                  noarch 0:0.68-525.fc44           updates                           25.4 KiB
2026-10-07T13:35:42.2155600Z  perl-Data-Dumper                   x86_64 0:2.192-523.fc44          updates                          115.5 KiB
2026-10-07T13:35:42.2156009Z  perl-Digest                        noarch 0:1.20-521.fc44           fedora                            35.3 KiB
2026-10-07T13:35:42.2156527Z  perl-Digest-MD5                    x86_64 0:2.59-521.fc44           fedora                            59.6 KiB
2026-10-07T13:35:42.2156941Z  perl-DynaLoader                    x86_64 0:1.57-525.fc44           updates                           32.1 KiB
2026-10-07T13:35:42.2157627Z  perl-Encode                        x86_64 4:3.21-521.fc44           fedora                             4.7 MiB
2026-10-07T13:35:42.2158289Z  perl-Errno                         x86_64 0:1.38-525.fc44           updates                            8.4 KiB
2026-10-07T13:35:42.2158701Z  perl-Error                         noarch 1:0.17030-3.fc44          fedora                            76.8 KiB
2026-10-07T13:35:42.2159110Z  perl-Exporter                      noarch 0:5.79-521.fc44           fedora                            54.3 KiB
2026-10-07T13:35:42.2159504Z  perl-Fcntl                         x86_64 0:1.20-525.fc44           updates                           48.7 KiB
2026-10-07T13:35:42.2159918Z  perl-File-Basename                 noarch 0:2.86-525.fc44           updates                           14.0 KiB
2026-10-07T13:35:42.2160343Z  perl-File-Path                     noarch 0:2.18-522.fc44           fedora                            63.5 KiB
2026-10-07T13:35:42.2160760Z  perl-File-Temp                     noarch 1:0.231.200-2.fc44        fedora                           163.7 KiB
2026-10-07T13:35:42.2161169Z  perl-File-stat                     noarch 0:1.14-525.fc44           updates                           12.5 KiB
2026-10-07T13:35:42.2161589Z  perl-FileHandle                    noarch 0:2.05-525.fc44           updates                            9.4 KiB
2026-10-07T13:35:42.2162008Z  perl-Getopt-Long                   noarch 1:2.58-521.fc44           fedora                           144.5 KiB
2026-10-07T13:35:42.2162421Z  perl-Getopt-Std                    noarch 0:1.14-525.fc44           updates                           11.2 KiB
2026-10-07T13:35:42.2162824Z  perl-Git                           noarch 0:2.56.0-1.fc44           updates                           64.4 KiB
2026-10-07T13:35:42.2163267Z  perl-HTTP-Tiny                     noarch 0:0.096-1.fc44            updates                          162.4 KiB
2026-10-07T13:35:42.2163680Z  perl-IO                            x86_64 0:1.55-525.fc44           updates                          147.3 KiB
2026-10-07T13:35:42.2164086Z  perl-IO-Socket-IP                  noarch 0:0.43-522.fc44           fedora                           100.3 KiB
2026-10-07T13:35:42.2164633Z  perl-IO-Socket-SSL                 noarch 0:2.098-2.fc44            fedora                           723.5 KiB
2026-10-07T13:35:42.2165051Z  perl-IPC-Open3                     noarch 0:1.24-525.fc44           updates                           27.7 KiB
2026-10-07T13:35:42.2165473Z  perl-MIME-Base32                   noarch 0:1.303-25.fc44           fedora                            30.7 KiB
2026-10-07T13:35:42.2224024Z  perl-MIME-Base64                   x86_64 0:3.16-521.fc44           fedora                            41.9 KiB
2026-10-07T13:35:42.2224786Z  perl-Net-SSLeay                    x86_64 0:1.94-12.fc44            fedora                             1.3 MiB
2026-10-07T13:35:42.2225393Z  perl-POSIX                         x86_64 0:2.23-525.fc44           updates                          229.4 KiB
2026-10-07T13:35:42.2226005Z  perl-PathTools                     x86_64 0:3.94-521.fc44           fedora                           179.9 KiB
2026-10-07T13:35:42.2226683Z  perl-Pod-Escapes                   noarch 1:1.07-521.fc44           fedora                            24.9 KiB
2026-10-07T13:35:42.2227559Z  perl-Pod-Perldoc                   noarch 0:3.28.01-522.fc44        fedora                           163.7 KiB
2026-10-07T13:35:42.2228326Z  perl-Pod-Simple                    noarch 1:3.47-4.fc44             fedora                           565.3 KiB
2026-10-07T13:35:42.2228939Z  perl-Pod-Usage                     noarch 4:2.05-521.fc44           fedora                            86.3 KiB
2026-10-07T13:35:42.2229731Z  perl-Scalar-List-Utils             x86_64 5:1.70-2.fc44             fedora                           144.8 KiB
2026-10-07T13:35:42.2230366Z  perl-SelectSaver                   noarch 0:1.02-525.fc44           updates                            2.2 KiB
2026-10-07T13:35:42.2230978Z  perl-Socket                        x86_64 4:2.043-1.fc44            updates                          121.8 KiB
2026-10-07T13:35:42.2231614Z  perl-Storable                      x86_64 1:3.37-522.fc44           fedora                           235.1 KiB
2026-10-07T13:35:42.2232217Z  perl-Symbol                        noarch 0:1.09-525.fc44           updates                            6.8 KiB
2026-10-07T13:35:42.2232857Z  perl-Term-ANSIColor                noarch 0:5.01-522.fc44           fedora                            97.5 KiB
2026-10-07T13:35:42.2233490Z  perl-Term-Cap                      noarch 0:1.18-521.fc44           fedora                            29.3 KiB
2026-10-07T13:35:42.2234184Z  perl-TermReadKey                   x86_64 0:2.38-27.fc44            fedora                            63.9 KiB
2026-10-07T13:35:42.2234850Z  perl-Text-ParseWords               noarch 0:3.31-521.fc44           fedora                            13.6 KiB
2026-10-07T13:35:42.2235481Z  perl-Text-Tabs+Wrap                noarch 0:2024.001-521.fc44       fedora                            22.6 KiB
2026-10-07T13:35:42.2236122Z  perl-Time-HiRes                    x86_64 4:1.9778-521.fc44         fedora                           115.6 KiB
2026-10-07T13:35:42.2236774Z  perl-Time-Local                    noarch 2:1.350-521.fc44          fedora                            69.0 KiB
2026-10-07T13:35:42.2237779Z  perl-URI                           noarch 0:5.36-1.fc44             updates                          275.7 KiB
2026-10-07T13:35:42.2238600Z  perl-Unicode-Normalize             x86_64 0:1.32-521.fc44           fedora                           486.0 KiB
2026-10-07T13:35:42.2239302Z  perl-base                          noarch 0:2.27-525.fc44           updates                           12.6 KiB
2026-10-07T13:35:42.2239998Z  perl-constant                      noarch 0:1.33-522.fc44           fedora                            26.2 KiB
2026-10-07T13:35:42.2240662Z  perl-if                            noarch 0:0.61.000-525.fc44       updates                            5.8 KiB
2026-10-07T13:35:42.2241366Z  perl-interpreter                   x86_64 4:5.42.3-525.fc44         updates                          118.8 KiB
2026-10-07T13:35:42.2242277Z  perl-lib                           x86_64 0:0.65-525.fc44           updates                            8.5 KiB
2026-10-07T13:35:42.2242942Z  perl-libnet                        noarch 0:3.15-522.fc44           fedora                           289.4 KiB
2026-10-07T13:35:42.2243595Z  perl-libs                          x86_64 4:5.42.3-525.fc44         updates                           11.6 MiB
2026-10-07T13:35:42.2244259Z  perl-locale                        noarch 0:1.13-525.fc44           updates                            6.1 KiB
2026-10-07T13:35:42.2244883Z  perl-mro                           x86_64 0:1.29-525.fc44           updates                           41.4 KiB
2026-10-07T13:35:42.2245495Z  perl-overload                      noarch 0:1.40-525.fc44           updates                           71.6 KiB
2026-10-07T13:35:42.2246174Z  perl-overloading                   noarch 0:0.02-525.fc44           updates                            4.9 KiB
2026-10-07T13:35:42.2246828Z  perl-parent                        noarch 1:0.244-521.fc44          fedora                            10.3 KiB
2026-10-07T13:35:42.2247951Z  perl-podlators                     noarch 1:6.0.2-522.fc44          updates                          317.7 KiB
2026-10-07T13:35:42.2248657Z  perl-vars                          noarch 0:1.05-525.fc44           updates                            3.9 KiB
2026-10-07T13:35:42.2249326Z  pkgconf                            x86_64 0:2.5.1-1.fc44            fedora                            92.7 KiB
2026-10-07T13:35:42.2250013Z  pkgconf-m4                         noarch 0:2.5.1-1.fc44            fedora                            14.3 KiB
2026-10-07T13:35:42.2250452Z  protobuf-c                         x86_64 0:1.5.2-2.fc44            fedora                            53.7 KiB
2026-10-07T13:35:42.2250991Z  python-pip-wheel                   noarch 0:26.0.1-3.fc44           updates                            1.2 MiB
2026-10-07T13:35:42.2251416Z  python3                            x86_64 0:3.14.8-1.fc44           updates                           28.7 KiB
2026-10-07T13:35:42.2251933Z  python3-dateutil                   noarch 1:2.9.0.post0-7.fc44      fedora                           878.0 KiB
2026-10-07T13:35:42.2252357Z  python3-dbus                       x86_64 0:1.4.0-9.fc44            fedora                           536.7 KiB
2026-10-07T13:35:42.2252774Z  python3-distro                     noarch 0:1.9.0-11.fc44           fedora                           210.2 KiB
2026-10-07T13:35:42.2253177Z  python3-dnf                        noarch 0:4.24.0-3.fc44           fedora                             2.7 MiB
2026-10-07T13:35:42.2253608Z  python3-dnf-plugins-core           noarch 0:4.10.1-9.fc44           fedora                             1.2 MiB
2026-10-07T13:35:42.2254033Z  python3-hawkey                     x86_64 0:0.76.0-1.fc44           updates                          303.2 KiB
2026-10-07T13:35:42.2254433Z  python3-libcomps                   x86_64 0:0.1.24-1.fc44           fedora                           147.3 KiB
2026-10-07T13:35:42.2254837Z  python3-libdnf                     x86_64 0:0.76.0-1.fc44           updates                            4.0 MiB
2026-10-07T13:35:42.2255260Z  python3-libs                       x86_64 0:3.14.8-1.fc44           updates                           44.1 MiB
2026-10-07T13:35:42.2255658Z  python3-rpm                        x86_64 0:6.0.2-1.fc44            updates                          179.2 KiB
2026-10-07T13:35:42.2256049Z  python3-six                        noarch 0:1.17.0-8.fc44           fedora                           118.0 KiB
2026-10-07T13:35:42.2256461Z  python3-systemd                    x86_64 0:235-18.fc44             fedora                           346.9 KiB
2026-10-07T13:35:42.2256873Z  spirv-tools-libs                   x86_64 0:2026.1-1.fc44           fedora                             6.1 MiB
2026-10-07T13:35:42.2257513Z  unbound-libs                       x86_64 0:1.26.1-1.fc44           updates                            1.6 MiB
2026-10-07T13:35:42.2258104Z  util-linux                         x86_64 0:2.41.5-1.fc44           updates                            3.5 MiB
2026-10-07T13:35:42.2258507Z  vulkan-headers                     noarch 0:1.4.341.0-1.fc44        fedora                            36.1 MiB
2026-10-07T13:35:42.2258912Z  vulkan-loader                      x86_64 0:1.4.341.0-1.fc44        fedora                           577.6 KiB
2026-10-07T13:35:42.2259231Z Installing weak dependencies:
2026-10-07T13:35:42.2259512Z  7zip                               x86_64 0:26.03-1.fc44            updates                            3.3 MiB
2026-10-07T13:35:42.2259880Z  bat                                x86_64 0:0.26.1-4.fc44           updates                            5.3 MiB
2026-10-07T13:35:42.2260275Z  less-color                         x86_64 0:704-4.fc44              updates                            2.4 KiB
2026-10-07T13:35:42.2260686Z  mesa-dri-drivers                   x86_64 0:26.2.3-1.fc44           updates                           53.2 MiB
2026-10-07T13:35:42.2261106Z  mesa-vulkan-drivers                x86_64 0:26.2.3-1.fc44           updates                          173.9 MiB
2026-10-07T13:35:42.2261516Z  perl-NDBM_File                     x86_64 0:1.18-525.fc44           updates                           28.4 KiB
2026-10-07T13:35:42.2261952Z  python-unversioned-command         noarch 0:3.14.8-1.fc44           updates                           23.0   B
2026-10-07T13:35:42.2262420Z  python3-html2text                  noarch 0:2025.4.15-6.fc44        fedora                           289.4 KiB
2026-10-07T13:35:42.2262929Z  python3-unbound                    x86_64 0:1.26.1-1.fc44           updates                          524.4 KiB
2026-10-07T13:35:42.2263338Z  unbound-anchor                     x86_64 0:1.26.1-1.fc44           updates                           56.4 KiB
2026-10-07T13:35:42.2263726Z  unzip                              x86_64 0:6.0-69.fc44             fedora                           445.8 KiB
2026-10-07T13:35:42.2263949Z 
2026-10-07T13:35:42.2264030Z Transaction Summary:
2026-10-07T13:35:42.2264214Z  Installing:       154 packages
2026-10-07T13:35:42.2264403Z  Upgrading:          5 packages
2026-10-07T13:35:42.2264583Z  Replacing:          5 packages
2026-10-07T13:35:42.2264702Z 
2026-10-07T13:35:42.3837934Z [  1/159] dnf-plugins-core-0:4.10.1-9.f 100% | 234.3 KiB/s |  37.5 KiB |  00m00s
2026-10-07T13:35:42.4707829Z [  2/159] python3-dnf-plugins-core-0:4. 100% |   1.2 MiB/s | 314.1 KiB |  00m00s
2026-10-07T13:35:42.4724901Z [  3/159] python3-dbus-0:1.4.0-9.fc44.x 100% |   1.8 MiB/s | 164.0 KiB |  00m00s
2026-10-07T13:35:42.5072450Z [  4/159] python3-dateutil-1:2.9.0.post 100% |   1.2 MiB/s | 344.3 KiB |  00m00s
2026-10-07T13:35:42.5661379Z [  5/159] python3-distro-0:1.9.0-11.fc4 100% | 497.0 KiB/s |  47.2 KiB |  00m00s
2026-10-07T13:35:42.5674738Z [  6/159] python3-systemd-0:235-18.fc44 100% |   1.8 MiB/s | 108.7 KiB |  00m00s
2026-10-07T13:35:42.6525967Z [  7/159] python3-six-0:1.17.0-8.fc44.n 100% | 494.2 KiB/s |  42.0 KiB |  00m00s
2026-10-07T13:35:42.6539614Z [  8/159] dbus-libs-1:1.16.2-1.fc44.x86 100% |   1.8 MiB/s | 155.1 KiB |  00m00s
2026-10-07T13:35:42.6845444Z [  9/159] python3-dnf-0:4.24.0-3.fc44.n 100% |   3.0 MiB/s | 638.4 KiB |  00m00s
2026-10-07T13:35:42.6864052Z [ 10/159] dnf-data-0:4.24.0-3.fc44.noar 100% |   1.1 MiB/s |  37.9 KiB |  00m00s
2026-10-07T13:35:42.6875211Z [ 11/159] python3-libcomps-0:0.1.24-1.f 100% |   1.5 MiB/s |  49.7 KiB |  00m00s
2026-10-07T13:35:42.7191144Z [ 12/159] libcomps-0:0.1.24-1.fc44.x86_ 100% |   2.3 MiB/s |  78.7 KiB |  00m00s
2026-10-07T13:35:42.8271054Z [ 13/159] git-0:2.56.0-1.fc44.x86_64    100% | 291.8 KiB/s |  40.8 KiB |  00m00s
2026-10-07T13:35:42.9211299Z [ 14/159] perl-Git-0:2.56.0-1.fc44.noar 100% | 402.4 KiB/s |  37.4 KiB |  00m00s
2026-10-07T13:35:42.9530237Z [ 15/159] perl-Getopt-Long-1:2.58-521.f 100% |   2.0 MiB/s |  63.6 KiB |  00m00s
2026-10-07T13:35:42.9853995Z [ 16/159] perl-PathTools-0:3.94-521.fc4 100% |   2.7 MiB/s |  87.3 KiB |  00m00s
2026-10-07T13:35:43.0148769Z [ 17/159] perl-TermReadKey-0:2.38-27.fc 100% |   1.2 MiB/s |  35.5 KiB |  00m00s
2026-10-07T13:35:43.1333550Z [ 18/159] git-core-0:2.56.0-1.fc44.x86_ 100% |  12.9 MiB/s |   5.7 MiB |  00m00s
2026-10-07T13:35:43.1350950Z [ 19/159] expat-0:2.8.5-1.fc44.x86_64   100% |   1.1 MiB/s | 134.4 KiB |  00m00s
2026-10-07T13:35:43.1556641Z [ 20/159] git-core-doc-0:2.56.0-1.fc44. 100% |   7.3 MiB/s |   3.2 MiB |  00m00s
2026-10-07T13:35:43.1626695Z [ 21/159] perl-Error-1:0.17030-3.fc44.n 100% |   1.4 MiB/s |  40.3 KiB |  00m00s
2026-10-07T13:35:43.1646098Z [ 22/159] perl-Exporter-0:5.79-521.fc44 100% |   1.0 MiB/s |  30.8 KiB |  00m00s
2026-10-07T13:35:43.1840284Z [ 23/159] perl-constant-0:1.33-522.fc44 100% | 817.9 KiB/s |  22.9 KiB |  00m00s
2026-10-07T13:35:43.1920910Z [ 24/159] perl-Pod-Usage-4:2.05-521.fc4 100% |   1.4 MiB/s |  40.7 KiB |  00m00s
2026-10-07T13:35:43.1929373Z [ 25/159] perl-Text-ParseWords-0:3.31-5 100% | 588.3 KiB/s |  16.5 KiB |  00m00s
2026-10-07T13:35:43.2134768Z [ 26/159] perl-Carp-0:1.54-521.fc44.noa 100% | 992.5 KiB/s |  28.8 KiB |  00m00s
2026-10-07T13:35:43.2243192Z [ 27/159] perl-Scalar-List-Utils-5:1.70 100% |   2.4 MiB/s |  75.4 KiB |  00m00s
2026-10-07T13:35:43.2288556Z [ 28/159] perl-Pod-Perldoc-0:3.28.01-52 100% |   2.4 MiB/s |  86.1 KiB |  00m00s
2026-10-07T13:35:43.2546950Z [ 29/159] perl-File-Temp-1:0.231.200-2. 100% |   1.9 MiB/s |  59.6 KiB |  00m00s
2026-10-07T13:35:43.2828999Z [ 30/159] perl-parent-1:0.244-521.fc44. 100% | 551.1 KiB/s |  14.9 KiB |  00m00s
2026-10-07T13:35:43.2873591Z [ 31/159] perl-Pod-Simple-1:3.47-4.fc44 100% |   3.7 MiB/s | 220.0 KiB |  00m00s
2026-10-07T13:35:43.3122989Z [ 32/159] perl-File-Path-0:2.18-522.fc4 100% |   1.2 MiB/s |  35.3 KiB |  00m00s
2026-10-07T13:35:43.3334347Z [ 33/159] perl-Pod-Escapes-1:1.07-521.f 100% | 439.8 KiB/s |  19.8 KiB |  00m00s
2026-10-07T13:35:43.3405058Z [ 34/159] groff-base-0:1.23.0-12.fc44.x 100% |   8.9 MiB/s |   1.1 MiB |  00m00s
2026-10-07T13:35:43.3412888Z [ 35/159] perl-Text-Tabs+Wrap-0:2024.00 100% | 776.8 KiB/s |  21.8 KiB |  00m00s
2026-10-07T13:35:43.4073135Z [ 36/159] make-1:4.4.1-12.fc44.x86_64   100% |   8.8 MiB/s | 588.7 KiB |  00m00s
2026-10-07T13:35:43.8517896Z [ 37/159] gcc-0:16.2.1-2.fc44.x86_64    100% |  83.7 MiB/s |  43.3 MiB |  00m01s
2026-10-07T13:35:43.9701998Z [ 38/159] gcc-c++-0:16.2.1-2.fc44.x86_6 100% |  30.9 MiB/s |  17.3 MiB |  00m01s
2026-10-07T13:35:43.9711037Z [ 39/159] pkgconf-pkg-config-0:2.5.1-1. 100% |  80.2 KiB/s |   9.5 KiB |  00m00s
2026-10-07T13:35:44.0378090Z [ 40/159] pkgconf-0:2.5.1-1.fc44.x86_64 100% | 726.8 KiB/s |  48.7 KiB |  00m00s
2026-10-07T13:35:44.0399343Z [ 41/159] pkgconf-m4-0:2.5.1-1.fc44.noa 100% | 202.2 KiB/s |  13.8 KiB |  00m00s
2026-10-07T13:35:44.0795359Z [ 42/159] libpkgconf-0:2.5.1-1.fc44.x86 100% |   1.1 MiB/s |  42.7 KiB |  00m00s
2026-10-07T13:35:44.1734883Z [ 43/159] cpp-0:16.2.1-2.fc44.x86_64    100% |  17.5 MiB/s |  14.6 MiB |  00m01s
2026-10-07T13:35:44.1743602Z [ 44/159] mesa-libgbm-devel-0:26.2.3-1. 100% | 105.6 KiB/s |  14.0 KiB |  00m00s
2026-10-07T13:35:44.1949864Z [ 45/159] mesa-libgbm-0:26.2.3-1.fc44.x 100% | 130.0 KiB/s |  14.9 KiB |  00m00s
2026-10-07T13:35:44.2171681Z [ 46/159] libdrm-0:2.4.134-1.fc44.x86_6 100% |   3.9 MiB/s | 166.7 KiB |  00m00s
2026-10-07T13:35:44.2182209Z [ 47/159] libdrm-devel-0:2.4.134-1.fc44 100% |   4.1 MiB/s | 186.9 KiB |  00m00s
2026-10-07T13:35:44.2235813Z [ 48/159] libpciaccess-0:0.16-17.fc44.x 100% | 971.8 KiB/s |  27.2 KiB |  00m00s
2026-10-07T13:35:44.2458827Z [ 49/159] vulkan-loader-devel-0:1.4.341 100% | 440.3 KiB/s |  12.3 KiB |  00m00s
2026-10-07T13:35:44.2465405Z [ 50/159] cmake-filesystem-0:4.3.0-1.fc 100% | 535.4 KiB/s |  15.0 KiB |  00m00s
2026-10-07T13:35:44.2825507Z [ 51/159] vulkan-loader-0:1.4.341.0-1.f 100% |   4.5 MiB/s | 165.8 KiB |  00m00s
2026-10-07T13:35:44.2889588Z [ 52/159] python3-0:3.14.8-1.fc44.x86_6 100% | 700.0 KiB/s |  29.4 KiB |  00m00s
2026-10-07T13:35:44.3182584Z [ 53/159] vulkan-headers-0:1.4.341.0-1. 100% |  17.6 MiB/s |   1.7 MiB |  00m00s
2026-10-07T13:35:44.3218088Z [ 54/159] mpdecimal-0:4.0.1-3.fc44.x86_ 100% |   3.0 MiB/s |  99.1 KiB |  00m00s
2026-10-07T13:35:44.4244634Z [ 55/159] python3-libs-0:3.14.8-1.fc44. 100% |  72.0 MiB/s |  10.2 MiB |  00m00s
2026-10-07T13:35:44.4258645Z [ 56/159] python3-hawkey-0:0.76.0-1.fc4 100% | 980.0 KiB/s | 104.9 KiB |  00m00s
2026-10-07T13:35:44.4312875Z [ 57/159] libdnf-0:0.76.0-1.fc44.x86_64 100% |   6.6 MiB/s | 739.7 KiB |  00m00s
2026-10-07T13:35:44.4686747Z [ 58/159] python3-rpm-0:6.0.2-1.fc44.x8 100% |   1.6 MiB/s |  69.0 KiB |  00m00s
2026-10-07T13:35:44.4865730Z [ 59/159] python3-libdnf-0:0.76.0-1.fc4 100% |  14.7 MiB/s | 917.3 KiB |  00m00s
2026-10-07T13:35:44.5179697Z [ 60/159] perl-libs-4:5.42.3-525.fc44.x 100% |  29.9 MiB/s |   2.6 MiB |  00m00s
2026-10-07T13:35:44.5190904Z [ 61/159] perl-interpreter-4:5.42.3-525 100% |   1.4 MiB/s |  71.7 KiB |  00m00s
2026-10-07T13:35:44.5424399Z [ 62/159] perl-Errno-0:1.38-525.fc44.x8 100% | 259.1 KiB/s |  14.3 KiB |  00m00s
2026-10-07T13:35:44.5642969Z [ 63/159] perl-DynaLoader-0:1.57-525.fc 100% | 562.4 KiB/s |  25.3 KiB |  00m00s
2026-10-07T13:35:44.5644962Z [ 64/159] perl-vars-0:1.05-525.fc44.noa 100% | 273.1 KiB/s |  12.3 KiB |  00m00s
2026-10-07T13:35:44.5868341Z [ 65/159] perl-podlators-1:6.0.2-522.fc 100% |   2.9 MiB/s | 128.2 KiB |  00m00s
2026-10-07T13:35:44.5932672Z [ 66/159] perl-Term-Cap-0:1.18-521.fc44 100% | 785.6 KiB/s |  22.0 KiB |  00m00s
2026-10-07T13:35:44.5941836Z [ 67/159] perl-Term-ANSIColor-0:5.01-52 100% |   1.6 MiB/s |  47.7 KiB |  00m00s
2026-10-07T13:35:44.6354302Z [ 68/159] perl-File-Basename-0:2.86-525 100% | 402.1 KiB/s |  16.5 KiB |  00m00s
2026-10-07T13:35:44.6362524Z [ 69/159] perl-Symbol-0:1.09-525.fc44.n 100% | 329.6 KiB/s |  13.5 KiB |  00m00s
2026-10-07T13:35:44.6794131Z [ 70/159] perl-if-0:0.61.000-525.fc44.n 100% | 309.4 KiB/s |  13.3 KiB |  00m00s
2026-10-07T13:35:44.6801608Z [ 71/159] perl-overload-0:1.40-525.fc44 100% |   1.0 MiB/s |  44.9 KiB |  00m00s
2026-10-07T13:35:44.7093319Z [ 72/159] perl-MIME-Base64-0:3.16-521.f 100% |   1.0 MiB/s |  29.8 KiB |  00m00s
2026-10-07T13:35:44.7246836Z [ 73/159] perl-Encode-4:3.21-521.fc44.x 100% |  23.9 MiB/s |   1.1 MiB |  00m00s
2026-10-07T13:35:44.7420896Z [ 74/159] perl-Storable-1:3.37-522.fc44 100% |   3.1 MiB/s | 100.9 KiB |  00m00s
2026-10-07T13:35:44.7663769Z [ 75/159] perl-Fcntl-0:1.20-525.fc44.x8 100% | 708.7 KiB/s |  29.1 KiB |  00m00s
2026-10-07T13:35:44.7839924Z [ 76/159] perl-HTTP-Tiny-0:0.096-1.fc44 100% |   1.4 MiB/s |  57.8 KiB |  00m00s
2026-10-07T13:35:44.7974184Z [ 77/159] perl-IO-Socket-SSL-0:2.098-2. 100% |   7.6 MiB/s | 234.7 KiB |  00m00s
2026-10-07T13:35:44.8244917Z [ 78/159] ncurses-0:6.6-1.fc44.x86_64   100% |   1.8 MiB/s | 429.8 KiB |  00m00s
2026-10-07T13:35:44.8254908Z [ 79/159] perl-Time-HiRes-4:1.9778-521. 100% |   2.1 MiB/s |  57.2 KiB |  00m00s
2026-10-07T13:35:44.8424533Z [ 80/159] perl-Net-SSLeay-0:1.94-12.fc4 100% |   6.3 MiB/s | 373.4 KiB |  00m00s
2026-10-07T13:35:44.8538046Z [ 81/159] perl-Time-Local-2:1.350-521.f 100% |   1.2 MiB/s |  34.5 KiB |  00m00s
2026-10-07T13:35:44.8541682Z [ 82/159] perl-IO-Socket-IP-0:0.43-522. 100% |   1.5 MiB/s |  42.2 KiB |  00m00s
2026-10-07T13:35:44.8849379Z [ 83/159] perl-IO-0:1.55-525.fc44.x86_6 100% |   1.9 MiB/s |  81.5 KiB |  00m00s
2026-10-07T13:35:44.8967608Z [ 84/159] perl-IPC-Open3-0:1.24-525.fc4 100% | 553.1 KiB/s |  23.2 KiB |  00m00s
2026-10-07T13:35:44.9268865Z [ 85/159] perl-Socket-4:2.043-1.fc44.x8 100% |   1.3 MiB/s |  55.4 KiB |  00m00s
2026-10-07T13:35:44.9401525Z [ 86/159] perl-URI-0:5.36-1.fc44.noarch 100% |   3.4 MiB/s | 149.3 KiB |  00m00s
2026-10-07T13:35:44.9556495Z [ 87/159] perl-MIME-Base32-0:1.303-25.f 100% | 732.8 KiB/s |  20.5 KiB |  00m00s
2026-10-07T13:35:44.9585620Z [ 88/159] perl-AutoLoader-0:5.74-525.fc 100% | 199.5 KiB/s |  20.5 KiB |  00m00s
2026-10-07T13:35:44.9906925Z [ 89/159] perl-Unicode-Normalize-0:1.32 100% |   1.5 MiB/s |  74.4 KiB |  00m00s
2026-10-07T13:35:44.9920017Z [ 90/159] perl-libnet-0:3.15-522.fc44.n 100% |   3.5 MiB/s | 128.4 KiB |  00m00s
2026-10-07T13:35:44.9925134Z [ 91/159] perl-Digest-MD5-0:2.59-521.fc 100% |   1.1 MiB/s |  36.0 KiB |  00m00s
2026-10-07T13:35:45.0198431Z [ 92/159] perl-Digest-0:1.20-521.fc44.n 100% | 887.8 KiB/s |  24.9 KiB |  00m00s
2026-10-07T13:35:45.0349480Z [ 93/159] perl-base-0:2.27-525.fc44.noa 100% | 378.7 KiB/s |  15.5 KiB |  00m00s
2026-10-07T13:35:45.0358158Z [ 94/159] perl-POSIX-0:2.23-525.fc44.x8 100% |   2.2 MiB/s |  96.3 KiB |  00m00s
2026-10-07T13:35:45.0620925Z [ 95/159] perl-Getopt-Std-0:1.14-525.fc 100% | 357.2 KiB/s |  15.0 KiB |  00m00s
2026-10-07T13:35:45.1096755Z [ 96/159] hwdata-0:0.412-1.fc44.noarch  100% |  23.2 MiB/s |   1.7 MiB |  00m00s
2026-10-07T13:35:45.1106387Z [ 97/159] perl-mro-0:1.29-525.fc44.x86_ 100% | 606.7 KiB/s |  29.1 KiB |  00m00s
2026-10-07T13:35:45.1514658Z [ 98/159] perl-overloading-0:0.02-525.f 100% | 297.8 KiB/s |  12.2 KiB |  00m00s
2026-10-07T13:35:45.1524275Z [ 99/159] perl-Data-Dumper-0:2.192-523. 100% |   1.3 MiB/s |  56.3 KiB |  00m00s
2026-10-07T13:35:45.1932381Z [100/159] perl-locale-0:1.13-525.fc44.n 100% | 312.4 KiB/s |  12.8 KiB |  00m00s
2026-10-07T13:35:45.2136988Z [101/159] perl-File-stat-0:1.14-525.fc4 100% | 272.7 KiB/s |  16.4 KiB |  00m00s
2026-10-07T13:35:45.2353122Z [102/159] perl-SelectSaver-0:1.02-525.f 100% | 269.1 KiB/s |  11.0 KiB |  00m00s
2026-10-07T13:35:45.2568332Z [103/159] perl-Class-Struct-0:0.68-525. 100% | 509.3 KiB/s |  21.4 KiB |  00m00s
2026-10-07T13:35:45.2733122Z [104/159] python-pip-wheel-0:26.0.1-3.f 100% |   4.9 MiB/s |   1.1 MiB |  00m00s
2026-10-07T13:35:45.2779940Z [105/159] perl-B-0:1.89-525.fc44.x86_64 100% |   4.1 MiB/s | 177.1 KiB |  00m00s
2026-10-07T13:35:45.3120735Z [106/159] kernel-headers-0:7.2.4-200.fc 100% |  32.4 MiB/s |   1.7 MiB |  00m00s
2026-10-07T13:35:45.3234086Z [107/159] less-0:704-4.fc44.x86_64      100% |   4.9 MiB/s | 227.8 KiB |  00m00s
2026-10-07T13:35:45.3353020Z [108/159] libpciaccess-devel-0:0.16-17. 100% | 204.8 KiB/s |  12.5 KiB |  00m00s
2026-10-07T13:35:45.3587327Z [109/159] openssh-clients-0:10.2p1-14.f 100% |  16.5 MiB/s | 779.1 KiB |  00m00s
2026-10-07T13:35:45.3705276Z [110/159] openssh-0:10.2p1-14.fc44.x86_ 100% |   7.6 MiB/s | 356.3 KiB |  00m00s
2026-10-07T13:35:45.3798387Z [111/159] perl-lib-0:0.65-525.fc44.x86_ 100% | 323.6 KiB/s |  14.2 KiB |  00m00s
2026-10-07T13:35:45.4010326Z [112/159] libmpc-0:1.4.1-1.fc44.x86_64  100% |   1.8 MiB/s |  75.5 KiB |  00m00s
2026-10-07T13:35:45.4723607Z [113/159] libstdc++-devel-0:16.2.1-2.fc 100% |  59.2 MiB/s |   6.0 MiB |  00m00s
2026-10-07T13:35:45.4735430Z [114/159] jansson-0:2.14-4.fc44.x86_64  100% | 654.4 KiB/s |  47.1 KiB |  00m00s
2026-10-07T13:35:45.5022746Z [115/159] libxcrypt-devel-0:4.5.2-3.fc4 100% |   1.0 MiB/s |  30.0 KiB |  00m00s
2026-10-07T13:35:45.5555747Z [116/159] binutils-0:2.46.1-1.fc44.x86_ 100% |  35.3 MiB/s |   6.2 MiB |  00m00s
2026-10-07T13:35:45.5604066Z [117/159] glibc-devel-0:2.43-9.fc44.x86 100% |   7.0 MiB/s | 619.5 KiB |  00m00s
2026-10-07T13:35:45.5780386Z [118/159] libatomic-0:16.2.1-2.fc44.x86 100% | 737.5 KiB/s |  55.3 KiB |  00m00s
2026-10-07T13:35:45.5975629Z [119/159] elfutils-debuginfod-client-0: 100% |   1.1 MiB/s |  46.5 KiB |  00m00s
2026-10-07T13:35:45.6017856Z [120/159] perl-FileHandle-0:2.05-525.fc 100% | 361.1 KiB/s |  14.8 KiB |  00m00s
2026-10-07T13:35:45.6196363Z [121/159] libedit-0:3.1-59.20260512cvs. 100% |   2.6 MiB/s | 110.4 KiB |  00m00s
2026-10-07T13:35:45.6441037Z [122/159] libfdisk-0:2.41.5-1.fc44.x86_ 100% |   4.0 MiB/s | 168.6 KiB |  00m00s
2026-10-07T13:35:45.6609570Z [123/159] util-linux-0:2.41.5-1.fc44.x8 100% |  19.1 MiB/s |   1.2 MiB |  00m00s
2026-10-07T13:35:45.6618553Z [124/159] liblastlog2-0:2.41.5-1.fc44.x 100% | 575.5 KiB/s |  24.2 KiB |  00m00s
2026-10-07T13:35:45.6942591Z [125/159] python3-unbound-0:1.26.1-1.fc 100% |   2.5 MiB/s | 123.2 KiB |  00m00s
2026-10-07T13:35:45.6951415Z [126/159] hiredis-0:1.2.0-8.fc44.x86_64 100% |   1.6 MiB/s |  52.6 KiB |  00m00s
2026-10-07T13:35:45.7135396Z [127/159] unbound-libs-0:1.26.1-1.fc44. 100% |  11.5 MiB/s | 614.3 KiB |  00m00s
2026-10-07T13:35:45.7224745Z [128/159] protobuf-c-0:1.5.2-2.fc44.x86 100% |   1.2 MiB/s |  33.7 KiB |  00m00s
2026-10-07T13:35:45.7231992Z [129/159] dns-root-data-0:2026260100-2. 100% | 540.1 KiB/s |  14.6 KiB |  00m00s
2026-10-07T13:35:45.7544249Z [130/159] libxcb-0:1.17.0-7.fc44.x86_64 100% |   7.7 MiB/s | 238.0 KiB |  00m00s
2026-10-07T13:35:45.7646005Z [131/159] mesa-filesystem-0:26.2.3-1.fc 100% | 218.1 KiB/s |   8.9 KiB |  00m00s
2026-10-07T13:35:45.7826118Z [132/159] libxshmfence-0:1.3.2-8.fc44.x 100% | 489.5 KiB/s |  13.2 KiB |  00m00s
2026-10-07T13:35:45.8703333Z [133/159] mesa-dri-drivers-0:26.2.3-1.f 100% |  88.6 MiB/s |  13.8 MiB |  00m00s
2026-10-07T13:35:45.8715005Z [134/159] lm_sensors-libs-0:3.6.0-24.fc 100% | 395.6 KiB/s |  41.9 KiB |  00m00s
2026-10-07T13:35:45.8849583Z [135/159] spirv-tools-libs-0:2026.1-1.f 100% |  17.2 MiB/s |   1.7 MiB |  00m00s
2026-10-07T13:35:45.9188410Z [136/159] libXau-0:1.0.12-4.fc44.x86_64 100% | 717.5 KiB/s |  33.7 KiB |  00m00s
2026-10-07T13:35:45.9199663Z [137/159] libdisplay-info-0:0.3.0-1.fc4 100% |   2.6 MiB/s |  89.6 KiB |  00m00s
2026-10-07T13:35:45.9630120Z [138/159] python-unversioned-command-0: 100% | 269.1 KiB/s |  11.6 KiB |  00m00s
2026-10-07T13:35:45.9631705Z [139/159] perl-NDBM_File-0:1.18-525.fc4 100% | 519.7 KiB/s |  21.8 KiB |  00m00s
2026-10-07T13:35:46.1668109Z [140/159] mesa-vulkan-drivers-0:26.2.3- 100% |  94.4 MiB/s |  27.8 MiB |  00m00s
2026-10-07T13:35:46.1683343Z [141/159] unzip-0:6.0-69.fc44.x86_64    100% | 978.4 KiB/s | 199.6 KiB |  00m00s
2026-10-07T13:35:46.2105762Z [142/159] 7zip-0:26.03-1.fc44.x86_64    100% |   5.3 MiB/s |   1.3 MiB |  00m00s
2026-10-07T13:35:46.2119804Z [143/159] python3-html2text-0:2025.4.15 100% |   1.8 MiB/s |  81.7 KiB |  00m00s
2026-10-07T13:35:46.2123663Z [144/159] less-color-0:704-4.fc44.x86_6 100% | 248.8 KiB/s |  10.7 KiB |  00m00s
2026-10-07T13:35:46.2527666Z [145/159] libX11-xcb-0:1.8.13-3.fc44.x8 100% | 264.2 KiB/s |  10.8 KiB |  00m00s
2026-10-07T13:35:46.2542017Z [146/159] libwayland-client-0:1.26.0-1. 100% | 865.6 KiB/s |  35.5 KiB |  00m00s
2026-10-07T13:35:46.2945264Z [147/159] llvm-filesystem-0:22.1.8-4.fc 100% | 244.3 KiB/s |  10.0 KiB |  00m00s
2026-10-07T13:35:46.2958596Z [148/159] unbound-anchor-0:1.26.1-1.fc4 100% |   1.0 MiB/s |  41.6 KiB |  00m00s
2026-10-07T13:35:46.3263124Z [149/159] oniguruma-0:6.9.10-4.fc44.x86 100% |   7.2 MiB/s | 220.0 KiB |  00m00s
2026-10-07T13:35:46.3580142Z [150/159] bat-0:0.26.1-4.fc44.x86_64    100% |  39.6 MiB/s |   2.5 MiB |  00m00s
2026-10-07T13:35:46.3918835Z [151/159] libgit2-0:1.9.7-1.fc44.x86_64 100% |   9.2 MiB/s | 614.5 KiB |  00m00s
2026-10-07T13:35:46.3928412Z [152/159] llhttp-0:9.3.1-1.fc44.x86_64  100% |   1.1 MiB/s |  37.8 KiB |  00m00s
2026-10-07T13:35:46.4346670Z [153/159] libssh2-0:1.11.1-9.fc44.x86_6 100% |   3.5 MiB/s | 149.1 KiB |  00m00s
2026-10-07T13:35:46.4780021Z [154/159] glibc-0:2.43-9.fc44.x86_64    100% |  28.2 MiB/s |   2.4 MiB |  00m00s
2026-10-07T13:35:46.5188152Z [155/159] glibc-common-0:2.43-9.fc44.x8 100% |   4.4 MiB/s | 375.6 KiB |  00m00s
2026-10-07T13:35:46.7666383Z [156/159] llvm-libs-0:22.1.8-4.fc44.x86 100% |  61.6 MiB/s |  34.1 MiB |  00m01s
2026-10-07T13:35:46.7678352Z [157/159] glibc-minimal-langpack-0:2.43 100% | 295.5 KiB/s |  85.4 KiB |  00m00s
2026-10-07T13:35:46.7916391Z [158/159] elfutils-libelf-0:0.196-1.fc4 100% | 875.6 KiB/s | 238.2 KiB |  00m00s
2026-10-07T13:35:46.8114817Z [159/159] elfutils-libs-0:0.196-1.fc44. 100% |   6.3 MiB/s | 284.5 KiB |  00m00s
2026-10-07T13:35:46.8115525Z --------------------------------------------------------------------------------
2026-10-07T13:35:46.8116025Z [159/159] Total                         100% |  47.3 MiB/s | 217.4 MiB |  00m05s
2026-10-07T13:35:46.8131236Z Running transaction
2026-10-07T13:35:49.0187343Z [  1/166] Verify package files          100% | 232.0   B/s | 159.0   B |  00m01s
2026-10-07T13:35:49.0232483Z [  2/166] Prepare transaction           100% |   1.5 KiB/s | 164.0   B |  00m00s
2026-10-07T13:35:49.0988035Z [  3/166] Upgrading glibc-0:2.43-9.fc44 100% | 106.7 MiB/s |   6.9 MiB |  00m00s
2026-10-07T13:35:49.1151571Z [  4/166] Upgrading glibc-common-0:2.43 100% |  39.4 MiB/s |   1.0 MiB |  00m00s
2026-10-07T13:35:49.1189565Z [  5/166] Upgrading glibc-minimal-langp 100% | 121.1 KiB/s | 124.0   B |  00m00s
2026-10-07T13:35:49.1328715Z [  6/166] Installing expat-0:2.8.5-1.fc 100% |  21.0 MiB/s | 344.3 KiB |  00m00s
2026-10-07T13:35:49.1391142Z [  7/166] Upgrading elfutils-libelf-0:0 100% | 288.6 MiB/s |   1.4 MiB |  00m00s
2026-10-07T13:35:49.1431864Z [  8/166] Installing libmpc-0:1.4.1-1.f 100% |  83.2 MiB/s | 170.4 KiB |  00m00s
2026-10-07T13:35:49.1521119Z [  9/166] Installing vulkan-loader-0:1. 100% | 113.3 MiB/s | 580.2 KiB |  00m00s
2026-10-07T13:35:49.1592080Z [ 10/166] Installing libdnf-0:0.76.0-1. 100% | 251.1 MiB/s |   2.3 MiB |  00m00s
2026-10-07T13:35:49.1742664Z [ 11/166] Installing less-0:704-4.fc44. 100% |  29.5 MiB/s | 483.2 KiB |  00m00s
2026-10-07T13:35:49.1769813Z [ 12/166] Installing libedit-0:3.1-59.2 100% |  81.4 MiB/s | 250.0 KiB |  00m00s
2026-10-07T13:35:49.1792632Z [ 13/166] Installing hiredis-0:1.2.0-8. 100% |  52.5 MiB/s | 107.4 KiB |  00m00s
2026-10-07T13:35:49.1816339Z [ 14/166] Installing protobuf-c-0:1.5.2 100% |  27.0 MiB/s |  55.2 KiB |  00m00s
2026-10-07T13:35:49.1995891Z [ 15/166] Installing libxshmfence-0:1.3 100% |   6.6 MiB/s |  13.4 KiB |  00m00s
2026-10-07T13:35:49.2025558Z [ 16/166] Installing spirv-tools-libs-0 100% | 338.7 MiB/s |   6.1 MiB |  00m00s
2026-10-07T13:35:49.2040206Z [ 17/166] Installing libX11-xcb-0:1.8.1 100% |  11.4 MiB/s |  11.6 KiB |  00m00s
2026-10-07T13:35:49.2339510Z [ 18/166] Installing mesa-filesystem-0: 100% |   1.4 MiB/s |   4.3 KiB |  00m00s
2026-10-07T13:35:49.3218748Z [ 19/166] Installing kernel-headers-0:7 100% |  65.6 MiB/s |   7.1 MiB |  00m00s
2026-10-07T13:35:49.3349588Z [ 20/166] Installing cmake-filesystem-0 100% |   1.1 MiB/s |   9.4 KiB |  00m00s
2026-10-07T13:35:49.4847535Z [ 21/166] Installing cpp-0:16.2.1-2.fc4 100% | 273.0 MiB/s |  42.6 MiB |  00m00s
2026-10-07T13:35:49.4894023Z [ 22/166] Upgrading elfutils-libs-0:0.1 100% | 116.7 MiB/s | 717.2 KiB |  00m00s
2026-10-07T13:35:49.5039913Z [ 23/166] Installing elfutils-debuginfo 100% |   5.6 MiB/s |  86.2 KiB |  00m00s
2026-10-07T13:35:49.5076153Z [ 24/166] Installing libcomps-0:0.1.24- 100% |  68.5 MiB/s | 210.5 KiB |  00m00s
2026-10-07T13:35:49.5370139Z [ 25/166] Installing dbus-libs-1:1.16.2 100% |  31.8 MiB/s | 358.5 KiB |  00m00s
2026-10-07T13:35:49.6522339Z [ 26/166] Installing groff-base-0:1.23. 100% |  29.1 MiB/s |   3.9 MiB |  00m00s
2026-10-07T13:35:49.6705592Z [ 27/166] Installing make-1:4.4.1-12.fc 100% | 105.9 MiB/s |   1.8 MiB |  00m00s
2026-10-07T13:35:49.6963456Z [ 28/166] Installing libpkgconf-0:2.5.1 100% |  44.6 MiB/s |  91.3 KiB |  00m00s
2026-10-07T13:35:49.7115935Z [ 29/166] Installing pkgconf-0:2.5.1-1. 100% |   2.5 MiB/s |  95.2 KiB |  00m00s
2026-10-07T13:35:49.7176207Z [ 30/166] Installing mpdecimal-0:4.0.1- 100% |  71.2 MiB/s | 218.6 KiB |  00m00s
2026-10-07T13:35:49.7318111Z [ 31/166] Installing ncurses-0:6.6-1.fc 100% |  35.5 MiB/s | 618.0 KiB |  00m00s
2026-10-07T13:35:49.7333908Z [ 32/166] Installing perl-Digest-0:1.20 100% |  18.1 MiB/s |  37.1 KiB |  00m00s
2026-10-07T13:35:49.7374043Z [ 33/166] Installing perl-FileHandle-0: 100% |   9.6 MiB/s |   9.8 KiB |  00m00s
2026-10-07T13:35:49.7411410Z [ 34/166] Installing perl-B-0:1.89-525. 100% | 123.2 MiB/s | 504.4 KiB |  00m00s
2026-10-07T13:35:49.7450768Z [ 35/166] Installing perl-Digest-MD5-0: 100% |  20.0 MiB/s |  61.5 KiB |  00m00s
2026-10-07T13:35:49.7565000Z [ 36/166] Installing perl-libnet-0:3.15 100% |  22.1 MiB/s | 294.7 KiB |  00m00s
2026-10-07T13:35:49.7679836Z [ 37/166] Installing perl-Data-Dumper-0 100% |  12.7 MiB/s | 117.4 KiB |  00m00s
2026-10-07T13:35:49.7707331Z [ 38/166] Installing perl-Unicode-Norma 100% | 159.0 MiB/s | 488.3 KiB |  00m00s
2026-10-07T13:35:49.7783082Z [ 39/166] Installing perl-MIME-Base32-0 100% |  15.7 MiB/s |  32.2 KiB |  00m00s
2026-10-07T13:35:49.7837666Z [ 40/166] Installing perl-URI-0:5.36-1. 100% |  28.3 MiB/s | 289.5 KiB |  00m00s
2026-10-07T13:35:49.7853401Z [ 41/166] Installing perl-IO-Socket-IP- 100% |  49.9 MiB/s | 102.2 KiB |  00m00s
2026-10-07T13:35:49.7886572Z [ 42/166] Installing perl-AutoLoader-0: 100% |  20.5 MiB/s |  21.0 KiB |  00m00s
2026-10-07T13:35:49.7911770Z [ 43/166] Installing perl-IO-Socket-SSL 100% | 177.6 MiB/s | 727.6 KiB |  00m00s
2026-10-07T13:35:49.8015296Z [ 44/166] Installing perl-locale-0:1.13 100% |   6.4 MiB/s |   6.5 KiB |  00m00s
2026-10-07T13:35:49.8070324Z [ 45/166] Installing perl-Net-SSLeay-0: 100% | 103.6 MiB/s |   1.3 MiB |  00m00s
2026-10-07T13:35:49.8095195Z [ 46/166] Installing perl-Time-Local-2: 100% |  34.5 MiB/s |  70.6 KiB |  00m00s
2026-10-07T13:35:49.8119846Z [ 47/166] Installing perl-Time-HiRes-4: 100% |  38.3 MiB/s | 117.7 KiB |  00m00s
2026-10-07T13:35:49.8137781Z [ 48/166] Installing perl-if-0:0.61.000 100% |   6.1 MiB/s |   6.2 KiB |  00m00s
2026-10-07T13:35:49.8154255Z [ 49/166] Installing perl-File-Path-0:2 100% |  63.0 MiB/s |  64.5 KiB |  00m00s
2026-10-07T13:35:49.8170839Z [ 50/166] Installing perl-Pod-Escapes-1 100% |  25.3 MiB/s |  25.9 KiB |  00m00s
2026-10-07T13:35:49.8191834Z [ 51/166] Installing perl-Text-Tabs+Wra 100% |  23.3 MiB/s |  23.9 KiB |  00m00s
2026-10-07T13:35:49.8209372Z [ 52/166] Installing perl-HTTP-Tiny-0:0 100% |  80.3 MiB/s | 164.5 KiB |  00m00s
2026-10-07T13:35:49.8225600Z [ 53/166] Installing perl-Class-Struct- 100% |  25.3 MiB/s |  25.9 KiB |  00m00s
2026-10-07T13:35:49.8245934Z [ 54/166] Installing perl-IPC-Open3-0:1 100% |  27.8 MiB/s |  28.5 KiB |  00m00s
2026-10-07T13:35:49.8272098Z [ 55/166] Installing perl-File-Temp-1:0 100% |  80.8 MiB/s | 165.5 KiB |  00m00s
2026-10-07T13:35:49.8332670Z [ 56/166] Installing perl-POSIX-0:2.23- 100% |  75.1 MiB/s | 230.6 KiB |  00m00s
2026-10-07T13:35:49.8362189Z [ 57/166] Installing perl-Pod-Simple-1: 100% | 112.3 MiB/s | 574.9 KiB |  00m00s
2026-10-07T13:35:49.8382517Z [ 58/166] Installing perl-Term-Cap-0:1. 100% |  14.9 MiB/s |  30.6 KiB |  00m00s
2026-10-07T13:35:49.8414542Z [ 59/166] Installing perl-Term-ANSIColo 100% |  48.4 MiB/s |  99.2 KiB |  00m00s
2026-10-07T13:35:49.8570925Z [ 60/166] Installing perl-Pod-Perldoc-0 100% |  11.0 MiB/s | 169.2 KiB |  00m00s
2026-10-07T13:35:49.8707465Z [ 61/166] Installing perl-podlators-1:6 100% |  20.9 MiB/s | 321.7 KiB |  00m00s
2026-10-07T13:35:49.8725296Z [ 62/166] Installing perl-File-stat-0:1 100% |  12.8 MiB/s |  13.1 KiB |  00m00s
2026-10-07T13:35:49.8751453Z [ 63/166] Installing perl-SelectSaver-0 100% |   2.6 MiB/s |   2.6 KiB |  00m00s
2026-10-07T13:35:49.8780050Z [ 64/166] Installing perl-Socket-4:2.04 100% |  30.2 MiB/s | 123.8 KiB |  00m00s
2026-10-07T13:35:49.8803404Z [ 65/166] Installing perl-Symbol-0:1.09 100% |   7.1 MiB/s |   7.3 KiB |  00m00s
2026-10-07T13:35:49.9161585Z [ 66/166] Installing perl-Pod-Usage-4:2 100% |   6.1 MiB/s |  87.9 KiB |  00m00s
2026-10-07T13:35:49.9211600Z [ 67/166] Installing perl-IO-0:1.55-525 100% |   5.7 MiB/s | 151.5 KiB |  00m00s
2026-10-07T13:35:49.9232585Z [ 68/166] Installing perl-overloading-0 100% |   5.4 MiB/s |   5.6 KiB |  00m00s
2026-10-07T13:35:49.9257030Z [ 69/166] Installing perl-mro-0:1.29-52 100% |  13.8 MiB/s |  42.5 KiB |  00m00s
2026-10-07T13:35:49.9276568Z [ 70/166] Installing perl-base-0:2.27-5 100% |  12.7 MiB/s |  13.0 KiB |  00m00s
2026-10-07T13:35:49.9292100Z [ 71/166] Installing perl-Fcntl-0:1.20- 100% |  48.6 MiB/s |  49.8 KiB |  00m00s
2026-10-07T13:35:49.9314793Z [ 72/166] Installing perl-Text-ParseWor 100% |  14.2 MiB/s |  14.6 KiB |  00m00s
2026-10-07T13:35:49.9347640Z [ 73/166] Installing perl-Getopt-Long-1 100% |  71.9 MiB/s | 147.2 KiB |  00m00s
2026-10-07T13:35:49.9371625Z [ 74/166] Installing perl-Storable-1:3. 100% |  77.1 MiB/s | 236.7 KiB |  00m00s
2026-10-07T13:35:49.9386509Z [ 75/166] Installing perl-overload-0:1. 100% |  70.3 MiB/s |  72.0 KiB |  00m00s
2026-10-07T13:35:49.9418398Z [ 76/166] Installing perl-Getopt-Std-0: 100% |   5.7 MiB/s |  11.8 KiB |  00m00s
2026-10-07T13:35:49.9439959Z [ 77/166] Installing perl-MIME-Base64-0 100% |  21.6 MiB/s |  44.2 KiB |  00m00s
2026-10-07T13:35:49.9455114Z [ 78/166] Installing perl-File-Basename 100% |  14.3 MiB/s |  14.6 KiB |  00m00s
2026-10-07T13:35:49.9468874Z [ 79/166] Installing perl-vars-0:1.05-5 100% |   4.2 MiB/s |   4.3 KiB |  00m00s
2026-10-07T13:35:49.9482740Z [ 80/166] Installing perl-Errno-0:1.38- 100% |   8.6 MiB/s |   8.8 KiB |  00m00s
2026-10-07T13:35:49.9516855Z [ 81/166] Installing perl-parent-1:0.24 100% |  10.7 MiB/s |  11.0 KiB |  00m00s
2026-10-07T13:35:49.9538462Z [ 82/166] Installing perl-Scalar-List-U 100% |  36.3 MiB/s | 148.5 KiB |  00m00s
2026-10-07T13:35:49.9717265Z [ 83/166] Installing perl-constant-0:1. 100% |  26.7 MiB/s |  27.4 KiB |  00m00s
2026-10-07T13:35:49.9869765Z [ 84/166] Installing perl-Encode-4:3.21 100% | 151.4 MiB/s |   4.7 MiB |  00m00s
2026-10-07T13:35:49.9905576Z [ 85/166] Installing perl-DynaLoader-0: 100% |  31.7 MiB/s |  32.5 KiB |  00m00s
2026-10-07T13:35:49.9934875Z [ 86/166] Installing perl-PathTools-0:3 100% |  45.0 MiB/s | 184.4 KiB |  00m00s
2026-10-07T13:35:49.9952735Z [ 87/166] Installing perl-Carp-0:1.54-5 100% |  46.6 MiB/s |  47.7 KiB |  00m00s
2026-10-07T13:35:50.0839000Z [ 88/166] Installing perl-Exporter-0:5. 100% |  18.1 MiB/s |  55.6 KiB |  00m00s
2026-10-07T13:35:50.0940518Z [ 89/166] Installing perl-libs-4:5.42.3 100% | 121.6 MiB/s |  11.7 MiB |  00m00s
2026-10-07T13:35:50.1099618Z [ 90/166] Installing perl-interpreter-4 100% |   8.4 MiB/s | 120.5 KiB |  00m00s
2026-10-07T13:35:50.1123809Z [ 91/166] Installing perl-TermReadKey-0 100% |  21.5 MiB/s |  66.1 KiB |  00m00s
2026-10-07T13:35:50.1139860Z [ 92/166] Installing perl-Error-1:0.170 100% |  39.0 MiB/s |  80.0 KiB |  00m00s
2026-10-07T13:35:50.1164020Z [ 93/166] Installing perl-lib-0:0.65-52 100% |   8.7 MiB/s |   8.9 KiB |  00m00s
2026-10-07T13:35:50.1821105Z [ 94/166] Installing jansson-0:2.14-4.f 100% |  29.4 MiB/s |  90.3 KiB |  00m00s
2026-10-07T13:35:50.2073731Z [ 95/166] Installing binutils-0:2.46.1- 100% | 321.1 MiB/s |  28.3 MiB |  00m00s
2026-10-07T13:35:50.2115777Z [ 96/166] Installing libatomic-0:16.2.1 100% |  22.7 MiB/s |  46.6 KiB |  00m00s
2026-10-07T13:35:50.2156498Z [ 97/166] Installing libfdisk-0:2.41.5- 100% | 126.8 MiB/s | 389.4 KiB |  00m00s
2026-10-07T13:35:50.2702188Z [ 98/166] Installing liblastlog2-0:2.41 100% |   4.3 MiB/s |  43.7 KiB |  00m00s
2026-10-07T13:35:50.3037843Z [ 99/166] Installing util-linux-0:2.41. 100% |  47.8 MiB/s |   3.6 MiB |  00m00s
2026-10-07T13:35:50.3190944Z [100/166] Installing openssh-0:10.2p1-1 100% |  75.4 MiB/s |   1.4 MiB |  00m00s
2026-10-07T13:35:50.4152401Z [101/166] Installing openssh-clients-0: 100% |  92.8 MiB/s |   2.7 MiB |  00m00s
2026-10-07T13:35:50.4733658Z [102/166] Installing git-core-0:2.56.0- 100% | 223.7 MiB/s |  27.7 MiB |  00m00s
2026-10-07T13:35:50.4952982Z [103/166] Installing git-core-doc-0:2.5 100% | 917.5 MiB/s |  19.3 MiB |  00m00s
2026-10-07T13:35:50.4972875Z [104/166] Installing git-0:2.56.0-1.fc4 100% |  28.8 MiB/s |  59.0 KiB |  00m00s
2026-10-07T13:35:50.5211397Z [105/166] Installing perl-Git-0:2.56.0- 100% |   2.8 MiB/s |  65.4 KiB |  00m00s
2026-10-07T13:35:50.5233967Z [106/166] Installing lm_sensors-libs-0: 100% |  28.3 MiB/s |  86.8 KiB |  00m00s
2026-10-07T13:35:50.5375062Z [107/166] Installing libXau-0:1.0.12-4. 100% |  36.3 MiB/s |  74.3 KiB |  00m00s
2026-10-07T13:35:50.5618129Z [108/166] Installing libxcb-0:1.17.0-7. 100% |  30.8 MiB/s |   1.1 MiB |  00m00s
2026-10-07T13:35:50.5812590Z [109/166] Installing libdisplay-info-0: 100% |  10.6 MiB/s | 227.9 KiB |  00m00s
2026-10-07T13:35:50.5860067Z [110/166] Installing libwayland-client- 100% |  32.8 MiB/s |  67.2 KiB |  00m00s
2026-10-07T13:35:50.6105728Z [111/166] Installing oniguruma-0:6.9.10 100% |  30.2 MiB/s | 773.1 KiB |  00m00s
2026-10-07T13:35:50.6140809Z [112/166] Installing llhttp-0:9.3.1-1.f 100% |  31.9 MiB/s |  98.0 KiB |  00m00s
2026-10-07T13:35:50.6210053Z [113/166] Installing libssh2-0:1.11.1-9 100% |  83.1 MiB/s | 340.2 KiB |  00m00s
2026-10-07T13:35:50.6243777Z [114/166] Installing libgit2-0:1.9.7-1. 100% | 200.0 MiB/s |   1.4 MiB |  00m00s
2026-10-07T13:35:50.6823567Z [115/166] Installing llvm-filesystem-0: 100% |   1.0 MiB/s |   1.1 KiB |  00m00s
2026-10-07T13:35:50.9157043Z [116/166] Installing llvm-libs-0:22.1.8 100% | 486.0 MiB/s | 140.5 MiB |  00m00s
2026-10-07T13:35:50.9854822Z [117/166] Installing dns-root-data-0:20 100% |   4.1 MiB/s |  12.5 KiB |  00m00s
2026-10-07T13:35:51.1130927Z [118/166] Installing libstdc++-devel-0: 100% | 213.0 MiB/s |  41.3 MiB |  00m00s
2026-10-07T13:35:51.2142168Z [119/166] Installing python-pip-wheel-0 100% | 174.8 MiB/s |   1.2 MiB |  00m00s
2026-10-07T13:35:51.4057594Z [120/166] Installing python3-libs-0:3.1 100% | 156.6 MiB/s |  44.5 MiB |  00m00s
2026-10-07T13:35:51.4314044Z [121/166] Installing python3-0:3.14.8-1 100% |   2.1 MiB/s |  30.4 KiB |  00m00s
2026-10-07T13:35:51.4372420Z [122/166] Installing python3-libdnf-0:0 100% | 265.9 MiB/s |   4.0 MiB |  00m00s
2026-10-07T13:35:51.4586761Z [123/166] Installing python3-hawkey-0:0 100% |  16.6 MiB/s | 306.2 KiB |  00m00s
2026-10-07T13:35:51.4587683Z >>> Running sysusers scriptlet: unbound-libs-0:1.26.1-1.fc44.x86_64
2026-10-07T13:35:51.4588320Z >>> Finished sysusers scriptlet: unbound-libs-0:1.26.1-1.fc44.x86_64
2026-10-07T13:35:51.4588785Z >>> Scriptlet output:
2026-10-07T13:35:51.4589069Z >>> Creating group 'unbound' with GID 999.
2026-10-07T13:35:51.4589371Z >>> Creating user 'unbound' (Unbound DNS resolver) with UID 999 and GID 999.
2026-10-07T13:35:51.4589652Z >>> 
2026-10-07T13:35:51.4684693Z [124/166] Installing unbound-libs-0:1.2 100% | 173.5 MiB/s |   1.6 MiB |  00m00s
2026-10-07T13:35:51.4724830Z [125/166] Installing python3-dbus-0:1.4 100% |  59.7 MiB/s | 549.8 KiB |  00m00s
2026-10-07T13:35:51.4934740Z [126/166] Installing python3-distro-0:1 100% |  14.0 MiB/s | 214.9 KiB |  00m00s
2026-10-07T13:35:51.4980666Z [127/166] Installing python3-systemd-0: 100% |  43.4 MiB/s | 355.9 KiB |  00m00s
2026-10-07T13:35:51.5062228Z [128/166] Installing python3-six-0:1.17 100% |  58.7 MiB/s | 120.3 KiB |  00m00s
2026-10-07T13:35:51.5138426Z [129/166] Installing python3-dateutil-1 100% |  72.6 MiB/s | 891.5 KiB |  00m00s
2026-10-07T13:35:51.5645771Z [130/166] Installing python3-libcomps-0 100% |  48.8 MiB/s | 149.8 KiB |  00m00s
2026-10-07T13:35:51.5683138Z [131/166] Installing vulkan-headers-0:1 100% | 708.5 MiB/s |  36.1 MiB |  00m00s
2026-10-07T13:35:51.5735412Z [132/166] Installing python3-rpm-0:6.0. 100% |  59.6 MiB/s | 183.0 KiB |  00m00s
2026-10-07T13:35:51.5900230Z [133/166] Installing hwdata-0:0.412-1.f 100% | 560.9 MiB/s |  10.1 MiB |  00m00s
2026-10-07T13:35:51.5952627Z [134/166] Installing libpciaccess-0:0.1 100% |  24.3 MiB/s |  49.8 KiB |  00m00s
2026-10-07T13:35:51.6749384Z [135/166] Installing libdrm-0:2.4.134-1 100% |  66.7 MiB/s | 409.7 KiB |  00m00s
2026-10-07T13:35:51.7139613Z [136/166] Installing mesa-dri-drivers-0 100% | 462.7 MiB/s |  53.2 MiB |  00m00s
2026-10-07T13:35:51.7159793Z [137/166] Installing mesa-libgbm-0:26.2 100% |   9.9 MiB/s |  20.4 KiB |  00m00s
2026-10-07T13:35:51.7177611Z [138/166] Installing pkgconf-m4-0:2.5.1 100% |  14.4 MiB/s |  14.7 KiB |  00m00s
2026-10-07T13:35:51.7302610Z [139/166] Installing pkgconf-pkg-config 100% | 147.8 KiB/s |   1.8 KiB |  00m00s
2026-10-07T13:35:51.7319911Z [140/166] Installing libpciaccess-devel 100% |  15.5 MiB/s |  15.9 KiB |  00m00s
2026-10-07T13:35:51.7778149Z [141/166] Installing libxcrypt-devel-0: 100% |  16.3 MiB/s |  33.3 KiB |  00m00s
2026-10-07T13:35:51.8789783Z [142/166] Installing glibc-devel-0:2.43 100% |  44.1 MiB/s |   2.4 MiB |  00m00s
2026-10-07T13:35:52.0509120Z [143/166] Installing gcc-0:16.2.1-2.fc4 100% | 468.8 MiB/s | 121.9 MiB |  00m00s
2026-10-07T13:35:52.0759450Z [144/166] Installing dnf-data-0:4.24.0- 100% |  13.6 MiB/s |  41.7 KiB |  00m00s
2026-10-07T13:35:52.0925866Z [145/166] Installing python3-dnf-0:4.24 100% |  70.8 MiB/s |   2.8 MiB |  00m00s
2026-10-07T13:35:52.1030904Z [146/166] Installing python3-dnf-plugin 100% | 122.2 MiB/s |   1.2 MiB |  00m00s
2026-10-07T13:35:52.1936752Z [147/166] Installing dnf-plugins-core-0 100% |  25.5 MiB/s |  26.2 KiB |  00m00s
2026-10-07T13:35:52.2879319Z [148/166] Installing gcc-c++-0:16.2.1-2 100% | 264.6 MiB/s |  46.8 MiB |  00m00s
2026-10-07T13:35:52.2900590Z [149/166] Installing libdrm-devel-0:2.4 100% | 105.0 MiB/s | 752.7 KiB |  00m00s
2026-10-07T13:35:52.2915617Z [150/166] Installing mesa-libgbm-devel- 100% |  30.1 MiB/s |  30.8 KiB |  00m00s
2026-10-07T13:35:52.2945103Z [151/166] Installing vulkan-loader-deve 100% |   8.9 MiB/s |   9.1 KiB |  00m00s
2026-10-07T13:35:52.5878821Z [152/166] Installing mesa-vulkan-driver 100% | 593.5 MiB/s | 173.9 MiB |  00m00s
2026-10-07T13:35:52.6097811Z [153/166] Installing python3-unbound-0: 100% |  22.5 MiB/s | 529.7 KiB |  00m00s
2026-10-07T13:35:52.6297824Z [154/166] Installing unbound-anchor-0:1 100% |   3.0 MiB/s |  57.9 KiB |  00m00s
2026-10-07T13:35:52.6457258Z [155/166] Installing python-unversioned 100% |  34.5 KiB/s | 424.0   B |  00m00s
2026-10-07T13:35:52.6717570Z [156/166] Installing python3-html2text- 100% |  17.1 MiB/s | 297.9 KiB |  00m00s
2026-10-07T13:35:52.6864344Z [157/166] Installing bat-0:0.26.1-4.fc4 100% | 203.4 MiB/s |   5.3 MiB |  00m00s
2026-10-07T13:35:52.6929739Z [158/166] Installing perl-NDBM_File-0:1 100% |   4.1 MiB/s |  29.5 KiB |  00m00s
2026-10-07T13:35:52.7068954Z [159/166] Installing less-color-0:704-4 100% | 241.1 KiB/s |   2.7 KiB |  00m00s
2026-10-07T13:35:52.7197104Z [160/166] Installing unzip-0:6.0-69.fc4 100% |  29.3 MiB/s | 449.3 KiB |  00m00s
2026-10-07T13:35:52.7553894Z [161/166] Installing 7zip-0:26.03-1.fc4 100% |  95.8 MiB/s |   3.4 MiB |  00m00s
2026-10-07T13:35:52.8255927Z [162/166] Removing elfutils-libs-0:0.19 100% |   5.9 KiB/s |  12.0   B |  00m00s
2026-10-07T13:35:52.8411375Z [163/166] Removing elfutils-libelf-0:0. 100% | 189.0   B/s |  15.0   B |  00m00s
2026-10-07T13:35:52.8514607Z [164/166] Removing glibc-0:2.43-8.fc44. 100% |   7.3 KiB/s | 105.0   B |  00m00s
2026-10-07T13:35:52.8606635Z [165/166] Removing glibc-minimal-langpa 100% |  14.0 KiB/s | 100.0   B |  00m00s
2026-10-07T13:35:57.8231834Z [166/166] Removing glibc-common-0:2.43- 100% |  10.0   B/s |  52.0   B |  00m05s
2026-10-07T13:35:57.8234898Z Complete!
2026-10-07T13:35:57.9994027Z  https://copr.fedorainfracloud.org/api_ 100% |   3.0 KiB/s | 407.0   B |  00m00s
2026-10-07T13:35:58.0004593Z Enabling a Copr repository. Please note that this repository is not part
2026-10-07T13:35:58.0005474Z of the main distribution, and quality may vary.
2026-10-07T13:35:58.0005809Z 
2026-10-07T13:35:58.0006056Z The Fedora Project does not exercise any power over the contents of
2026-10-07T13:35:58.0006524Z this repository beyond the rules outlined in the Copr FAQ at
2026-10-07T13:35:58.0007270Z <https://docs.copr.fedorainfracloud.org/user_documentation.html#what-i-can-build-in-copr>,
2026-10-07T13:35:58.0007823Z and packages are not held to any quality or security level.
2026-10-07T13:35:58.0008007Z 
2026-10-07T13:35:58.0008139Z Please do not file bug reports about these packages in Fedora
2026-10-07T13:35:58.0008521Z Bugzilla. In case of problems, contact the owner of this repository.
2026-10-07T13:35:58.0311503Z Updating and loading repositories:
2026-10-07T13:35:58.3834321Z  Copr repo for wpewebkit owned by philn 100% |  23.7 KiB/s |   6.3 KiB |  00m00s
2026-10-07T13:35:58.4473841Z Repositories loaded.
2026-10-07T13:35:58.6409750Z Package                     Arch   Version                          Repository                                          Size
2026-10-07T13:35:58.6410370Z Upgrading:
2026-10-07T13:35:58.6410803Z  libselinux                 x86_64 0:3.11-2.fc44                    updates                                        205.2 KiB
2026-10-07T13:35:58.6411546Z    replacing libselinux     x86_64 0:3.11-1.fc44                    0eae96ab45874228a86a12a132e699ed               205.2 KiB
2026-10-07T13:35:58.6412099Z Installing:
2026-10-07T13:35:58.6412553Z  libwpe-devel               x86_64 0:1.16.3-1.fc44                  copr:copr.fedorainfracloud.org:philn:wpewebkit 259.6 KiB
2026-10-07T13:35:58.6413341Z  wpebackend-fdo-devel       x86_64 0:1.16.1-1.fc44                  copr:copr.fedorainfracloud.org:philn:wpewebkit  45.4 KiB
2026-10-07T13:35:58.6414147Z  wpewebkit-devel            x86_64 0:2.54.1-1.fc44                  copr:copr.fedorainfracloud.org:philn:wpewebkit 682.1 KiB
2026-10-07T13:35:58.6415137Z Installing dependencies:
2026-10-07T13:35:58.6415678Z  abattis-cantarell-vf-fonts noarch 0:0.301-17.fc44                  fedora                                         192.7 KiB
2026-10-07T13:35:58.6416430Z  alsa-lib                   x86_64 0:1.2.16.1-1.fc44                updates                                          1.5 MiB
2026-10-07T13:35:58.6417307Z  at-spi2-atk                x86_64 0:2.60.7-1.fc44                  updates                                        284.1 KiB
2026-10-07T13:35:58.6417823Z  at-spi2-core               x86_64 0:2.60.7-1.fc44                  updates                                          1.6 MiB
2026-10-07T13:35:58.6418259Z  atk                        x86_64 0:2.60.7-1.fc44                  updates                                        252.5 KiB
2026-10-07T13:35:58.6418678Z  brotli                     x86_64 0:1.2.0-3.fc44                   fedora                                          33.4 KiB
2026-10-07T13:35:58.6419101Z  brotli-devel               x86_64 0:1.2.0-3.fc44                   fedora                                          65.9 KiB
2026-10-07T13:35:58.6419537Z  bubblewrap                 x86_64 0:0.12.0-1.fc44                  updates                                        139.8 KiB
2026-10-07T13:35:58.6419949Z  cairo                      x86_64 0:1.18.6-1.fc44                  updates                                          1.8 MiB
2026-10-07T13:35:58.6420396Z  cdparanoia-libs            x86_64 0:10.2-50.fc44                   fedora                                         113.3 KiB
2026-10-07T13:35:58.6420978Z  dbus                       x86_64 1:1.16.2-1.fc44                  fedora                                           0.0   B
2026-10-07T13:35:58.6421444Z  default-fonts-core-sans    noarch 0:4.3-1.fc44                     fedora                                          11.9 KiB
2026-10-07T13:35:58.6421884Z  duktape                    x86_64 0:2.7.0-11.fc44                  fedora                                         623.6 KiB
2026-10-07T13:35:58.6422298Z  enchant2                   x86_64 0:2.8.21-1.fc44                  updates                                        245.7 KiB
2026-10-07T13:35:58.6422709Z  flac-libs                  x86_64 0:1.5.0-8.fc44                   fedora                                         627.3 KiB
2026-10-07T13:35:58.6423109Z  flite                      x86_64 0:2.2-13.fc44                    fedora                                          21.5 MiB
2026-10-07T13:35:58.6423520Z  fontconfig                 x86_64 0:2.17.0-4.fc44                  fedora                                         776.4 KiB
2026-10-07T13:35:58.6423967Z  fonts-filesystem           noarch 1:5.0.0-2.fc44                   fedora                                           0.0   B
2026-10-07T13:35:58.6424434Z  freetype                   x86_64 0:2.14.3-1.fc44                  updates                                        918.3 KiB
2026-10-07T13:35:58.6424845Z  fribidi                    x86_64 0:1.0.16-4.fc44                  fedora                                         190.0 KiB
2026-10-07T13:35:58.6425279Z  glib-networking            x86_64 0:2.80.1-4.fc44                  fedora                                         750.4 KiB
2026-10-07T13:35:58.6425721Z  glib2-devel                x86_64 0:2.88.3-1.fc44                  updates                                         15.8 MiB
2026-10-07T13:35:58.6426189Z  google-noto-fonts-common   noarch 0:20251201-2.fc44                fedora                                          17.7 KiB
2026-10-07T13:35:58.6426784Z  google-noto-sans-vf-fonts  noarch 0:20251201-2.fc44                fedora                                           1.4 MiB
2026-10-07T13:35:58.6427614Z  graphene                   x86_64 0:1.10.8-4.fc44                  fedora                                         158.3 KiB
2026-10-07T13:35:58.6428296Z  graphite2                  x86_64 0:1.3.14-20.fc44                 fedora                                         191.5 KiB
2026-10-07T13:35:58.6429317Z  gsettings-desktop-schemas  x86_64 0:50.1-1.fc44                    updates                                          6.1 MiB
2026-10-07T13:35:58.6430043Z  gsm                        x86_64 0:1.0.24-2.fc44                  fedora                                          65.7 KiB
2026-10-07T13:35:58.6430550Z  gstreamer1                 x86_64 0:1.28.7-1.fc44                  updates                                          5.5 MiB
2026-10-07T13:35:58.6431135Z  gstreamer1-plugins-base    x86_64 0:1.28.7-1.fc44                  updates                                          7.5 MiB
2026-10-07T13:35:58.6431695Z  harfbuzz                   x86_64 0:14.1.0-2.fc44                  updates                                          2.8 MiB
2026-10-07T13:35:58.6432127Z  harfbuzz-icu               x86_64 0:14.1.0-2.fc44                  updates                                         15.2 KiB
2026-10-07T13:35:58.6432922Z  hidapi                     x86_64 0:0.15.0-3.fc44                  fedora                                         110.2 KiB
2026-10-07T13:35:58.6433502Z  highway                    x86_64 0:1.3.0-2.fc44                   fedora                                           5.5 MiB
2026-10-07T13:35:58.6434085Z  hunspell                   x86_64 0:1.7.4-2.fc44                   updates                                          1.3 MiB
2026-10-07T13:35:58.6434690Z  hunspell-en-AU             noarch 0:0.20260225-2.fc44              updates                                        502.1 KiB
2026-10-07T13:35:58.6435497Z  hunspell-en-CA             noarch 0:0.20260225-2.fc44              updates                                        499.6 KiB
2026-10-07T13:35:58.6436171Z  hunspell-en-GB             noarch 0:0.20260225-2.fc44              updates                                        543.2 KiB
2026-10-07T13:35:58.6436878Z  hunspell-en-US             noarch 0:0.20260225-2.fc44              updates                                        506.7 KiB
2026-10-07T13:35:58.6437517Z  hunspell-filesystem        x86_64 0:1.7.4-2.fc44                   updates                                          0.0   B
2026-10-07T13:35:58.6437948Z  hyphen                     x86_64 0:2.8.8-28.fc44                  fedora                                          51.5 KiB
2026-10-07T13:35:58.6438359Z  iso-codes                  noarch 0:4.20.1-3.fc44                  fedora                                          22.3 MiB
2026-10-07T13:35:58.6438800Z  keyutils-libs-devel        x86_64 0:1.6.3-7.fc44                   fedora                                          48.2 KiB
2026-10-07T13:35:58.6439234Z  krb5-devel                 x86_64 0:1.22.2-4.fc44                  updates                                        709.9 KiB
2026-10-07T13:35:58.6439651Z  lame-libs                  x86_64 0:3.100-21.fc44                  fedora                                           1.2 MiB
2026-10-07T13:35:58.6440059Z  lcms2                      x86_64 0:2.16-7.fc44                    fedora                                         445.7 KiB
2026-10-07T13:35:58.6440463Z  libX11                     x86_64 0:1.8.13-3.fc44                  updates                                          1.3 MiB
2026-10-07T13:35:58.6440881Z  libX11-common              noarch 0:1.8.13-3.fc44                  updates                                          1.1 MiB
2026-10-07T13:35:58.6441316Z  libX11-devel               x86_64 0:1.8.13-3.fc44                  updates                                          1.0 MiB
2026-10-07T13:35:58.6441731Z  libXau-devel               x86_64 0:1.0.12-4.fc44                  fedora                                           7.3 KiB
2026-10-07T13:35:58.6442142Z  libXext                    x86_64 0:1.3.6-5.fc44                   fedora                                          89.8 KiB
2026-10-07T13:35:58.6442541Z  libXft                     x86_64 0:2.3.8-10.fc44                  fedora                                         168.3 KiB
2026-10-07T13:35:58.6442937Z  libXi                      x86_64 0:1.8.3-1.fc44                   updates                                         80.6 KiB
2026-10-07T13:35:58.6443470Z  libXrender                 x86_64 0:0.9.12-4.fc44                  fedora                                          49.9 KiB
2026-10-07T13:35:58.6443878Z  libXtst                    x86_64 0:1.2.5-4.fc44                   fedora                                          33.4 KiB
2026-10-07T13:35:58.6444276Z  libXv                      x86_64 0:1.0.13-4.fc44                  fedora                                          25.9 KiB
2026-10-07T13:35:58.6444678Z  libXxf86vm                 x86_64 0:1.1.6-4.fc44                   fedora                                          25.1 KiB
2026-10-07T13:35:58.6445086Z  libaom                     x86_64 0:3.13.3-1.fc44                  updates                                          5.1 MiB
2026-10-07T13:35:58.6445494Z  libasyncns                 x86_64 0:0.8-34.fc44                    updates                                         55.4 KiB
2026-10-07T13:35:58.6445913Z  libavif                    x86_64 0:1.3.0-4.fc44                   fedora                                         265.8 KiB
2026-10-07T13:35:58.6446343Z  libblkid-devel             x86_64 0:2.41.5-1.fc44                  updates                                         44.9 KiB
2026-10-07T13:35:58.6446785Z  libcom_err-devel           x86_64 0:1.47.3-4.fc44                  fedora                                          16.7 KiB
2026-10-07T13:35:58.6447363Z  libdatrie                  x86_64 0:0.2.14-2.fc44                  fedora                                          61.7 KiB
2026-10-07T13:35:58.6447878Z  libdav1d                   x86_64 0:1.5.4-1.fc44                   updates                                          1.8 MiB
2026-10-07T13:35:58.6448297Z  libepoxy                   x86_64 0:1.5.10-12.fc44                 fedora                                           1.1 MiB
2026-10-07T13:35:58.6448708Z  libevdev                   x86_64 0:1.13.7-1.fc44                  updates                                         89.9 KiB
2026-10-07T13:35:58.6449139Z  libffi-devel               x86_64 0:3.5.2-2.fc44                   fedora                                          33.9 KiB
2026-10-07T13:35:58.6449556Z  libglvnd                   x86_64 1:1.7.0-9.fc44                   fedora                                         526.5 KiB
2026-10-07T13:35:58.6449980Z  libglvnd-core-devel        x86_64 1:1.7.0-9.fc44                   fedora                                          40.3 KiB
2026-10-07T13:35:58.6450417Z  libglvnd-devel             x86_64 1:1.7.0-9.fc44                   fedora                                           2.1 MiB
2026-10-07T13:35:58.6450842Z  libglvnd-egl               x86_64 1:1.7.0-9.fc44                   fedora                                          68.6 KiB
2026-10-07T13:35:58.6451256Z  libglvnd-gles              x86_64 1:1.7.0-9.fc44                   fedora                                          97.7 KiB
2026-10-07T13:35:58.6451683Z  libglvnd-glx               x86_64 1:1.7.0-9.fc44                   fedora                                         601.0 KiB
2026-10-07T13:35:58.6452102Z  libglvnd-opengl            x86_64 1:1.7.0-9.fc44                   fedora                                         144.7 KiB
2026-10-07T13:35:58.6452527Z  libgudev                   x86_64 0:238-9.fc44                     fedora                                          91.7 KiB
2026-10-07T13:35:58.6452928Z  libicu                     x86_64 0:77.1-3.fc44                    updates                                         36.6 MiB
2026-10-07T13:35:58.6453337Z  libinput                   x86_64 0:1.31.3-1.fc44                  updates                                        701.6 KiB
2026-10-07T13:35:58.6453753Z  libjpeg-turbo              x86_64 0:3.1.3-1.fc44                   fedora                                         818.2 KiB
2026-10-07T13:35:58.6454163Z  libjxl                     x86_64 1:0.11.2-1.fc44                  updates                                          4.1 MiB
2026-10-07T13:35:58.6454665Z  libkadm5                   x86_64 0:1.22.2-4.fc44                  updates                                        217.8 KiB
2026-10-07T13:35:58.6455082Z  libmanette                 x86_64 0:0.2.13-2.fc44                  fedora                                         367.2 KiB
2026-10-07T13:35:58.6455518Z  libmount-devel             x86_64 0:2.41.5-1.fc44                  updates                                         65.5 KiB
2026-10-07T13:35:58.6455970Z  libnghttp2-devel           x86_64 0:1.68.0-5.fc44                  updates                                        288.0 KiB
2026-10-07T13:35:58.6456400Z  libogg                     x86_64 2:1.3.6-2.fc44                   fedora                                          45.6 KiB
2026-10-07T13:35:58.6456808Z  libpng                     x86_64 2:1.6.58-1.fc44                  updates                                        249.6 KiB
2026-10-07T13:35:58.6457382Z  libproxy                   x86_64 0:0.5.12-2.fc44                  fedora                                         102.1 KiB
2026-10-07T13:35:58.6457821Z  libpsl-devel               x86_64 0:0.21.5-7.fc44                  fedora                                         110.2 KiB
2026-10-07T13:35:58.6458247Z  libseccomp                 x86_64 0:2.6.1-2.fc44                   updates                                        222.2 KiB
2026-10-07T13:35:58.6458676Z  libselinux-devel           x86_64 0:3.11-2.fc44                    updates                                        121.9 KiB
2026-10-07T13:35:58.6459237Z  libsepol-devel             x86_64 0:3.11-1.fc44                    updates                                        120.7 KiB
2026-10-07T13:35:58.6459660Z  libsndfile                 x86_64 0:1.2.2-11.fc44                  fedora                                         553.9 KiB
2026-10-07T13:35:58.6460097Z Total size of inbound packages is 107 MiB. Need to download 107 MiB.
2026-10-07T13:35:58.6460461Z After this operation, 358 MiB extra will be used (install 358 MiB, remove 205 KiB).
2026-10-07T13:35:58.6460870Z  libsoup3                   x86_64 0:3.6.6-10.fc44                  updates                                          1.2 MiB
2026-10-07T13:35:58.6461294Z  libsoup3-devel             x86_64 0:3.6.6-10.fc44                  updates                                          1.0 MiB
2026-10-07T13:35:58.6461709Z  libthai                    x86_64 0:0.1.30-2.fc44                  fedora                                         800.9 KiB
2026-10-07T13:35:58.6462116Z  libtheora                  x86_64 1:1.1.1-41.fc44                  fedora                                         480.9 KiB
2026-10-07T13:35:58.6462535Z  libverto-devel             x86_64 0:0.3.2-12.fc44                  fedora                                          25.7 KiB
2026-10-07T13:35:58.6462959Z  libvisual                  x86_64 1:0.4.2-4.fc44                   fedora                                         464.5 KiB
2026-10-07T13:35:58.6463360Z  libvmaf                    x86_64 0:3.0.0-5.fc44                   fedora                                         846.8 KiB
2026-10-07T13:35:58.6463773Z  libvorbis                  x86_64 1:1.3.7-14.fc44                  fedora                                         837.0 KiB
2026-10-07T13:35:58.6464186Z  libwacom                   x86_64 0:2.19.0-1.fc44                  updates                                        114.0 KiB
2026-10-07T13:35:58.6464611Z  libwacom-data              noarch 0:2.19.0-1.fc44                  updates                                          1.4 MiB
2026-10-07T13:35:58.6465054Z  libwayland-cursor          x86_64 0:1.26.0-1.fc44                  updates                                         37.2 KiB
2026-10-07T13:35:58.6465499Z  libwayland-egl             x86_64 0:1.26.0-1.fc44                  updates                                         12.3 KiB
2026-10-07T13:35:58.6465931Z  libwayland-server          x86_64 0:1.26.0-1.fc44                  updates                                         86.5 KiB
2026-10-07T13:35:58.6466453Z  libwebp                    x86_64 0:1.6.0-3.fc44                   fedora                                         968.0 KiB
2026-10-07T13:35:58.6466884Z  libwpe                     x86_64 0:1.16.3-1.fc44                  copr:copr.fedorainfracloud.org:philn:wpewebkit  54.9 KiB
2026-10-07T13:35:58.6467494Z  libxcb-devel               x86_64 0:1.17.0-7.fc44                  fedora                                           2.6 MiB
2026-10-07T13:35:58.6467933Z  libxkbcommon               x86_64 0:1.13.1-2.fc44                  fedora                                         432.2 KiB
2026-10-07T13:35:58.6468379Z  libxkbcommon-devel         x86_64 0:1.13.1-2.fc44                  fedora                                         393.4 KiB
2026-10-07T13:35:58.6468838Z  libxml2-devel              x86_64 0:2.12.10-6.fc44                 fedora                                           3.4 MiB
2026-10-07T13:35:58.6469258Z  libxslt                    x86_64 0:1.1.43-6.fc44                  fedora                                         471.8 KiB
2026-10-07T13:35:58.6469699Z  libyuv                     x86_64 0:0-0.61.20260213git6067afd.fc44 fedora                                         683.7 KiB
2026-10-07T13:35:58.6470130Z  lzo                        x86_64 0:2.10-16.fc44                   fedora                                         174.8 KiB
2026-10-07T13:35:58.6470538Z  mesa-libEGL                x86_64 0:26.2.3-1.fc44                  updates                                        398.4 KiB
2026-10-07T13:35:58.6470958Z  mesa-libGL                 x86_64 0:26.2.3-1.fc44                  updates                                        374.1 KiB
2026-10-07T13:35:58.6471487Z  mpg123-libs                x86_64 0:1.32.10-3.fc44                 fedora                                         825.7 KiB
2026-10-07T13:35:58.6471902Z  mtdev                      x86_64 0:1.1.6-12.fc44                  fedora                                          29.1 KiB
2026-10-07T13:35:58.6472292Z  opus                       x86_64 0:1.6-2.fc44                     fedora                                         467.7 KiB
2026-10-07T13:35:58.6472731Z  orc                        x86_64 0:0.4.41-3.fc44                  fedora                                         721.9 KiB
2026-10-07T13:35:58.6473173Z  pango                      x86_64 0:1.57.1-1.fc44                  fedora                                           1.0 MiB
2026-10-07T13:35:58.6473683Z  pcre2-devel                x86_64 0:10.47-1.fc44.1                 fedora                                           2.1 MiB
2026-10-07T13:35:58.6474298Z  pcre2-utf16                x86_64 0:10.47-1.fc44.1                 fedora                                         655.2 KiB
2026-10-07T13:35:58.6474947Z  pcre2-utf32                x86_64 0:10.47-1.fc44.1                 fedora                                         623.1 KiB
2026-10-07T13:35:58.6475560Z  pixman                     x86_64 0:0.46.2-3.fc44                  fedora                                         718.2 KiB
2026-10-07T13:35:58.6476251Z  publicsuffix-list          noarch 0:20260116-1.fc44                fedora                                         342.2 KiB
2026-10-07T13:35:58.6476971Z  pulseaudio-libs            x86_64 0:17.0-9.fc44                    fedora                                           3.4 MiB
2026-10-07T13:35:58.6477731Z  python3-packaging          noarch 0:25.0-8.fc44                    fedora                                         607.4 KiB
2026-10-07T13:35:58.6478174Z  rav1e-libs                 x86_64 0:0.8.1-3.fc44                   fedora                                           3.1 MiB
2026-10-07T13:35:58.6478707Z  shared-mime-info           x86_64 0:2.4-3.fc44                     fedora                                           5.2 MiB
2026-10-07T13:35:58.6479178Z  sqlite                     x86_64 0:3.51.2-2.fc44                  updates                                          1.9 MiB
2026-10-07T13:35:58.6479733Z  sqlite-devel               x86_64 0:3.51.2-2.fc44                  updates                                        694.0 KiB
2026-10-07T13:35:58.6480608Z  svt-av1-libs               x86_64 0:3.1.2-2.fc44                   fedora                                           5.6 MiB
2026-10-07T13:35:58.6481248Z  sysprof-capture-devel      x86_64 0:50.0-1.fc44                    fedora                                         813.8 KiB
2026-10-07T13:35:58.6482017Z  wpebackend-fdo             x86_64 0:1.16.1-1.fc44                  copr:copr.fedorainfracloud.org:philn:wpewebkit 105.1 KiB
2026-10-07T13:35:58.6482776Z  wpewebkit                  x86_64 0:2.54.1-1.fc44                  copr:copr.fedorainfracloud.org:philn:wpewebkit 129.4 MiB
2026-10-07T13:35:58.6483235Z  xdg-dbus-proxy             x86_64 0:0.1.9-1.fc44                   updates                                         95.5 KiB
2026-10-07T13:35:58.6483776Z  xkeyboard-config           noarch 0:2.47-1.fc44                    fedora                                           6.4 MiB
2026-10-07T13:35:58.6484299Z  xml-common                 noarch 0:0.6.3-68.fc44                  fedora                                          78.4 KiB
2026-10-07T13:35:58.6484780Z  xorg-x11-proto-devel       noarch 0:2025.1-2.fc44                  fedora                                           1.8 MiB
2026-10-07T13:35:58.6485318Z  xprop                      x86_64 0:1.2.8-5.fc44                   fedora                                          54.5 KiB
2026-10-07T13:35:58.6485783Z  xz-devel                   x86_64 1:5.8.2-2.fc44                   fedora                                         258.8 KiB
2026-10-07T13:35:58.6486567Z  zlib-ng-compat-devel       x86_64 0:2.3.3-3.fc44                   fedora                                         107.0 KiB
2026-10-07T13:35:58.6486989Z Installing weak dependencies:
2026-10-07T13:35:58.6487501Z  adwaita-mono-fonts         noarch 0:50.0-1.fc44                    fedora                                           5.6 MiB
2026-10-07T13:35:58.6487956Z  adwaita-sans-fonts         noarch 0:50.0-1.fc44                    fedora                                           1.7 MiB
2026-10-07T13:35:58.6488519Z  hunspell-en                noarch 0:0.20260225-2.fc44              updates                                          7.1 KiB
2026-10-07T13:35:58.6488805Z 
2026-10-07T13:35:58.6488923Z Transaction Summary:
2026-10-07T13:35:58.6489120Z  Installing:       148 packages
2026-10-07T13:35:58.6489318Z  Upgrading:          1 package
2026-10-07T13:35:58.6489504Z  Replacing:          1 package
2026-10-07T13:35:58.6489678Z 
2026-10-07T13:35:59.0375217Z [  1/149] libwpe-devel-0:1.16.3-1.fc44. 100% |   3.2 MiB/s |  45.4 KiB |  00m00s
2026-10-07T13:35:59.0390740Z [  2/149] wpebackend-fdo-devel-0:1.16.1 100% |   1.0 MiB/s |  15.0 KiB |  00m00s
2026-10-07T13:35:59.0407827Z [  3/149] wpewebkit-devel-0:2.54.1-1.fc 100% |   5.9 MiB/s | 102.3 KiB |  00m00s
2026-10-07T13:35:59.0461062Z [  4/149] libwpe-0:1.16.3-1.fc44.x86_64 100% |   4.7 MiB/s |  28.6 KiB |  00m00s
2026-10-07T13:35:59.0472371Z [  5/149] wpebackend-fdo-0:1.16.1-1.fc4 100% |   7.9 MiB/s |  48.3 KiB |  00m00s
2026-10-07T13:35:59.5951062Z [  6/149] wpewebkit-0:2.54.1-1.fc44.x86 100% |  70.6 MiB/s |  39.2 MiB |  00m01s
2026-10-07T13:35:59.6200423Z [  7/149] hyphen-0:2.8.8-28.fc44.x86_64 100% |   1.2 MiB/s |  29.6 KiB |  00m00s
2026-10-07T13:35:59.6455847Z [  8/149] fontconfig-0:2.17.0-4.fc44.x8 100% | 465.9 KiB/s | 278.2 KiB |  00m01s
2026-10-07T13:35:59.6542368Z [  9/149] lcms2-0:2.16-7.fc44.x86_64    100% |   5.7 MiB/s | 191.4 KiB |  00m00s
2026-10-07T13:35:59.6552916Z [ 10/149] libavif-0:1.3.0-4.fc44.x86_64 100% |  13.6 MiB/s | 125.8 KiB |  00m00s
2026-10-07T13:35:59.6731806Z [ 11/149] libepoxy-0:1.5.10-12.fc44.x86 100% |  12.5 MiB/s | 230.4 KiB |  00m00s
2026-10-07T13:35:59.6876112Z [ 12/149] libjpeg-turbo-0:3.1.3-1.fc44. 100% |   7.4 MiB/s | 243.4 KiB |  00m00s
2026-10-07T13:35:59.6887796Z [ 13/149] libmanette-0:0.2.13-2.fc44.x8 100% |   4.4 MiB/s |  67.8 KiB |  00m00s
2026-10-07T13:35:59.7014176Z [ 14/149] libwebp-0:1.6.0-3.fc44.x86_64 100% |  24.8 MiB/s | 329.9 KiB |  00m00s
2026-10-07T13:35:59.7034013Z [ 15/149] libxkbcommon-0:1.13.1-2.fc44. 100% |  13.0 MiB/s | 185.8 KiB |  00m00s
2026-10-07T13:35:59.7120714Z [ 16/149] libxslt-0:1.1.43-6.fc44.x86_6 100% |  18.8 MiB/s | 192.7 KiB |  00m00s
2026-10-07T13:35:59.7209189Z [ 17/149] default-fonts-core-sans-0:4.3 100% |   3.6 MiB/s |  29.2 KiB |  00m00s
2026-10-07T13:35:59.7296421Z [ 18/149] fonts-filesystem-1:5.0.0-2.fc 100% |   1.1 MiB/s |   8.9 KiB |  00m00s
2026-10-07T13:35:59.7347114Z [ 19/149] pulseaudio-libs-0:17.0-9.fc44 100% |  23.0 MiB/s | 705.3 KiB |  00m00s
2026-10-07T13:35:59.7430520Z [ 20/149] xml-common-0:0.6.3-68.fc44.no 100% |   2.5 MiB/s |  31.1 KiB |  00m00s
2026-10-07T13:35:59.7461646Z [ 21/149] libyuv-0:0-0.61.20260213git60 100% |  20.4 MiB/s | 209.3 KiB |  00m00s
2026-10-07T13:35:59.8495463Z [ 22/149] flite-0:2.2-13.fc44.x86_64    100% |  15.6 MiB/s |  12.5 MiB |  00m01s
2026-10-07T13:35:59.8580834Z [ 23/149] hidapi-0:0.15.0-3.fc44.x86_64 100% |   6.7 MiB/s |  48.0 KiB |  00m00s
2026-10-07T13:35:59.8707861Z [ 24/149] rav1e-libs-0:0.8.1-3.fc44.x86 100% |   8.4 MiB/s |   1.1 MiB |  00m00s
2026-10-07T13:35:59.8717721Z [ 25/149] libgudev-0:238-9.fc44.x86_64  100% |   2.6 MiB/s |  35.2 KiB |  00m00s
2026-10-07T13:35:59.9544749Z [ 26/149] xkeyboard-config-0:2.47-1.fc4 100% |  11.8 MiB/s |   1.0 MiB |  00m00s
2026-10-07T13:35:59.9677803Z [ 27/149] svt-av1-libs-0:3.1.2-2.fc44.x 100% |   9.2 MiB/s |   2.0 MiB |  00m00s
2026-10-07T13:35:59.9694041Z [ 28/149] libsndfile-0:1.2.2-11.fc44.x8 100% |   2.3 MiB/s | 224.1 KiB |  00m00s
2026-10-07T13:35:59.9703126Z [ 29/149] abattis-cantarell-vf-fonts-0: 100% |   7.8 MiB/s | 120.4 KiB |  00m00s
2026-10-07T13:35:59.9815534Z [ 30/149] google-noto-sans-vf-fonts-0:2 100% |  46.2 MiB/s | 614.9 KiB |  00m00s
2026-10-07T13:35:59.9823102Z [ 31/149] gsm-0:1.0.24-2.fc44.x86_64    100% |   3.2 MiB/s |  36.0 KiB |  00m00s
2026-10-07T13:35:59.9914357Z [ 32/149] lame-libs-0:3.100-21.fc44.x86 100% |  37.0 MiB/s | 341.0 KiB |  00m00s
2026-10-07T13:35:59.9922835Z [ 33/149] libogg-2:1.3.6-2.fc44.x86_64  100% |   3.6 MiB/s |  33.5 KiB |  00m00s
2026-10-07T13:36:00.0012401Z [ 34/149] libvorbis-1:1.3.7-14.fc44.x86 100% |  20.7 MiB/s | 191.0 KiB |  00m00s
2026-10-07T13:36:00.0044345Z [ 35/149] mpg123-libs-0:1.32.10-3.fc44. 100% |  32.2 MiB/s | 362.3 KiB |  00m00s
2026-10-07T13:36:00.0104322Z [ 36/149] opus-0:1.6-2.fc44.x86_64      100% |  31.2 MiB/s | 255.4 KiB |  00m00s
2026-10-07T13:36:00.0126552Z [ 37/149] google-noto-fonts-common-0:20 100% |   2.2 MiB/s |  17.7 KiB |  00m00s
2026-10-07T13:36:00.0221833Z [ 38/149] python3-packaging-0:25.0-8.fc 100% |  17.5 MiB/s | 161.2 KiB |  00m00s
2026-10-07T13:36:00.0271589Z [ 39/149] flac-libs-0:1.5.0-8.fc44.x86_ 100% |   3.9 MiB/s | 225.7 KiB |  00m00s
2026-10-07T13:36:00.3391107Z [ 40/149] libsoup3-devel-0:3.6.6-10.fc4 100% | 398.3 KiB/s | 125.9 KiB |  00m00s
2026-10-07T13:36:00.3511540Z [ 41/149] glib-networking-0:2.80.1-4.fc 100% |  18.0 MiB/s | 202.9 KiB |  00m00s
2026-10-07T13:36:00.3592388Z [ 42/149] libproxy-0:0.5.12-2.fc44.x86_ 100% |   6.3 MiB/s |  45.4 KiB |  00m00s
2026-10-07T13:36:00.3682008Z [ 43/149] duktape-0:2.7.0-11.fc44.x86_6 100% |  21.0 MiB/s | 172.0 KiB |  00m00s
2026-10-07T13:36:00.3845651Z [ 44/149] libsoup3-0:3.6.6-10.fc44.x86_ 100% |   1.1 MiB/s | 408.4 KiB |  00m00s
2026-10-07T13:36:00.4307877Z [ 45/149] glib2-devel-0:2.88.3-1.fc44.x 100% |   3.6 MiB/s |   1.5 MiB |  00m00s
2026-10-07T13:36:00.4321041Z [ 46/149] at-spi2-atk-0:2.60.7-1.fc44.x 100% |   1.4 MiB/s |  89.6 KiB |  00m00s
2026-10-07T13:36:00.4364356Z [ 47/149] at-spi2-core-0:2.60.7-1.fc44. 100% |   7.7 MiB/s | 402.1 KiB |  00m00s
2026-10-07T13:36:00.4398266Z [ 48/149] dbus-1:1.16.2-1.fc44.x86_64   100% |   1.0 MiB/s |   7.5 KiB |  00m00s
2026-10-07T13:36:00.4462306Z [ 49/149] libXtst-0:1.2.5-4.fc44.x86_64 100% |   2.3 MiB/s |  21.0 KiB |  00m00s
2026-10-07T13:36:00.4480492Z [ 50/149] xprop-0:1.2.8-5.fc44.x86_64   100% |   4.3 MiB/s |  35.3 KiB |  00m00s
2026-10-07T13:36:00.4491508Z [ 51/149] atk-0:2.60.7-1.fc44.x86_64    100% |   4.5 MiB/s |  82.4 KiB |  00m00s
2026-10-07T13:36:00.4541868Z [ 52/149] libXext-0:1.3.6-5.fc44.x86_64 100% |   5.7 MiB/s |  40.7 KiB |  00m00s
2026-10-07T13:36:00.6110971Z [ 53/149] bubblewrap-0:0.12.0-1.fc44.x8 100% | 413.1 KiB/s |  66.9 KiB |  00m00s
2026-10-07T13:36:00.6122047Z [ 54/149] enchant2-0:2.8.21-1.fc44.x86_ 100% | 589.1 KiB/s |  95.4 KiB |  00m00s
2026-10-07T13:36:00.6153686Z [ 55/149] freetype-0:2.14.3-1.fc44.x86_ 100% |   2.7 MiB/s | 444.0 KiB |  00m00s
2026-10-07T13:36:00.6255887Z [ 56/149] cdparanoia-libs-0:10.2-50.fc4 100% |   6.1 MiB/s |  56.0 KiB |  00m00s
2026-10-07T13:36:00.6337107Z [ 57/149] graphene-0:1.10.8-4.fc44.x86_ 100% |   8.5 MiB/s |  60.9 KiB |  00m00s
2026-10-07T13:36:00.6626154Z [ 58/149] gstreamer1-0:1.28.7-1.fc44.x8 100% |  33.3 MiB/s |   1.7 MiB |  00m00s
2026-10-07T13:36:00.6908570Z [ 59/149] iso-codes-0:4.20.1-3.fc44.noa 100% |  70.6 MiB/s |   4.0 MiB |  00m00s
2026-10-07T13:36:00.6916124Z [ 60/149] libXv-0:1.0.13-4.fc44.x86_64  100% | 666.7 KiB/s |  18.7 KiB |  00m00s
2026-10-07T13:36:00.7109515Z [ 61/149] gstreamer1-plugins-base-0:1.2 100% |  24.0 MiB/s |   2.4 MiB |  00m00s
2026-10-07T13:36:00.7120019Z [ 62/149] libglvnd-egl-1:1.7.0-9.fc44.x 100% |   1.8 MiB/s |  37.2 KiB |  00m00s
2026-10-07T13:36:00.7127878Z [ 63/149] libglvnd-glx-1:1.7.0-9.fc44.x 100% |   6.5 MiB/s | 132.5 KiB |  00m00s
2026-10-07T13:36:00.7237783Z [ 64/149] orc-0:0.4.41-3.fc44.x86_64    100% |  21.9 MiB/s | 224.2 KiB |  00m00s
2026-10-07T13:36:00.7253174Z [ 65/149] libtheora-1:1.1.1-41.fc44.x86 100% |  12.8 MiB/s | 170.0 KiB |  00m00s
2026-10-07T13:36:00.7523000Z [ 66/149] pango-0:1.57.1-1.fc44.x86_64  100% |  12.8 MiB/s | 366.1 KiB |  00m00s
2026-10-07T13:36:00.7541974Z [ 67/149] libvisual-1:0.4.2-4.fc44.x86_ 100% |   3.9 MiB/s | 158.5 KiB |  00m00s
2026-10-07T13:36:00.7548468Z [ 68/149] libglvnd-1:1.7.0-9.fc44.x86_6 100% |   3.9 MiB/s | 114.7 KiB |  00m00s
2026-10-07T13:36:00.7607672Z [ 69/149] fribidi-0:1.0.16-4.fc44.x86_6 100% |   7.5 MiB/s |  53.8 KiB |  00m00s
2026-10-07T13:36:00.7632796Z [ 70/149] libXft-0:2.3.8-10.fc44.x86_64 100% |   9.1 MiB/s |  74.3 KiB |  00m00s
2026-10-07T13:36:00.7654662Z [ 71/149] libXrender-0:0.9.12-4.fc44.x8 100% |   2.7 MiB/s |  27.9 KiB |  00m00s
2026-10-07T13:36:00.7713264Z [ 72/149] libdatrie-0:0.2.14-2.fc44.x86 100% |   4.6 MiB/s |  33.1 KiB |  00m00s
2026-10-07T13:36:00.7798443Z [ 73/149] graphite2-0:1.3.14-20.fc44.x8 100% |  11.8 MiB/s |  96.5 KiB |  00m00s
2026-10-07T13:36:00.7812949Z [ 74/149] libthai-0:0.1.30-2.fc44.x86_6 100% |  10.6 MiB/s | 216.1 KiB |  00m00s
2026-10-07T13:36:00.7915021Z [ 75/149] harfbuzz-0:14.1.0-2.fc44.x86_ 100% |  44.2 MiB/s |   1.1 MiB |  00m00s
2026-10-07T13:36:00.7945650Z [ 76/149] harfbuzz-icu-0:14.1.0-2.fc44. 100% |   1.2 MiB/s |  16.6 KiB |  00m00s
2026-10-07T13:36:00.8050931Z [ 77/149] mtdev-0:1.1.6-12.fc44.x86_64  100% |   2.1 MiB/s |  21.2 KiB |  00m00s
2026-10-07T13:36:00.9156040Z [ 78/149] libicu-0:77.1-3.fc44.x86_64   100% |  81.3 MiB/s |  10.8 MiB |  00m00s
2026-10-07T13:36:00.9174591Z [ 79/149] libinput-0:1.31.3-1.fc44.x86_ 100% |   2.2 MiB/s | 277.8 KiB |  00m00s
2026-10-07T13:36:00.9267406Z [ 80/149] libjxl-1:0.11.2-1.fc44.x86_64 100% |  10.1 MiB/s |   1.2 MiB |  00m00s
2026-10-07T13:36:00.9294648Z [ 81/149] shared-mime-info-0:2.4-3.fc44 100% |  35.7 MiB/s | 402.0 KiB |  00m00s
2026-10-07T13:36:00.9335377Z [ 82/149] highway-0:1.3.0-2.fc44.x86_64 100% |  39.9 MiB/s | 694.6 KiB |  00m00s
2026-10-07T13:36:00.9430289Z [ 83/149] libpng-2:1.6.58-1.fc44.x86_64 100% |   8.4 MiB/s | 129.5 KiB |  00m00s
2026-10-07T13:36:00.9451239Z [ 84/149] libseccomp-0:2.6.1-2.fc44.x86 100% |   4.9 MiB/s |  76.0 KiB |  00m00s
2026-10-07T13:36:00.9478742Z [ 85/149] libwayland-egl-0:1.26.0-1.fc4 100% | 886.6 KiB/s |  12.4 KiB |  00m00s
2026-10-07T13:36:00.9568359Z [ 86/149] libglvnd-devel-1:1.7.0-9.fc44 100% |  19.8 MiB/s | 162.1 KiB |  00m00s
2026-10-07T13:36:00.9577351Z [ 87/149] libwayland-server-0:1.26.0-1. 100% |   3.1 MiB/s |  44.0 KiB |  00m00s
2026-10-07T13:36:00.9593811Z [ 88/149] xdg-dbus-proxy-0:0.1.9-1.fc44 100% |   3.3 MiB/s |  47.4 KiB |  00m00s
2026-10-07T13:36:00.9822274Z [ 89/149] libglvnd-core-devel-1:1.7.0-9 100% | 689.7 KiB/s |  17.2 KiB |  00m00s
2026-10-07T13:36:00.9830689Z [ 90/149] libglvnd-gles-1:1.7.0-9.fc44. 100% |   1.1 MiB/s |  28.6 KiB |  00m00s
2026-10-07T13:36:00.9835618Z [ 91/149] libglvnd-opengl-1:1.7.0-9.fc4 100% |   1.5 MiB/s |  37.2 KiB |  00m00s
2026-10-07T13:36:00.9905743Z [ 92/149] libxkbcommon-devel-0:1.13.1-2 100% |   9.1 MiB/s |  74.8 KiB |  00m00s
2026-10-07T13:36:00.9917527Z [ 93/149] brotli-devel-0:1.2.0-3.fc44.x 100% |   4.8 MiB/s |  34.6 KiB |  00m00s
2026-10-07T13:36:00.9925057Z [ 94/149] brotli-0:1.2.0-3.fc44.x86_64  100% |   2.9 MiB/s |  24.1 KiB |  00m00s
2026-10-07T13:36:01.0408917Z [ 95/149] krb5-devel-0:1.22.2-4.fc44.x8 100% |   2.9 MiB/s | 143.4 KiB |  00m00s
2026-10-07T13:36:01.0417469Z [ 96/149] libkadm5-0:1.22.2-4.fc44.x86_ 100% |   1.6 MiB/s |  80.0 KiB |  00m00s
2026-10-07T13:36:01.0430685Z [ 97/149] libnghttp2-devel-0:1.68.0-5.f 100% |   1.1 MiB/s |  53.9 KiB |  00m00s
2026-10-07T13:36:01.0490166Z [ 98/149] libpsl-devel-0:0.21.5-7.fc44. 100% |   4.6 MiB/s |  32.8 KiB |  00m00s
2026-10-07T13:36:01.0500062Z [ 99/149] publicsuffix-list-0:20260116- 100% |  11.2 MiB/s |  91.7 KiB |  00m00s
2026-10-07T13:36:01.0581557Z [100/149] sqlite-devel-0:3.51.2-2.fc44. 100% |  10.6 MiB/s | 152.0 KiB |  00m00s
2026-10-07T13:36:01.0597053Z [101/149] sysprof-capture-devel-0:50.0- 100% |  18.9 MiB/s | 174.1 KiB |  00m00s
2026-10-07T13:36:01.0669753Z [102/149] zlib-ng-compat-devel-0:2.3.3- 100% |   4.7 MiB/s |  38.1 KiB |  00m00s
2026-10-07T13:36:01.0725349Z [103/149] sqlite-0:3.51.2-2.fc44.x86_64 100% |  40.8 MiB/s | 961.2 KiB |  00m00s
2026-10-07T13:36:01.0738440Z [104/149] libevdev-0:1.13.7-1.fc44.x86_ 100% |   2.7 MiB/s |  39.0 KiB |  00m00s
2026-10-07T13:36:01.0814849Z [105/149] libwacom-0:2.19.0-1.fc44.x86_ 100% |   3.7 MiB/s |  52.4 KiB |  00m00s
2026-10-07T13:36:01.0847406Z [106/149] keyutils-libs-devel-0:1.6.3-7 100% |   5.8 MiB/s |  59.7 KiB |  00m00s
2026-10-07T13:36:01.0894567Z [107/149] libwacom-data-0:2.19.0-1.fc44 100% |  21.2 MiB/s | 346.9 KiB |  00m00s
2026-10-07T13:36:01.0903056Z [108/149] libcom_err-devel-0:1.47.3-4.f 100% |   2.1 MiB/s |  16.8 KiB |  00m00s
2026-10-07T13:36:01.0982185Z [109/149] libverto-devel-0:0.3.2-12.fc4 100% |   2.0 MiB/s |  14.4 KiB |  00m00s
2026-10-07T13:36:01.0998153Z [110/149] libselinux-devel-0:3.11-2.fc4 100% |  10.6 MiB/s | 151.4 KiB |  00m00s
2026-10-07T13:36:01.1039521Z [111/149] libsepol-devel-0:3.11-1.fc44. 100% |   3.4 MiB/s |  48.2 KiB |  00m00s
2026-10-07T13:36:01.1122568Z [112/149] lzo-0:2.10-16.fc44.x86_64     100% |   8.5 MiB/s |  69.7 KiB |  00m00s
2026-10-07T13:36:01.1184150Z [113/149] alsa-lib-0:1.2.16.1-1.fc44.x8 100% |  29.1 MiB/s | 565.7 KiB |  00m00s
2026-10-07T13:36:01.1245375Z [114/149] cairo-0:1.18.6-1.fc44.x86_64  100% |  30.8 MiB/s | 757.6 KiB |  00m00s
2026-10-07T13:36:01.1271633Z [115/149] pixman-0:0.46.2-3.fc44.x86_64 100% |  20.7 MiB/s | 297.4 KiB |  00m00s
2026-10-07T13:36:01.1395931Z [116/149] libX11-0:1.8.13-3.fc44.x86_64 100% |  33.2 MiB/s | 680.0 KiB |  00m00s
2026-10-07T13:36:01.1408737Z [117/149] libX11-common-0:1.8.13-3.fc44 100% |  11.4 MiB/s | 175.3 KiB |  00m00s
2026-10-07T13:36:01.1505855Z [118/149] libX11-devel-0:1.8.13-3.fc44. 100% |  44.1 MiB/s |   1.0 MiB |  00m00s
2026-10-07T13:36:01.1525049Z [119/149] xorg-x11-proto-devel-0:2025.1 100% |  24.6 MiB/s | 302.3 KiB |  00m00s
2026-10-07T13:36:01.1554988Z [120/149] libXi-0:1.8.3-1.fc44.x86_64   100% |   2.9 MiB/s |  41.3 KiB |  00m00s
2026-10-07T13:36:01.1605593Z [121/149] libffi-devel-0:3.5.2-2.fc44.x 100% |   4.1 MiB/s |  29.7 KiB |  00m00s
2026-10-07T13:36:01.1649809Z [122/149] libwayland-cursor-0:1.26.0-1. 100% |   1.4 MiB/s |  19.2 KiB |  00m00s
2026-10-07T13:36:01.1725008Z [123/149] pcre2-devel-0:10.47-1.fc44.1. 100% |  48.9 MiB/s | 550.9 KiB |  00m00s
2026-10-07T13:36:01.1734983Z [124/149] libmount-devel-0:2.41.5-1.fc4 100% |   1.4 MiB/s |  24.9 KiB |  00m00s
2026-10-07T13:36:01.1753854Z [125/149] pcre2-utf16-0:10.47-1.fc44.1. 100% |  25.0 MiB/s | 256.3 KiB |  00m00s
2026-10-07T13:36:01.1820096Z [126/149] pcre2-utf32-0:10.47-1.fc44.1. 100% |  29.6 MiB/s | 242.2 KiB |  00m00s
2026-10-07T13:36:01.2075108Z [127/149] hunspell-0:1.7.4-2.fc44.x86_6 100% |  13.3 MiB/s | 449.1 KiB |  00m00s
2026-10-07T13:36:01.2082216Z [128/149] hunspell-filesystem-0:1.7.4-2 100% | 242.5 KiB/s |   7.8 KiB |  00m00s
2026-10-07T13:36:01.2089785Z [129/149] libasyncns-0:0.8-34.fc44.x86_ 100% |   1.1 MiB/s |  30.2 KiB |  00m00s
2026-10-07T13:36:01.2167660Z [130/149] xz-devel-1:5.8.2-2.fc44.x86_6 100% |   8.2 MiB/s |  67.0 KiB |  00m00s
2026-10-07T13:36:01.2205133Z [131/149] libxml2-devel-0:2.12.10-6.fc4 100% |  42.6 MiB/s | 523.6 KiB |  00m00s
2026-10-07T13:36:01.2241368Z [132/149] mesa-libGL-0:26.2.3-1.fc44.x8 100% |   9.7 MiB/s | 138.5 KiB |  00m00s
2026-10-07T13:36:01.2249493Z [133/149] libXxf86vm-0:1.1.6-4.fc44.x86 100% |   2.5 MiB/s |  18.2 KiB |  00m00s
2026-10-07T13:36:01.2351899Z [134/149] libvmaf-0:3.0.0-5.fc44.x86_64 100% |  19.8 MiB/s | 202.9 KiB |  00m00s
2026-10-07T13:36:01.2363391Z [135/149] mesa-libEGL-0:26.2.3-1.fc44.x 100% |   9.2 MiB/s | 140.8 KiB |  00m00s
2026-10-07T13:36:01.2557771Z [136/149] libaom-0:3.13.3-1.fc44.x86_64 100% |  60.7 MiB/s |   1.9 MiB |  00m00s
2026-10-07T13:36:01.2604846Z [137/149] libdav1d-0:1.5.4-1.fc44.x86_6 100% |  26.0 MiB/s | 664.8 KiB |  00m00s
2026-10-07T13:36:01.2676491Z [138/149] gsettings-desktop-schemas-0:5 100% |  27.2 MiB/s | 864.4 KiB |  00m00s
2026-10-07T13:36:01.2704772Z [139/149] libblkid-devel-0:2.41.5-1.fc4 100% |   1.7 MiB/s |  23.7 KiB |  00m00s
2026-10-07T13:36:01.2828312Z [140/149] libxcb-devel-0:1.17.0-7.fc44. 100% |  65.1 MiB/s |   1.4 MiB |  00m00s
2026-10-07T13:36:01.2836407Z [141/149] libXau-devel-0:1.0.12-4.fc44. 100% |   1.1 MiB/s |  14.0 KiB |  00m00s
2026-10-07T13:36:01.2851787Z [142/149] hunspell-en-US-0:0.20260225-2 100% |   9.8 MiB/s | 171.0 KiB |  00m00s
2026-10-07T13:36:01.2972495Z [143/149] hunspell-en-0:0.20260225-2.fc 100% | 998.0 KiB/s |  14.0 KiB |  00m00s
2026-10-07T13:36:01.2989552Z [144/149] hunspell-en-AU-0:0.20260225-2 100% |  11.0 MiB/s | 168.8 KiB |  00m00s
2026-10-07T13:36:01.3003835Z [145/149] hunspell-en-CA-0:0.20260225-2 100% |  10.9 MiB/s | 168.0 KiB |  00m00s
2026-10-07T13:36:01.3182673Z [146/149] adwaita-mono-fonts-0:50.0-1.f 100% |  78.1 MiB/s |   1.4 MiB |  00m00s
2026-10-07T13:36:01.3238375Z [147/149] adwaita-sans-fonts-0:50.0-1.f 100% |  32.5 MiB/s | 764.9 KiB |  00m00s
2026-10-07T13:36:01.3249053Z [148/149] hunspell-en-GB-0:0.20260225-2 100% |   8.1 MiB/s | 224.9 KiB |  00m00s
2026-10-07T13:36:01.3335833Z [149/149] libselinux-0:3.11-2.fc44.x86_ 100% |   7.3 MiB/s | 104.3 KiB |  00m00s
2026-10-07T13:36:01.3336368Z --------------------------------------------------------------------------------
2026-10-07T13:36:01.3336890Z [149/149] Total                         100% |  39.7 MiB/s | 106.7 MiB |  00m03s
2026-10-07T13:36:01.3353357Z Running transaction
2026-10-07T13:36:01.3493987Z [150/150] https://download.copr.fedorai 100% |  81.5 KiB/s |   1.0 KiB |  00m00s
2026-10-07T13:36:01.3494686Z --------------------------------------------------------------------------------
2026-10-07T13:36:01.3495060Z [150/150] Total                         100% |  39.7 MiB/s | 106.7 MiB |  00m03s
2026-10-07T13:36:01.3516665Z Importing OpenPGP key 0x1515786D:
2026-10-07T13:36:01.3517404Z  UserID     : "philn_wpewebkit (None) <philn#wpewebkit@copr.fedorahosted.org>"
2026-10-07T13:36:01.3517958Z  Fingerprint: 83C672C9E812DF290D74B5D12EEF412A1515786D
2026-10-07T13:36:01.3518569Z  From       : https://download.copr.fedorainfracloud.org/results/philn/wpewebkit/pubkey.gpg
2026-10-07T13:36:01.3548901Z The key was successfully imported.
2026-10-07T13:36:02.7108130Z [  1/152] Verify package files          100% | 405.0   B/s | 149.0   B |  00m00s
2026-10-07T13:36:02.7150854Z [  2/152] Prepare transaction           100% |   1.4 KiB/s | 150.0   B |  00m00s
2026-10-07T13:36:02.8553167Z [  3/152] Installing hunspell-filesyste 100% |   2.7 KiB/s | 388.0   B |  00m00s
2026-10-07T13:36:02.8591151Z [  4/152] Installing libglvnd-1:1.7.0-9 100% | 171.8 MiB/s | 527.8 KiB |  00m00s
2026-10-07T13:36:02.8610883Z [  5/152] Installing libogg-2:1.3.6-2.f 100% |  23.0 MiB/s |  47.1 KiB |  00m00s
2026-10-07T13:36:02.8636985Z [  6/152] Installing fonts-filesystem-1 100% | 769.5 KiB/s | 788.0   B |  00m00s
2026-10-07T13:36:02.8663024Z [  7/152] Installing libpng-2:1.6.58-1. 100% |  81.7 MiB/s | 250.9 KiB |  00m00s
2026-10-07T13:36:02.8702023Z [  8/152] Installing libevdev-0:1.13.7- 100% |  29.6 MiB/s |  91.0 KiB |  00m00s
2026-10-07T13:36:02.8723101Z [  9/152] Installing zlib-ng-compat-dev 100% |  53.0 MiB/s | 108.6 KiB |  00m00s
2026-10-07T13:36:02.8748768Z [ 10/152] Installing libwayland-egl-0:1 100% |   6.6 MiB/s |  13.4 KiB |  00m00s
2026-10-07T13:36:02.8790137Z [ 11/152] Installing libgudev-0:238-9.f 100% |  30.3 MiB/s |  93.2 KiB |  00m00s
2026-10-07T13:36:02.8837870Z [ 12/152] Installing libjpeg-turbo-0:3. 100% | 200.2 MiB/s | 819.9 KiB |  00m00s
2026-10-07T13:36:02.8873307Z [ 13/152] Installing libvorbis-1:1.3.7- 100% | 205.0 MiB/s | 839.6 KiB |  00m00s
2026-10-07T13:36:02.8901322Z [ 14/152] Installing hunspell-en-US-0:0 100% | 247.7 MiB/s | 507.4 KiB |  00m00s
2026-10-07T13:36:02.9065806Z [ 15/152] Upgrading libselinux-0:3.11-2 100% |  50.4 MiB/s | 206.5 KiB |  00m00s
2026-10-07T13:36:02.9138090Z [ 16/152] Installing xorg-x11-proto-dev 100% | 105.6 MiB/s |   1.8 MiB |  00m00s
2026-10-07T13:36:02.9160013Z [ 17/152] Installing sysprof-capture-de 100% | 199.4 MiB/s | 816.6 KiB |  00m00s
2026-10-07T13:36:02.9563867Z [ 18/152] Installing libwayland-server- 100% |  42.8 MiB/s |  87.7 KiB |  00m00s
2026-10-07T13:36:03.0236113Z [ 19/152] Installing libicu-0:77.1-3.fc 100% | 420.9 MiB/s |  36.6 MiB |  00m00s
2026-10-07T13:36:03.0599546Z [ 20/152] Installing gstreamer1-0:1.28. 100% | 101.3 MiB/s |   5.5 MiB |  00m00s
2026-10-07T13:36:03.0808559Z [ 21/152] Installing dbus-1:1.16.2-1.fc 100% |   6.7 KiB/s | 124.0   B |  00m00s
2026-10-07T13:36:03.0887956Z [ 22/152] Installing opus-0:1.6-2.fc44. 100% |  57.2 MiB/s | 468.8 KiB |  00m00s
2026-10-07T13:36:03.0932191Z [ 23/152] Installing xml-common-0:0.6.3 100% |  26.4 MiB/s |  81.1 KiB |  00m00s
2026-10-07T13:36:03.1307327Z [ 24/152] Installing libepoxy-0:1.5.10- 100% | 181.0 MiB/s |   1.1 MiB |  00m00s
2026-10-07T13:36:03.1390376Z [ 25/152] Installing iso-codes-0:4.20.1 100% | 563.3 MiB/s |  22.5 MiB |  00m00s
2026-10-07T13:36:03.1518143Z [ 26/152] Installing xdg-dbus-proxy-0:0 100% |   7.3 MiB/s |  97.0 KiB |  00m00s
2026-10-07T13:36:03.1608817Z [ 27/152] Installing libXau-devel-0:1.0 100% |   1.8 MiB/s |   9.1 KiB |  00m00s
2026-10-07T13:36:03.1918067Z [ 28/152] Installing libxcb-devel-0:1.1 100% |  94.3 MiB/s |   3.0 MiB |  00m00s
2026-10-07T13:36:03.2075503Z [ 29/152] Installing bubblewrap-0:0.12. 100% |   9.9 MiB/s | 142.1 KiB |  00m00s
2026-10-07T13:36:03.2246263Z [ 30/152] Installing hunspell-0:1.7.4-2 100% |  79.5 MiB/s |   1.4 MiB |  00m00s
2026-10-07T13:36:03.2508191Z [ 31/152] Installing enchant2-0:2.8.21- 100% |   9.4 MiB/s | 250.1 KiB |  00m00s
2026-10-07T13:36:03.2546951Z [ 32/152] Installing libyuv-0:0-0.61.20 100% | 167.3 MiB/s | 685.3 KiB |  00m00s
2026-10-07T13:36:03.2585642Z [ 33/152] Installing abattis-cantarell- 100% |  94.9 MiB/s | 194.4 KiB |  00m00s
2026-10-07T13:36:03.2619012Z [ 34/152] Installing flac-libs-0:1.5.0- 100% | 153.8 MiB/s | 630.1 KiB |  00m00s
2026-10-07T13:36:03.2652956Z [ 35/152] Installing libtheora-1:1.1.1- 100% | 157.3 MiB/s | 483.3 KiB |  00m00s
2026-10-07T13:36:03.2689576Z [ 36/152] Installing libglvnd-opengl-1: 100% |  71.0 MiB/s | 145.5 KiB |  00m00s
2026-10-07T13:36:03.2715488Z [ 37/152] Installing hunspell-en-AU-0:0 100% | 245.4 MiB/s | 502.5 KiB |  00m00s
2026-10-07T13:36:03.2742128Z [ 38/152] Installing hunspell-en-CA-0:0 100% | 244.2 MiB/s | 500.0 KiB |  00m00s
2026-10-07T13:36:03.2762443Z [ 39/152] Installing hunspell-en-GB-0:0 100% | 265.6 MiB/s | 543.9 KiB |  00m00s
2026-10-07T13:36:03.3062324Z [ 40/152] Installing libblkid-devel-0:2 100% |  22.5 MiB/s |  46.0 KiB |  00m00s
2026-10-07T13:36:03.3144448Z [ 41/152] Installing gsettings-desktop- 100% | 197.8 MiB/s |   6.1 MiB |  00m00s
2026-10-07T13:36:03.3187387Z [ 42/152] Installing libdav1d-0:1.5.4-1 100% | 293.3 MiB/s |   1.8 MiB |  00m00s
2026-10-07T13:36:03.3324073Z [ 43/152] Installing libvmaf-0:3.0.0-5. 100% | 207.1 MiB/s | 848.2 KiB |  00m00s
2026-10-07T13:36:03.3364698Z [ 44/152] Installing libaom-0:3.13.3-1. 100% | 391.5 MiB/s |   5.1 MiB |  00m00s
2026-10-07T13:36:03.3451616Z [ 45/152] Installing xz-devel-1:5.8.2-2 100% |  64.1 MiB/s | 262.6 KiB |  00m00s
2026-10-07T13:36:03.3606220Z [ 46/152] Installing libxml2-devel-0:2. 100% | 170.8 MiB/s |   3.4 MiB |  00m00s
2026-10-07T13:36:03.3631728Z [ 47/152] Installing libasyncns-0:0.8-3 100% |  18.5 MiB/s |  56.8 KiB |  00m00s
2026-10-07T13:36:03.3684438Z [ 48/152] Installing pcre2-utf32-0:10.4 100% | 203.1 MiB/s | 623.9 KiB |  00m00s
2026-10-07T13:36:03.3732089Z [ 49/152] Installing pcre2-utf16-0:10.4 100% | 213.6 MiB/s | 656.1 KiB |  00m00s
2026-10-07T13:36:03.3866785Z [ 50/152] Installing pcre2-devel-0:10.4 100% | 141.3 MiB/s |   2.1 MiB |  00m00s
2026-10-07T13:36:03.3892819Z [ 51/152] Installing libffi-devel-0:3.5 100% |  17.4 MiB/s |  35.6 KiB |  00m00s
2026-10-07T13:36:03.4168082Z [ 52/152] Installing libwayland-cursor- 100% |  12.5 MiB/s |  38.3 KiB |  00m00s
2026-10-07T13:36:03.4435727Z [ 53/152] Installing libX11-common-0:1. 100% |  40.9 MiB/s |   1.2 MiB |  00m00s
2026-10-07T13:36:03.4462819Z [ 54/152] Installing libX11-0:1.8.13-3. 100% |  58.4 MiB/s |   1.3 MiB |  00m00s
2026-10-07T13:36:03.4481186Z [ 55/152] Installing libXext-0:1.3.6-5. 100% |  88.9 MiB/s |  91.1 KiB |  00m00s
2026-10-07T13:36:03.4500109Z [ 56/152] Installing libXi-0:1.8.3-1.fc 100% |  79.7 MiB/s |  81.6 KiB |  00m00s
2026-10-07T13:36:03.4526101Z [ 57/152] Installing libXrender-0:0.9.1 100% |  50.0 MiB/s |  51.2 KiB |  00m00s
2026-10-07T13:36:03.4563771Z [ 58/152] Installing libglvnd-egl-1:1.7 100% |  22.9 MiB/s |  70.2 KiB |  00m00s
2026-10-07T13:36:03.4598165Z [ 59/152] Installing mesa-libEGL-0:26.2 100% |  97.5 MiB/s | 399.4 KiB |  00m00s
2026-10-07T13:36:03.4620698Z [ 60/152] Installing libglvnd-gles-1:1. 100% |  48.4 MiB/s |  99.1 KiB |  00m00s
2026-10-07T13:36:03.4638577Z [ 61/152] Installing libXtst-0:1.2.5-4. 100% |  33.6 MiB/s |  34.5 KiB |  00m00s
2026-10-07T13:36:03.4654555Z [ 62/152] Installing libXv-0:1.0.13-4.f 100% |  13.2 MiB/s |  27.1 KiB |  00m00s
2026-10-07T13:36:03.4686034Z [ 63/152] Installing libXxf86vm-0:1.1.6 100% |  25.8 MiB/s |  26.4 KiB |  00m00s
2026-10-07T13:36:03.4730238Z [ 64/152] Installing mesa-libGL-0:26.2. 100% | 122.1 MiB/s | 375.1 KiB |  00m00s
2026-10-07T13:36:03.4755782Z [ 65/152] Installing libglvnd-glx-1:1.7 100% | 147.1 MiB/s | 602.4 KiB |  00m00s
2026-10-07T13:36:03.4949892Z [ 66/152] Installing xprop-0:1.2.8-5.fc 100% |   4.2 MiB/s |  55.9 KiB |  00m00s
2026-10-07T13:36:03.5020241Z [ 67/152] Installing at-spi2-core-0:2.6 100% | 133.4 MiB/s |   1.6 MiB |  00m00s
2026-10-07T13:36:03.5059124Z [ 68/152] Installing atk-0:2.60.7-1.fc4 100% |  82.7 MiB/s | 253.9 KiB |  00m00s
2026-10-07T13:36:03.5318924Z [ 69/152] Installing at-spi2-atk-0:2.60 100% |  11.6 MiB/s | 286.2 KiB |  00m00s
2026-10-07T13:36:03.5397921Z [ 70/152] Installing libX11-devel-0:1.8 100% | 122.8 MiB/s |   1.1 MiB |  00m00s
2026-10-07T13:36:03.5428744Z [ 71/152] Installing pixman-0:0.46.2-3. 100% | 175.6 MiB/s | 719.3 KiB |  00m00s
2026-10-07T13:36:03.5548283Z [ 72/152] Installing lzo-0:2.10-16.fc44 100% |  86.1 MiB/s | 176.4 KiB |  00m00s
2026-10-07T13:36:03.5692501Z [ 73/152] Installing alsa-lib-0:1.2.16. 100% |  62.9 MiB/s |   1.5 MiB |  00m00s
2026-10-07T13:36:03.5745984Z [ 74/152] Installing libverto-devel-0:0 100% |  25.7 MiB/s |  26.4 KiB |  00m00s
2026-10-07T13:36:03.5785305Z [ 75/152] Installing libsepol-devel-0:3 100% |  20.9 MiB/s | 128.2 KiB |  00m00s
2026-10-07T13:36:03.5861689Z [ 76/152] Installing libselinux-devel-0 100% |  19.1 MiB/s | 156.6 KiB |  00m00s
2026-10-07T13:36:03.5885017Z [ 77/152] Installing libmount-devel-0:2 100% |  32.5 MiB/s |  66.5 KiB |  00m00s
2026-10-07T13:36:03.6012707Z [ 78/152] Installing libcom_err-devel-0 100% |   1.4 MiB/s |  18.3 KiB |  00m00s
2026-10-07T13:36:03.6653095Z [ 79/152] Installing keyutils-libs-deve 100% |  13.5 MiB/s |  55.2 KiB |  00m00s
2026-10-07T13:36:03.6778824Z [ 80/152] Installing libwacom-data-0:2. 100% |  21.4 MiB/s |   1.6 MiB |  00m00s
2026-10-07T13:36:03.7124353Z [ 81/152] Installing libwacom-0:2.19.0- 100% |   3.9 MiB/s | 116.2 KiB |  00m00s
2026-10-07T13:36:03.7262855Z [ 82/152] Installing sqlite-0:3.51.2-2. 100% | 112.8 MiB/s |   1.9 MiB |  00m00s
2026-10-07T13:36:03.7290303Z [ 83/152] Installing sqlite-devel-0:3.5 100% | 339.2 MiB/s | 694.7 KiB |  00m00s
2026-10-07T13:36:03.7484267Z [ 84/152] Installing publicsuffix-list- 100% |  16.8 MiB/s | 343.2 KiB |  00m00s
2026-10-07T13:36:03.7517565Z [ 85/152] Installing libpsl-devel-0:0.2 100% |  55.4 MiB/s | 113.5 KiB |  00m00s
2026-10-07T13:36:03.7544513Z [ 86/152] Installing libnghttp2-devel-0 100% | 141.2 MiB/s | 289.1 KiB |  00m00s
2026-10-07T13:36:03.7627896Z [ 87/152] Installing libkadm5-0:1.22.2- 100% |  53.6 MiB/s | 219.7 KiB |  00m00s
2026-10-07T13:36:03.7773638Z [ 88/152] Installing krb5-devel-0:1.22. 100% |  37.0 MiB/s | 719.2 KiB |  00m00s
2026-10-07T13:36:03.7887079Z [ 89/152] Installing brotli-0:1.2.0-3.f 100% |   3.0 MiB/s |  34.3 KiB |  00m00s
2026-10-07T13:36:03.7918239Z [ 90/152] Installing brotli-devel-0:1.2 100% |  33.4 MiB/s |  68.4 KiB |  00m00s
2026-10-07T13:36:03.7989201Z [ 91/152] Installing libglvnd-core-deve 100% |  40.1 MiB/s |  41.1 KiB |  00m00s
2026-10-07T13:36:03.8360207Z [ 92/152] Installing libglvnd-devel-1:1 100% |  51.7 MiB/s |   2.1 MiB |  00m00s
2026-10-07T13:36:03.8450153Z [ 93/152] Installing libseccomp-0:2.6.1 100% |  72.9 MiB/s | 224.0 KiB |  00m00s
2026-10-07T13:36:03.9265381Z [ 94/152] Installing shared-mime-info-0 100% |  29.5 MiB/s |   2.6 MiB |  00m00s
2026-10-07T13:36:03.9499507Z [ 95/152] Installing highway-0:1.3.0-2. 100% | 425.7 MiB/s |   5.5 MiB |  00m00s
2026-10-07T13:36:03.9524840Z [ 96/152] Installing libjxl-1:0.11.2-1. 100% | 374.4 MiB/s |   4.1 MiB |  00m00s
2026-10-07T13:36:03.9828212Z [ 97/152] Installing mtdev-0:1.1.6-12.f 100% |   1.3 MiB/s |  30.3 KiB |  00m00s
2026-10-07T13:36:04.0044000Z [ 98/152] Installing libinput-0:1.31.3- 100% |  25.9 MiB/s | 714.9 KiB |  00m00s
2026-10-07T13:36:04.0659352Z [ 99/152] Installing graphite2-0:1.3.14 100% |   3.0 MiB/s | 193.6 KiB |  00m00s
2026-10-07T13:36:04.0795843Z [100/152] Installing freetype-0:2.14.3- 100% | 179.7 MiB/s | 920.0 KiB |  00m00s
2026-10-07T13:36:04.0831165Z [101/152] Installing harfbuzz-0:14.1.0- 100% | 281.3 MiB/s |   2.8 MiB |  00m00s
2026-10-07T13:36:04.0854031Z [102/152] Installing harfbuzz-icu-0:14. 100% |  15.7 MiB/s |  16.1 KiB |  00m00s
2026-10-07T13:36:04.0891650Z [103/152] Installing libdatrie-0:0.2.14 100% |  30.7 MiB/s |  62.8 KiB |  00m00s
2026-10-07T13:36:04.0919886Z [104/152] Installing libthai-0:0.1.30-2 100% | 261.3 MiB/s | 802.7 KiB |  00m00s
2026-10-07T13:36:04.1123297Z [105/152] Installing fribidi-0:1.0.16-4 100% |  10.4 MiB/s | 192.5 KiB |  00m00s
2026-10-07T13:36:04.1268284Z [106/152] Installing orc-0:0.4.41-3.fc4 100% |  47.2 MiB/s | 724.4 KiB |  00m00s
2026-10-07T13:36:04.1299619Z [107/152] Installing libvisual-1:0.4.2- 100% | 152.0 MiB/s | 467.0 KiB |  00m00s
2026-10-07T13:36:04.1329755Z [108/152] Installing graphene-0:1.10.8- 100% |  52.1 MiB/s | 160.0 KiB |  00m00s
2026-10-07T13:36:04.1369438Z [109/152] Installing cdparanoia-libs-0: 100% |  56.0 MiB/s | 114.7 KiB |  00m00s
2026-10-07T13:36:04.1403330Z [110/152] Installing duktape-0:2.7.0-11 100% | 203.6 MiB/s | 625.6 KiB |  00m00s
2026-10-07T13:36:04.1463767Z [111/152] Installing libproxy-0:0.5.12- 100% |  25.5 MiB/s | 104.4 KiB |  00m00s
2026-10-07T13:36:04.1549851Z [112/152] Installing glib-networking-0: 100% |  93.4 MiB/s | 765.3 KiB |  00m00s
2026-10-07T13:36:04.1647727Z [113/152] Installing libsoup3-0:3.6.6-1 100% | 169.1 MiB/s |   1.2 MiB |  00m00s
2026-10-07T13:36:04.1676289Z [114/152] Installing python3-packaging- 100% |  75.7 MiB/s | 619.9 KiB |  00m00s
2026-10-07T13:36:04.2550001Z [115/152] Installing glib2-devel-0:2.88 100% | 195.5 MiB/s |  15.8 MiB |  00m00s
2026-10-07T13:36:04.2571898Z [116/152] Installing libsoup3-devel-0:3 100% | 149.5 MiB/s |   1.0 MiB |  00m00s
2026-10-07T13:36:04.2623261Z [117/152] Installing google-noto-fonts- 100% |  18.1 MiB/s |  18.5 KiB |  00m00s
2026-10-07T13:36:04.2661349Z [118/152] Installing google-noto-sans-v 100% | 278.3 MiB/s |   1.4 MiB |  00m00s
2026-10-07T13:36:04.2687866Z [119/152] Installing default-fonts-core 100% |   3.6 MiB/s |  18.2 KiB |  00m00s
2026-10-07T13:36:05.3122990Z [120/152] Installing fontconfig-0:2.17. 100% | 763.0 KiB/s | 795.8 KiB |  00m01s
2026-10-07T13:36:05.4471301Z [121/152] Installing cairo-0:1.18.6-1.f 100% |  13.6 MiB/s |   1.8 MiB |  00m00s
2026-10-07T13:36:05.4555672Z [122/152] Installing libXft-0:2.3.8-10. 100% |  82.9 MiB/s | 169.8 KiB |  00m00s
2026-10-07T13:36:05.5423920Z [123/152] Installing pango-0:1.57.1-1.f 100% |  16.6 MiB/s |   1.0 MiB |  00m00s
2026-10-07T13:36:05.6412885Z [124/152] Installing gstreamer1-plugins 100% |  58.5 MiB/s |   7.5 MiB |  00m00s
2026-10-07T13:36:05.6499348Z [125/152] Installing mpg123-libs-0:1.32 100% | 134.8 MiB/s | 828.3 KiB |  00m00s
2026-10-07T13:36:05.6726575Z [126/152] Installing lame-libs-0:3.100- 100% |  50.1 MiB/s |   1.2 MiB |  00m00s
2026-10-07T13:36:05.6764844Z [127/152] Installing gsm-0:1.0.24-2.fc4 100% |  32.9 MiB/s |  67.3 KiB |  00m00s
2026-10-07T13:36:05.6850901Z [128/152] Installing libsndfile-0:1.2.2 100% | 135.6 MiB/s | 555.4 KiB |  00m00s
2026-10-07T13:36:05.7424622Z [129/152] Installing pulseaudio-libs-0: 100% |  59.6 MiB/s |   3.4 MiB |  00m00s
2026-10-07T13:36:05.8331664Z [130/152] Installing flite-0:2.2-13.fc4 100% | 336.1 MiB/s |  21.5 MiB |  00m00s
2026-10-07T13:36:05.8430952Z [131/152] Installing xkeyboard-config-0 100% | 165.8 MiB/s |   6.5 MiB |  00m00s
2026-10-07T13:36:05.8456302Z [132/152] Installing libxkbcommon-0:1.1 100% | 105.9 MiB/s | 433.9 KiB |  00m00s
2026-10-07T13:36:05.8561544Z [133/152] Installing libwpe-0:1.16.3-1. 100% |   6.1 MiB/s |  56.3 KiB |  00m00s
2026-10-07T13:36:05.8606133Z [134/152] Installing wpebackend-fdo-0:1 100% |  34.7 MiB/s | 106.6 KiB |  00m00s
2026-10-07T13:36:05.8644732Z [135/152] Installing libxkbcommon-devel 100% | 128.6 MiB/s | 395.1 KiB |  00m00s
2026-10-07T13:36:05.8677056Z [136/152] Installing libwpe-devel-0:1.1 100% |  64.1 MiB/s | 262.6 KiB |  00m00s
2026-10-07T13:36:05.8712315Z [137/152] Installing hidapi-0:0.15.0-3. 100% |  36.7 MiB/s | 112.6 KiB |  00m00s
2026-10-07T13:36:05.9088111Z [138/152] Installing libmanette-0:0.2.1 100% |  15.0 MiB/s | 368.9 KiB |  00m00s
2026-10-07T13:36:05.9195613Z [139/152] Installing svt-av1-libs-0:3.1 100% | 330.1 MiB/s |   5.6 MiB |  00m00s
2026-10-07T13:36:05.9232719Z [140/152] Installing rav1e-libs-0:0.8.1 100% | 342.6 MiB/s |   3.1 MiB |  00m00s
2026-10-07T13:36:05.9282848Z [141/152] Installing libavif-0:1.3.0-4. 100% |  65.2 MiB/s | 266.9 KiB |  00m00s
2026-10-07T13:36:05.9467372Z [142/152] Installing libxslt-0:1.1.43-6 100% |  24.4 MiB/s | 474.9 KiB |  00m00s
2026-10-07T13:36:05.9543596Z [143/152] Installing libwebp-0:1.6.0-3. 100% | 135.6 MiB/s | 972.1 KiB |  00m00s
2026-10-07T13:36:05.9574840Z [144/152] Installing lcms2-0:2.16-7.fc4 100% | 109.2 MiB/s | 447.3 KiB |  00m00s
2026-10-07T13:36:06.0479198Z [145/152] Installing hyphen-0:2.8.8-28. 100% |   1.4 MiB/s |  53.4 KiB |  00m00s
2026-10-07T13:36:06.2820730Z [146/152] Installing wpewebkit-0:2.54.1 100% | 472.2 MiB/s | 129.4 MiB |  00m00s
2026-10-07T13:36:06.2857535Z [147/152] Installing wpewebkit-devel-0: 100% |  53.2 MiB/s | 708.2 KiB |  00m00s
2026-10-07T13:36:06.2889357Z [148/152] Installing wpebackend-fdo-dev 100% |  16.2 MiB/s |  49.6 KiB |  00m00s
2026-10-07T13:36:06.3014229Z [149/152] Installing hunspell-en-0:0.20 100% |   6.5 MiB/s |  13.3 KiB |  00m00s
2026-10-07T13:36:06.3075296Z [150/152] Installing adwaita-mono-fonts 100% | 466.1 MiB/s |   5.6 MiB |  00m00s
2026-10-07T13:36:06.3084472Z [151/152] Installing adwaita-sans-fonts 100% | 286.6 MiB/s |   1.7 MiB |  00m00s
2026-10-07T13:36:09.0743736Z [152/152] Removing libselinux-0:3.11-1. 100% |   2.0   B/s |   8.0   B |  00m03s
2026-10-07T13:36:09.0746346Z Complete!
2026-10-07T13:36:09.1032815Z ##[group]Run actions/checkout@v4
2026-10-07T13:36:09.1033042Z with:
2026-10-07T13:36:09.1033394Z   repository: merely-made/wgpu-scry
2026-10-07T13:36:09.1035502Z   token: ***
2026-10-07T13:36:09.1035677Z   ssh-strict: true
2026-10-07T13:36:09.1035850Z   ssh-user: git
2026-10-07T13:36:09.1036026Z   persist-credentials: true
2026-10-07T13:36:09.1036219Z   clean: true
2026-10-07T13:36:09.1036390Z   sparse-checkout-cone-mode: true
2026-10-07T13:36:09.1036593Z   fetch-depth: 1
2026-10-07T13:36:09.1036759Z   fetch-tags: false
2026-10-07T13:36:09.1036923Z   show-progress: true
2026-10-07T13:36:09.1037090Z   lfs: false
2026-10-07T13:36:09.1037517Z   submodules: false
2026-10-07T13:36:09.1037720Z   set-safe-directory: true
2026-10-07T13:36:09.1037923Z   allow-unsafe-pr-checkout: false
2026-10-07T13:36:09.1038119Z env:
2026-10-07T13:36:09.1038279Z   CARGO_NET_GIT_FETCH_WITH_CLI: true
2026-10-07T13:36:09.1038487Z ##[endgroup]
2026-10-07T13:36:09.1079404Z ##[command]/usr/bin/docker exec  1202901c19b23472ff0b0ca588cec397bef680c0860cd53c2482b9ee38e1064a sh -c "cat /etc/*release | grep ^ID"
2026-10-07T13:36:09.2683733Z Syncing repository: merely-made/wgpu-scry
2026-10-07T13:36:09.2685405Z ##[group]Getting Git version info
2026-10-07T13:36:09.2685815Z Working directory is '/__w/wgpu-scry/wgpu-scry'
2026-10-07T13:36:09.2686430Z [command]/usr/sbin/git version
2026-10-07T13:36:09.2686733Z git version 2.56.0
2026-10-07T13:36:09.2687928Z ##[endgroup]
2026-10-07T13:36:09.2701049Z Temporarily overriding HOME='/__w/_temp/e7b5b65a-56f8-422a-9126-3acdef3f5aa2' before making global git config changes
2026-10-07T13:36:09.2701925Z Adding repository directory to the temporary git global config as a safe directory
2026-10-07T13:36:09.2705466Z [command]/usr/sbin/git config --global --add safe.directory /__w/wgpu-scry/wgpu-scry
2026-10-07T13:36:09.2732758Z Deleting the contents of '/__w/wgpu-scry/wgpu-scry'
2026-10-07T13:36:09.2735750Z ##[group]Initializing the repository
2026-10-07T13:36:09.2738628Z [command]/usr/sbin/git init /__w/wgpu-scry/wgpu-scry
2026-10-07T13:36:09.2777041Z hint: Using 'master' as the name for the initial branch. This default branch name
2026-10-07T13:36:09.2777919Z hint: will change to "main" in Git 3.0. To configure the initial branch name
2026-10-07T13:36:09.2778666Z hint: to use in all of your new repositories, which will suppress this warning,
2026-10-07T13:36:09.2779235Z hint: call:
2026-10-07T13:36:09.2779684Z hint:
2026-10-07T13:36:09.2780311Z hint: 	git config --global init.defaultBranch <name>
2026-10-07T13:36:09.2780748Z hint:
2026-10-07T13:36:09.2781106Z hint: Names commonly chosen instead of 'master' are 'main', 'trunk' and
2026-10-07T13:36:09.2781715Z hint: 'development'. The just-created branch can be renamed via this command:
2026-10-07T13:36:09.2782164Z hint:
2026-10-07T13:36:09.2782409Z hint: 	git branch -m <name>
2026-10-07T13:36:09.2782679Z hint:
2026-10-07T13:36:09.2783077Z hint: Disable this message with "git config set advice.defaultBranchName false"
2026-10-07T13:36:09.2783969Z Initialized empty Git repository in /__w/wgpu-scry/wgpu-scry/.git/
2026-10-07T13:36:09.2792504Z [command]/usr/sbin/git remote add origin https://github.com/merely-made/wgpu-scry
2026-10-07T13:36:09.2818409Z ##[endgroup]
2026-10-07T13:36:09.2819010Z ##[group]Disabling automatic garbage collection
2026-10-07T13:36:09.2853587Z [command]/usr/sbin/git config --local gc.auto 0
2026-10-07T13:36:09.2854274Z ##[endgroup]
2026-10-07T13:36:09.2854541Z ##[group]Setting up auth
2026-10-07T13:36:09.2859613Z [command]/usr/sbin/git config --local --name-only --get-regexp core\.sshCommand
2026-10-07T13:36:09.2886878Z [command]/usr/sbin/git submodule foreach --recursive sh -c "git config --local --name-only --get-regexp 'core\.sshCommand' && git config --local --unset-all 'core.sshCommand' || :"
2026-10-07T13:36:09.3142328Z [command]/usr/sbin/git config --local --name-only --get-regexp http\.https\:\/\/github\.com\/\.extraheader
2026-10-07T13:36:09.3170439Z [command]/usr/sbin/git submodule foreach --recursive sh -c "git config --local --name-only --get-regexp 'http\.https\:\/\/github\.com\/\.extraheader' && git config --local --unset-all 'http.https://github.com/.extraheader' || :"
2026-10-07T13:36:09.3424885Z [command]/usr/sbin/git config --local --name-only --get-regexp ^includeIf\.gitdir:
2026-10-07T13:36:09.3452303Z [command]/usr/sbin/git submodule foreach --recursive git config --local --show-origin --name-only --get-regexp remote.origin.url
2026-10-07T13:36:09.3677893Z [command]/usr/sbin/git config --local http.https://github.com/.extraheader AUTHORIZATION: basic ***
2026-10-07T13:36:09.3709191Z ##[endgroup]
2026-10-07T13:36:09.3709661Z ##[group]Fetching the repository
2026-10-07T13:36:09.3717379Z [command]/usr/sbin/git -c protocol.version=2 fetch --no-tags --prune --no-recurse-submodules --depth=1 origin +4d8d1d3f8dd450b712960c90b74263a45b46e35b:refs/remotes/origin/main
2026-10-07T13:36:09.9638201Z From https://github.com/merely-made/wgpu-scry
2026-10-07T13:36:09.9638771Z  * [new ref]         4d8d1d3f8dd450b712960c90b74263a45b46e35b -> origin/main
2026-10-07T13:36:09.9642324Z ##[endgroup]
2026-10-07T13:36:09.9649031Z ##[group]Determining the checkout info
2026-10-07T13:36:09.9649554Z ##[endgroup]
2026-10-07T13:36:09.9650518Z [command]/usr/sbin/git sparse-checkout disable
2026-10-07T13:36:09.9684051Z [command]/usr/sbin/git config --local --unset-all extensions.worktreeConfig
2026-10-07T13:36:09.9707569Z ##[group]Checking out the ref
2026-10-07T13:36:09.9712506Z [command]/usr/sbin/git checkout --progress --force -B main refs/remotes/origin/main
2026-10-07T13:36:10.0095655Z Switched to a new branch 'main'
2026-10-07T13:36:10.0096102Z branch 'main' set up to track 'origin/main'.
2026-10-07T13:36:10.0106150Z ##[endgroup]
2026-10-07T13:36:10.0139484Z [command]/usr/sbin/git log -1 --format=%H
2026-10-07T13:36:10.0158488Z 4d8d1d3f8dd450b712960c90b74263a45b46e35b
2026-10-07T13:36:10.0423816Z ##[group]Run dtolnay/rust-toolchain@1.92.0
2026-10-07T13:36:10.0424063Z with:
2026-10-07T13:36:10.0424223Z env:
2026-10-07T13:36:10.0424382Z   CARGO_NET_GIT_FETCH_WITH_CLI: true
2026-10-07T13:36:10.0424588Z ##[endgroup]
2026-10-07T13:36:10.0475202Z ##[start-action display=Parse toolchain version;id=__dtolnay_rust-toolchain.parse]
2026-10-07T13:36:10.0512347Z ##[group]Run if [[ -z $toolchain ]]; then
2026-10-07T13:36:10.0512620Z [36;1mif [[ -z $toolchain ]]; then[0m
2026-10-07T13:36:10.0513041Z [36;1m  # GitHub does not enforce `required: true` inputs itself. https://github.com/actions/runner/issues/1070[0m
2026-10-07T13:36:10.0513481Z [36;1m  echo "'toolchain' is a required input" >&2[0m
2026-10-07T13:36:10.0513713Z [36;1m  exit 1[0m
2026-10-07T13:36:10.0513974Z [36;1melif [[ $toolchain =~ ^stable' '[0-9]+' '(year|month|week|day)s?' 'ago$ ]]; then[0m
2026-10-07T13:36:10.0514303Z [36;1m  if [[ Linux == macOS ]]; then[0m
2026-10-07T13:36:10.0514763Z [36;1m    echo "toolchain=1.$((($(date -v-$(sed 's/stable \([0-9]*\) \(.\).*/\1\2/' <<< $toolchain) +%s)/60/60/24-16569)/7/6))" >> $GITHUB_OUTPUT[0m
2026-10-07T13:36:10.0515162Z [36;1m  else[0m
2026-10-07T13:36:10.0515480Z [36;1m    echo "toolchain=1.$((($(date --date "${toolchain#stable }" +%s)/60/60/24-16569)/7/6))" >> $GITHUB_OUTPUT[0m
2026-10-07T13:36:10.0515838Z [36;1m  fi[0m
2026-10-07T13:36:10.0516085Z [36;1melif [[ $toolchain =~ ^stable' 'minus' '[0-9]+' 'releases?$ ]]; then[0m
2026-10-07T13:36:10.0516489Z [36;1m  echo "toolchain=1.$((($(date +%s)/60/60/24-16569)/7/6-${toolchain//[^0-9]/}))" >> $GITHUB_OUTPUT[0m
2026-10-07T13:36:10.0516845Z [36;1melif [[ $toolchain =~ ^1\.[0-9]+$ ]]; then[0m
2026-10-07T13:36:10.0517503Z [36;1m  echo "toolchain=1.$((i=${toolchain#1.}, c=($(date +%s)/60/60/24-16569)/7/6, i+9*i*(10*i<=c)+90*i*(100*i<=c)))" >> $GITHUB_OUTPUT[0m
2026-10-07T13:36:10.0517923Z [36;1melse[0m
2026-10-07T13:36:10.0518122Z [36;1m  echo "toolchain=$toolchain" >> $GITHUB_OUTPUT[0m
2026-10-07T13:36:10.0518357Z [36;1mfi[0m
2026-10-07T13:36:10.0519626Z shell: bash --noprofile --norc -e -o pipefail {0}
2026-10-07T13:36:10.0519872Z env:
2026-10-07T13:36:10.0520035Z   CARGO_NET_GIT_FETCH_WITH_CLI: true
2026-10-07T13:36:10.0520249Z   toolchain: 1.92.0
2026-10-07T13:36:10.0520416Z ##[endgroup]
2026-10-07T13:36:10.1013710Z ##[end-action id=__dtolnay_rust-toolchain.parse;outcome=success;conclusion=success;duration_ms=53]
2026-10-07T13:36:10.1023761Z ##[start-action display=Construct rustup command line;id=__dtolnay_rust-toolchain.flags]
2026-10-07T13:36:10.1048584Z ##[group]Run echo "targets=$(for t in ${targets//,/ }; do echo -n ' --target' $t; done)" >> $GITHUB_OUTPUT
2026-10-07T13:36:10.1049074Z [36;1mecho "targets=$(for t in ${targets//,/ }; do echo -n ' --target' $t; done)" >> $GITHUB_OUTPUT[0m
2026-10-07T13:36:10.1049539Z [36;1mecho "components=$(for c in ${components//,/ }; do echo -n ' --component' $c; done)" >> $GITHUB_OUTPUT[0m
2026-10-07T13:36:10.1049918Z [36;1mecho "downgrade=" >> $GITHUB_OUTPUT[0m
2026-10-07T13:36:10.1050279Z shell: bash --noprofile --norc -e -o pipefail {0}
2026-10-07T13:36:10.1050506Z env:
2026-10-07T13:36:10.1050672Z   CARGO_NET_GIT_FETCH_WITH_CLI: true
2026-10-07T13:36:10.1050877Z   targets: 
2026-10-07T13:36:10.1051031Z   components: 
2026-10-07T13:36:10.1051212Z ##[endgroup]
2026-10-07T13:36:10.1531364Z ##[end-action id=__dtolnay_rust-toolchain.flags;outcome=success;conclusion=success;duration_ms=50]
2026-10-07T13:36:10.1533624Z ##[start-action display=Set $CARGO_HOME;id=__dtolnay_rust-toolchain.__run]
2026-10-07T13:36:10.1551024Z ##[group]Run echo CARGO_HOME=${CARGO_HOME:-"$HOME/.cargo"} >> $GITHUB_ENV
2026-10-07T13:36:10.1551391Z [36;1mecho CARGO_HOME=${CARGO_HOME:-"$HOME/.cargo"} >> $GITHUB_ENV[0m
2026-10-07T13:36:10.1551795Z shell: bash --noprofile --norc -e -o pipefail {0}
2026-10-07T13:36:10.1552025Z env:
2026-10-07T13:36:10.1552192Z   CARGO_NET_GIT_FETCH_WITH_CLI: true
2026-10-07T13:36:10.1552399Z ##[endgroup]
2026-10-07T13:36:10.2037802Z ##[end-action id=__dtolnay_rust-toolchain.__run;outcome=success;conclusion=success;duration_ms=50]
2026-10-07T13:36:10.2040156Z ##[start-action display=Install rustup if needed;id=__dtolnay_rust-toolchain.__run_2]
2026-10-07T13:36:10.2062916Z ##[group]Run if ! command -v rustup &>/dev/null; then
2026-10-07T13:36:10.2063217Z [36;1mif ! command -v rustup &>/dev/null; then[0m
2026-10-07T13:36:10.2063803Z [36;1m  curl --proto '=https' --tlsv1.2 --retry 10 --retry-connrefused --location --silent --show-error --fail https://sh.rustup.rs | sh -s -- --default-toolchain none -y[0m
2026-10-07T13:36:10.2064348Z [36;1m  echo "$CARGO_HOME/bin" >> $GITHUB_PATH[0m
2026-10-07T13:36:10.2064571Z [36;1mfi[0m
2026-10-07T13:36:10.2064870Z shell: bash --noprofile --norc -e -o pipefail {0}
2026-10-07T13:36:10.2065096Z env:
2026-10-07T13:36:10.2065259Z   CARGO_NET_GIT_FETCH_WITH_CLI: true
2026-10-07T13:36:10.2065470Z   CARGO_HOME: /github/home/.cargo
2026-10-07T13:36:10.2065668Z ##[endgroup]
2026-10-07T13:36:10.4428175Z info: downloading installer
2026-10-07T13:36:10.5749447Z error: $HOME differs from euid-obtained home directory: you may be using sudo
2026-10-07T13:36:10.5749875Z error: $HOME directory: /github/home
2026-10-07T13:36:10.5750112Z error: euid-obtained home directory: /root
2026-10-07T13:36:10.5837970Z info: profile set to default
2026-10-07T13:36:10.5838157Z 
2026-10-07T13:36:10.5838462Z info: default host tuple is x86_64-unknown-linux-gnu
2026-10-07T13:36:10.5838762Z 
2026-10-07T13:36:10.5838885Z Rust is installed now. Great!
2026-10-07T13:36:10.5839081Z 
2026-10-07T13:36:10.5839289Z To get started you may need to restart your current shell.
2026-10-07T13:36:10.5839784Z This would reload your PATH environment variable to include
2026-10-07T13:36:10.5840203Z Cargo's bin directory ($HOME/.cargo/bin).
2026-10-07T13:36:10.5840423Z 
2026-10-07T13:36:10.5840594Z To configure your current shell, you need to source the
2026-10-07T13:36:10.5840987Z corresponding env file under $HOME/.cargo.
2026-10-07T13:36:10.5841218Z 
2026-10-07T13:36:10.5841458Z Consider running the right command for your shell (note the leading DOT):
2026-10-07T13:36:10.5841948Z . "$HOME/.cargo/env" # For sh/ash/dash/pdksh
2026-10-07T13:36:10.5842296Z cargo:rerun-if-env-changed=CC_x86_64-unknown-linux-gnu
2026-10-07T13:36:10.5842551Z CC_x86_64-unknown-linux-gnu = None
2026-10-07T13:36:10.5843010Z cargo:rerun-if-env-changed=CC_x86_64_unknown_linux_gnu
2026-10-07T13:36:10.5843254Z CC_x86_64_unknown_linux_gnu = None
2026-10-07T13:36:10.5843456Z cargo:rerun-if-env-changed=HOST_CC
2026-10-07T13:36:10.5843647Z HOST_CC = None
2026-10-07T13:36:10.5843821Z cargo:rerun-if-env-changed=CC
2026-10-07T13:36:10.5844007Z CC = None
2026-10-07T13:36:10.5844640Z info: skipping toolchain installation
2026-10-07T13:36:10.5847054Z cargo:rerun-if-env-changed=CC_ENABLE_DEBUG_OUTPUT
2026-10-07T13:36:10.5915993Z cargo:rerun-if-env-changed=CRATE_CC_NO_DEFAULTS
2026-10-07T13:36:10.5916403Z CRATE_CC_NO_DEFAULTS = None
2026-10-07T13:36:10.5916759Z cargo:rerun-if-env-changed=CFLAGS
2026-10-07T13:36:10.5917079Z CFLAGS = None
2026-10-07T13:36:10.5917438Z cargo:rerun-if-env-changed=HOST_CFLAGS
2026-10-07T13:36:10.5917649Z HOST_CFLAGS = None
2026-10-07T13:36:10.5917867Z cargo:rerun-if-env-changed=CFLAGS_x86_64_unknown_linux_gnu
2026-10-07T13:36:10.5918129Z CFLAGS_x86_64_unknown_linux_gnu = None
2026-10-07T13:36:10.5918400Z cargo:rerun-if-env-changed=CFLAGS_x86_64-unknown-linux-gnu
2026-10-07T13:36:10.5918674Z CFLAGS_x86_64-unknown-linux-gnu = None
2026-10-07T13:36:10.6004882Z ##[end-action id=__dtolnay_rust-toolchain.__run_2;outcome=success;conclusion=success;duration_ms=396]
2026-10-07T13:36:10.6008095Z ##[start-action display=Install rustup if needed on windows;id=__dtolnay_rust-toolchain.__run_3]
2026-10-07T13:36:10.6015178Z ##[end-action id=__dtolnay_rust-toolchain.__run_3;outcome=skipped;conclusion=skipped;duration_ms=0]
2026-10-07T13:36:10.6024427Z ##[start-action display=rustup toolchain install 1.92.0;id=__dtolnay_rust-toolchain.__run_4]
2026-10-07T13:36:10.6040789Z ##[group]Run log=$(mktemp)
2026-10-07T13:36:10.6041188Z [36;1mlog=$(mktemp)[0m
2026-10-07T13:36:10.6041380Z [36;1mtrap 'rm -f "$log"' EXIT[0m
2026-10-07T13:36:10.6041594Z [36;1mfor attempt in 1 2 3 4 5; do[0m
2026-10-07T13:36:10.6041994Z [36;1m  if rustup toolchain install 1.92.0 --profile minimal --no-self-update --force-non-host 2>&1 | tee "$log"; then[0m
2026-10-07T13:36:10.6042408Z [36;1m    break[0m
2026-10-07T13:36:10.6042577Z [36;1m  else[0m
2026-10-07T13:36:10.6042738Z [36;1m    status=$?[0m
2026-10-07T13:36:10.6042914Z [36;1m  fi[0m
2026-10-07T13:36:10.6043148Z [36;1m  if [[ $attempt == 5 ]] || ! grep -Fq 'checksum failed for ' "$log" \[0m
2026-10-07T13:36:10.6043570Z [36;1m      || ! grep -Fq 'this is likely due to an ongoing update of the official release server' "$log"; then[0m
2026-10-07T13:36:10.6043927Z [36;1m    exit "$status"[0m
2026-10-07T13:36:10.6044114Z [36;1m  fi[0m
2026-10-07T13:36:10.6044391Z [36;1m  echo "Retrying rustup toolchain install in 30 seconds (retry $attempt of 4)" >&2[0m
2026-10-07T13:36:10.6044730Z [36;1m  sleep 30[0m
2026-10-07T13:36:10.6044898Z [36;1mdone[0m
2026-10-07T13:36:10.6045351Z shell: bash --noprofile --norc -e -o pipefail {0}
2026-10-07T13:36:10.6045587Z env:
2026-10-07T13:36:10.6045749Z   CARGO_NET_GIT_FETCH_WITH_CLI: true
2026-10-07T13:36:10.6045961Z   CARGO_HOME: /github/home/.cargo
2026-10-07T13:36:10.6046176Z   RUSTUP_PERMIT_COPY_RENAME: 1
2026-10-07T13:36:10.6046375Z ##[endgroup]
2026-10-07T13:36:10.6542991Z info: syncing channel updates for 1.92.0-x86_64-unknown-linux-gnu
2026-10-07T13:36:10.7482687Z info: latest update on 2025-12-11 for version 1.92.0 (ded5c06cf 2025-12-08)
2026-10-07T13:36:10.7483074Z info: downloading 3 components
2026-10-07T13:36:17.1153840Z 
2026-10-07T13:36:17.1220558Z   1.92.0-x86_64-unknown-linux-gnu installed - rustc 1.92.0 (ded5c06cf 2025-12-08)
2026-10-07T13:36:17.1222739Z 
2026-10-07T13:36:17.1224822Z info: default toolchain set to 1.92.0-x86_64-unknown-linux-gnu
2026-10-07T13:36:17.1317654Z ##[end-action id=__dtolnay_rust-toolchain.__run_4;outcome=success;conclusion=success;duration_ms=6529]
2026-10-07T13:36:17.1323554Z ##[start-action display=rustup default 1.92.0;id=__dtolnay_rust-toolchain.__run_5]
2026-10-07T13:36:17.1345580Z ##[group]Run rustup default 1.92.0 --force-non-host
2026-10-07T13:36:17.1346065Z [36;1mrustup default 1.92.0 --force-non-host[0m
2026-10-07T13:36:17.1346825Z shell: bash --noprofile --norc -e -o pipefail {0}
2026-10-07T13:36:17.1347364Z env:
2026-10-07T13:36:17.1347595Z   CARGO_NET_GIT_FETCH_WITH_CLI: true
2026-10-07T13:36:17.1347918Z   CARGO_HOME: /github/home/.cargo
2026-10-07T13:36:17.1348207Z ##[endgroup]
2026-10-07T13:36:17.1871336Z info: using existing install for 1.92.0-x86_64-unknown-linux-gnu
2026-10-07T13:36:17.1871652Z 
2026-10-07T13:36:17.1872087Z info: default toolchain set to 1.92.0-x86_64-unknown-linux-gnu
2026-10-07T13:36:17.1938351Z   1.92.0-x86_64-unknown-linux-gnu unchanged - rustc 1.92.0 (ded5c06cf 2025-12-08)
2026-10-07T13:36:17.1938643Z 
2026-10-07T13:36:17.1939146Z info: note that the toolchain '1.97.1-x86_64-unknown-linux-gnu' is currently in use (overridden by '/__w/wgpu-scry/wgpu-scry/rust-toolchain.toml')
2026-10-07T13:36:17.1982835Z ##[end-action id=__dtolnay_rust-toolchain.__run_5;outcome=success;conclusion=success;duration_ms=65]
2026-10-07T13:36:17.1985952Z ##[start-action display=Create cachekey;id=__dtolnay_rust-toolchain.rustc-version]
2026-10-07T13:36:17.2011400Z ##[group]Run DATE=$(rustc +1.92.0 --version --verbose | sed -ne 's/^commit-date: \(20[0-9][0-9]\)-\([01][0-9]\)-\([0-3][0-9]\)$/\1\2\3/p')
2026-10-07T13:36:17.2012380Z [36;1mDATE=$(rustc +1.92.0 --version --verbose | sed -ne 's/^commit-date: \(20[0-9][0-9]\)-\([01][0-9]\)-\([0-3][0-9]\)$/\1\2\3/p')[0m
2026-10-07T13:36:17.2013113Z [36;1mHASH=$(rustc +1.92.0 --version --verbose | sed -ne 's/^commit-hash: //p')[0m
2026-10-07T13:36:17.2013686Z [36;1mecho "cachekey=$(echo $DATE$HASH | head -c12)" >> $GITHUB_OUTPUT[0m
2026-10-07T13:36:17.2014292Z shell: bash --noprofile --norc -e -o pipefail {0}
2026-10-07T13:36:17.2014640Z env:
2026-10-07T13:36:17.2015131Z   CARGO_NET_GIT_FETCH_WITH_CLI: true
2026-10-07T13:36:17.2015460Z   CARGO_HOME: /github/home/.cargo
2026-10-07T13:36:17.2015752Z ##[endgroup]
2026-10-07T13:36:17.2746724Z ##[end-action id=__dtolnay_rust-toolchain.rustc-version;outcome=success;conclusion=success;duration_ms=75]
2026-10-07T13:36:17.2749516Z ##[start-action display=Disable incremental compilation;id=__dtolnay_rust-toolchain.__run_6]
2026-10-07T13:36:17.2766602Z ##[group]Run if [ -z "${CARGO_INCREMENTAL+set}" ]; then
2026-10-07T13:36:17.2766911Z [36;1mif [ -z "${CARGO_INCREMENTAL+set}" ]; then[0m
2026-10-07T13:36:17.2767386Z [36;1m  echo CARGO_INCREMENTAL=0 >> $GITHUB_ENV[0m
2026-10-07T13:36:17.2767622Z [36;1mfi[0m
2026-10-07T13:36:17.2767933Z shell: bash --noprofile --norc -e -o pipefail {0}
2026-10-07T13:36:17.2768168Z env:
2026-10-07T13:36:17.2768335Z   CARGO_NET_GIT_FETCH_WITH_CLI: true
2026-10-07T13:36:17.2768559Z   CARGO_HOME: /github/home/.cargo
2026-10-07T13:36:17.2768756Z ##[endgroup]
2026-10-07T13:36:17.3269819Z ##[end-action id=__dtolnay_rust-toolchain.__run_6;outcome=success;conclusion=success;duration_ms=51]
2026-10-07T13:36:17.3273698Z ##[start-action display=Enable colors in Cargo output;id=__dtolnay_rust-toolchain.__run_7]
2026-10-07T13:36:17.3297106Z ##[group]Run if [ -z "${CARGO_TERM_COLOR+set}" ]; then
2026-10-07T13:36:17.3297777Z [36;1mif [ -z "${CARGO_TERM_COLOR+set}" ]; then[0m
2026-10-07T13:36:17.3298128Z [36;1m  echo CARGO_TERM_COLOR=always >> $GITHUB_ENV[0m
2026-10-07T13:36:17.3298528Z [36;1mfi[0m
2026-10-07T13:36:17.3299301Z shell: bash --noprofile --norc -e -o pipefail {0}
2026-10-07T13:36:17.3299626Z env:
2026-10-07T13:36:17.3299926Z   CARGO_NET_GIT_FETCH_WITH_CLI: true
2026-10-07T13:36:17.3300235Z   CARGO_HOME: /github/home/.cargo
2026-10-07T13:36:17.3300545Z   CARGO_INCREMENTAL: 0
2026-10-07T13:36:17.3300861Z ##[endgroup]
2026-10-07T13:36:17.3780413Z ##[end-action id=__dtolnay_rust-toolchain.__run_7;outcome=success;conclusion=success;duration_ms=50]
2026-10-07T13:36:17.3783329Z ##[start-action display=Enable Cargo sparse registry;id=__dtolnay_rust-toolchain.__run_8]
2026-10-07T13:36:17.3804385Z ##[group]Run # implemented in 1.66, stabilized in 1.68, made default in 1.70
2026-10-07T13:36:17.3804964Z [36;1m# implemented in 1.66, stabilized in 1.68, made default in 1.70[0m
2026-10-07T13:36:17.3805771Z [36;1mif [ -z "${CARGO_REGISTRIES_CRATES_IO_PROTOCOL+set}" -o -f "/home/runner/work/_temp"/.implicit_cargo_registries_crates_io_protocol ]; then[0m
2026-10-07T13:36:17.3806507Z [36;1m  if rustc +1.92.0 --version --verbose | grep -q '^release: 1\.6[89]\.'; then[0m
2026-10-07T13:36:17.3807036Z [36;1m    touch "/home/runner/work/_temp"/.implicit_cargo_registries_crates_io_protocol || true[0m
2026-10-07T13:36:17.3808088Z [36;1m    echo CARGO_REGISTRIES_CRATES_IO_PROTOCOL=sparse >> $GITHUB_ENV[0m
2026-10-07T13:36:17.3808567Z [36;1m  elif rustc +1.92.0 --version --verbose | grep -q '^release: 1\.6[67]\.'; then[0m
2026-10-07T13:36:17.3809076Z [36;1m    touch "/home/runner/work/_temp"/.implicit_cargo_registries_crates_io_protocol || true[0m
2026-10-07T13:36:17.3809630Z [36;1m    echo CARGO_REGISTRIES_CRATES_IO_PROTOCOL=git >> $GITHUB_ENV[0m
2026-10-07T13:36:17.3809993Z [36;1m  fi[0m
2026-10-07T13:36:17.3810298Z [36;1mfi[0m
2026-10-07T13:36:17.3810924Z shell: bash --noprofile --norc -e -o pipefail {0}
2026-10-07T13:36:17.3811256Z env:
2026-10-07T13:36:17.3811591Z   CARGO_NET_GIT_FETCH_WITH_CLI: true
2026-10-07T13:36:17.3811930Z   CARGO_HOME: /github/home/.cargo
2026-10-07T13:36:17.3812255Z   CARGO_INCREMENTAL: 0
2026-10-07T13:36:17.3812550Z   CARGO_TERM_COLOR: always
2026-10-07T13:36:17.3812830Z ##[endgroup]
2026-10-07T13:36:17.4506334Z ##[end-action id=__dtolnay_rust-toolchain.__run_8;outcome=success;conclusion=success;duration_ms=72]
2026-10-07T13:36:17.4508751Z ##[start-action display=Work around spurious network errors in curl 8.0;id=__dtolnay_rust-toolchain.__run_9]
2026-10-07T13:36:17.4525752Z ##[group]Run # https://rust-lang.zulipchat.com/#narrow/stream/246057-t-cargo/topic/timeout.20investigation
2026-10-07T13:36:17.4526336Z [36;1m# https://rust-lang.zulipchat.com/#narrow/stream/246057-t-cargo/topic/timeout.20investigation[0m
2026-10-07T13:36:17.4526803Z [36;1mif rustc +1.92.0 --version --verbose | grep -q '^release: 1\.7[01]\.'; then[0m
2026-10-07T13:36:17.4527392Z [36;1m  echo CARGO_HTTP_MULTIPLEXING=false >> $GITHUB_ENV[0m
2026-10-07T13:36:17.4527653Z [36;1mfi[0m
2026-10-07T13:36:17.4527934Z shell: bash --noprofile --norc -e -o pipefail {0}
2026-10-07T13:36:17.4528167Z env:
2026-10-07T13:36:17.4528335Z   CARGO_NET_GIT_FETCH_WITH_CLI: true
2026-10-07T13:36:17.4528554Z   CARGO_HOME: /github/home/.cargo
2026-10-07T13:36:17.4528756Z   CARGO_INCREMENTAL: 0
2026-10-07T13:36:17.4528934Z   CARGO_TERM_COLOR: always
2026-10-07T13:36:17.4529117Z ##[endgroup]
2026-10-07T13:36:17.5105492Z ##[end-action id=__dtolnay_rust-toolchain.__run_9;outcome=success;conclusion=success;duration_ms=59]
2026-10-07T13:36:17.5109774Z ##[start-action display=rustc +1.92.0 --version --verbose;id=__dtolnay_rust-toolchain.__run_10]
2026-10-07T13:36:17.5126966Z ##[group]Run rustc +1.92.0 --version --verbose
2026-10-07T13:36:17.5127651Z [36;1mrustc +1.92.0 --version --verbose[0m
2026-10-07T13:36:17.5127969Z shell: bash --noprofile --norc -e -o pipefail {0}
2026-10-07T13:36:17.5128203Z env:
2026-10-07T13:36:17.5128389Z   CARGO_NET_GIT_FETCH_WITH_CLI: true
2026-10-07T13:36:17.5128605Z   CARGO_HOME: /github/home/.cargo
2026-10-07T13:36:17.5128834Z   CARGO_INCREMENTAL: 0
2026-10-07T13:36:17.5129015Z   CARGO_TERM_COLOR: always
2026-10-07T13:36:17.5129230Z ##[endgroup]
2026-10-07T13:36:17.5671560Z rustc 1.92.0 (ded5c06cf 2025-12-08)
2026-10-07T13:36:17.5671954Z binary: rustc
2026-10-07T13:36:17.5672192Z commit-hash: ded5c06cf21d2b93bffd5d884aa6e96934ee4234
2026-10-07T13:36:17.5672454Z commit-date: 2025-12-08
2026-10-07T13:36:17.5672647Z host: x86_64-unknown-linux-gnu
2026-10-07T13:36:17.5672838Z release: 1.92.0
2026-10-07T13:36:17.5672996Z LLVM version: 21.1.3
2026-10-07T13:36:17.5710274Z ##[end-action id=__dtolnay_rust-toolchain.__run_10;outcome=success;conclusion=success;duration_ms=59]
2026-10-07T13:36:17.5758580Z ##[group]Run cargo check --locked -p scrying --lib --no-default-features --features wgpu-30,wpe
2026-10-07T13:36:17.5759123Z [36;1mcargo check --locked -p scrying --lib --no-default-features --features wgpu-30,wpe[0m
2026-10-07T13:36:17.5759663Z shell: sh -e {0}
2026-10-07T13:36:17.5759826Z env:
2026-10-07T13:36:17.5759990Z   CARGO_NET_GIT_FETCH_WITH_CLI: true
2026-10-07T13:36:17.5760206Z   CARGO_HOME: /github/home/.cargo
2026-10-07T13:36:17.5760407Z   CARGO_INCREMENTAL: 0
2026-10-07T13:36:17.5760587Z   CARGO_TERM_COLOR: always
2026-10-07T13:36:17.5760771Z ##[endgroup]
2026-10-07T13:36:17.6249367Z info: syncing channel updates for 1.97.1-x86_64-unknown-linux-gnu
2026-10-07T13:36:17.8410305Z info: latest update on 2026-07-16 for version 1.97.1 (8bab26f4f 2026-07-14)
2026-10-07T13:36:17.8410789Z info: downloading 6 components
2026-10-07T13:36:31.6681179Z warn: the missing active toolchain `1.97.1-x86_64-unknown-linux-gnu` has been auto-installed
2026-10-07T13:36:31.6682011Z warn: this might cause rustup commands to take longer time to finish than expected
2026-10-07T13:36:31.6682685Z info: you may opt out with `RUSTUP_AUTO_INSTALL=0` or `rustup set auto-install disable`
2026-10-07T13:36:31.7054383Z [1m[92m    Updating[0m crates.io index
2026-10-07T13:36:32.2902107Z [1m[92m Downloading[0m crates ...
2026-10-07T13:36:32.3230494Z [1m[92m  Downloaded[0m parking_lot v0.12.5
2026-10-07T13:36:32.3257617Z [1m[92m  Downloaded[0m palette_math v0.7.7
2026-10-07T13:36:32.3270596Z [1m[92m  Downloaded[0m wgpu-naga-bridge v30.0.1
2026-10-07T13:36:32.3279289Z [1m[92m  Downloaded[0m adler2 v2.0.1
2026-10-07T13:36:32.3295372Z [1m[92m  Downloaded[0m palette_derive v0.7.7
2026-10-07T13:36:32.3317388Z [1m[92m  Downloaded[0m static_assertions v1.1.0
2026-10-07T13:36:32.3333891Z [1m[92m  Downloaded[0m thiserror v1.0.69
2026-10-07T13:36:32.3409198Z [1m[92m  Downloaded[0m anyhow v1.0.104
2026-10-07T13:36:32.3468237Z [1m[92m  Downloaded[0m presser v0.3.1
2026-10-07T13:36:32.3485147Z [1m[92m  Downloaded[0m quick-error v2.0.1
2026-10-07T13:36:32.3499917Z [1m[92m  Downloaded[0m zerocopy-derive v0.8.56
2026-10-07T13:36:32.3613378Z [1m[92m  Downloaded[0m proc-macro2 v1.0.107
2026-10-07T13:36:32.3649811Z [1m[92m  Downloaded[0m raw-cpuid v11.6.0
2026-10-07T13:36:32.3725718Z [1m[92m  Downloaded[0m proc-macro-crate v2.0.2
2026-10-07T13:36:32.3733369Z [1m[92m  Downloaded[0m profiling-procmacros v1.0.18
2026-10-07T13:36:32.3748032Z [1m[92m  Downloaded[0m palette v0.7.7
2026-10-07T13:36:32.3924008Z [1m[92m  Downloaded[0m pulp v0.22.3
2026-10-07T13:36:32.3969458Z [1m[92m  Downloaded[0m bit_field v0.10.3
2026-10-07T13:36:32.3989298Z [1m[92m  Downloaded[0m ravif v0.13.0
2026-10-07T13:36:32.3989863Z [1m[92m  Downloaded[0m termcolor v1.4.1
2026-10-07T13:36:32.4000638Z [1m[92m  Downloaded[0m bit-vec v0.9.1
2026-10-07T13:36:32.4015386Z [1m[92m  Downloaded[0m proc-macro-error-attr v1.0.4
2026-10-07T13:36:32.4024451Z [1m[92m  Downloaded[0m rav1e v0.8.1
2026-10-07T13:36:32.4345129Z [1m[92m  Downloaded[0m rayon-core v1.13.0
2026-10-07T13:36:32.4383393Z [1m[92m  Downloaded[0m av1-grain v0.2.5
2026-10-07T13:36:32.4405393Z [1m[92m  Downloaded[0m profiling v1.0.18
2026-10-07T13:36:32.4416299Z [1m[92m  Downloaded[0m pulp-wasm-simd-flag v0.1.1
2026-10-07T13:36:32.4423327Z [1m[92m  Downloaded[0m scopeguard v1.2.0
2026-10-07T13:36:32.4435562Z [1m[92m  Downloaded[0m target-lexicon v0.12.16
2026-10-07T13:36:32.4454279Z [1m[92m  Downloaded[0m proc-macro-error v1.0.4
2026-10-07T13:36:32.4488953Z [1m[92m  Downloaded[0m equator-macro v0.4.2
2026-10-07T13:36:32.4495473Z [1m[92m  Downloaded[0m system-deps v6.2.2
2026-10-07T13:36:32.4516068Z [1m[92m  Downloaded[0m avif-serialize v0.8.9
2026-10-07T13:36:32.4525127Z [1m[92m  Downloaded[0m bit-set v0.10.0
2026-10-07T13:36:32.4542460Z [1m[92m  Downloaded[0m futures-executor v0.3.34
2026-10-07T13:36:32.4553163Z [1m[92m  Downloaded[0m lock_api v0.4.14
2026-10-07T13:36:32.4564416Z [1m[92m  Downloaded[0m paste v1.0.15
2026-10-07T13:36:32.4595117Z [1m[92m  Downloaded[0m thiserror-impl v1.0.69
2026-10-07T13:36:32.4607784Z [1m[92m  Downloaded[0m toml_edit v0.20.2
2026-10-07T13:36:32.4808332Z [1m[92m  Downloaded[0m arg_enum_proc_macro v0.3.4
2026-10-07T13:36:32.4818131Z [1m[92m  Downloaded[0m as-slice v0.2.1
2026-10-07T13:36:32.4828134Z [1m[92m  Downloaded[0m bitstream-io v4.10.0
2026-10-07T13:36:32.4853437Z [1m[92m  Downloaded[0m glib-sys v0.18.1
2026-10-07T13:36:32.4870910Z [1m[92m  Downloaded[0m gpu-allocator v0.28.0
2026-10-07T13:36:32.4897652Z [1m[92m  Downloaded[0m dlib v0.5.3
2026-10-07T13:36:32.4905648Z [1m[92m  Downloaded[0m moxcms v0.8.1
2026-10-07T13:36:32.5000586Z [1m[92m  Downloaded[0m bytemuck_derive v1.12.0
2026-10-07T13:36:32.5012497Z [1m[92m  Downloaded[0m color_quant v1.1.0
2026-10-07T13:36:32.5021803Z [1m[92m  Downloaded[0m crossbeam-deque v0.8.7
2026-10-07T13:36:32.5035212Z [1m[92m  Downloaded[0m gio v0.18.4
2026-10-07T13:36:32.5191689Z [1m[92m  Downloaded[0m reborrow v0.5.5
2026-10-07T13:36:32.5198141Z [1m[92m  Downloaded[0m wasm-bindgen-shared v0.2.127
2026-10-07T13:36:32.5218587Z [1m[92m  Downloaded[0m bumpalo v3.20.3
2026-10-07T13:36:32.5231365Z [1m[92m  Downloaded[0m equator v0.4.2
2026-10-07T13:36:32.5243642Z [1m[92m  Downloaded[0m equivalent v1.0.2
2026-10-07T13:36:32.5252810Z [1m[92m  Downloaded[0m cfg_aliases v0.2.2
2026-10-07T13:36:32.5261568Z [1m[92m  Downloaded[0m document-features v0.2.12
2026-10-07T13:36:32.5273354Z [1m[92m  Downloaded[0m futures-channel v0.3.34
2026-10-07T13:36:32.5291197Z [1m[92m  Downloaded[0m futures-macro v0.3.34
2026-10-07T13:36:32.5300901Z [1m[92m  Downloaded[0m libloading v0.8.9
2026-10-07T13:36:32.5328685Z [1m[92m  Downloaded[0m thiserror-impl v2.0.20
2026-10-07T13:36:32.5335391Z [1m[92m  Downloaded[0m heck v0.5.0
2026-10-07T13:36:32.5347883Z [1m[92m  Downloaded[0m byteorder-lite v0.1.0
2026-10-07T13:36:32.5357557Z [1m[92m  Downloaded[0m cfg-expr v0.15.8
2026-10-07T13:36:32.5384134Z [1m[92m  Downloaded[0m gl_generator v0.14.0
2026-10-07T13:36:32.5398982Z [1m[92m  Downloaded[0m num-integer v0.1.47
2026-10-07T13:36:32.5413099Z [1m[92m  Downloaded[0m wayland-sys v0.31.11
2026-10-07T13:36:32.5424198Z [1m[92m  Downloaded[0m aligned v0.4.3
2026-10-07T13:36:32.5435766Z [1m[92m  Downloaded[0m crossbeam-utils v0.8.22
2026-10-07T13:36:32.5460632Z [1m[92m  Downloaded[0m futures-task v0.3.34
2026-10-07T13:36:32.5471890Z [1m[92m  Downloaded[0m new_debug_unreachable v1.0.6
2026-10-07T13:36:32.5482375Z [1m[92m  Downloaded[0m num-rational v0.4.2
2026-10-07T13:36:32.5493543Z [1m[92m  Downloaded[0m wgpu-core-deps-windows-linux-android v30.0.1
2026-10-07T13:36:32.5501951Z [1m[92m  Downloaded[0m ordered-float v5.5.0
2026-10-07T13:36:32.5517461Z [1m[92m  Downloaded[0m heck v0.4.1
2026-10-07T13:36:32.5529597Z [1m[92m  Downloaded[0m rustc-hash v1.1.0
2026-10-07T13:36:32.5538523Z [1m[92m  Downloaded[0m simd_helpers v0.1.0
2026-10-07T13:36:32.5545804Z [1m[92m  Downloaded[0m version_check v0.9.5
2026-10-07T13:36:32.5557352Z [1m[92m  Downloaded[0m aligned-vec v0.6.4
2026-10-07T13:36:32.5565988Z [1m[92m  Downloaded[0m approx v0.5.1
2026-10-07T13:36:32.5582457Z [1m[92m  Downloaded[0m pin-project-lite v0.2.17
2026-10-07T13:36:32.5637715Z [1m[92m  Downloaded[0m serde_spanned v0.6.9
2026-10-07T13:36:32.5647733Z [1m[92m  Downloaded[0m stable_deref_trait v1.2.1
2026-10-07T13:36:32.5655321Z [1m[92m  Downloaded[0m toml_datetime v0.6.3
2026-10-07T13:36:32.5663624Z [1m[92m  Downloaded[0m y4m v0.8.0
2026-10-07T13:36:32.5674421Z [1m[92m  Downloaded[0m dpi v0.1.2
2026-10-07T13:36:32.5683858Z [1m[92m  Downloaded[0m foldhash v0.2.0
2026-10-07T13:36:32.5695074Z [1m[92m  Downloaded[0m futures-io v0.3.34
2026-10-07T13:36:32.5703066Z [1m[92m  Downloaded[0m maybe-rayon v0.1.1
2026-10-07T13:36:32.5714922Z [1m[92m  Downloaded[0m naga-types v30.0.1
2026-10-07T13:36:32.5721542Z [1m[92m  Downloaded[0m renderdoc-sys v1.1.0
2026-10-07T13:36:32.5730172Z [1m[92m  Downloaded[0m version-compare v0.2.1
2026-10-07T13:36:32.5742010Z [1m[92m  Downloaded[0m wasm-bindgen-macro v0.2.127
2026-10-07T13:36:32.5751012Z [1m[92m  Downloaded[0m zune-core v0.5.3
2026-10-07T13:36:32.5771886Z [1m[92m  Downloaded[0m quote v1.0.47
2026-10-07T13:36:32.5797480Z [1m[92m  Downloaded[0m simd-adler32 v0.3.10
2026-10-07T13:36:32.5814600Z [1m[92m  Downloaded[0m slab v0.4.12
2026-10-07T13:36:32.5826485Z [1m[92m  Downloaded[0m thiserror v2.0.20
2026-10-07T13:36:32.5887904Z [1m[92m  Downloaded[0m v_frame v0.3.9
2026-10-07T13:36:32.5901797Z [1m[92m  Downloaded[0m wasm-bindgen-macro-support v0.2.127
2026-10-07T13:36:32.5919934Z [1m[92m  Downloaded[0m weezl v0.1.12
2026-10-07T13:36:32.5942305Z [1m[92m  Downloaded[0m futures-core v0.3.34
2026-10-07T13:36:32.5954526Z [1m[92m  Downloaded[0m loop9 v0.1.5
2026-10-07T13:36:32.5961083Z [1m[92m  Downloaded[0m noop_proc_macro v0.3.0
2026-10-07T13:36:32.5969331Z [1m[92m  Downloaded[0m pastey v0.1.1
2026-10-07T13:36:32.5985596Z [1m[92m  Downloaded[0m pkg-config v0.3.34
2026-10-07T13:36:32.5999536Z [1m[92m  Downloaded[0m raw-window-handle v0.6.2
2026-10-07T13:36:32.6017978Z [1m[92m  Downloaded[0m rgb v0.8.53
2026-10-07T13:36:32.6038907Z [1m[92m  Downloaded[0m rustversion v1.0.23
2026-10-07T13:36:32.6065595Z [1m[92m  Downloaded[0m smallvec v1.15.2
2026-10-07T13:36:32.6078525Z [1m[92m  Downloaded[0m soup3 v0.5.0
2026-10-07T13:36:32.6117539Z [1m[92m  Downloaded[0m soup3-sys v0.5.0
2026-10-07T13:36:32.6129287Z [1m[92m  Downloaded[0m spirv v0.4.0+sdk-1.4.341.0
2026-10-07T13:36:32.6140949Z [1m[92m  Downloaded[0m toml v0.8.2
2026-10-07T13:36:32.6169721Z [1m[92m  Downloaded[0m wgpu-core v30.0.1
2026-10-07T13:36:32.6258368Z [1m[92m  Downloaded[0m zune-inflate v0.2.54
2026-10-07T13:36:32.6273847Z [1m[92m  Downloaded[0m arrayvec v0.7.8
2026-10-07T13:36:32.6292543Z [1m[92m  Downloaded[0m autocfg v1.5.1
2026-10-07T13:36:32.6309608Z [1m[92m  Downloaded[0m codespan-reporting v0.13.1
2026-10-07T13:36:32.6381477Z [1m[92m  Downloaded[0m lebe v0.5.3
2026-10-07T13:36:32.6392676Z [1m[92m  Downloaded[0m parking_lot_core v0.9.12
2026-10-07T13:36:32.6412709Z [1m[92m  Downloaded[0m serde_core v1.0.229
2026-10-07T13:36:32.6444376Z [1m[92m  Downloaded[0m unicode-ident v1.0.24
2026-10-07T13:36:32.6466233Z [1m[92m  Downloaded[0m allocator-api2 v0.2.21
2026-10-07T13:36:32.6492959Z [1m[92m  Downloaded[0m by_address v1.2.1
2026-10-07T13:36:32.6499813Z [1m[92m  Downloaded[0m cfg-if v1.0.4
2026-10-07T13:36:32.6512204Z [1m[92m  Downloaded[0m serde_derive v1.0.229
2026-10-07T13:36:32.6541237Z [1m[92m  Downloaded[0m wasm-bindgen v0.2.127
2026-10-07T13:36:32.6565368Z [1m[92m  Downloaded[0m xml-rs v0.8.29
2026-10-07T13:36:32.6592561Z [1m[92m  Downloaded[0m bitflags v2.13.1
2026-10-07T13:36:32.6634673Z [1m[92m  Downloaded[0m fdeflate v0.3.7
2026-10-07T13:36:32.6649364Z [1m[92m  Downloaded[0m half v2.7.1
2026-10-07T13:36:32.6673446Z [1m[92m  Downloaded[0m memoffset v0.9.1
2026-10-07T13:36:32.6685429Z [1m[92m  Downloaded[0m num-complex v0.4.6
2026-10-07T13:36:32.6698332Z [1m[92m  Downloaded[0m num-derive v0.4.2
2026-10-07T13:36:32.6715496Z [1m[92m  Downloaded[0m qoi v0.4.1
2026-10-07T13:36:32.6744360Z [1m[92m  Downloaded[0m tiff v0.11.3
2026-10-07T13:36:32.6782884Z [1m[92m  Downloaded[0m zune-jpeg v0.5.15
2026-10-07T13:36:32.6816590Z [1m[92m  Downloaded[0m fax v0.2.7
2026-10-07T13:36:32.6834462Z [1m[92m  Downloaded[0m png v0.18.1
2026-10-07T13:36:32.6872250Z [1m[92m  Downloaded[0m serde v1.0.229
2026-10-07T13:36:32.6904612Z [1m[92m  Downloaded[0m gobject-sys v0.18.0
2026-10-07T13:36:32.6918898Z [1m[92m  Downloaded[0m litrs v1.0.0
2026-10-07T13:36:32.6946829Z [1m[92m  Downloaded[0m built v0.8.1
2026-10-07T13:36:32.6964571Z [1m[92m  Downloaded[0m either v1.18.0
2026-10-07T13:36:32.6978280Z [1m[92m  Downloaded[0m flate2 v1.1.10
2026-10-07T13:36:32.7023838Z [1m[92m  Downloaded[0m gif v0.14.2
2026-10-07T13:36:32.7039935Z [1m[92m  Downloaded[0m rayon v1.12.0
2026-10-07T13:36:32.7127808Z [1m[92m  Downloaded[0m wgpu-types v30.0.1
2026-10-07T13:36:32.7164079Z [1m[92m  Downloaded[0m winnow v0.5.40
2026-10-07T13:36:32.7243362Z [1m[92m  Downloaded[0m zlib-rs v0.6.7
2026-10-07T13:36:32.7292885Z [1m[92m  Downloaded[0m khronos-egl v6.0.0
2026-10-07T13:36:32.7310170Z [1m[92m  Downloaded[0m glib-macros v0.18.5
2026-10-07T13:36:32.7333686Z [1m[92m  Downloaded[0m grafting v0.6.0
2026-10-07T13:36:32.7363378Z [1m[92m  Downloaded[0m log v0.4.34
2026-10-07T13:36:32.7385514Z [1m[92m  Downloaded[0m miniz_oxide v0.8.9
2026-10-07T13:36:32.7408179Z [1m[92m  Downloaded[0m no_std_io2 v0.9.4
2026-10-07T13:36:32.7425769Z [1m[92m  Downloaded[0m unicode-width v0.2.2
2026-10-07T13:36:32.7473946Z [1m[92m  Downloaded[0m wgpu v30.0.1
2026-10-07T13:36:32.7619995Z [1m[92m  Downloaded[0m crc32fast v1.5.1
2026-10-07T13:36:32.7637825Z [1m[92m  Downloaded[0m crossbeam-epoch v0.9.20
2026-10-07T13:36:32.7660236Z [1m[92m  Downloaded[0m gio-sys v0.18.1
2026-10-07T13:36:32.7683597Z [1m[92m  Downloaded[0m imgref v1.12.3
2026-10-07T13:36:32.7694061Z [1m[92m  Downloaded[0m miniz_oxide v0.9.1
2026-10-07T13:36:32.7717930Z [1m[92m  Downloaded[0m once_cell v1.21.4
2026-10-07T13:36:32.7742394Z [1m[92m  Downloaded[0m syn v1.0.109
2026-10-07T13:36:32.7827948Z [1m[92m  Downloaded[0m zerocopy v0.8.56
2026-10-07T13:36:32.8031462Z [1m[92m  Downloaded[0m bytemuck v1.25.2
2026-10-07T13:36:32.8060502Z [1m[92m  Downloaded[0m syn v3.0.4
2026-10-07T13:36:32.8156651Z [1m[92m  Downloaded[0m syn v2.0.119
2026-10-07T13:36:32.8251129Z [1m[92m  Downloaded[0m av-scenechange v0.14.1
2026-10-07T13:36:32.8351235Z [1m[92m  Downloaded[0m image-webp v0.2.4
2026-10-07T13:36:32.8371579Z [1m[92m  Downloaded[0m num-traits v0.2.19
2026-10-07T13:36:32.8399780Z [1m[92m  Downloaded[0m memchr v2.8.3
2026-10-07T13:36:32.8450697Z [1m[92m  Downloaded[0m glow v0.17.0
2026-10-07T13:36:32.8490836Z [1m[92m  Downloaded[0m hashbrown v0.16.1
2026-10-07T13:36:32.8537885Z [1m[92m  Downloaded[0m ash v0.38.0+1.3.281
2026-10-07T13:36:32.8685575Z [1m[92m  Downloaded[0m wgpu-hal v30.0.1
2026-10-07T13:36:32.8789758Z [1m[92m  Downloaded[0m num-bigint v0.4.8
2026-10-07T13:36:32.8833145Z [1m[92m  Downloaded[0m indexmap v2.14.1
2026-10-07T13:36:32.8871474Z [1m[92m  Downloaded[0m hashbrown v0.17.1
2026-10-07T13:36:32.8919505Z [1m[92m  Downloaded[0m itertools v0.14.0
2026-10-07T13:36:32.8984544Z [1m[92m  Downloaded[0m libm v0.2.16
2026-10-07T13:36:32.9092623Z [1m[92m  Downloaded[0m futures-util v0.3.34
2026-10-07T13:36:32.9228216Z [1m[92m  Downloaded[0m nom v8.0.0
2026-10-07T13:36:32.9275735Z [1m[92m  Downloaded[0m glib v0.18.5
2026-10-07T13:36:32.9382196Z [1m[92m  Downloaded[0m pxfm v0.1.30
2026-10-07T13:36:32.9611413Z [1m[92m  Downloaded[0m exr v1.74.2
2026-10-07T13:36:32.9708711Z [1m[92m  Downloaded[0m image v0.25.10
2026-10-07T13:36:32.9801325Z [1m[92m  Downloaded[0m khronos_api v3.1.0
2026-10-07T13:36:32.9961643Z [1m[92m  Downloaded[0m libc v0.2.189
2026-10-07T13:36:33.0367007Z [1m[92m  Downloaded[0m naga v30.0.1
2026-10-07T13:36:33.2280160Z [1m[92m   Compiling[0m proc-macro2 v1.0.107
2026-10-07T13:36:33.2280548Z [1m[92m   Compiling[0m unicode-ident v1.0.24
2026-10-07T13:36:33.2281085Z [1m[92m   Compiling[0m quote v1.0.47
2026-10-07T13:36:33.2281545Z [1m[92m   Compiling[0m libm v0.2.16
2026-10-07T13:36:33.2788894Z [1m[92m   Compiling[0m pkg-config v0.3.34
2026-10-07T13:36:33.3674890Z [1m[92m    Checking[0m cfg-if v1.0.4
2026-10-07T13:36:33.3714903Z [1m[92m   Compiling[0m autocfg v1.5.1
2026-10-07T13:36:33.4013053Z [1m[92m   Compiling[0m serde_core v1.0.229
2026-10-07T13:36:33.6279243Z [1m[92m   Compiling[0m serde v1.0.229
2026-10-07T13:36:33.6288138Z [1m[92m   Compiling[0m num-traits v0.2.19
2026-10-07T13:36:33.8816571Z [1m[92m   Compiling[0m hashbrown v0.17.1
2026-10-07T13:36:33.9360681Z [1m[92m   Compiling[0m syn v2.0.119
2026-10-07T13:36:34.1947533Z [1m[92m   Compiling[0m syn v3.0.4
2026-10-07T13:36:34.7705216Z [1m[92m   Compiling[0m equivalent v1.0.2
2026-10-07T13:36:34.8095203Z [1m[92m   Compiling[0m indexmap v2.14.1
2026-10-07T13:36:35.3099764Z [1m[92m   Compiling[0m winnow v0.5.40
2026-10-07T13:36:35.9193634Z [1m[92m   Compiling[0m toml_datetime v0.6.3
2026-10-07T13:36:36.0296222Z [1m[92m   Compiling[0m serde_spanned v0.6.9
2026-10-07T13:36:36.0856822Z [1m[92m   Compiling[0m libc v0.2.189
2026-10-07T13:36:36.2789096Z [1m[92m   Compiling[0m target-lexicon v0.12.16
2026-10-07T13:36:36.6152044Z [1m[92m   Compiling[0m toml_edit v0.20.2
2026-10-07T13:36:37.1987410Z [1m[92m    Checking[0m bitflags v2.13.1
2026-10-07T13:36:37.2409046Z [1m[92m   Compiling[0m smallvec v1.15.2
2026-10-07T13:36:37.2713762Z [1m[92m   Compiling[0m thiserror v2.0.20
2026-10-07T13:36:37.3715863Z [1m[92m   Compiling[0m cfg-expr v0.15.8
2026-10-07T13:36:37.4176472Z [1m[92m   Compiling[0m heck v0.5.0
2026-10-07T13:36:37.5041103Z [1m[92m   Compiling[0m version-compare v0.2.1
2026-10-07T13:36:37.5783987Z [1m[92m   Compiling[0m thiserror-impl v2.0.20
2026-10-07T13:36:37.6249572Z [1m[92m    Checking[0m log v0.4.34
2026-10-07T13:36:37.6946010Z [1m[92m   Compiling[0m version_check v0.9.5
2026-10-07T13:36:37.7304137Z [1m[92m   Compiling[0m cfg_aliases v0.2.2
2026-10-07T13:36:37.7585442Z [1m[92m   Compiling[0m bytemuck_derive v1.12.0
2026-10-07T13:36:37.8704946Z [1m[92m    Checking[0m arrayvec v0.7.8
2026-10-07T13:36:37.9835968Z [1m[92m   Compiling[0m toml v0.8.2
2026-10-07T13:36:38.3201079Z [1m[92m   Compiling[0m system-deps v6.2.2
2026-10-07T13:36:38.4647018Z [1m[92m   Compiling[0m zerocopy v0.8.56
2026-10-07T13:36:38.5970597Z [1m[92m    Checking[0m foldhash v0.2.0
2026-10-07T13:36:38.6681761Z [1m[92m    Checking[0m bytemuck v1.25.2
2026-10-07T13:36:38.6805750Z [1m[92m   Compiling[0m zerocopy-derive v0.8.56
2026-10-07T13:36:38.7938800Z [1m[92m   Compiling[0m crossbeam-utils v0.8.22
2026-10-07T13:36:38.9223311Z [1m[92m   Compiling[0m crossbeam-epoch v0.9.20
2026-10-07T13:36:38.9251628Z [1m[92m    Checking[0m once_cell v1.21.4
2026-10-07T13:36:39.0288895Z [1m[92m    Checking[0m libloading v0.8.9
2026-10-07T13:36:39.0900176Z [1m[92m    Checking[0m memchr v2.8.3
2026-10-07T13:36:39.1864992Z [1m[92m   Compiling[0m crossbeam-deque v0.8.7
2026-10-07T13:36:39.3888191Z [1m[92m   Compiling[0m profiling-procmacros v1.0.18
2026-10-07T13:36:39.4237949Z [1m[92m    Checking[0m simd-adler32 v0.3.10
2026-10-07T13:36:39.4937357Z [1m[92m    Checking[0m rustc-hash v1.1.0
2026-10-07T13:36:39.5334346Z [1m[92m   Compiling[0m rayon-core v1.13.0
2026-10-07T13:36:39.5576043Z [1m[92m    Checking[0m profiling v1.0.18
2026-10-07T13:36:39.6322071Z [1m[92m   Compiling[0m glib-sys v0.18.1
2026-10-07T13:36:39.6820811Z [1m[92m   Compiling[0m naga v30.0.1
2026-10-07T13:36:39.7558064Z [1m[92m   Compiling[0m equator-macro v0.4.2
2026-10-07T13:36:39.8111908Z [1m[92m    Checking[0m naga-types v30.0.1
2026-10-07T13:36:39.8414887Z [1m[92m   Compiling[0m parking_lot_core v0.9.12
2026-10-07T13:36:39.8768020Z [1m[92m   Compiling[0m ash v0.38.0+1.3.281
2026-10-07T13:36:39.9454790Z [1m[92m    Checking[0m unicode-width v0.2.2
2026-10-07T13:36:39.9609134Z [1m[92m    Checking[0m bit-vec v0.9.1
2026-10-07T13:36:40.0674671Z [1m[92m    Checking[0m bit-set v0.10.0
2026-10-07T13:36:40.0725708Z [1m[92m    Checking[0m codespan-reporting v0.13.1
2026-10-07T13:36:40.1660157Z [1m[92m    Checking[0m equator v0.4.2
2026-10-07T13:36:40.2486388Z [1m[92m   Compiling[0m gobject-sys v0.18.0
2026-10-07T13:36:40.2772190Z [1m[92m   Compiling[0m proc-macro-error-attr v1.0.4
2026-10-07T13:36:40.3541579Z [1m[92m    Checking[0m spirv v0.4.0+sdk-1.4.341.0
2026-10-07T13:36:40.3677033Z [1m[92m    Checking[0m num-integer v0.1.47
2026-10-07T13:36:40.4480374Z [1m[92m   Compiling[0m wayland-sys v0.31.11
2026-10-07T13:36:40.5085270Z [1m[92m   Compiling[0m anyhow v1.0.104
2026-10-07T13:36:40.5322460Z [1m[92m    Checking[0m adler2 v2.0.1
2026-10-07T13:36:40.5665488Z [1m[92m    Checking[0m raw-window-handle v0.6.2
2026-10-07T13:36:40.6568071Z [1m[92m   Compiling[0m khronos-egl v6.0.0
2026-10-07T13:36:40.7140184Z [1m[92m    Checking[0m allocator-api2 v0.2.21
2026-10-07T13:36:40.7358354Z [1m[92m   Compiling[0m paste v1.0.15
2026-10-07T13:36:40.8558296Z [1m[92m    Checking[0m scopeguard v1.2.0
2026-10-07T13:36:40.8865726Z [1m[92m   Compiling[0m syn v1.0.109
2026-10-07T13:36:40.9400532Z [1m[92m    Checking[0m either v1.18.0
2026-10-07T13:36:41.0313468Z [1m[92m    Checking[0m static_assertions v1.1.0
2026-10-07T13:36:41.0554507Z [1m[92m    Checking[0m wgpu-types v30.0.1
2026-10-07T13:36:41.0832797Z [1m[92m    Checking[0m hashbrown v0.16.1
2026-10-07T13:36:41.1736150Z [1m[92m    Checking[0m lock_api v0.4.14
2026-10-07T13:36:41.3599478Z [1m[92m    Checking[0m num-bigint v0.4.8
2026-10-07T13:36:41.5255014Z [1m[92m    Checking[0m aligned-vec v0.6.4
2026-10-07T13:36:42.0742384Z [1m[92m    Checking[0m dlib v0.5.3
2026-10-07T13:36:42.1065114Z [1m[92m   Compiling[0m gio-sys v0.18.1
2026-10-07T13:36:42.2177103Z [1m[92m   Compiling[0m proc-macro-error v1.0.4
2026-10-07T13:36:42.2966316Z [1m[92m   Compiling[0m wgpu-hal v30.0.1
2026-10-07T13:36:42.4853780Z [1m[92m   Compiling[0m crc32fast v1.5.1
2026-10-07T13:36:42.5774653Z [1m[92m    Checking[0m futures-core v0.3.34
2026-10-07T13:36:42.5885189Z [1m[92m    Checking[0m stable_deref_trait v1.2.1
2026-10-07T13:36:42.6110166Z [1m[92m   Compiling[0m khronos_api v3.1.0
2026-10-07T13:36:42.6331329Z [1m[92m    Checking[0m presser v0.3.1
2026-10-07T13:36:42.6783258Z [1m[92m    Checking[0m as-slice v0.2.1
2026-10-07T13:36:42.7183019Z [1m[92m    Checking[0m half v2.7.1
2026-10-07T13:36:42.7749787Z [1m[92m    Checking[0m num-rational v0.4.2
2026-10-07T13:36:42.8416670Z [1m[92m    Checking[0m parking_lot v0.12.5
2026-10-07T13:36:43.0201546Z [1m[92m    Checking[0m v_frame v0.3.9
2026-10-07T13:36:43.5200574Z [1m[92m    Checking[0m rayon v1.12.0
2026-10-07T13:36:43.8240192Z [1m[92m   Compiling[0m futures-macro v0.3.34
2026-10-07T13:36:44.3238610Z [1m[92m    Checking[0m ordered-float v5.5.0
2026-10-07T13:36:44.4745461Z [1m[92m    Checking[0m renderdoc-sys v1.1.0
2026-10-07T13:36:44.5144755Z [1m[92m    Checking[0m futures-task v0.3.34
2026-10-07T13:36:44.5828395Z [1m[92m    Checking[0m glow v0.17.0
2026-10-07T13:36:44.8787053Z [1m[92m   Compiling[0m built v0.8.1
2026-10-07T13:36:45.2508126Z [1m[92m   Compiling[0m thiserror v1.0.69
2026-10-07T13:36:45.3822171Z [1m[92m   Compiling[0m av-scenechange v0.14.1
2026-10-07T13:36:45.4945478Z [1m[92m    Checking[0m slab v0.4.12
2026-10-07T13:36:45.5286076Z [1m[92m    Checking[0m pin-project-lite v0.2.17
2026-10-07T13:36:45.5762356Z [1m[92m    Checking[0m futures-util v0.3.34
2026-10-07T13:36:45.6049041Z [1m[92m   Compiling[0m rav1e v0.8.1
2026-10-07T13:36:46.5578614Z [1m[92m    Checking[0m aligned v0.4.3
2026-10-07T13:36:46.6046309Z [1m[92m    Checking[0m miniz_oxide v0.9.1
2026-10-07T13:36:46.8866713Z [1m[92m    Checking[0m no_std_io2 v0.9.4
2026-10-07T13:36:46.9115777Z [1m[92m    Checking[0m nom v8.0.0
2026-10-07T13:36:46.9238526Z [1m[92m   Compiling[0m proc-macro-crate v2.0.2
2026-10-07T13:36:47.2294786Z [1m[92m   Compiling[0m pulp v0.22.3
2026-10-07T13:36:47.3802744Z [1m[92m   Compiling[0m wgpu-core v30.0.1
2026-10-07T13:36:47.6015160Z [1m[92m   Compiling[0m arg_enum_proc_macro v0.3.4
2026-10-07T13:36:47.9396927Z [1m[92m   Compiling[0m thiserror-impl v1.0.69
2026-10-07T13:36:48.8414892Z [1m[92m   Compiling[0m xml-rs v0.8.29
2026-10-07T13:36:49.0329676Z [1m[92m   Compiling[0m heck v0.4.1
2026-10-07T13:36:49.1447526Z [1m[92m    Checking[0m quick-error v2.0.1
2026-10-07T13:36:49.1799243Z [1m[92m   Compiling[0m litrs v1.0.0
2026-10-07T13:36:49.2995890Z [1m[92m    Checking[0m wgpu-naga-bridge v30.0.1
2026-10-07T13:36:49.4456683Z [1m[92m   Compiling[0m pastey v0.1.1
2026-10-07T13:36:49.5653067Z [1m[92m    Checking[0m y4m v0.8.0
2026-10-07T13:36:49.5697900Z [1m[92m   Compiling[0m document-features v0.2.12
2026-10-07T13:36:49.6199254Z [1m[92m    Checking[0m gpu-allocator v0.28.0
2026-10-07T13:36:49.6465076Z [1m[92m   Compiling[0m gl_generator v0.14.0
2026-10-07T13:36:49.8968180Z [1m[92m   Compiling[0m glib-macros v0.18.5
2026-10-07T13:36:50.0578878Z [1m[92m    Checking[0m av1-grain v0.2.5
2026-10-07T13:36:50.1697001Z [1m[92m    Checking[0m futures-executor v0.3.34
2026-10-07T13:36:50.2286203Z [1m[92m    Checking[0m bitstream-io v4.10.0
2026-10-07T13:36:50.3408252Z [1m[92m    Checking[0m flate2 v1.1.10
2026-10-07T13:36:50.5831036Z [1m[92m    Checking[0m maybe-rayon v0.1.1
2026-10-07T13:36:50.6084829Z [1m[92m    Checking[0m futures-channel v0.3.34
2026-10-07T13:36:50.6145391Z [1m[92m    Checking[0m itertools v0.14.0
2026-10-07T13:36:50.7119527Z [1m[92m    Checking[0m miniz_oxide v0.8.9
2026-10-07T13:36:50.9688775Z [1m[92m   Compiling[0m soup3-sys v0.5.0
2026-10-07T13:36:51.0938243Z [1m[92m    Checking[0m num-complex v0.4.6
2026-10-07T13:36:51.3496232Z [1m[92m   Compiling[0m wgpu v30.0.1
2026-10-07T13:36:51.5239583Z [1m[92m   Compiling[0m num-derive v0.4.2
2026-10-07T13:36:51.6828557Z [1m[92m    Checking[0m raw-cpuid v11.6.0
2026-10-07T13:36:51.9376541Z [1m[92m    Checking[0m wgpu-core-deps-windows-linux-android v30.0.1
2026-10-07T13:36:51.9608050Z [1m[92m   Compiling[0m simd_helpers v0.1.0
2026-10-07T13:36:52.0918161Z [1m[92m   Compiling[0m gio v0.18.4
2026-10-07T13:36:52.1517514Z [1m[92m   Compiling[0m noop_proc_macro v0.3.0
2026-10-07T13:36:52.1566397Z [1m[92m    Checking[0m imgref v1.12.3
2026-10-07T13:36:52.1749079Z [1m[92m    Checking[0m pulp-wasm-simd-flag v0.1.1
2026-10-07T13:36:52.1985259Z [1m[92m    Checking[0m new_debug_unreachable v1.0.6
2026-10-07T13:36:52.2221378Z [1m[92m    Checking[0m reborrow v0.5.5
2026-10-07T13:36:52.2499106Z [1m[92m    Checking[0m weezl v0.1.12
2026-10-07T13:36:52.2685337Z [1m[92m    Checking[0m zune-core v0.5.3
2026-10-07T13:36:52.2741687Z [1m[92m    Checking[0m loop9 v0.1.5
2026-10-07T13:36:52.4108819Z [1m[92m    Checking[0m zune-jpeg v0.5.15
2026-10-07T13:36:52.4289447Z [1m[92m    Checking[0m glib v0.18.5
2026-10-07T13:36:55.3112245Z [1m[92m   Compiling[0m grafting v0.6.0
2026-10-07T13:36:55.4374624Z [1m[92m    Checking[0m fdeflate v0.3.7
2026-10-07T13:36:55.6110437Z [1m[92m    Checking[0m zune-inflate v0.2.54
2026-10-07T13:36:55.7288464Z [1m[92m    Checking[0m avif-serialize v0.8.9
2026-10-07T13:36:55.8249846Z [1m[92m    Checking[0m futures-io v0.3.34
2026-10-07T13:36:55.8726198Z [1m[92m    Checking[0m fax v0.2.7
2026-10-07T13:36:55.9296631Z [1m[92m    Checking[0m color_quant v1.1.0
2026-10-07T13:36:55.9815526Z [1m[92m    Checking[0m byteorder-lite v0.1.0
2026-10-07T13:36:56.0121529Z [1m[92m    Checking[0m pxfm v0.1.30
2026-10-07T13:36:56.1098353Z [1m[92m    Checking[0m bit_field v0.10.3
2026-10-07T13:36:56.1675211Z [1m[92m   Compiling[0m by_address v1.2.1
2026-10-07T13:36:56.2139942Z [1m[92m    Checking[0m lebe v0.5.3
2026-10-07T13:36:56.2885371Z [1m[92m    Checking[0m rgb v0.8.53
2026-10-07T13:36:56.4758601Z [1m[92m    Checking[0m ravif v0.13.0
2026-10-07T13:36:56.6058791Z [1m[92m    Checking[0m exr v1.74.2
2026-10-07T13:36:57.6320182Z [1m[92m    Checking[0m moxcms v0.8.1
2026-10-07T13:36:57.9082781Z [1m[92m   Compiling[0m palette_derive v0.7.7
2026-10-07T13:36:58.4910921Z [1m[92m    Checking[0m image-webp v0.2.4
2026-10-07T13:36:58.5597764Z [1m[92m    Checking[0m tiff v0.11.3
2026-10-07T13:36:59.0841580Z [1m[92m    Checking[0m gif v0.14.2
2026-10-07T13:36:59.2211113Z [1m[92m    Checking[0m png v0.18.1
2026-10-07T13:36:59.3866185Z [1m[92m    Checking[0m qoi v0.4.1
2026-10-07T13:36:59.4939269Z [1m[92m   Compiling[0m scrying v0.7.2 (/__w/wgpu-scry/wgpu-scry/scrying)
2026-10-07T13:36:59.5796594Z [1m[92m    Checking[0m dpi v0.1.2
2026-10-07T13:36:59.6684306Z [1m[92m    Checking[0m palette_math v0.7.7
2026-10-07T13:36:59.7323123Z [1m[92m    Checking[0m palette v0.7.7
2026-10-07T13:37:00.0079049Z [1m[92m    Checking[0m image v0.25.10
2026-10-07T13:37:03.0003733Z [1m[92m    Checking[0m soup3 v0.5.0
2026-10-07T13:37:04.1878362Z [1m[92m    Finished[0m `dev` profile [unoptimized + debuginfo] target(s) in 32.51s
2026-10-07T13:37:04.2696743Z Post job cleanup.
2026-10-07T13:37:04.2703160Z ##[command]/usr/bin/docker exec  1202901c19b23472ff0b0ca588cec397bef680c0860cd53c2482b9ee38e1064a sh -c "cat /etc/*release | grep ^ID"
2026-10-07T13:37:04.4185724Z [command]/usr/sbin/git version
2026-10-07T13:37:04.4218235Z git version 2.56.0
2026-10-07T13:37:04.4254363Z Temporarily overriding HOME='/__w/_temp/758fd321-2c4e-477c-ba24-415838ae6a91' before making global git config changes
2026-10-07T13:37:04.4255602Z Adding repository directory to the temporary git global config as a safe directory
2026-10-07T13:37:04.4259220Z [command]/usr/sbin/git config --global --add safe.directory /__w/wgpu-scry/wgpu-scry
2026-10-07T13:37:04.4290547Z [command]/usr/sbin/git config --local --name-only --get-regexp core\.sshCommand
2026-10-07T13:37:04.4320497Z [command]/usr/sbin/git submodule foreach --recursive sh -c "git config --local --name-only --get-regexp 'core\.sshCommand' && git config --local --unset-all 'core.sshCommand' || :"
2026-10-07T13:37:04.4573610Z [command]/usr/sbin/git config --local --name-only --get-regexp http\.https\:\/\/github\.com\/\.extraheader
2026-10-07T13:37:04.4596927Z http.https://github.com/.extraheader
2026-10-07T13:37:04.4605365Z [command]/usr/sbin/git config --local --unset-all http.https://github.com/.extraheader
2026-10-07T13:37:04.4634811Z [command]/usr/sbin/git submodule foreach --recursive sh -c "git config --local --name-only --get-regexp 'http\.https\:\/\/github\.com\/\.extraheader' && git config --local --unset-all 'http.https://github.com/.extraheader' || :"
2026-10-07T13:37:04.4900235Z [command]/usr/sbin/git config --local --name-only --get-regexp ^includeIf\.gitdir:
2026-10-07T13:37:04.4931168Z [command]/usr/sbin/git submodule foreach --recursive git config --local --show-origin --name-only --get-regexp remote.origin.url
2026-10-07T13:37:04.5288380Z Stop and remove container: 69b8c4acd9c44222a7af2a3c176389e7_fedora44_9af3eb
2026-10-07T13:37:04.5291836Z ##[command]/usr/bin/docker rm --force 1202901c19b23472ff0b0ca588cec397bef680c0860cd53c2482b9ee38e1064a
2026-10-07T13:37:09.1334774Z 1202901c19b23472ff0b0ca588cec397bef680c0860cd53c2482b9ee38e1064a
2026-10-07T13:37:09.1361145Z Remove container network: github_network_43bb10cfa3aa46428c4e9aa4562fdbce
2026-10-07T13:37:09.1364437Z ##[command]/usr/bin/docker network rm github_network_43bb10cfa3aa46428c4e9aa4562fdbce
2026-10-07T13:37:09.2293830Z github_network_43bb10cfa3aa46428c4e9aa4562fdbce
2026-10-07T13:37:09.2359287Z Cleaning up orphan processes
2026-10-07T13:37:09.2641307Z ##[warning]Node.js 20 is deprecated. The following actions target Node.js 20 but are being forced to run on Node.js 24: actions/checkout@v4. For more information see: https://github.blog/changelog/2025-09-19-deprecation-of-node-20-on-github-actions-runners/
