2026-10-07T14:04:17.5015480Z Current runner version: '2.337.0'
2026-10-07T14:04:17.5017960Z Runner name: 'wgpu-imac-m4'
2026-10-07T14:04:17.5018280Z Runner group name: 'wgpu-hardware'
2026-10-07T14:04:17.5018730Z Machine name: 'Mayolas-iMac'
2026-10-07T14:04:17.5019940Z ##[group]GITHUB_TOKEN Permissions
2026-10-07T14:04:17.5020630Z Contents: read
2026-10-07T14:04:17.5020890Z Metadata: read
2026-10-07T14:04:17.5050390Z ##[endgroup]
2026-10-07T14:04:17.5051270Z Secret source: Actions
2026-10-07T14:04:17.5051640Z Cache mode: write
2026-10-07T14:04:17.5051920Z Prepare workflow directory
2026-10-07T14:04:17.5496920Z Prepare all required actions
2026-10-07T14:04:17.5520250Z Getting action download info
2026-10-07T14:04:17.9423700Z Download action repository 'actions/checkout@v4' (SHA:11d5960a326750d5838078e36cf38b85af677262)
2026-10-07T14:04:18.5012510Z Download action repository 'dtolnay/rust-toolchain@1.97.1' (SHA:9ca9f0b320e19763058bc9531663c225d20db487)
2026-10-07T14:04:18.7671690Z Download action repository 'astral-sh/setup-uv@20cfd1bf945f4377ade1205e4dbc17946fc9a30d' (SHA:20cfd1bf945f4377ade1205e4dbc17946fc9a30d)
2026-10-07T14:04:19.3320510Z Download action repository 'actions/upload-artifact@v4' (SHA:ea165f8d65b6e75b540449e92b4886f43607fa02)
2026-10-07T14:04:20.0303600Z Complete job name: Apple M4 registry-only triplet proof
2026-10-07T14:04:20.0559110Z ##[group]Run actions/checkout@v4
2026-10-07T14:04:20.0559360Z with:
2026-10-07T14:04:20.0559450Z   repository: merely-made/wgpu-graft
2026-10-07T14:04:20.0560580Z   token: ***
2026-10-07T14:04:20.0560670Z   ssh-strict: true
2026-10-07T14:04:20.0560750Z   ssh-user: git
2026-10-07T14:04:20.0560840Z   persist-credentials: true
2026-10-07T14:04:20.0560940Z   clean: true
2026-10-07T14:04:20.0561030Z   sparse-checkout-cone-mode: true
2026-10-07T14:04:20.0561140Z   fetch-depth: 1
2026-10-07T14:04:20.0561230Z   fetch-tags: false
2026-10-07T14:04:20.0561320Z   show-progress: true
2026-10-07T14:04:20.0561410Z   lfs: false
2026-10-07T14:04:20.0561490Z   submodules: false
2026-10-07T14:04:20.0561580Z   set-safe-directory: true
2026-10-07T14:04:20.0561690Z   allow-unsafe-pr-checkout: false
2026-10-07T14:04:20.0561860Z env:
2026-10-07T14:04:20.0561950Z   CARGO_NET_GIT_FETCH_WITH_CLI: true
2026-10-07T14:04:20.0562070Z   RUSTFLAGS: -D warnings
2026-10-07T14:04:20.0562180Z   GRAFTING_VERSION: 0.6.0
2026-10-07T14:04:20.0562280Z   SCRYING_VERSION: 0.7.2
2026-10-07T14:04:20.0562380Z   WELDING_VERSION: 0.14.1
2026-10-07T14:04:20.0562500Z   SCRY_SOURCE_REF: 4d8d1d3f8dd450b712960c90b74263a45b46e35b
2026-10-07T14:04:20.0562670Z   WELD_SOURCE_REF: c7b7b4c52138643e22580a918542e8e036a0b24a
2026-10-07T14:04:20.0562800Z   WGPU_BACKEND: metal
2026-10-07T14:04:20.0562910Z   CEF_PATH: /Users/markik/Code/cef-cache/wgpu-weld
2026-10-07T14:04:20.0563040Z   CAPTURE: 1
2026-10-07T14:04:20.0563130Z   TIMEOUT: 90
2026-10-07T14:04:20.0563210Z   VISIBLE: 1
2026-10-07T14:04:20.0563290Z   PROOF_HOST: m4
2026-10-07T14:04:20.0563370Z ##[endgroup]
2026-10-07T14:04:20.2392530Z Syncing repository: merely-made/wgpu-graft
2026-10-07T14:04:20.2393150Z ##[group]Getting Git version info
2026-10-07T14:04:20.2393430Z Working directory is '/Users/markik/actions-runner-wgpu/_work/wgpu-graft/wgpu-graft'
2026-10-07T14:04:20.2393730Z [command]/usr/bin/git version
2026-10-07T14:04:20.2463280Z git version 2.50.1 (Apple Git-155)
2026-10-07T14:04:20.2470890Z ##[endgroup]
2026-10-07T14:04:20.2473890Z Copying '/Users/markik/.gitconfig' to '/Users/markik/actions-runner-wgpu/_work/_temp/74b2165c-3fd4-48d7-822e-648fda985b59/.gitconfig'
2026-10-07T14:04:20.2477880Z Temporarily overriding HOME='/Users/markik/actions-runner-wgpu/_work/_temp/74b2165c-3fd4-48d7-822e-648fda985b59' before making global git config changes
2026-10-07T14:04:20.2478330Z Adding repository directory to the temporary git global config as a safe directory
2026-10-07T14:04:20.2480150Z [command]/usr/bin/git config --global --add safe.directory /Users/markik/actions-runner-wgpu/_work/wgpu-graft/wgpu-graft
2026-10-07T14:04:20.3413440Z [command]/usr/bin/git config --local --get remote.origin.url
2026-10-07T14:04:20.3479270Z https://github.com/merely-made/wgpu-graft
2026-10-07T14:04:20.3484520Z ##[group]Removing previously created refs, to avoid conflicts
2026-10-07T14:04:20.3486320Z [command]/usr/bin/git rev-parse --symbolic-full-name --verify --quiet HEAD
2026-10-07T14:04:20.3550460Z refs/heads/main
2026-10-07T14:04:20.3554510Z [command]/usr/bin/git checkout --detach
2026-10-07T14:04:20.4258880Z HEAD is now at dcab370 Keep registry triplet proof on immutable release fixtures
2026-10-07T14:04:20.4350170Z [command]/usr/bin/git branch --delete --force main
2026-10-07T14:04:20.4483890Z Deleted branch main (was dcab370).
2026-10-07T14:04:20.4560600Z ##[endgroup]
2026-10-07T14:04:20.4562340Z [command]/usr/bin/git submodule status
2026-10-07T14:04:20.5130200Z ##[group]Cleaning the repository
2026-10-07T14:04:20.5132200Z [command]/usr/bin/git clean -ffdx
2026-10-07T14:04:20.6075830Z Removing .registry-proof-source/
2026-10-07T14:04:20.6080700Z [command]/usr/bin/git reset --hard HEAD
2026-10-07T14:04:20.6277220Z HEAD is now at dcab370 Keep registry triplet proof on immutable release fixtures
2026-10-07T14:04:20.6279760Z ##[endgroup]
2026-10-07T14:04:20.6281030Z ##[group]Disabling automatic garbage collection
2026-10-07T14:04:20.6282650Z [command]/usr/bin/git config --local gc.auto 0
2026-10-07T14:04:20.6357180Z ##[endgroup]
2026-10-07T14:04:20.6357440Z ##[group]Setting up auth
2026-10-07T14:04:20.6359890Z [command]/usr/bin/git config --local --name-only --get-regexp core\.sshCommand
2026-10-07T14:04:20.6424390Z [command]/usr/bin/git submodule foreach --recursive sh -c "git config --local --name-only --get-regexp 'core\.sshCommand' && git config --local --unset-all 'core.sshCommand' || :"
2026-10-07T14:04:20.6942430Z [command]/usr/bin/git config --local --name-only --get-regexp http\.https\:\/\/github\.com\/\.extraheader
2026-10-07T14:04:20.7014080Z [command]/usr/bin/git submodule foreach --recursive sh -c "git config --local --name-only --get-regexp 'http\.https\:\/\/github\.com\/\.extraheader' && git config --local --unset-all 'http.https://github.com/.extraheader' || :"
2026-10-07T14:04:20.7541760Z [command]/usr/bin/git config --local --name-only --get-regexp ^includeIf\.gitdir:
2026-10-07T14:04:20.7614690Z [command]/usr/bin/git submodule foreach --recursive git config --local --show-origin --name-only --get-regexp remote.origin.url
2026-10-07T14:04:20.8136180Z [command]/usr/bin/git config --local http.https://github.com/.extraheader AUTHORIZATION: basic ***
2026-10-07T14:04:20.8222200Z ##[endgroup]
2026-10-07T14:04:20.8222460Z ##[group]Fetching the repository
2026-10-07T14:04:20.8225590Z [command]/usr/bin/git -c protocol.version=2 fetch --no-tags --prune --no-recurse-submodules --depth=1 origin +e8ffee2d6b680154cae645d54a340116f08acb5d:refs/remotes/origin/main
2026-10-07T14:04:21.3552140Z From https://github.com/merely-made/wgpu-graft
2026-10-07T14:04:21.3552520Z  + dcab370...e8ffee2 e8ffee2d6b680154cae645d54a340116f08acb5d -> origin/main  (forced update)
2026-10-07T14:04:21.3597830Z ##[endgroup]
2026-10-07T14:04:21.3610700Z ##[group]Determining the checkout info
2026-10-07T14:04:21.3612770Z ##[endgroup]
2026-10-07T14:04:21.3613130Z [command]/usr/bin/git sparse-checkout disable
2026-10-07T14:04:21.3696910Z [command]/usr/bin/git config --local --unset-all extensions.worktreeConfig
2026-10-07T14:04:21.3763280Z ##[group]Checking out the ref
2026-10-07T14:04:21.3765030Z [command]/usr/bin/git checkout --progress --force -B main refs/remotes/origin/main
2026-10-07T14:04:21.3889260Z Warning: you are leaving 1 commit behind, not connected to
2026-10-07T14:04:21.3889480Z any of your branches:
2026-10-07T14:04:21.3889580Z 
2026-10-07T14:04:21.3889670Z   dcab370 Keep registry triplet proof on immutable release fixtures
2026-10-07T14:04:21.3889840Z 
2026-10-07T14:04:21.3889950Z If you want to keep it by creating a new branch, this may be a good time
2026-10-07T14:04:21.3890160Z to do so with:
2026-10-07T14:04:21.3890240Z 
2026-10-07T14:04:21.3890320Z  git branch <new-branch-name> dcab370
2026-10-07T14:04:21.3890410Z 
2026-10-07T14:04:21.3901050Z Switched to a new branch 'main'
2026-10-07T14:04:21.3904290Z branch 'main' set up to track 'origin/main'.
2026-10-07T14:04:21.3908350Z ##[endgroup]
2026-10-07T14:04:21.3996340Z [command]/usr/bin/git log -1 --format=%H
2026-10-07T14:04:21.4066490Z e8ffee2d6b680154cae645d54a340116f08acb5d
2026-10-07T14:04:21.4181040Z ##[group]Run ./.github/actions/host-hardware-lock
2026-10-07T14:04:21.4181210Z with:
2026-10-07T14:04:21.4181320Z   timeout_seconds: 7200
2026-10-07T14:04:21.4181450Z   stale_seconds: 14400
2026-10-07T14:04:21.4181560Z   poll_seconds: 5
2026-10-07T14:04:21.4181690Z env:
2026-10-07T14:04:21.4181800Z   CARGO_NET_GIT_FETCH_WITH_CLI: true
2026-10-07T14:04:21.4181920Z   RUSTFLAGS: -D warnings
2026-10-07T14:04:21.4182010Z   GRAFTING_VERSION: 0.6.0
2026-10-07T14:04:21.4182140Z   SCRYING_VERSION: 0.7.2
2026-10-07T14:04:21.4182260Z   WELDING_VERSION: 0.14.1
2026-10-07T14:04:21.4182400Z   SCRY_SOURCE_REF: 4d8d1d3f8dd450b712960c90b74263a45b46e35b
2026-10-07T14:04:21.4182580Z   WELD_SOURCE_REF: c7b7b4c52138643e22580a918542e8e036a0b24a
2026-10-07T14:04:21.4182740Z   WGPU_BACKEND: metal
2026-10-07T14:04:21.4182860Z   CEF_PATH: /Users/markik/Code/cef-cache/wgpu-weld
2026-10-07T14:04:21.4183010Z   CAPTURE: 1
2026-10-07T14:04:21.4183090Z   TIMEOUT: 90
2026-10-07T14:04:21.4183190Z   VISIBLE: 1
2026-10-07T14:04:21.4183310Z   PROOF_HOST: m4
2026-10-07T14:04:21.4183410Z ##[endgroup]
2026-10-07T14:04:21.4591230Z Acquired host hardware lock at /var/folders/96/dck6q6xj3490x43zr8fb8pbm0000gp/T/merely-wgpu-hardware-lock/host.lock
2026-10-07T14:04:21.4684970Z ##[group]Run dtolnay/rust-toolchain@1.97.1
2026-10-07T14:04:21.4685150Z with:
2026-10-07T14:04:21.4685250Z env:
2026-10-07T14:04:21.4685360Z   CARGO_NET_GIT_FETCH_WITH_CLI: true
2026-10-07T14:04:21.4685500Z   RUSTFLAGS: -D warnings
2026-10-07T14:04:21.4685620Z   GRAFTING_VERSION: 0.6.0
2026-10-07T14:04:21.4685750Z   SCRYING_VERSION: 0.7.2
2026-10-07T14:04:21.4685860Z   WELDING_VERSION: 0.14.1
2026-10-07T14:04:21.4686020Z   SCRY_SOURCE_REF: 4d8d1d3f8dd450b712960c90b74263a45b46e35b
2026-10-07T14:04:21.4686230Z   WELD_SOURCE_REF: c7b7b4c52138643e22580a918542e8e036a0b24a
2026-10-07T14:04:21.4686400Z   WGPU_BACKEND: metal
2026-10-07T14:04:21.4686530Z   CEF_PATH: /Users/markik/Code/cef-cache/wgpu-weld
2026-10-07T14:04:21.4686670Z   CAPTURE: 1
2026-10-07T14:04:21.4686760Z   TIMEOUT: 90
2026-10-07T14:04:21.4686860Z   VISIBLE: 1
2026-10-07T14:04:21.4686950Z   PROOF_HOST: m4
2026-10-07T14:04:21.4687050Z ##[endgroup]
2026-10-07T14:04:21.4719930Z ##[start-action display=Parse toolchain version;id=__dtolnay_rust-toolchain.parse]
2026-10-07T14:04:21.4744530Z ##[group]Run if [[ -z $toolchain ]]; then
2026-10-07T14:04:21.4744770Z [36;1mif [[ -z $toolchain ]]; then[0m
2026-10-07T14:04:21.4745030Z [36;1m  # GitHub does not enforce `required: true` inputs itself. https://github.com/actions/runner/issues/1070[0m
2026-10-07T14:04:21.4745290Z [36;1m  echo "'toolchain' is a required input" >&2[0m
2026-10-07T14:04:21.4745470Z [36;1m  exit 1[0m
2026-10-07T14:04:21.4745650Z [36;1melif [[ $toolchain =~ ^stable' '[0-9]+' '(year|month|week|day)s?' 'ago$ ]]; then[0m
2026-10-07T14:04:21.4745880Z [36;1m  if [[ macOS == macOS ]]; then[0m
2026-10-07T14:04:21.4746140Z [36;1m    echo "toolchain=1.$((($(date -v-$(sed 's/stable \([0-9]*\) \(.\).*/\1\2/' <<< $toolchain) +%s)/60/60/24-16569)/7/6))" >> $GITHUB_OUTPUT[0m
2026-10-07T14:04:21.4746400Z [36;1m  else[0m
2026-10-07T14:04:21.4746590Z [36;1m    echo "toolchain=1.$((($(date --date "${toolchain#stable }" +%s)/60/60/24-16569)/7/6))" >> $GITHUB_OUTPUT[0m
2026-10-07T14:04:21.4746810Z [36;1m  fi[0m
2026-10-07T14:04:21.4746960Z [36;1melif [[ $toolchain =~ ^stable' 'minus' '[0-9]+' 'releases?$ ]]; then[0m
2026-10-07T14:04:21.4747220Z [36;1m  echo "toolchain=1.$((($(date +%s)/60/60/24-16569)/7/6-${toolchain//[^0-9]/}))" >> $GITHUB_OUTPUT[0m
2026-10-07T14:04:21.4747460Z [36;1melif [[ $toolchain =~ ^1\.[0-9]+$ ]]; then[0m
2026-10-07T14:04:21.4747710Z [36;1m  echo "toolchain=1.$((i=${toolchain#1.}, c=($(date +%s)/60/60/24-16569)/7/6, i+9*i*(10*i<=c)+90*i*(100*i<=c)))" >> $GITHUB_OUTPUT[0m
2026-10-07T14:04:21.4748080Z [36;1melse[0m
2026-10-07T14:04:21.4748230Z [36;1m  echo "toolchain=$toolchain" >> $GITHUB_OUTPUT[0m
2026-10-07T14:04:21.4748370Z [36;1mfi[0m
2026-10-07T14:04:21.4756480Z shell: /bin/bash --noprofile --norc -e -o pipefail {0}
2026-10-07T14:04:21.4756640Z env:
2026-10-07T14:04:21.4756730Z   CARGO_NET_GIT_FETCH_WITH_CLI: true
2026-10-07T14:04:21.4766700Z   RUSTFLAGS: -D warnings
2026-10-07T14:04:21.4766820Z   GRAFTING_VERSION: 0.6.0
2026-10-07T14:04:21.4766940Z   SCRYING_VERSION: 0.7.2
2026-10-07T14:04:21.4767030Z   WELDING_VERSION: 0.14.1
2026-10-07T14:04:21.4767180Z   SCRY_SOURCE_REF: 4d8d1d3f8dd450b712960c90b74263a45b46e35b
2026-10-07T14:04:21.4767360Z   WELD_SOURCE_REF: c7b7b4c52138643e22580a918542e8e036a0b24a
2026-10-07T14:04:21.4767510Z   WGPU_BACKEND: metal
2026-10-07T14:04:21.4767630Z   CEF_PATH: /Users/markik/Code/cef-cache/wgpu-weld
2026-10-07T14:04:21.4767790Z   CAPTURE: 1
2026-10-07T14:04:21.4767870Z   TIMEOUT: 90
2026-10-07T14:04:21.4767970Z   VISIBLE: 1
2026-10-07T14:04:21.4768060Z   PROOF_HOST: m4
2026-10-07T14:04:21.4768140Z   toolchain: 1.97.1
2026-10-07T14:04:21.4768230Z ##[endgroup]
2026-10-07T14:04:21.5014080Z ##[end-action id=__dtolnay_rust-toolchain.parse;outcome=success;conclusion=success;duration_ms=29]
2026-10-07T14:04:21.5019520Z ##[start-action display=Construct rustup command line;id=__dtolnay_rust-toolchain.flags]
2026-10-07T14:04:21.5033990Z ##[group]Run echo "targets=$(for t in ${targets//,/ }; do echo -n ' --target' $t; done)" >> $GITHUB_OUTPUT
2026-10-07T14:04:21.5034320Z [36;1mecho "targets=$(for t in ${targets//,/ }; do echo -n ' --target' $t; done)" >> $GITHUB_OUTPUT[0m
2026-10-07T14:04:21.5034620Z [36;1mecho "components=$(for c in ${components//,/ }; do echo -n ' --component' $c; done)" >> $GITHUB_OUTPUT[0m
2026-10-07T14:04:21.5034850Z [36;1mecho "downgrade=" >> $GITHUB_OUTPUT[0m
2026-10-07T14:04:21.5041250Z shell: /bin/bash --noprofile --norc -e -o pipefail {0}
2026-10-07T14:04:21.5041450Z env:
2026-10-07T14:04:21.5041540Z   CARGO_NET_GIT_FETCH_WITH_CLI: true
2026-10-07T14:04:21.5041680Z   RUSTFLAGS: -D warnings
2026-10-07T14:04:21.5041810Z   GRAFTING_VERSION: 0.6.0
2026-10-07T14:04:21.5041920Z   SCRYING_VERSION: 0.7.2
2026-10-07T14:04:21.5042050Z   WELDING_VERSION: 0.14.1
2026-10-07T14:04:21.5042190Z   SCRY_SOURCE_REF: 4d8d1d3f8dd450b712960c90b74263a45b46e35b
2026-10-07T14:04:21.5042380Z   WELD_SOURCE_REF: c7b7b4c52138643e22580a918542e8e036a0b24a
2026-10-07T14:04:21.5042530Z   WGPU_BACKEND: metal
2026-10-07T14:04:21.5042660Z   CEF_PATH: /Users/markik/Code/cef-cache/wgpu-weld
2026-10-07T14:04:21.5042790Z   CAPTURE: 1
2026-10-07T14:04:21.5042890Z   TIMEOUT: 90
2026-10-07T14:04:21.5042970Z   VISIBLE: 1
2026-10-07T14:04:21.5043080Z   PROOF_HOST: m4
2026-10-07T14:04:21.5043180Z   targets: 
2026-10-07T14:04:21.5043260Z   components: 
2026-10-07T14:04:21.5043360Z ##[endgroup]
2026-10-07T14:04:21.5271200Z ##[end-action id=__dtolnay_rust-toolchain.flags;outcome=success;conclusion=success;duration_ms=25]
2026-10-07T14:04:21.5272630Z ##[start-action display=Set $CARGO_HOME;id=__dtolnay_rust-toolchain.__run]
2026-10-07T14:04:21.5283590Z ##[group]Run echo CARGO_HOME=${CARGO_HOME:-"$HOME/.cargo"} >> $GITHUB_ENV
2026-10-07T14:04:21.5283820Z [36;1mecho CARGO_HOME=${CARGO_HOME:-"$HOME/.cargo"} >> $GITHUB_ENV[0m
2026-10-07T14:04:21.5291210Z shell: /bin/bash --noprofile --norc -e -o pipefail {0}
2026-10-07T14:04:21.5291380Z env:
2026-10-07T14:04:21.5291480Z   CARGO_NET_GIT_FETCH_WITH_CLI: true
2026-10-07T14:04:21.5291630Z   RUSTFLAGS: -D warnings
2026-10-07T14:04:21.5291760Z   GRAFTING_VERSION: 0.6.0
2026-10-07T14:04:21.5291880Z   SCRYING_VERSION: 0.7.2
2026-10-07T14:04:21.5292000Z   WELDING_VERSION: 0.14.1
2026-10-07T14:04:21.5292130Z   SCRY_SOURCE_REF: 4d8d1d3f8dd450b712960c90b74263a45b46e35b
2026-10-07T14:04:21.5292320Z   WELD_SOURCE_REF: c7b7b4c52138643e22580a918542e8e036a0b24a
2026-10-07T14:04:21.5292470Z   WGPU_BACKEND: metal
2026-10-07T14:04:21.5292600Z   CEF_PATH: /Users/markik/Code/cef-cache/wgpu-weld
2026-10-07T14:04:21.5292910Z   CAPTURE: 1
2026-10-07T14:04:21.5293010Z   TIMEOUT: 90
2026-10-07T14:04:21.5293110Z   VISIBLE: 1
2026-10-07T14:04:21.5293200Z   PROOF_HOST: m4
2026-10-07T14:04:21.5293310Z ##[endgroup]
2026-10-07T14:04:21.5518250Z ##[end-action id=__dtolnay_rust-toolchain.__run;outcome=success;conclusion=success;duration_ms=24]
2026-10-07T14:04:21.5519560Z ##[start-action display=Install rustup if needed;id=__dtolnay_rust-toolchain.__run_2]
2026-10-07T14:04:21.5532560Z ##[group]Run if ! command -v rustup &>/dev/null; then
2026-10-07T14:04:21.5532750Z [36;1mif ! command -v rustup &>/dev/null; then[0m
2026-10-07T14:04:21.5533110Z [36;1m  curl --proto '=https' --tlsv1.2 --retry 10 --retry-connrefused --location --silent --show-error --fail https://sh.rustup.rs | sh -s -- --default-toolchain none -y[0m
2026-10-07T14:04:21.5533470Z [36;1m  echo "$CARGO_HOME/bin" >> $GITHUB_PATH[0m
2026-10-07T14:04:21.5533610Z [36;1mfi[0m
2026-10-07T14:04:21.5539790Z shell: /bin/bash --noprofile --norc -e -o pipefail {0}
2026-10-07T14:04:21.5539980Z env:
2026-10-07T14:04:21.5540090Z   CARGO_NET_GIT_FETCH_WITH_CLI: true
2026-10-07T14:04:21.5540220Z   RUSTFLAGS: -D warnings
2026-10-07T14:04:21.5540360Z   GRAFTING_VERSION: 0.6.0
2026-10-07T14:04:21.5540470Z   SCRYING_VERSION: 0.7.2
2026-10-07T14:04:21.5540600Z   WELDING_VERSION: 0.14.1
2026-10-07T14:04:21.5540760Z   SCRY_SOURCE_REF: 4d8d1d3f8dd450b712960c90b74263a45b46e35b
2026-10-07T14:04:21.5540940Z   WELD_SOURCE_REF: c7b7b4c52138643e22580a918542e8e036a0b24a
2026-10-07T14:04:21.5541220Z   WGPU_BACKEND: metal
2026-10-07T14:04:21.5541350Z   CEF_PATH: /Users/markik/Code/cef-cache/wgpu-weld
2026-10-07T14:04:21.5541510Z   CAPTURE: 1
2026-10-07T14:04:21.5541610Z   TIMEOUT: 90
2026-10-07T14:04:21.5541720Z   VISIBLE: 1
2026-10-07T14:04:21.5541810Z   PROOF_HOST: m4
2026-10-07T14:04:21.5541940Z   CARGO_HOME: /Users/markik/.cargo
2026-10-07T14:04:21.5542080Z ##[endgroup]
2026-10-07T14:04:21.8769340Z info: downloading installer
2026-10-07T14:04:22.7785170Z warn: it looks like you have an existing rustup settings file at:
2026-10-07T14:04:22.7785970Z warn: /Users/markik/.rustup/settings.toml
2026-10-07T14:04:22.7786650Z warn: rustup will install the default toolchain as specified in the settings file,
2026-10-07T14:04:22.7787440Z warn: instead of the one inferred from the default host tuple.
2026-10-07T14:04:22.7968370Z info: profile set to default
2026-10-07T14:04:22.7969020Z info: default host tuple is aarch64-apple-darwin
2026-10-07T14:04:22.7969600Z info: skipping toolchain installation
2026-10-07T14:04:22.7970070Z 
2026-10-07T14:04:22.7973460Z 
2026-10-07T14:04:22.7973920Z Rust is installed now. Great!
2026-10-07T14:04:22.7974240Z 
2026-10-07T14:04:22.7974540Z To get started you may need to restart your current shell.
2026-10-07T14:04:22.7975290Z This would reload your PATH environment variable to include
2026-10-07T14:04:22.7975980Z Cargo's bin directory ($HOME/.cargo/bin).
2026-10-07T14:04:22.7976370Z 
2026-10-07T14:04:22.7979120Z To configure your current shell, you need to source the
2026-10-07T14:04:22.7979920Z corresponding env file under $HOME/.cargo.
2026-10-07T14:04:22.7980300Z 
2026-10-07T14:04:22.7980680Z Consider running the right command for your shell (note the leading DOT):
2026-10-07T14:04:22.7983820Z . "$HOME/.cargo/env"           # For sh/ash/dash/pdksh/zsh
2026-10-07T14:04:22.7984350Z source "$HOME/.cargo/env.tcsh" # For tcsh
2026-10-07T14:04:22.8183670Z ##[end-action id=__dtolnay_rust-toolchain.__run_2;outcome=success;conclusion=success;duration_ms=1266]
2026-10-07T14:04:22.8185350Z ##[start-action display=Install rustup if needed on windows;id=__dtolnay_rust-toolchain.__run_3]
2026-10-07T14:04:22.8189140Z ##[end-action id=__dtolnay_rust-toolchain.__run_3;outcome=skipped;conclusion=skipped;duration_ms=0]
2026-10-07T14:04:22.8193560Z ##[start-action display=rustup toolchain install 1.97.1;id=__dtolnay_rust-toolchain.__run_4]
2026-10-07T14:04:22.8204070Z ##[group]Run log=$(mktemp)
2026-10-07T14:04:22.8204230Z [36;1mlog=$(mktemp)[0m
2026-10-07T14:04:22.8204360Z [36;1mtrap 'rm -f "$log"' EXIT[0m
2026-10-07T14:04:22.8204690Z [36;1mfor attempt in 1 2 3 4 5; do[0m
2026-10-07T14:04:22.8204960Z [36;1m  if rustup toolchain install 1.97.1 --profile minimal --no-self-update --force-non-host 2>&1 | tee "$log"; then[0m
2026-10-07T14:04:22.8205180Z [36;1m    break[0m
2026-10-07T14:04:22.8205260Z [36;1m  else[0m
2026-10-07T14:04:22.8205340Z [36;1m    status=$?[0m
2026-10-07T14:04:22.8205430Z [36;1m  fi[0m
2026-10-07T14:04:22.8205560Z [36;1m  if [[ $attempt == 5 ]] || ! grep -Fq 'checksum failed for ' "$log" \[0m
2026-10-07T14:04:22.8205810Z [36;1m      || ! grep -Fq 'this is likely due to an ongoing update of the official release server' "$log"; then[0m
2026-10-07T14:04:22.8206020Z [36;1m    exit "$status"[0m
2026-10-07T14:04:22.8206110Z [36;1m  fi[0m
2026-10-07T14:04:22.8206280Z [36;1m  echo "Retrying rustup toolchain install in 30 seconds (retry $attempt of 4)" >&2[0m
2026-10-07T14:04:22.8206470Z [36;1m  sleep 30[0m
2026-10-07T14:04:22.8206560Z [36;1mdone[0m
2026-10-07T14:04:22.8214350Z shell: /bin/bash --noprofile --norc -e -o pipefail {0}
2026-10-07T14:04:22.8214490Z env:
2026-10-07T14:04:22.8214570Z   CARGO_NET_GIT_FETCH_WITH_CLI: true
2026-10-07T14:04:22.8214720Z   RUSTFLAGS: -D warnings
2026-10-07T14:04:22.8214820Z   GRAFTING_VERSION: 0.6.0
2026-10-07T14:04:22.8214940Z   SCRYING_VERSION: 0.7.2
2026-10-07T14:04:22.8215050Z   WELDING_VERSION: 0.14.1
2026-10-07T14:04:22.8215190Z   SCRY_SOURCE_REF: 4d8d1d3f8dd450b712960c90b74263a45b46e35b
2026-10-07T14:04:22.8215510Z   WELD_SOURCE_REF: c7b7b4c52138643e22580a918542e8e036a0b24a
2026-10-07T14:04:22.8215660Z   WGPU_BACKEND: metal
2026-10-07T14:04:22.8215800Z   CEF_PATH: /Users/markik/Code/cef-cache/wgpu-weld
2026-10-07T14:04:22.8215940Z   CAPTURE: 1
2026-10-07T14:04:22.8216040Z   TIMEOUT: 90
2026-10-07T14:04:22.8216130Z   VISIBLE: 1
2026-10-07T14:04:22.8216230Z   PROOF_HOST: m4
2026-10-07T14:04:22.8216330Z   CARGO_HOME: /Users/markik/.cargo
2026-10-07T14:04:22.8216440Z   RUSTUP_PERMIT_COPY_RENAME: 1
2026-10-07T14:04:22.8216560Z ##[endgroup]
2026-10-07T14:04:23.2632970Z info: syncing channel updates for 1.97.1-aarch64-apple-darwin
2026-10-07T14:04:23.6705960Z 
2026-10-07T14:04:23.7015330Z   1.97.1-aarch64-apple-darwin unchanged - rustc 1.97.1 (8bab26f4f 2026-07-14)
2026-10-07T14:04:23.7015790Z 
2026-10-07T14:04:23.7110660Z ##[end-action id=__dtolnay_rust-toolchain.__run_4;outcome=success;conclusion=success;duration_ms=891]
2026-10-07T14:04:23.7115390Z ##[start-action display=rustup default 1.97.1;id=__dtolnay_rust-toolchain.__run_5]
2026-10-07T14:04:23.7137310Z ##[group]Run rustup default 1.97.1 --force-non-host
2026-10-07T14:04:23.7137740Z [36;1mrustup default 1.97.1 --force-non-host[0m
2026-10-07T14:04:23.7153510Z shell: /bin/bash --noprofile --norc -e -o pipefail {0}
2026-10-07T14:04:23.7153840Z env:
2026-10-07T14:04:23.7154100Z   CARGO_NET_GIT_FETCH_WITH_CLI: true
2026-10-07T14:04:23.7154360Z   RUSTFLAGS: -D warnings
2026-10-07T14:04:23.7154600Z   GRAFTING_VERSION: 0.6.0
2026-10-07T14:04:23.7154840Z   SCRYING_VERSION: 0.7.2
2026-10-07T14:04:23.7155120Z   WELDING_VERSION: 0.14.1
2026-10-07T14:04:23.7155420Z   SCRY_SOURCE_REF: 4d8d1d3f8dd450b712960c90b74263a45b46e35b
2026-10-07T14:04:23.7155830Z   WELD_SOURCE_REF: c7b7b4c52138643e22580a918542e8e036a0b24a
2026-10-07T14:04:23.7156150Z   WGPU_BACKEND: metal
2026-10-07T14:04:23.7156420Z   CEF_PATH: /Users/markik/Code/cef-cache/wgpu-weld
2026-10-07T14:04:23.7156740Z   CAPTURE: 1
2026-10-07T14:04:23.7156920Z   TIMEOUT: 90
2026-10-07T14:04:23.7157120Z   VISIBLE: 1
2026-10-07T14:04:23.7157310Z   PROOF_HOST: m4
2026-10-07T14:04:23.7157560Z   CARGO_HOME: /Users/markik/.cargo
2026-10-07T14:04:23.7157830Z ##[endgroup]
2026-10-07T14:04:23.7828160Z info: using existing install for 1.97.1-aarch64-apple-darwin
2026-10-07T14:04:23.7894230Z info: default toolchain set to 1.97.1-aarch64-apple-darwin
2026-10-07T14:04:23.7894390Z 
2026-10-07T14:04:23.7962260Z   1.97.1-aarch64-apple-darwin unchanged - rustc 1.97.1 (8bab26f4f 2026-07-14)
2026-10-07T14:04:23.7962440Z 
2026-10-07T14:04:23.7965630Z info: note that the toolchain '1.97.1-aarch64-apple-darwin' is currently in use (overridden by '/Users/markik/actions-runner-wgpu/_work/wgpu-graft/wgpu-graft/rust-toolchain.toml')
2026-10-07T14:04:23.7976810Z ##[end-action id=__dtolnay_rust-toolchain.__run_5;outcome=success;conclusion=success;duration_ms=86]
2026-10-07T14:04:23.7978250Z ##[start-action display=Create cachekey;id=__dtolnay_rust-toolchain.rustc-version]
2026-10-07T14:04:23.7988640Z ##[group]Run DATE=$(rustc +1.97.1 --version --verbose | sed -ne 's/^commit-date: \(20[0-9][0-9]\)-\([01][0-9]\)-\([0-3][0-9]\)$/\1\2\3/p')
2026-10-07T14:04:23.7989030Z [36;1mDATE=$(rustc +1.97.1 --version --verbose | sed -ne 's/^commit-date: \(20[0-9][0-9]\)-\([01][0-9]\)-\([0-3][0-9]\)$/\1\2\3/p')[0m
2026-10-07T14:04:23.7989330Z [36;1mHASH=$(rustc +1.97.1 --version --verbose | sed -ne 's/^commit-hash: //p')[0m
2026-10-07T14:04:23.7989570Z [36;1mecho "cachekey=$(echo $DATE$HASH | head -c12)" >> $GITHUB_OUTPUT[0m
2026-10-07T14:04:23.7996370Z shell: /bin/bash --noprofile --norc -e -o pipefail {0}
2026-10-07T14:04:23.7996520Z env:
2026-10-07T14:04:23.7996630Z   CARGO_NET_GIT_FETCH_WITH_CLI: true
2026-10-07T14:04:23.7996750Z   RUSTFLAGS: -D warnings
2026-10-07T14:04:23.7996870Z   GRAFTING_VERSION: 0.6.0
2026-10-07T14:04:23.7996970Z   SCRYING_VERSION: 0.7.2
2026-10-07T14:04:23.7997090Z   WELDING_VERSION: 0.14.1
2026-10-07T14:04:23.7997230Z   SCRY_SOURCE_REF: 4d8d1d3f8dd450b712960c90b74263a45b46e35b
2026-10-07T14:04:23.7997530Z   WELD_SOURCE_REF: c7b7b4c52138643e22580a918542e8e036a0b24a
2026-10-07T14:04:23.7997700Z   WGPU_BACKEND: metal
2026-10-07T14:04:23.7997820Z   CEF_PATH: /Users/markik/Code/cef-cache/wgpu-weld
2026-10-07T14:04:23.7997960Z   CAPTURE: 1
2026-10-07T14:04:23.7998050Z   TIMEOUT: 90
2026-10-07T14:04:23.7998140Z   VISIBLE: 1
2026-10-07T14:04:23.7998230Z   PROOF_HOST: m4
2026-10-07T14:04:23.7998340Z   CARGO_HOME: /Users/markik/.cargo
2026-10-07T14:04:23.7998460Z ##[endgroup]
2026-10-07T14:04:23.8705250Z ##[end-action id=__dtolnay_rust-toolchain.rustc-version;outcome=success;conclusion=success;duration_ms=72]
2026-10-07T14:04:23.8706680Z ##[start-action display=Disable incremental compilation;id=__dtolnay_rust-toolchain.__run_6]
2026-10-07T14:04:23.8716410Z ##[group]Run if [ -z "${CARGO_INCREMENTAL+set}" ]; then
2026-10-07T14:04:23.8716610Z [36;1mif [ -z "${CARGO_INCREMENTAL+set}" ]; then[0m
2026-10-07T14:04:23.8716810Z [36;1m  echo CARGO_INCREMENTAL=0 >> $GITHUB_ENV[0m
2026-10-07T14:04:23.8716990Z [36;1mfi[0m
2026-10-07T14:04:23.8723760Z shell: /bin/bash --noprofile --norc -e -o pipefail {0}
2026-10-07T14:04:23.8723930Z env:
2026-10-07T14:04:23.8724070Z   CARGO_NET_GIT_FETCH_WITH_CLI: true
2026-10-07T14:04:23.8724210Z   RUSTFLAGS: -D warnings
2026-10-07T14:04:23.8724350Z   GRAFTING_VERSION: 0.6.0
2026-10-07T14:04:23.8733820Z   SCRYING_VERSION: 0.7.2
2026-10-07T14:04:23.8733950Z   WELDING_VERSION: 0.14.1
2026-10-07T14:04:23.8734080Z   SCRY_SOURCE_REF: 4d8d1d3f8dd450b712960c90b74263a45b46e35b
2026-10-07T14:04:23.8734290Z   WELD_SOURCE_REF: c7b7b4c52138643e22580a918542e8e036a0b24a
2026-10-07T14:04:23.8734460Z   WGPU_BACKEND: metal
2026-10-07T14:04:23.8734590Z   CEF_PATH: /Users/markik/Code/cef-cache/wgpu-weld
2026-10-07T14:04:23.8734730Z   CAPTURE: 1
2026-10-07T14:04:23.8734830Z   TIMEOUT: 90
2026-10-07T14:04:23.8734910Z   VISIBLE: 1
2026-10-07T14:04:23.8735000Z   PROOF_HOST: m4
2026-10-07T14:04:23.8735100Z   CARGO_HOME: /Users/markik/.cargo
2026-10-07T14:04:23.8735230Z ##[endgroup]
2026-10-07T14:04:23.9083170Z ##[end-action id=__dtolnay_rust-toolchain.__run_6;outcome=success;conclusion=success;duration_ms=37]
2026-10-07T14:04:23.9084500Z ##[start-action display=Enable colors in Cargo output;id=__dtolnay_rust-toolchain.__run_7]
2026-10-07T14:04:23.9094150Z ##[group]Run if [ -z "${CARGO_TERM_COLOR+set}" ]; then
2026-10-07T14:04:23.9094340Z [36;1mif [ -z "${CARGO_TERM_COLOR+set}" ]; then[0m
2026-10-07T14:04:23.9094520Z [36;1m  echo CARGO_TERM_COLOR=always >> $GITHUB_ENV[0m
2026-10-07T14:04:23.9094660Z [36;1mfi[0m
2026-10-07T14:04:23.9101480Z shell: /bin/bash --noprofile --norc -e -o pipefail {0}
2026-10-07T14:04:23.9101770Z env:
2026-10-07T14:04:23.9101890Z   CARGO_NET_GIT_FETCH_WITH_CLI: true
2026-10-07T14:04:23.9102020Z   RUSTFLAGS: -D warnings
2026-10-07T14:04:23.9102150Z   GRAFTING_VERSION: 0.6.0
2026-10-07T14:04:23.9102260Z   SCRYING_VERSION: 0.7.2
2026-10-07T14:04:23.9102380Z   WELDING_VERSION: 0.14.1
2026-10-07T14:04:23.9102520Z   SCRY_SOURCE_REF: 4d8d1d3f8dd450b712960c90b74263a45b46e35b
2026-10-07T14:04:23.9102720Z   WELD_SOURCE_REF: c7b7b4c52138643e22580a918542e8e036a0b24a
2026-10-07T14:04:23.9102860Z   WGPU_BACKEND: metal
2026-10-07T14:04:23.9103010Z   CEF_PATH: /Users/markik/Code/cef-cache/wgpu-weld
2026-10-07T14:04:23.9103140Z   CAPTURE: 1
2026-10-07T14:04:23.9103250Z   TIMEOUT: 90
2026-10-07T14:04:23.9103360Z   VISIBLE: 1
2026-10-07T14:04:23.9103450Z   PROOF_HOST: m4
2026-10-07T14:04:23.9103570Z   CARGO_HOME: /Users/markik/.cargo
2026-10-07T14:04:23.9103690Z   CARGO_INCREMENTAL: 0
2026-10-07T14:04:23.9103810Z ##[endgroup]
2026-10-07T14:04:23.9325640Z ##[end-action id=__dtolnay_rust-toolchain.__run_7;outcome=success;conclusion=success;duration_ms=24]
2026-10-07T14:04:23.9326930Z ##[start-action display=Enable Cargo sparse registry;id=__dtolnay_rust-toolchain.__run_8]
2026-10-07T14:04:23.9336940Z ##[group]Run # implemented in 1.66, stabilized in 1.68, made default in 1.70
2026-10-07T14:04:23.9337190Z [36;1m# implemented in 1.66, stabilized in 1.68, made default in 1.70[0m
2026-10-07T14:04:23.9337740Z [36;1mif [ -z "${CARGO_REGISTRIES_CRATES_IO_PROTOCOL+set}" -o -f "/Users/markik/actions-runner-wgpu/_work/_temp"/.implicit_cargo_registries_crates_io_protocol ]; then[0m
2026-10-07T14:04:23.9338120Z [36;1m  if rustc +1.97.1 --version --verbose | grep -q '^release: 1\.6[89]\.'; then[0m
2026-10-07T14:04:23.9338440Z [36;1m    touch "/Users/markik/actions-runner-wgpu/_work/_temp"/.implicit_cargo_registries_crates_io_protocol || true[0m
2026-10-07T14:04:23.9338760Z [36;1m    echo CARGO_REGISTRIES_CRATES_IO_PROTOCOL=sparse >> $GITHUB_ENV[0m
2026-10-07T14:04:23.9338990Z [36;1m  elif rustc +1.97.1 --version --verbose | grep -q '^release: 1\.6[67]\.'; then[0m
2026-10-07T14:04:23.9339310Z [36;1m    touch "/Users/markik/actions-runner-wgpu/_work/_temp"/.implicit_cargo_registries_crates_io_protocol || true[0m
2026-10-07T14:04:23.9339600Z [36;1m    echo CARGO_REGISTRIES_CRATES_IO_PROTOCOL=git >> $GITHUB_ENV[0m
2026-10-07T14:04:23.9339770Z [36;1m  fi[0m
2026-10-07T14:04:23.9339860Z [36;1mfi[0m
2026-10-07T14:04:23.9346590Z shell: /bin/bash --noprofile --norc -e -o pipefail {0}
2026-10-07T14:04:23.9346750Z env:
2026-10-07T14:04:23.9346840Z   CARGO_NET_GIT_FETCH_WITH_CLI: true
2026-10-07T14:04:23.9346980Z   RUSTFLAGS: -D warnings
2026-10-07T14:04:23.9347100Z   GRAFTING_VERSION: 0.6.0
2026-10-07T14:04:23.9347210Z   SCRYING_VERSION: 0.7.2
2026-10-07T14:04:23.9347330Z   WELDING_VERSION: 0.14.1
2026-10-07T14:04:23.9347460Z   SCRY_SOURCE_REF: 4d8d1d3f8dd450b712960c90b74263a45b46e35b
2026-10-07T14:04:23.9347640Z   WELD_SOURCE_REF: c7b7b4c52138643e22580a918542e8e036a0b24a
2026-10-07T14:04:23.9347810Z   WGPU_BACKEND: metal
2026-10-07T14:04:23.9347930Z   CEF_PATH: /Users/markik/Code/cef-cache/wgpu-weld
2026-10-07T14:04:23.9348080Z   CAPTURE: 1
2026-10-07T14:04:23.9348160Z   TIMEOUT: 90
2026-10-07T14:04:23.9348270Z   VISIBLE: 1
2026-10-07T14:04:23.9348360Z   PROOF_HOST: m4
2026-10-07T14:04:23.9348470Z   CARGO_HOME: /Users/markik/.cargo
2026-10-07T14:04:23.9348590Z   CARGO_INCREMENTAL: 0
2026-10-07T14:04:23.9348700Z   CARGO_TERM_COLOR: always
2026-10-07T14:04:23.9348830Z ##[endgroup]
2026-10-07T14:04:23.9842080Z ##[end-action id=__dtolnay_rust-toolchain.__run_8;outcome=success;conclusion=success;duration_ms=51]
2026-10-07T14:04:23.9843300Z ##[start-action display=Work around spurious network errors in curl 8.0;id=__dtolnay_rust-toolchain.__run_9]
2026-10-07T14:04:23.9853060Z ##[group]Run # https://rust-lang.zulipchat.com/#narrow/stream/246057-t-cargo/topic/timeout.20investigation
2026-10-07T14:04:23.9853420Z [36;1m# https://rust-lang.zulipchat.com/#narrow/stream/246057-t-cargo/topic/timeout.20investigation[0m
2026-10-07T14:04:23.9853850Z [36;1mif rustc +1.97.1 --version --verbose | grep -q '^release: 1\.7[01]\.'; then[0m
2026-10-07T14:04:23.9854070Z [36;1m  echo CARGO_HTTP_MULTIPLEXING=false >> $GITHUB_ENV[0m
2026-10-07T14:04:23.9854220Z [36;1mfi[0m
2026-10-07T14:04:23.9860790Z shell: /bin/bash --noprofile --norc -e -o pipefail {0}
2026-10-07T14:04:23.9860930Z env:
2026-10-07T14:04:23.9861030Z   CARGO_NET_GIT_FETCH_WITH_CLI: true
2026-10-07T14:04:23.9861170Z   RUSTFLAGS: -D warnings
2026-10-07T14:04:23.9861280Z   GRAFTING_VERSION: 0.6.0
2026-10-07T14:04:23.9861400Z   SCRYING_VERSION: 0.7.2
2026-10-07T14:04:23.9861500Z   WELDING_VERSION: 0.14.1
2026-10-07T14:04:23.9861640Z   SCRY_SOURCE_REF: 4d8d1d3f8dd450b712960c90b74263a45b46e35b
2026-10-07T14:04:23.9861810Z   WELD_SOURCE_REF: c7b7b4c52138643e22580a918542e8e036a0b24a
2026-10-07T14:04:23.9861970Z   WGPU_BACKEND: metal
2026-10-07T14:04:23.9862080Z   CEF_PATH: /Users/markik/Code/cef-cache/wgpu-weld
2026-10-07T14:04:23.9862250Z   CAPTURE: 1
2026-10-07T14:04:23.9862340Z   TIMEOUT: 90
2026-10-07T14:04:23.9862440Z   VISIBLE: 1
2026-10-07T14:04:23.9862530Z   PROOF_HOST: m4
2026-10-07T14:04:23.9862630Z   CARGO_HOME: /Users/markik/.cargo
2026-10-07T14:04:23.9862750Z   CARGO_INCREMENTAL: 0
2026-10-07T14:04:23.9862860Z   CARGO_TERM_COLOR: always
2026-10-07T14:04:23.9862970Z ##[endgroup]
2026-10-07T14:04:24.0229510Z ##[end-action id=__dtolnay_rust-toolchain.__run_9;outcome=success;conclusion=success;duration_ms=38]
2026-10-07T14:04:24.0231750Z ##[start-action display=rustc +1.97.1 --version --verbose;id=__dtolnay_rust-toolchain.__run_10]
2026-10-07T14:04:24.0241650Z ##[group]Run rustc +1.97.1 --version --verbose
2026-10-07T14:04:24.0241840Z [36;1mrustc +1.97.1 --version --verbose[0m
2026-10-07T14:04:24.0248820Z shell: /bin/bash --noprofile --norc -e -o pipefail {0}
2026-10-07T14:04:24.0248980Z env:
2026-10-07T14:04:24.0249130Z   CARGO_NET_GIT_FETCH_WITH_CLI: true
2026-10-07T14:04:24.0257860Z   RUSTFLAGS: -D warnings
2026-10-07T14:04:24.0258000Z   GRAFTING_VERSION: 0.6.0
2026-10-07T14:04:24.0258100Z   SCRYING_VERSION: 0.7.2
2026-10-07T14:04:24.0258220Z   WELDING_VERSION: 0.14.1
2026-10-07T14:04:24.0258350Z   SCRY_SOURCE_REF: 4d8d1d3f8dd450b712960c90b74263a45b46e35b
2026-10-07T14:04:24.0258530Z   WELD_SOURCE_REF: c7b7b4c52138643e22580a918542e8e036a0b24a
2026-10-07T14:04:24.0258670Z   WGPU_BACKEND: metal
2026-10-07T14:04:24.0258790Z   CEF_PATH: /Users/markik/Code/cef-cache/wgpu-weld
2026-10-07T14:04:24.0258930Z   CAPTURE: 1
2026-10-07T14:04:24.0259040Z   TIMEOUT: 90
2026-10-07T14:04:24.0259130Z   VISIBLE: 1
2026-10-07T14:04:24.0259210Z   PROOF_HOST: m4
2026-10-07T14:04:24.0259300Z   CARGO_HOME: /Users/markik/.cargo
2026-10-07T14:04:24.0259420Z   CARGO_INCREMENTAL: 0
2026-10-07T14:04:24.0259510Z   CARGO_TERM_COLOR: always
2026-10-07T14:04:24.0259600Z ##[endgroup]
2026-10-07T14:04:24.0604010Z rustc 1.97.1 (8bab26f4f 2026-07-14)
2026-10-07T14:04:24.0604290Z binary: rustc
2026-10-07T14:04:24.0604440Z commit-hash: 8bab26f4f68e0e26f0bb7960be334d5b520ea452
2026-10-07T14:04:24.0604630Z commit-date: 2026-07-14
2026-10-07T14:04:24.0604750Z host: aarch64-apple-darwin
2026-10-07T14:04:24.0604880Z release: 1.97.1
2026-10-07T14:04:24.0607290Z LLVM version: 22.1.6
2026-10-07T14:04:24.0620810Z ##[end-action id=__dtolnay_rust-toolchain.__run_10;outcome=success;conclusion=success;duration_ms=38]
2026-10-07T14:04:24.0679750Z ##[group]Run actions/checkout@v4
2026-10-07T14:04:24.0679900Z with:
2026-10-07T14:04:24.0680020Z   repository: merely-made/wgpu-graft
2026-10-07T14:04:24.0680160Z   ref: 816f3e7857afee863200e1c25b300c43b1532aae
2026-10-07T14:04:24.0680330Z   path: .registry-proof-source/graft
2026-10-07T14:04:24.0681460Z   token: ***
2026-10-07T14:04:24.0681570Z   ssh-strict: true
2026-10-07T14:04:24.0681660Z   ssh-user: git
2026-10-07T14:04:24.0681780Z   persist-credentials: true
2026-10-07T14:04:24.0681910Z   clean: true
2026-10-07T14:04:24.0682010Z   sparse-checkout-cone-mode: true
2026-10-07T14:04:24.0682150Z   fetch-depth: 1
2026-10-07T14:04:24.0682390Z   fetch-tags: false
2026-10-07T14:04:24.0682500Z   show-progress: true
2026-10-07T14:04:24.0682600Z   lfs: false
2026-10-07T14:04:24.0682710Z   submodules: false
2026-10-07T14:04:24.0682810Z   set-safe-directory: true
2026-10-07T14:04:24.0682940Z   allow-unsafe-pr-checkout: false
2026-10-07T14:04:24.0683060Z env:
2026-10-07T14:04:24.0683190Z   CARGO_NET_GIT_FETCH_WITH_CLI: true
2026-10-07T14:04:24.0683330Z   RUSTFLAGS: -D warnings
2026-10-07T14:04:24.0683450Z   GRAFTING_VERSION: 0.6.0
2026-10-07T14:04:24.0683560Z   SCRYING_VERSION: 0.7.2
2026-10-07T14:04:24.0683680Z   WELDING_VERSION: 0.14.1
2026-10-07T14:04:24.0683810Z   SCRY_SOURCE_REF: 4d8d1d3f8dd450b712960c90b74263a45b46e35b
2026-10-07T14:04:24.0684010Z   WELD_SOURCE_REF: c7b7b4c52138643e22580a918542e8e036a0b24a
2026-10-07T14:04:24.0684180Z   WGPU_BACKEND: metal
2026-10-07T14:04:24.0684300Z   CEF_PATH: /Users/markik/Code/cef-cache/wgpu-weld
2026-10-07T14:04:24.0684440Z   CAPTURE: 1
2026-10-07T14:04:24.0684550Z   TIMEOUT: 90
2026-10-07T14:04:24.0684640Z   VISIBLE: 1
2026-10-07T14:04:24.0684730Z   PROOF_HOST: m4
2026-10-07T14:04:24.0684840Z   CARGO_HOME: /Users/markik/.cargo
2026-10-07T14:04:24.0684970Z   CARGO_INCREMENTAL: 0
2026-10-07T14:04:24.0685070Z   CARGO_TERM_COLOR: always
2026-10-07T14:04:24.0685190Z ##[endgroup]
2026-10-07T14:04:24.1253930Z Syncing repository: merely-made/wgpu-graft
2026-10-07T14:04:24.1256010Z ##[group]Getting Git version info
2026-10-07T14:04:24.1256310Z Working directory is '/Users/markik/actions-runner-wgpu/_work/wgpu-graft/wgpu-graft/.registry-proof-source/graft'
2026-10-07T14:04:24.1265980Z [command]/usr/bin/git version
2026-10-07T14:04:24.1351200Z git version 2.50.1 (Apple Git-155)
2026-10-07T14:04:24.1358190Z ##[endgroup]
2026-10-07T14:04:24.1361540Z Copying '/Users/markik/.gitconfig' to '/Users/markik/actions-runner-wgpu/_work/_temp/9b5da487-2057-477c-9456-d4db8dc135b3/.gitconfig'
2026-10-07T14:04:24.1365360Z Temporarily overriding HOME='/Users/markik/actions-runner-wgpu/_work/_temp/9b5da487-2057-477c-9456-d4db8dc135b3' before making global git config changes
2026-10-07T14:04:24.1365810Z Adding repository directory to the temporary git global config as a safe directory
2026-10-07T14:04:24.1367360Z [command]/usr/bin/git config --global --add safe.directory /Users/markik/actions-runner-wgpu/_work/wgpu-graft/wgpu-graft/.registry-proof-source/graft
2026-10-07T14:04:24.1835680Z ##[group]Initializing the repository
2026-10-07T14:04:24.1837730Z [command]/usr/bin/git init /Users/markik/actions-runner-wgpu/_work/wgpu-graft/wgpu-graft/.registry-proof-source/graft
2026-10-07T14:04:24.1947070Z Initialized empty Git repository in /Users/markik/actions-runner-wgpu/_work/wgpu-graft/wgpu-graft/.registry-proof-source/graft/.git/
2026-10-07T14:04:24.1951450Z [command]/usr/bin/git remote add origin https://github.com/merely-made/wgpu-graft
2026-10-07T14:04:24.2032700Z ##[endgroup]
2026-10-07T14:04:24.2032910Z ##[group]Disabling automatic garbage collection
2026-10-07T14:04:24.2034190Z [command]/usr/bin/git config --local gc.auto 0
2026-10-07T14:04:24.2104180Z ##[endgroup]
2026-10-07T14:04:24.2104410Z ##[group]Setting up auth
2026-10-07T14:04:24.2106560Z [command]/usr/bin/git config --local --name-only --get-regexp core\.sshCommand
2026-10-07T14:04:24.2175160Z [command]/usr/bin/git submodule foreach --recursive sh -c "git config --local --name-only --get-regexp 'core\.sshCommand' && git config --local --unset-all 'core.sshCommand' || :"
2026-10-07T14:04:24.2694810Z [command]/usr/bin/git config --local --name-only --get-regexp http\.https\:\/\/github\.com\/\.extraheader
2026-10-07T14:04:24.2767160Z [command]/usr/bin/git submodule foreach --recursive sh -c "git config --local --name-only --get-regexp 'http\.https\:\/\/github\.com\/\.extraheader' && git config --local --unset-all 'http.https://github.com/.extraheader' || :"
2026-10-07T14:04:24.3277190Z [command]/usr/bin/git config --local --name-only --get-regexp ^includeIf\.gitdir:
2026-10-07T14:04:24.3350650Z [command]/usr/bin/git submodule foreach --recursive git config --local --show-origin --name-only --get-regexp remote.origin.url
2026-10-07T14:04:24.3882720Z [command]/usr/bin/git config --local http.https://github.com/.extraheader AUTHORIZATION: basic ***
2026-10-07T14:04:24.3958700Z ##[endgroup]
2026-10-07T14:04:24.3958930Z ##[group]Fetching the repository
2026-10-07T14:04:24.3962110Z [command]/usr/bin/git -c protocol.version=2 fetch --no-tags --prune --no-recurse-submodules --depth=1 origin 816f3e7857afee863200e1c25b300c43b1532aae
2026-10-07T14:04:25.1802150Z From https://github.com/merely-made/wgpu-graft
2026-10-07T14:04:25.1802420Z  * branch            816f3e7857afee863200e1c25b300c43b1532aae -> FETCH_HEAD
2026-10-07T14:04:25.1839690Z ##[endgroup]
2026-10-07T14:04:25.1839910Z ##[group]Determining the checkout info
2026-10-07T14:04:25.1840590Z ##[endgroup]
2026-10-07T14:04:25.1842810Z [command]/usr/bin/git sparse-checkout disable
2026-10-07T14:04:25.1922050Z [command]/usr/bin/git config --local --unset-all extensions.worktreeConfig
2026-10-07T14:04:25.1988580Z ##[group]Checking out the ref
2026-10-07T14:04:25.1990340Z [command]/usr/bin/git checkout --progress --force 816f3e7857afee863200e1c25b300c43b1532aae
2026-10-07T14:04:25.2783530Z Note: switching to '816f3e7857afee863200e1c25b300c43b1532aae'.
2026-10-07T14:04:25.2783700Z 
2026-10-07T14:04:25.2783840Z You are in 'detached HEAD' state. You can look around, make experimental
2026-10-07T14:04:25.2784110Z changes and commit them, and you can discard any commits you make in this
2026-10-07T14:04:25.2784410Z state without impacting any branches by switching back to a branch.
2026-10-07T14:04:25.2784570Z 
2026-10-07T14:04:25.2784660Z If you want to create a new branch to retain commits you create, you may
2026-10-07T14:04:25.2784900Z do so (now or later) by using -c with the switch command. Example:
2026-10-07T14:04:25.2785060Z 
2026-10-07T14:04:25.2785110Z   git switch -c <new-branch-name>
2026-10-07T14:04:25.2785200Z 
2026-10-07T14:04:25.2785260Z Or undo this operation with:
2026-10-07T14:04:25.2785350Z 
2026-10-07T14:04:25.2785400Z   git switch -
2026-10-07T14:04:25.2785460Z 
2026-10-07T14:04:25.2785570Z Turn off this advice by setting config variable advice.detachedHead to false
2026-10-07T14:04:25.2785730Z 
2026-10-07T14:04:25.2785820Z HEAD is now at 816f3e7 Fix move-only frame access in Bevy demo
2026-10-07T14:04:25.2791040Z ##[endgroup]
2026-10-07T14:04:25.2872550Z [command]/usr/bin/git log -1 --format=%H
2026-10-07T14:04:25.2939380Z 816f3e7857afee863200e1c25b300c43b1532aae
2026-10-07T14:04:25.3008350Z ##[group]Run actions/checkout@v4
2026-10-07T14:04:25.3008470Z with:
2026-10-07T14:04:25.3008580Z   repository: merely-made/wgpu-scry
2026-10-07T14:04:25.3008720Z   ref: 4d8d1d3f8dd450b712960c90b74263a45b46e35b
2026-10-07T14:04:25.3008860Z   path: .registry-proof-source/scry
2026-10-07T14:04:25.3009980Z   token: ***
2026-10-07T14:04:25.3010090Z   ssh-strict: true
2026-10-07T14:04:25.3010180Z   ssh-user: git
2026-10-07T14:04:25.3010290Z   persist-credentials: true
2026-10-07T14:04:25.3010400Z   clean: true
2026-10-07T14:04:25.3010500Z   sparse-checkout-cone-mode: true
2026-10-07T14:04:25.3010620Z   fetch-depth: 1
2026-10-07T14:04:25.3010720Z   fetch-tags: false
2026-10-07T14:04:25.3010820Z   show-progress: true
2026-10-07T14:04:25.3010920Z   lfs: false
2026-10-07T14:04:25.3011010Z   submodules: false
2026-10-07T14:04:25.3011110Z   set-safe-directory: true
2026-10-07T14:04:25.3011230Z   allow-unsafe-pr-checkout: false
2026-10-07T14:04:25.3011340Z env:
2026-10-07T14:04:25.3011460Z   CARGO_NET_GIT_FETCH_WITH_CLI: true
2026-10-07T14:04:25.3011590Z   RUSTFLAGS: -D warnings
2026-10-07T14:04:25.3011700Z   GRAFTING_VERSION: 0.6.0
2026-10-07T14:04:25.3011800Z   SCRYING_VERSION: 0.7.2
2026-10-07T14:04:25.3011910Z   WELDING_VERSION: 0.14.1
2026-10-07T14:04:25.3012030Z   SCRY_SOURCE_REF: 4d8d1d3f8dd450b712960c90b74263a45b46e35b
2026-10-07T14:04:25.3012200Z   WELD_SOURCE_REF: c7b7b4c52138643e22580a918542e8e036a0b24a
2026-10-07T14:04:25.3012350Z   WGPU_BACKEND: metal
2026-10-07T14:04:25.3012470Z   CEF_PATH: /Users/markik/Code/cef-cache/wgpu-weld
2026-10-07T14:04:25.3012730Z   CAPTURE: 1
2026-10-07T14:04:25.3012820Z   TIMEOUT: 90
2026-10-07T14:04:25.3012900Z   VISIBLE: 1
2026-10-07T14:04:25.3012990Z   PROOF_HOST: m4
2026-10-07T14:04:25.3013110Z   CARGO_HOME: /Users/markik/.cargo
2026-10-07T14:04:25.3013230Z   CARGO_INCREMENTAL: 0
2026-10-07T14:04:25.3013330Z   CARGO_TERM_COLOR: always
2026-10-07T14:04:25.3013440Z ##[endgroup]
2026-10-07T14:04:25.3588220Z Syncing repository: merely-made/wgpu-scry
2026-10-07T14:04:25.3590270Z ##[group]Getting Git version info
2026-10-07T14:04:25.3590580Z Working directory is '/Users/markik/actions-runner-wgpu/_work/wgpu-graft/wgpu-graft/.registry-proof-source/scry'
2026-10-07T14:04:25.3599600Z [command]/usr/bin/git version
2026-10-07T14:04:25.3676470Z git version 2.50.1 (Apple Git-155)
2026-10-07T14:04:25.3683040Z ##[endgroup]
2026-10-07T14:04:25.3686490Z Copying '/Users/markik/.gitconfig' to '/Users/markik/actions-runner-wgpu/_work/_temp/f08b1f29-ef9b-42e8-a646-69946d5de3c8/.gitconfig'
2026-10-07T14:04:25.3690150Z Temporarily overriding HOME='/Users/markik/actions-runner-wgpu/_work/_temp/f08b1f29-ef9b-42e8-a646-69946d5de3c8' before making global git config changes
2026-10-07T14:04:25.3690680Z Adding repository directory to the temporary git global config as a safe directory
2026-10-07T14:04:25.3692180Z [command]/usr/bin/git config --global --add safe.directory /Users/markik/actions-runner-wgpu/_work/wgpu-graft/wgpu-graft/.registry-proof-source/scry
2026-10-07T14:04:25.4159340Z ##[group]Initializing the repository
2026-10-07T14:04:25.4161470Z [command]/usr/bin/git init /Users/markik/actions-runner-wgpu/_work/wgpu-graft/wgpu-graft/.registry-proof-source/scry
2026-10-07T14:04:25.4260260Z Initialized empty Git repository in /Users/markik/actions-runner-wgpu/_work/wgpu-graft/wgpu-graft/.registry-proof-source/scry/.git/
2026-10-07T14:04:25.4264970Z [command]/usr/bin/git remote add origin https://github.com/merely-made/wgpu-scry
2026-10-07T14:04:25.4341480Z ##[endgroup]
2026-10-07T14:04:25.4341700Z ##[group]Disabling automatic garbage collection
2026-10-07T14:04:25.4343630Z [command]/usr/bin/git config --local gc.auto 0
2026-10-07T14:04:25.4407010Z ##[endgroup]
2026-10-07T14:04:25.4407200Z ##[group]Setting up auth
2026-10-07T14:04:25.4410030Z [command]/usr/bin/git config --local --name-only --get-regexp core\.sshCommand
2026-10-07T14:04:25.4476500Z [command]/usr/bin/git submodule foreach --recursive sh -c "git config --local --name-only --get-regexp 'core\.sshCommand' && git config --local --unset-all 'core.sshCommand' || :"
2026-10-07T14:04:25.4998330Z [command]/usr/bin/git config --local --name-only --get-regexp http\.https\:\/\/github\.com\/\.extraheader
2026-10-07T14:04:25.5067100Z [command]/usr/bin/git submodule foreach --recursive sh -c "git config --local --name-only --get-regexp 'http\.https\:\/\/github\.com\/\.extraheader' && git config --local --unset-all 'http.https://github.com/.extraheader' || :"
2026-10-07T14:04:25.5578650Z [command]/usr/bin/git config --local --name-only --get-regexp ^includeIf\.gitdir:
2026-10-07T14:04:25.5649930Z [command]/usr/bin/git submodule foreach --recursive git config --local --show-origin --name-only --get-regexp remote.origin.url
2026-10-07T14:04:25.6141210Z [command]/usr/bin/git config --local http.https://github.com/.extraheader AUTHORIZATION: basic ***
2026-10-07T14:04:25.6211050Z ##[endgroup]
2026-10-07T14:04:25.6211280Z ##[group]Fetching the repository
2026-10-07T14:04:25.6214170Z [command]/usr/bin/git -c protocol.version=2 fetch --no-tags --prune --no-recurse-submodules --depth=1 origin 4d8d1d3f8dd450b712960c90b74263a45b46e35b
2026-10-07T14:04:26.4998530Z From https://github.com/merely-made/wgpu-scry
2026-10-07T14:04:26.4998870Z  * branch            4d8d1d3f8dd450b712960c90b74263a45b46e35b -> FETCH_HEAD
2026-10-07T14:04:26.5049290Z ##[endgroup]
2026-10-07T14:04:26.5049560Z ##[group]Determining the checkout info
2026-10-07T14:04:26.5050400Z ##[endgroup]
2026-10-07T14:04:26.5052890Z [command]/usr/bin/git sparse-checkout disable
2026-10-07T14:04:26.5153930Z [command]/usr/bin/git config --local --unset-all extensions.worktreeConfig
2026-10-07T14:04:26.5222710Z ##[group]Checking out the ref
2026-10-07T14:04:26.5224530Z [command]/usr/bin/git checkout --progress --force 4d8d1d3f8dd450b712960c90b74263a45b46e35b
2026-10-07T14:04:26.5658070Z Note: switching to '4d8d1d3f8dd450b712960c90b74263a45b46e35b'.
2026-10-07T14:04:26.5658280Z 
2026-10-07T14:04:26.5658390Z You are in 'detached HEAD' state. You can look around, make experimental
2026-10-07T14:04:26.5658680Z changes and commit them, and you can discard any commits you make in this
2026-10-07T14:04:26.5658930Z state without impacting any branches by switching back to a branch.
2026-10-07T14:04:26.5659080Z 
2026-10-07T14:04:26.5659180Z If you want to create a new branch to retain commits you create, you may
2026-10-07T14:04:26.5659420Z do so (now or later) by using -c with the switch command. Example:
2026-10-07T14:04:26.5659560Z 
2026-10-07T14:04:26.5659620Z   git switch -c <new-branch-name>
2026-10-07T14:04:26.5659720Z 
2026-10-07T14:04:26.5659770Z Or undo this operation with:
2026-10-07T14:04:26.5659860Z 
2026-10-07T14:04:26.5659910Z   git switch -
2026-10-07T14:04:26.5659970Z 
2026-10-07T14:04:26.5660090Z Turn off this advice by setting config variable advice.detachedHead to false
2026-10-07T14:04:26.5660240Z 
2026-10-07T14:04:26.5660400Z HEAD is now at 4d8d1d3 Release scrying 0.7.2 with explicit paint waits and native pixel qualification
2026-10-07T14:04:26.5666310Z ##[endgroup]
2026-10-07T14:04:26.5748840Z [command]/usr/bin/git log -1 --format=%H
2026-10-07T14:04:26.5810990Z 4d8d1d3f8dd450b712960c90b74263a45b46e35b
2026-10-07T14:04:26.5884440Z ##[group]Run actions/checkout@v4
2026-10-07T14:04:26.5884570Z with:
2026-10-07T14:04:26.5884670Z   repository: merely-made/wgpu-weld
2026-10-07T14:04:26.5884810Z   ref: c7b7b4c52138643e22580a918542e8e036a0b24a
2026-10-07T14:04:26.5884950Z   path: .registry-proof-source/weld
2026-10-07T14:04:26.5886070Z   token: ***
2026-10-07T14:04:26.5886170Z   ssh-strict: true
2026-10-07T14:04:26.5886260Z   ssh-user: git
2026-10-07T14:04:26.5886350Z   persist-credentials: true
2026-10-07T14:04:26.5886450Z   clean: true
2026-10-07T14:04:26.5886550Z   sparse-checkout-cone-mode: true
2026-10-07T14:04:26.5886660Z   fetch-depth: 1
2026-10-07T14:04:26.5886750Z   fetch-tags: false
2026-10-07T14:04:26.5886850Z   show-progress: true
2026-10-07T14:04:26.5886940Z   lfs: false
2026-10-07T14:04:26.5887030Z   submodules: false
2026-10-07T14:04:26.5887130Z   set-safe-directory: true
2026-10-07T14:04:26.5887250Z   allow-unsafe-pr-checkout: false
2026-10-07T14:04:26.5887350Z env:
2026-10-07T14:04:26.5887470Z   CARGO_NET_GIT_FETCH_WITH_CLI: true
2026-10-07T14:04:26.5887610Z   RUSTFLAGS: -D warnings
2026-10-07T14:04:26.5887730Z   GRAFTING_VERSION: 0.6.0
2026-10-07T14:04:26.5887830Z   SCRYING_VERSION: 0.7.2
2026-10-07T14:04:26.5887940Z   WELDING_VERSION: 0.14.1
2026-10-07T14:04:26.5888060Z   SCRY_SOURCE_REF: 4d8d1d3f8dd450b712960c90b74263a45b46e35b
2026-10-07T14:04:26.5888240Z   WELD_SOURCE_REF: c7b7b4c52138643e22580a918542e8e036a0b24a
2026-10-07T14:04:26.5888390Z   WGPU_BACKEND: metal
2026-10-07T14:04:26.5888520Z   CEF_PATH: /Users/markik/Code/cef-cache/wgpu-weld
2026-10-07T14:04:26.5888650Z   CAPTURE: 1
2026-10-07T14:04:26.5888740Z   TIMEOUT: 90
2026-10-07T14:04:26.5888820Z   VISIBLE: 1
2026-10-07T14:04:26.5888910Z   PROOF_HOST: m4
2026-10-07T14:04:26.5889010Z   CARGO_HOME: /Users/markik/.cargo
2026-10-07T14:04:26.5889120Z   CARGO_INCREMENTAL: 0
2026-10-07T14:04:26.5889220Z   CARGO_TERM_COLOR: always
2026-10-07T14:04:26.5889320Z ##[endgroup]
2026-10-07T14:04:26.6504510Z Syncing repository: merely-made/wgpu-weld
2026-10-07T14:04:26.6506540Z ##[group]Getting Git version info
2026-10-07T14:04:26.6506990Z Working directory is '/Users/markik/actions-runner-wgpu/_work/wgpu-graft/wgpu-graft/.registry-proof-source/weld'
2026-10-07T14:04:26.6514890Z [command]/usr/bin/git version
2026-10-07T14:04:26.6598000Z git version 2.50.1 (Apple Git-155)
2026-10-07T14:04:26.6605090Z ##[endgroup]
2026-10-07T14:04:26.6608370Z Copying '/Users/markik/.gitconfig' to '/Users/markik/actions-runner-wgpu/_work/_temp/f5169c14-fe91-4aff-9415-dc0c7824df64/.gitconfig'
2026-10-07T14:04:26.6611960Z Temporarily overriding HOME='/Users/markik/actions-runner-wgpu/_work/_temp/f5169c14-fe91-4aff-9415-dc0c7824df64' before making global git config changes
2026-10-07T14:04:26.6612410Z Adding repository directory to the temporary git global config as a safe directory
2026-10-07T14:04:26.6613850Z [command]/usr/bin/git config --global --add safe.directory /Users/markik/actions-runner-wgpu/_work/wgpu-graft/wgpu-graft/.registry-proof-source/weld
2026-10-07T14:04:26.7078170Z ##[group]Initializing the repository
2026-10-07T14:04:26.7080110Z [command]/usr/bin/git init /Users/markik/actions-runner-wgpu/_work/wgpu-graft/wgpu-graft/.registry-proof-source/weld
2026-10-07T14:04:26.7179940Z Initialized empty Git repository in /Users/markik/actions-runner-wgpu/_work/wgpu-graft/wgpu-graft/.registry-proof-source/weld/.git/
2026-10-07T14:04:26.7184410Z [command]/usr/bin/git remote add origin https://github.com/merely-made/wgpu-weld
2026-10-07T14:04:26.7261710Z ##[endgroup]
2026-10-07T14:04:26.7261920Z ##[group]Disabling automatic garbage collection
2026-10-07T14:04:26.7263390Z [command]/usr/bin/git config --local gc.auto 0
2026-10-07T14:04:26.7334710Z ##[endgroup]
2026-10-07T14:04:26.7334930Z ##[group]Setting up auth
2026-10-07T14:04:26.7337430Z [command]/usr/bin/git config --local --name-only --get-regexp core\.sshCommand
2026-10-07T14:04:26.7405040Z [command]/usr/bin/git submodule foreach --recursive sh -c "git config --local --name-only --get-regexp 'core\.sshCommand' && git config --local --unset-all 'core.sshCommand' || :"
2026-10-07T14:04:26.7905680Z [command]/usr/bin/git config --local --name-only --get-regexp http\.https\:\/\/github\.com\/\.extraheader
2026-10-07T14:04:26.7974620Z [command]/usr/bin/git submodule foreach --recursive sh -c "git config --local --name-only --get-regexp 'http\.https\:\/\/github\.com\/\.extraheader' && git config --local --unset-all 'http.https://github.com/.extraheader' || :"
2026-10-07T14:04:26.8448800Z [command]/usr/bin/git config --local --name-only --get-regexp ^includeIf\.gitdir:
2026-10-07T14:04:26.8518550Z [command]/usr/bin/git submodule foreach --recursive git config --local --show-origin --name-only --get-regexp remote.origin.url
2026-10-07T14:04:26.9001240Z [command]/usr/bin/git config --local http.https://github.com/.extraheader AUTHORIZATION: basic ***
2026-10-07T14:04:26.9073020Z ##[endgroup]
2026-10-07T14:04:26.9073230Z ##[group]Fetching the repository
2026-10-07T14:04:26.9076190Z [command]/usr/bin/git -c protocol.version=2 fetch --no-tags --prune --no-recurse-submodules --depth=1 origin c7b7b4c52138643e22580a918542e8e036a0b24a
2026-10-07T14:04:27.4465270Z From https://github.com/merely-made/wgpu-weld
2026-10-07T14:04:27.4465840Z  * branch            c7b7b4c52138643e22580a918542e8e036a0b24a -> FETCH_HEAD
2026-10-07T14:04:27.4525200Z ##[endgroup]
2026-10-07T14:04:27.4525400Z ##[group]Determining the checkout info
2026-10-07T14:04:27.4526020Z ##[endgroup]
2026-10-07T14:04:27.4528180Z [command]/usr/bin/git sparse-checkout disable
2026-10-07T14:04:27.4609290Z [command]/usr/bin/git config --local --unset-all extensions.worktreeConfig
2026-10-07T14:04:27.4676810Z ##[group]Checking out the ref
2026-10-07T14:04:27.4678590Z [command]/usr/bin/git checkout --progress --force c7b7b4c52138643e22580a918542e8e036a0b24a
2026-10-07T14:04:27.4805570Z Note: switching to 'c7b7b4c52138643e22580a918542e8e036a0b24a'.
2026-10-07T14:04:27.4805720Z 
2026-10-07T14:04:27.4805860Z You are in 'detached HEAD' state. You can look around, make experimental
2026-10-07T14:04:27.4806130Z changes and commit them, and you can discard any commits you make in this
2026-10-07T14:04:27.4806380Z state without impacting any branches by switching back to a branch.
2026-10-07T14:04:27.4806520Z 
2026-10-07T14:04:27.4806620Z If you want to create a new branch to retain commits you create, you may
2026-10-07T14:04:27.4806850Z do so (now or later) by using -c with the switch command. Example:
2026-10-07T14:04:27.4807000Z 
2026-10-07T14:04:27.4807250Z   git switch -c <new-branch-name>
2026-10-07T14:04:27.4807350Z 
2026-10-07T14:04:27.4807400Z Or undo this operation with:
2026-10-07T14:04:27.4807490Z 
2026-10-07T14:04:27.4807530Z   git switch -
2026-10-07T14:04:27.4807590Z 
2026-10-07T14:04:27.4807700Z Turn off this advice by setting config variable advice.detachedHead to false
2026-10-07T14:04:27.4807860Z 
2026-10-07T14:04:27.4807930Z HEAD is now at c7b7b4c Refuse unsafe CEF DevTools windows
2026-10-07T14:04:27.4811100Z ##[endgroup]
2026-10-07T14:04:27.4885100Z [command]/usr/bin/git log -1 --format=%H
2026-10-07T14:04:27.4946520Z c7b7b4c52138643e22580a918542e8e036a0b24a
2026-10-07T14:04:27.4997920Z ##[group]Run brew_bin="$(command -v brew || true)"
2026-10-07T14:04:27.4998130Z [36;1mbrew_bin="$(command -v brew || true)"[0m
2026-10-07T14:04:27.4998300Z [36;1mif [ -z "$brew_bin" ]; then[0m
2026-10-07T14:04:27.4998560Z [36;1m  if [ -x /opt/homebrew/bin/brew ]; then brew_bin=/opt/homebrew/bin/brew; else brew_bin=/usr/local/bin/brew; fi[0m
2026-10-07T14:04:27.4998830Z [36;1mfi[0m
2026-10-07T14:04:27.4998990Z [36;1m"$brew_bin" list cmake >/dev/null 2>&1 || "$brew_bin" install cmake[0m
2026-10-07T14:04:27.4999230Z [36;1m"$brew_bin" list ninja >/dev/null 2>&1 || "$brew_bin" install ninja[0m
2026-10-07T14:04:27.4999470Z [36;1mecho "$("$brew_bin" --prefix)/bin" >> "$GITHUB_PATH"[0m
2026-10-07T14:04:27.5007470Z shell: /bin/bash -e {0}
2026-10-07T14:04:27.5007580Z env:
2026-10-07T14:04:27.5007670Z   CARGO_NET_GIT_FETCH_WITH_CLI: true
2026-10-07T14:04:27.5007800Z   RUSTFLAGS: -D warnings
2026-10-07T14:04:27.5007920Z   GRAFTING_VERSION: 0.6.0
2026-10-07T14:04:27.5008100Z   SCRYING_VERSION: 0.7.2
2026-10-07T14:04:27.5008230Z   WELDING_VERSION: 0.14.1
2026-10-07T14:04:27.5008390Z   SCRY_SOURCE_REF: 4d8d1d3f8dd450b712960c90b74263a45b46e35b
2026-10-07T14:04:27.5008590Z   WELD_SOURCE_REF: c7b7b4c52138643e22580a918542e8e036a0b24a
2026-10-07T14:04:27.5008760Z   WGPU_BACKEND: metal
2026-10-07T14:04:27.5008890Z   CEF_PATH: /Users/markik/Code/cef-cache/wgpu-weld
2026-10-07T14:04:27.5009060Z   CAPTURE: 1
2026-10-07T14:04:27.5009150Z   TIMEOUT: 90
2026-10-07T14:04:27.5009250Z   VISIBLE: 1
2026-10-07T14:04:27.5009350Z   PROOF_HOST: m4
2026-10-07T14:04:27.5009450Z   CARGO_HOME: /Users/markik/.cargo
2026-10-07T14:04:27.5009590Z   CARGO_INCREMENTAL: 0
2026-10-07T14:04:27.5009690Z   CARGO_TERM_COLOR: always
2026-10-07T14:04:27.5009820Z ##[endgroup]
2026-10-07T14:04:28.1924680Z ##[group]Run astral-sh/setup-uv@20cfd1bf945f4377ade1205e4dbc17946fc9a30d
2026-10-07T14:04:28.1924870Z with:
2026-10-07T14:04:28.1924980Z   version: 0.12.8
2026-10-07T14:04:28.1925070Z   enable-cache: false
2026-10-07T14:04:28.1925170Z   activate-environment: false
2026-10-07T14:04:28.1925290Z   no-project: false
2026-10-07T14:04:28.1925460Z   working-directory: /Users/markik/actions-runner-wgpu/_work/wgpu-graft/wgpu-graft
2026-10-07T14:04:28.1926680Z   github-token: ***
2026-10-07T14:04:28.1926930Z   cache-dependency-glob: **/*requirements*.txt
**/*requirements*.in
**/*constraints*.txt
**/*constraints*.in
**/pyproject.toml
**/uv.lock
**/*.py.lock

2026-10-07T14:04:28.1927230Z   restore-cache: true
2026-10-07T14:04:28.1927340Z   save-cache: true
2026-10-07T14:04:28.1927430Z   prune-cache: false
2026-10-07T14:04:28.1927540Z   cache-python: false
2026-10-07T14:04:28.1927630Z   ignore-nothing-to-cache: false
2026-10-07T14:04:28.1927760Z   ignore-empty-workdir: false
2026-10-07T14:04:28.1927910Z   download-from-astral-mirror: true
2026-10-07T14:04:28.1928040Z   add-problem-matchers: true
2026-10-07T14:04:28.1928160Z   quiet: false
2026-10-07T14:04:28.1928260Z   resolution-strategy: highest
2026-10-07T14:04:28.1928380Z env:
2026-10-07T14:04:28.1928470Z   CARGO_NET_GIT_FETCH_WITH_CLI: true
2026-10-07T14:04:28.1928600Z   RUSTFLAGS: -D warnings
2026-10-07T14:04:28.1928700Z   GRAFTING_VERSION: 0.6.0
2026-10-07T14:04:28.1928820Z   SCRYING_VERSION: 0.7.2
2026-10-07T14:04:28.1928930Z   WELDING_VERSION: 0.14.1
2026-10-07T14:04:28.1929070Z   SCRY_SOURCE_REF: 4d8d1d3f8dd450b712960c90b74263a45b46e35b
2026-10-07T14:04:28.1929430Z   WELD_SOURCE_REF: c7b7b4c52138643e22580a918542e8e036a0b24a
2026-10-07T14:04:28.1929640Z   WGPU_BACKEND: metal
2026-10-07T14:04:28.1929770Z   CEF_PATH: /Users/markik/Code/cef-cache/wgpu-weld
2026-10-07T14:04:28.1929920Z   CAPTURE: 1
2026-10-07T14:04:28.1930030Z   TIMEOUT: 90
2026-10-07T14:04:28.1930120Z   VISIBLE: 1
2026-10-07T14:04:28.1930230Z   PROOF_HOST: m4
2026-10-07T14:04:28.1930340Z   CARGO_HOME: /Users/markik/.cargo
2026-10-07T14:04:28.1930480Z   CARGO_INCREMENTAL: 0
2026-10-07T14:04:28.1930590Z   CARGO_TERM_COLOR: always
2026-10-07T14:04:28.1930780Z   RUNNER_TOOL_CACHE: /Users/markik/actions-runner-wgpu/_work/_temp/uv-tool-cache
2026-10-07T14:04:28.1930990Z ##[endgroup]
2026-10-07T14:04:28.2889740Z Found uv in tool-cache for 0.12.8
2026-10-07T14:04:28.2891160Z Added /Users/markik/.local/bin to the path
2026-10-07T14:04:28.2894070Z Added /Users/markik/actions-runner-wgpu/_work/_tool/uv/0.12.8/aarch64 to the path
2026-10-07T14:04:28.2894570Z Set UV_PYTHON_INSTALL_DIR to /Users/markik/.local/share/uv/python
2026-10-07T14:04:28.2894810Z Added /Users/markik/.local/share/uv/python to the path
2026-10-07T14:04:28.2905850Z Successfully installed uv version 0.12.8
2026-10-07T14:04:28.4424220Z ##[group]Run uv python install --no-bin 3.13
2026-10-07T14:04:28.4424410Z [36;1muv python install --no-bin 3.13[0m
2026-10-07T14:04:28.4424560Z [36;1mpython_bin="$(uv python find 3.13)"[0m
2026-10-07T14:04:28.4424710Z [36;1mmkdir -p "$RUNNER_TEMP/python-bin"[0m
2026-10-07T14:04:28.4424880Z [36;1mln -sf "$python_bin" "$RUNNER_TEMP/python-bin/python"[0m
2026-10-07T14:04:28.4425070Z [36;1mln -sf "$python_bin" "$RUNNER_TEMP/python-bin/python3"[0m
2026-10-07T14:04:28.4425260Z [36;1mecho "$RUNNER_TEMP/python-bin" >> "$GITHUB_PATH"[0m
2026-10-07T14:04:28.4433340Z shell: /bin/bash -e {0}
2026-10-07T14:04:28.4433450Z env:
2026-10-07T14:04:28.4433560Z   CARGO_NET_GIT_FETCH_WITH_CLI: true
2026-10-07T14:04:28.4433680Z   RUSTFLAGS: -D warnings
2026-10-07T14:04:28.4433800Z   GRAFTING_VERSION: 0.6.0
2026-10-07T14:04:28.4433910Z   SCRYING_VERSION: 0.7.2
2026-10-07T14:04:28.4434020Z   WELDING_VERSION: 0.14.1
2026-10-07T14:04:28.4434170Z   SCRY_SOURCE_REF: 4d8d1d3f8dd450b712960c90b74263a45b46e35b
2026-10-07T14:04:28.4434350Z   WELD_SOURCE_REF: c7b7b4c52138643e22580a918542e8e036a0b24a
2026-10-07T14:04:28.4434490Z   WGPU_BACKEND: metal
2026-10-07T14:04:28.4434610Z   CEF_PATH: /Users/markik/Code/cef-cache/wgpu-weld
2026-10-07T14:04:28.4434740Z   CAPTURE: 1
2026-10-07T14:04:28.4434840Z   TIMEOUT: 90
2026-10-07T14:04:28.4434920Z   VISIBLE: 1
2026-10-07T14:04:28.4435010Z   PROOF_HOST: m4
2026-10-07T14:04:28.4435110Z   CARGO_HOME: /Users/markik/.cargo
2026-10-07T14:04:28.4435230Z   CARGO_INCREMENTAL: 0
2026-10-07T14:04:28.4435330Z   CARGO_TERM_COLOR: always
2026-10-07T14:04:28.4435490Z   UV_PYTHON_INSTALL_DIR: /Users/markik/actions-runner-wgpu/_work/_temp/uv-python
2026-10-07T14:04:28.4435720Z   UV_CACHE_DIR: /Users/markik/actions-runner-wgpu/_work/_temp/uv-cache
2026-10-07T14:04:28.4435890Z ##[endgroup]
2026-10-07T14:04:28.7627190Z Downloading cpython-3.13.15-macos-aarch64-none (download) (24.0MiB)
2026-10-07T14:04:29.3972070Z  Downloaded cpython-3.13.15-macos-aarch64-none (download)
2026-10-07T14:04:29.4323370Z Installed Python 3.13.15 in 957ms
2026-10-07T14:04:29.4326350Z  + cpython-3.13.15-macos-aarch64-none
2026-10-07T14:04:29.7836760Z ##[group]Run root="$RUNNER_TEMP/registry-triplet"
2026-10-07T14:04:29.7836960Z [36;1mroot="$RUNNER_TEMP/registry-triplet"[0m
2026-10-07T14:04:29.7837540Z [36;1mpython3 scripts/stage_registry_triplet.py --kind graft-servo --source .registry-proof-source/graft --destination "$root/graft" --grafting-version "$GRAFTING_VERSION" --scrying-version "$SCRYING_VERSION" --welding-version "$WELDING_VERSION"[0m
2026-10-07T14:04:29.7838390Z [36;1mpython3 scripts/stage_registry_triplet.py --kind scry-mac --source .registry-proof-source/scry --destination "$root/scry" --grafting-version "$GRAFTING_VERSION" --scrying-version "$SCRYING_VERSION" --welding-version "$WELDING_VERSION"[0m
2026-10-07T14:04:29.7839250Z [36;1mpython3 scripts/stage_registry_triplet.py --kind weld-mac --source .registry-proof-source/weld --destination "$root/weld" --grafting-version "$GRAFTING_VERSION" --scrying-version "$SCRYING_VERSION" --welding-version "$WELDING_VERSION"[0m
2026-10-07T14:04:29.7840290Z [36;1mpython3 scripts/verify_registry_triplet.py --consumer "$root/graft" --receipt-dir "$root/receipts/graft" --grafting-version "$GRAFTING_VERSION" --scrying-version "$SCRYING_VERSION" --welding-version "$WELDING_VERSION" --allow-servo-git[0m
2026-10-07T14:04:29.7841090Z [36;1mpython3 scripts/verify_registry_triplet.py --consumer "$root/scry" --receipt-dir "$root/receipts/scry" --grafting-version "$GRAFTING_VERSION" --scrying-version "$SCRYING_VERSION" --welding-version "$WELDING_VERSION"[0m
2026-10-07T14:04:29.7841830Z [36;1mpython3 scripts/verify_registry_triplet.py --consumer "$root/weld" --receipt-dir "$root/receipts/weld" --grafting-version "$GRAFTING_VERSION" --scrying-version "$SCRYING_VERSION" --welding-version "$WELDING_VERSION"[0m
2026-10-07T14:04:29.7851780Z shell: /bin/bash -e {0}
2026-10-07T14:04:29.7851900Z env:
2026-10-07T14:04:29.7852000Z   CARGO_NET_GIT_FETCH_WITH_CLI: true
2026-10-07T14:04:29.7852150Z   RUSTFLAGS: -D warnings
2026-10-07T14:04:29.7852270Z   GRAFTING_VERSION: 0.6.0
2026-10-07T14:04:29.7852390Z   SCRYING_VERSION: 0.7.2
2026-10-07T14:04:29.7852520Z   WELDING_VERSION: 0.14.1
2026-10-07T14:04:29.7852660Z   SCRY_SOURCE_REF: 4d8d1d3f8dd450b712960c90b74263a45b46e35b
2026-10-07T14:04:29.7852870Z   WELD_SOURCE_REF: c7b7b4c52138643e22580a918542e8e036a0b24a
2026-10-07T14:04:29.7853030Z   WGPU_BACKEND: metal
2026-10-07T14:04:29.7853170Z   CEF_PATH: /Users/markik/Code/cef-cache/wgpu-weld
2026-10-07T14:04:29.7853320Z   CAPTURE: 1
2026-10-07T14:04:29.7853420Z   TIMEOUT: 90
2026-10-07T14:04:29.7853520Z   VISIBLE: 1
2026-10-07T14:04:29.7853610Z   PROOF_HOST: m4
2026-10-07T14:04:29.7853730Z   CARGO_HOME: /Users/markik/.cargo
2026-10-07T14:04:29.7853850Z   CARGO_INCREMENTAL: 0
2026-10-07T14:04:29.7853970Z   CARGO_TERM_COLOR: always
2026-10-07T14:04:29.7854130Z   UV_PYTHON_INSTALL_DIR: /Users/markik/.local/share/uv/python
2026-10-07T14:04:29.7854300Z ##[endgroup]
2026-10-07T14:04:29.9102490Z staged graft-servo registry consumer: /Users/markik/actions-runner-wgpu/_work/_temp/registry-triplet/graft
2026-10-07T14:04:29.9477670Z staged scry-mac registry consumer: /Users/markik/actions-runner-wgpu/_work/_temp/registry-triplet/scry
2026-10-07T14:04:29.9859810Z staged weld-mac registry consumer: /Users/markik/actions-runner-wgpu/_work/_temp/registry-triplet/weld
2026-10-07T14:04:30.0857460Z [1m[92m    Updating[0m git repository `https://github.com/jamienicol/glslopt-rs`
2026-10-07T14:04:30.0904390Z [1m[92m    Updating[0m crates.io index
2026-10-07T14:04:30.0935460Z [1m[92m    Updating[0m git repository `https://github.com/servo/servo`
2026-10-07T14:04:33.6253670Z [1m[92m     Locking[0m 972 packages to latest compatible versions
2026-10-07T14:04:33.6296410Z [1m[92m      Adding[0m argon2 v0.6.0-rc.8 [1m[33m(available: v0.6.0)[0m
2026-10-07T14:04:33.6538850Z [1m[92m      Adding[0m generic-array v0.14.7 [1m[33m(available: v0.14.9)[0m
2026-10-07T14:04:33.6550940Z [1m[92m      Adding[0m gleam v0.15.1 [1m[33m(available: v0.16.0)[0m
2026-10-07T14:04:33.6555900Z [1m[92m      Adding[0m glow v0.17.0 [1m[33m(available: v0.18.0)[0m
2026-10-07T14:04:33.6640580Z [1m[92m      Adding[0m icu_capi v1.5.0 [1m[33m(available: v1.5.1)[0m
2026-10-07T14:04:33.6770070Z [1m[92m      Adding[0m mozangle v0.6.0 [1m[33m(available: v0.7.1)[0m
2026-10-07T14:04:33.6780270Z [1m[92m      Adding[0m mozjs_sys v140.14.0-0 [1m[33m(available: v140.14.0-0-lts)[0m
2026-10-07T14:04:33.6856940Z [1m[92m      Adding[0m ocb3 v0.2.0-rc.3 [1m[33m(available: v0.2.0)[0m
2026-10-07T14:04:33.6909630Z [1m[92m      Adding[0m pkcs1 v0.8.0-rc.4 [1m[33m(available: v0.8.0-rc.5)[0m
2026-10-07T14:04:33.6919310Z [1m[92m      Adding[0m pollster v0.4.0 [1m[33m(available: v1.0.1)[0m
2026-10-07T14:04:33.7016180Z [1m[92m      Adding[0m rsa v0.10.0-rc.18 [1m[33m(available: v0.10.0-rc.19)[0m
2026-10-07T14:04:33.7212840Z [1m[92m      Adding[0m surfman v0.13.0 [1m[33m(available: v0.14.0)[0m
2026-10-07T14:04:33.7599720Z [1m[92m      Adding[0m wgpu v28.0.0 [1m[33m(available: v30.0.1)[0m
2026-10-07T14:04:33.7601320Z [1m[92m      Adding[0m wgpu v29.0.4 [1m[33m(available: v30.0.1)[0m
2026-10-07T14:04:35.3307580Z registry proof: grafting 0.6.0 <- registry+https://github.com/rust-lang/crates.io-index
2026-10-07T14:04:35.3307940Z registry proof: scrying 0.7.2 <- registry+https://github.com/rust-lang/crates.io-index
2026-10-07T14:04:35.3308270Z registry proof: welding 0.14.1 <- registry+https://github.com/rust-lang/crates.io-index
2026-10-07T14:04:35.3308590Z registry proof: PASS (/Users/markik/actions-runner-wgpu/_work/_temp/registry-triplet/graft)
2026-10-07T14:04:35.3740020Z [1m[92m    Updating[0m crates.io index
2026-10-07T14:04:35.9164270Z [1m[92m     Locking[0m 366 packages to latest Rust 1.97.1 compatible versions
2026-10-07T14:04:35.9318400Z [1m[92m      Adding[0m objc2 v0.6.3 [1m[33m(available: v0.6.5)[0m
2026-10-07T14:04:35.9400990Z [1m[92m      Adding[0m pollster v0.4.0 [1m[33m(available: v1.0.1)[0m
2026-10-07T14:04:36.2913020Z registry proof: grafting 0.6.0 <- registry+https://github.com/rust-lang/crates.io-index
2026-10-07T14:04:36.2913400Z registry proof: scrying 0.7.2 <- registry+https://github.com/rust-lang/crates.io-index
2026-10-07T14:04:36.2913710Z registry proof: welding 0.14.1 <- registry+https://github.com/rust-lang/crates.io-index
2026-10-07T14:04:36.2914050Z registry proof: PASS (/Users/markik/actions-runner-wgpu/_work/_temp/registry-triplet/scry)
2026-10-07T14:04:36.3357950Z [1m[92m    Updating[0m crates.io index
2026-10-07T14:04:38.8381120Z [1m[92m     Locking[0m 467 packages to latest Rust 1.97.1 compatible versions
2026-10-07T14:04:38.8448800Z [1m[92m      Adding[0m cef v151.8.1+151.3.24 [1m[33m(available: v154.5.0+154.0.34)[0m
2026-10-07T14:04:38.8738380Z [1m[92m      Adding[0m pollster v0.4.0 [1m[33m(available: v1.0.1)[0m
2026-10-07T14:04:39.3031060Z registry proof: grafting 0.6.0 <- registry+https://github.com/rust-lang/crates.io-index
2026-10-07T14:04:39.3031450Z registry proof: scrying 0.7.2 <- registry+https://github.com/rust-lang/crates.io-index
2026-10-07T14:04:39.3031770Z registry proof: welding 0.14.1 <- registry+https://github.com/rust-lang/crates.io-index
2026-10-07T14:04:39.3032100Z registry proof: PASS (/Users/markik/actions-runner-wgpu/_work/_temp/registry-triplet/weld)
2026-10-07T14:04:39.3081450Z ##[group]Run export CARGO_TARGET_DIR="$RUNNER_TEMP/registry-triplet-target/graft"
2026-10-07T14:04:39.3081740Z [36;1mexport CARGO_TARGET_DIR="$RUNNER_TEMP/registry-triplet-target/graft"[0m
2026-10-07T14:04:39.3081950Z [36;1mcd "$RUNNER_TEMP/registry-triplet/graft"[0m
2026-10-07T14:04:39.3082120Z [36;1mcargo build --locked -p demo-servo-winit[0m
2026-10-07T14:04:39.3082270Z [36;1mset -o pipefail[0m
2026-10-07T14:04:39.3082460Z [36;1mbash scripts/smoke-demo-mac.sh 2>&1 | tee "$RUNNER_TEMP/registry-graft-$PROOF_HOST.log"[0m
2026-10-07T14:04:39.3091610Z shell: /bin/bash -e {0}
2026-10-07T14:04:39.3091740Z env:
2026-10-07T14:04:39.3091840Z   CARGO_NET_GIT_FETCH_WITH_CLI: true
2026-10-07T14:04:39.3091960Z   RUSTFLAGS: -D warnings
2026-10-07T14:04:39.3092090Z   GRAFTING_VERSION: 0.6.0
2026-10-07T14:04:39.3092200Z   SCRYING_VERSION: 0.7.2
2026-10-07T14:04:39.3092320Z   WELDING_VERSION: 0.14.1
2026-10-07T14:04:39.3092500Z   SCRY_SOURCE_REF: 4d8d1d3f8dd450b712960c90b74263a45b46e35b
2026-10-07T14:04:39.3092680Z   WELD_SOURCE_REF: c7b7b4c52138643e22580a918542e8e036a0b24a
2026-10-07T14:04:39.3092840Z   WGPU_BACKEND: metal
2026-10-07T14:04:39.3092960Z   CEF_PATH: /Users/markik/Code/cef-cache/wgpu-weld
2026-10-07T14:04:39.3093120Z   CAPTURE: 1
2026-10-07T14:04:39.3093210Z   TIMEOUT: 90
2026-10-07T14:04:39.3093320Z   VISIBLE: 1
2026-10-07T14:04:39.3093400Z   PROOF_HOST: m4
2026-10-07T14:04:39.3093520Z   CARGO_HOME: /Users/markik/.cargo
2026-10-07T14:04:39.3093650Z   CARGO_INCREMENTAL: 0
2026-10-07T14:04:39.3093840Z   CARGO_TERM_COLOR: always
2026-10-07T14:04:39.3093990Z   UV_PYTHON_INSTALL_DIR: /Users/markik/.local/share/uv/python
2026-10-07T14:04:39.3094150Z ##[endgroup]
2026-10-07T14:04:39.9819010Z [1m[92m   Compiling[0m unicode-ident v1.0.26
2026-10-07T14:04:39.9819790Z [1m[92m   Compiling[0m proc-macro2 v1.0.107
2026-10-07T14:04:39.9820010Z [1m[92m   Compiling[0m quote v1.0.47
2026-10-07T14:04:39.9820180Z [1m[92m   Compiling[0m libc v0.2.190
2026-10-07T14:04:39.9820660Z [1m[92m   Compiling[0m cfg-if v1.0.5
2026-10-07T14:04:39.9821260Z [1m[92m   Compiling[0m serde_core v1.0.229
2026-10-07T14:04:39.9821690Z [1m[92m   Compiling[0m serde v1.0.229
2026-10-07T14:04:39.9822060Z [1m[92m   Compiling[0m libm v0.2.16
2026-10-07T14:04:39.9822460Z [1m[92m   Compiling[0m autocfg v1.5.1
2026-10-07T14:04:39.9822930Z [1m[92m   Compiling[0m typenum v1.20.1
2026-10-07T14:04:40.1380780Z [1m[92m   Compiling[0m rand_core v0.10.1
2026-10-07T14:04:40.2163460Z [1m[92m   Compiling[0m getrandom v0.4.3
2026-10-07T14:04:40.2439510Z [1m[92m   Compiling[0m log v0.4.34
2026-10-07T14:04:40.3699030Z [1m[92m   Compiling[0m shlex v2.0.1
2026-10-07T14:04:40.3699320Z [1m[92m   Compiling[0m num-traits v0.2.19
2026-10-07T14:04:40.4431680Z [1m[92m   Compiling[0m find-msvc-tools v0.1.14
2026-10-07T14:04:40.5581270Z [1m[92m   Compiling[0m stable_deref_trait v1.2.1
2026-10-07T14:04:40.5932780Z [1m[92m   Compiling[0m subtle v2.6.1
2026-10-07T14:04:40.5939580Z [1m[92m   Compiling[0m cmov v0.5.4
2026-10-07T14:04:40.6377260Z [1m[92m   Compiling[0m version_check v0.9.5
2026-10-07T14:04:40.6679330Z [1m[92m   Compiling[0m ctutils v0.4.3
2026-10-07T14:04:40.7337010Z [1m[92m   Compiling[0m once_cell v1.21.4
2026-10-07T14:04:40.7410810Z [1m[92m   Compiling[0m siphasher v1.0.4
2026-10-07T14:04:40.7702790Z [1m[92m   Compiling[0m memchr v2.8.3
2026-10-07T14:04:40.8037970Z [1m[92m   Compiling[0m arrayvec v0.7.8
2026-10-07T14:04:40.8038450Z [1m[92m   Compiling[0m foldhash v0.2.0
2026-10-07T14:04:40.8711280Z [1m[92m   Compiling[0m scopeguard v1.2.0
2026-10-07T14:04:40.8783590Z [1m[92m   Compiling[0m phf_shared v0.13.1
2026-10-07T14:04:40.9158240Z [1m[92m   Compiling[0m itoa v1.0.18
2026-10-07T14:04:40.9696300Z [1m[92m   Compiling[0m fastrand v2.5.0
2026-10-07T14:04:40.9796250Z [1m[92m   Compiling[0m crossbeam-utils v0.8.23
2026-10-07T14:04:40.9869940Z [1m[92m   Compiling[0m equivalent v1.0.2
2026-10-07T14:04:41.0108740Z [1m[92m   Compiling[0m adler2 v2.0.1
2026-10-07T14:04:41.0277100Z [1m[92m   Compiling[0m phf_generator v0.13.1
2026-10-07T14:04:41.0534370Z [1m[92m   Compiling[0m thiserror v2.0.21
2026-10-07T14:04:41.0968810Z [1m[92m   Compiling[0m fnv v1.0.7
2026-10-07T14:04:41.1236820Z [1m[92m   Compiling[0m hashbrown v0.17.1
2026-10-07T14:04:41.3559450Z [1m[92m   Compiling[0m parking_lot_core v0.9.12
2026-10-07T14:04:41.3619790Z [1m[92m   Compiling[0m simd-adler32 v0.3.10
2026-10-07T14:04:41.4236970Z [1m[92m   Compiling[0m bytes v1.12.1
2026-10-07T14:04:41.7085460Z [1m[92m   Compiling[0m zerocopy v0.8.61
2026-10-07T14:04:41.8496520Z [1m[92m   Compiling[0m new_debug_unreachable v1.0.6
2026-10-07T14:04:41.8758390Z [1m[92m   Compiling[0m rayon-core v1.13.0
2026-10-07T14:04:41.9389100Z [1m[92m   Compiling[0m syn v2.0.119
2026-10-07T14:04:41.9585480Z [1m[92m   Compiling[0m syn v3.0.6
2026-10-07T14:04:41.9663300Z [1m[92m   Compiling[0m bitflags v2.13.2
2026-10-07T14:04:42.0843800Z [1m[92m   Compiling[0m indexmap v2.14.2
2026-10-07T14:04:42.3024680Z [1m[92m   Compiling[0m jobserver v0.1.35
2026-10-07T14:04:42.3133280Z [1m[92m   Compiling[0m crossbeam-epoch v0.9.21
2026-10-07T14:04:42.3883810Z [1m[92m   Compiling[0m crc32fast v1.5.2
2026-10-07T14:04:42.4129230Z [1m[92m   Compiling[0m cc v1.6.0
2026-10-07T14:04:42.4511280Z [1m[92m   Compiling[0m crossbeam-deque v0.8.8
2026-10-07T14:04:42.5094160Z [1m[92m   Compiling[0m rustversion v1.0.23
2026-10-07T14:04:42.5747630Z [1m[92m   Compiling[0m phf_codegen v0.13.1
2026-10-07T14:04:42.6221780Z [1m[92m   Compiling[0m pin-project-lite v0.2.17
2026-10-07T14:04:42.6660440Z [1m[92m   Compiling[0m either v1.19.0
2026-10-07T14:04:42.7133640Z [1m[92m   Compiling[0m writeable v0.6.4
2026-10-07T14:04:42.7580540Z [1m[92m   Compiling[0m utf8_iter v1.0.4
2026-10-07T14:04:42.8160460Z [1m[92m   Compiling[0m miniz_oxide v0.9.1
2026-10-07T14:04:42.9001000Z [1m[92m   Compiling[0m core-foundation-sys v0.8.7
2026-10-07T14:04:43.0053720Z [1m[92m   Compiling[0m litemap v0.8.3
2026-10-07T14:04:43.0574560Z [1m[92m   Compiling[0m rustc-hash v2.1.3
2026-10-07T14:04:43.1091370Z [1m[92m   Compiling[0m flate2 v1.1.10
2026-10-07T14:04:43.1297600Z [1m[92m   Compiling[0m khronos_api v3.1.0
2026-10-07T14:04:43.1683430Z [1m[92m   Compiling[0m same-file v1.0.6
2026-10-07T14:04:43.2436020Z [1m[92m   Compiling[0m objc2-encode v4.1.0
2026-10-07T14:04:43.2641970Z [1m[92m   Compiling[0m walkdir v2.5.0
2026-10-07T14:04:43.3062420Z [1m[92m   Compiling[0m miniz_oxide v0.8.9
2026-10-07T14:04:43.4063250Z [1m[92m   Compiling[0m xml-rs v0.8.29
2026-10-07T14:04:43.4212950Z [1m[92m   Compiling[0m precomputed-hash v0.1.1
2026-10-07T14:04:43.4548620Z [1m[92m   Compiling[0m ident_case v1.0.1
2026-10-07T14:04:43.4804870Z [1m[92m   Compiling[0m num-integer v0.1.47
2026-10-07T14:04:43.5204350Z [1m[92m   Compiling[0m string_cache_codegen v0.6.1
2026-10-07T14:04:43.5340300Z [1m[92m   Compiling[0m icu_properties_data v2.3.0
2026-10-07T14:04:43.5460870Z [1m[92m   Compiling[0m simdutf8 v0.1.5
2026-10-07T14:04:43.6614530Z [1m[92m   Compiling[0m rayon v1.12.0
2026-10-07T14:04:43.6722250Z [1m[92m   Compiling[0m multiversion_no_op v1.0.0
2026-10-07T14:04:43.6796790Z [1m[92m   Compiling[0m icu_normalizer_data v2.3.0
2026-10-07T14:04:43.6797340Z [1m[92m   Compiling[0m encoding_rs v0.8.42
2026-10-07T14:04:43.8067190Z [1m[92m   Compiling[0m mio v1.2.4
2026-10-07T14:04:43.8167370Z [1m[92m   Compiling[0m socket2 v0.6.5
2026-10-07T14:04:43.8698830Z [1m[92m   Compiling[0m gl_generator v0.14.0
2026-10-07T14:04:43.9568980Z [1m[92m   Compiling[0m synstructure v0.13.2
2026-10-07T14:04:44.0576680Z [1m[92m   Compiling[0m synstructure v0.14.0
2026-10-07T14:04:44.0855310Z [1m[92m   Compiling[0m darling_core v0.20.11
2026-10-07T14:04:44.1708480Z [1m[92m   Compiling[0m http v1.5.0
2026-10-07T14:04:44.1945680Z [1m[92m   Compiling[0m fdeflate v0.3.7
2026-10-07T14:04:44.2052550Z [1m[92m   Compiling[0m writeable v0.5.5
2026-10-07T14:04:44.3202030Z [1m[92m   Compiling[0m winnow v1.0.4
2026-10-07T14:04:44.3339110Z [1m[92m   Compiling[0m lazy_static v1.5.1
2026-10-07T14:04:44.3827240Z [1m[92m   Compiling[0m litemap v0.7.5
2026-10-07T14:04:44.3924560Z [1m[92m   Compiling[0m png v0.18.1
2026-10-07T14:04:44.4853610Z [1m[92m   Compiling[0m toml_datetime v1.1.1+spec-1.1.0
2026-10-07T14:04:44.5040990Z [1m[92m   Compiling[0m generic-array v0.14.7
2026-10-07T14:04:44.5411210Z [1m[92m   Compiling[0m objc2 v0.6.5
2026-10-07T14:04:44.6338940Z [1m[92m   Compiling[0m percent-encoding v2.3.2
2026-10-07T14:04:44.7313120Z [1m[92m   Compiling[0m itertools v0.14.0
2026-10-07T14:04:44.8588320Z [1m[92m   Compiling[0m core_maths v0.1.1
2026-10-07T14:04:44.9061860Z [1m[92m   Compiling[0m quick-error v2.0.1
2026-10-07T14:04:44.9592640Z [1m[92m   Compiling[0m polycool v0.4.0
2026-10-07T14:04:44.9641260Z [1m[92m   Compiling[0m zune-core v0.5.3
2026-10-07T14:04:45.0109050Z [1m[92m   Compiling[0m zeroize_derive v1.5.0
2026-10-07T14:04:45.0663170Z [1m[92m   Compiling[0m zerocopy-derive v0.8.61
2026-10-07T14:04:45.1418030Z [1m[92m   Compiling[0m yoke-derive v0.7.5
2026-10-07T14:04:45.2103060Z [1m[92m   Compiling[0m zerovec-derive v0.10.4
2026-10-07T14:04:45.2440870Z [1m[92m   Compiling[0m serde_derive v1.0.229
2026-10-07T14:04:45.3287030Z [1m[92m   Compiling[0m zerofrom-derive v0.1.8
2026-10-07T14:04:45.3423480Z [1m[92m   Compiling[0m zeroize v1.9.1
2026-10-07T14:04:45.4220680Z [1m[92m   Compiling[0m bytemuck_derive v1.12.1
2026-10-07T14:04:45.6357960Z [1m[92m   Compiling[0m hybrid-array v0.4.15
2026-10-07T14:04:45.6700230Z [1m[92m   Compiling[0m displaydoc v0.2.7
2026-10-07T14:04:45.6816420Z [1m[92m   Compiling[0m thiserror-impl v2.0.21
2026-10-07T14:04:45.8343000Z [1m[92m   Compiling[0m yoke-derive v0.8.4
2026-10-07T14:04:45.8469340Z [1m[92m   Compiling[0m zerovec-derive v0.11.6
2026-10-07T14:04:45.8469840Z [1m[92m   Compiling[0m phf_macros v0.13.1
2026-10-07T14:04:46.0886690Z [1m[92m   Compiling[0m zerofrom v0.1.8
2026-10-07T14:04:46.1225370Z [1m[92m   Compiling[0m darling_macro v0.20.11
2026-10-07T14:04:46.1624140Z [1m[92m   Compiling[0m bytemuck v1.25.2
2026-10-07T14:04:46.2640330Z [1m[92m   Compiling[0m crypto-common v0.2.2
2026-10-07T14:04:46.2743370Z [1m[92m   Compiling[0m block-buffer v0.12.1
2026-10-07T14:04:46.3347470Z [1m[92m   Compiling[0m yoke v0.7.5
2026-10-07T14:04:46.3385370Z [1m[92m   Compiling[0m phf v0.13.1
2026-10-07T14:04:46.3443600Z [1m[92m   Compiling[0m tokio-macros v2.7.2
2026-10-07T14:04:46.4871390Z [1m[92m   Compiling[0m darling v0.20.11
2026-10-07T14:04:46.5155000Z [1m[92m   Compiling[0m yoke v0.8.3
2026-10-07T14:04:46.5588870Z [1m[92m   Compiling[0m toml_parser v1.1.3+spec-1.1.0
2026-10-07T14:04:46.6325800Z [1m[92m   Compiling[0m tokio v1.53.2
2026-10-07T14:04:46.8254150Z [1m[92m   Compiling[0m num-derive v0.4.2
2026-10-07T14:04:46.8311550Z [1m[92m   Compiling[0m getrandom v0.3.4
2026-10-07T14:04:46.8557520Z [1m[92m   Compiling[0m zerovec v0.10.4
2026-10-07T14:04:46.9627360Z [1m[92m   Compiling[0m dtoa v1.0.11
2026-10-07T14:04:47.0000160Z [1m[92m   Compiling[0m weezl v0.1.12
2026-10-07T14:04:47.0081390Z [1m[92m   Compiling[0m dtoa-short v0.3.5
2026-10-07T14:04:47.1428920Z [1m[92m   Compiling[0m rgb v0.8.53
2026-10-07T14:04:47.1495940Z [1m[92m   Compiling[0m cssparser-macros v0.7.1
2026-10-07T14:04:47.2109610Z [1m[92m   Compiling[0m zune-jpeg v0.5.15
2026-10-07T14:04:47.2666030Z [1m[92m   Compiling[0m derive_more-impl v2.1.1
2026-10-07T14:04:47.2868790Z [1m[92m   Compiling[0m form_urlencoded v1.2.2
2026-10-07T14:04:47.3082190Z [1m[92m   Compiling[0m web_atoms v0.2.6
2026-10-07T14:04:47.3486370Z [1m[92m   Compiling[0m aho-corasick v1.1.5
2026-10-07T14:04:47.5248090Z [1m[92m   Compiling[0m byteorder-lite v0.1.0
2026-10-07T14:04:47.5355550Z [1m[92m   Compiling[0m zerovec v0.11.8
2026-10-07T14:04:47.6427750Z [1m[92m   Compiling[0m zerotrie v0.2.5
2026-10-07T14:04:47.6809350Z [1m[92m   Compiling[0m regex-syntax v0.8.11
2026-10-07T14:04:48.1200990Z [1m[92m   Compiling[0m color_quant v1.1.0
2026-10-07T14:04:48.2199850Z [1m[92m   Compiling[0m tinystr v0.7.6
2026-10-07T14:04:48.2618260Z [1m[92m   Compiling[0m smallvec v1.16.2
2026-10-07T14:04:48.2671330Z [1m[92m   Compiling[0m euclid v0.22.14
2026-10-07T14:04:48.3068630Z [1m[92m   Compiling[0m lock_api v0.4.14
2026-10-07T14:04:48.4433180Z [1m[92m   Compiling[0m app_units v0.7.8
2026-10-07T14:04:48.4594520Z [1m[92m   Compiling[0m pkg-config v0.3.34
2026-10-07T14:04:48.5141570Z [1m[92m   Compiling[0m parking_lot v0.12.5
2026-10-07T14:04:48.5347370Z [1m[92m   Compiling[0m icu_locid v1.5.0
2026-10-07T14:04:48.5961510Z [1m[92m   Compiling[0m cssparser v0.37.0
2026-10-07T14:04:48.7951410Z [1m[92m   Compiling[0m string_cache v0.9.0
2026-10-07T14:04:48.8186370Z [1m[92m   Compiling[0m regex-automata v0.4.18
2026-10-07T14:04:48.9036980Z [1m[92m   Compiling[0m tinystr v0.8.4
2026-10-07T14:04:48.9168480Z [1m[92m   Compiling[0m potential_utf v0.1.6
2026-10-07T14:04:48.9295190Z [1m[92m   Compiling[0m kurbo v0.13.1
2026-10-07T14:04:48.9629250Z [1m[92m   Compiling[0m derive_more v2.1.1
2026-10-07T14:04:49.0211160Z [1m[92m   Compiling[0m icu_locale_core v2.3.0
2026-10-07T14:04:49.0329150Z [1m[92m   Compiling[0m icu_collections v2.3.0
2026-10-07T14:04:49.2355810Z [1m[92m   Compiling[0m servo_arc v0.4.3
2026-10-07T14:04:49.2662360Z [1m[92m   Compiling[0m gif v0.14.2
2026-10-07T14:04:49.3395740Z [1m[92m   Compiling[0m image-webp v0.2.4
2026-10-07T14:04:49.4418240Z [1m[92m   Compiling[0m crypto-common v0.1.7
2026-10-07T14:04:49.4900470Z [1m[92m   Compiling[0m block-buffer v0.10.4
2026-10-07T14:04:49.5612430Z [1m[92m   Compiling[0m foreign-types-macros v0.2.4
2026-10-07T14:04:49.6186310Z [1m[92m   Compiling[0m gleam v0.15.1
2026-10-07T14:04:49.7623100Z [1m[92m   Compiling[0m icu_provider v2.3.1
2026-10-07T14:04:49.8948820Z [1m[92m   Compiling[0m serde_spanned v1.1.1
2026-10-07T14:04:49.8993770Z [1m[92m   Compiling[0m core-foundation v0.9.4
2026-10-07T14:04:49.9654570Z [1m[92m   Compiling[0m selectors v0.40.0
2026-10-07T14:04:49.9995380Z [1m[92m   Compiling[0m icu_properties v2.3.0
2026-10-07T14:04:50.0824050Z [1m[92m   Compiling[0m icu_normalizer v2.3.0
2026-10-07T14:04:50.1006680Z [1m[92m   Compiling[0m crossbeam-channel v0.5.17
2026-10-07T14:04:50.1988410Z [1m[92m   Compiling[0m time-core v0.1.9
2026-10-07T14:04:50.2089850Z [1m[92m   Compiling[0m bitflags v1.3.2
2026-10-07T14:04:50.2395090Z [1m[92m   Compiling[0m unicode-bidi v0.3.18
2026-10-07T14:04:50.2778380Z [1m[92m   Compiling[0m thin-vec v0.2.20
2026-10-07T14:04:50.3052480Z [1m[92m   Compiling[0m num-conv v0.2.2
2026-10-07T14:04:50.3057740Z [1m[92m   Compiling[0m smallbitvec v2.6.1
2026-10-07T14:04:50.3887140Z [1m[92m   Compiling[0m toml_writer v1.1.2+spec-1.1.0
2026-10-07T14:04:50.4018700Z [1m[92m   Compiling[0m foreign-types-shared v0.3.1
2026-10-07T14:04:50.4220670Z [1m[92m   Compiling[0m time-macros v0.2.32
2026-10-07T14:04:50.4353380Z [1m[92m   Compiling[0m to_shmem v0.5.0
2026-10-07T14:04:50.4404820Z [1m[92m   Compiling[0m foreign-types v0.5.0
2026-10-07T14:04:50.4556430Z [1m[92m   Compiling[0m core-graphics-types v0.1.3
2026-10-07T14:04:50.5231600Z [1m[92m   Compiling[0m toml v1.1.6+spec-1.1.0
2026-10-07T14:04:50.5290650Z [1m[92m   Compiling[0m regex v1.13.1
2026-10-07T14:04:50.6569320Z [1m[92m   Compiling[0m digest v0.10.7
2026-10-07T14:04:50.7531420Z [1m[92m   Compiling[0m idna_adapter v1.2.2
2026-10-07T14:04:50.7962210Z [1m[92m   Compiling[0m to_shmem_derive v0.1.0
2026-10-07T14:04:50.8138500Z [1m[92m   Compiling[0m idna v1.1.0
2026-10-07T14:04:50.8354750Z [1m[92m   Compiling[0m font-types v0.12.6
2026-10-07T14:04:50.9442740Z [1m[92m   Compiling[0m block2 v0.6.2
2026-10-07T14:04:51.0355790Z [1m[92m   Compiling[0m url v2.5.8
2026-10-07T14:04:51.0652080Z [1m[92m   Compiling[0m malloc_size_of_derive v0.1.3
2026-10-07T14:04:51.0952790Z [1m[92m   Compiling[0m glslopt v0.1.14 (https://github.com/jamienicol/glslopt-rs?rev=68019f02a1437d785408ebc8ce7fd20341fffb8a#68019f02)
2026-10-07T14:04:51.1122000Z [1m[92m   Compiling[0m stylo v0.20.0
2026-10-07T14:04:51.2367440Z [1m[92m   Compiling[0m num_cpus v1.17.0
2026-10-07T14:04:51.2370660Z [1m[92m   Compiling[0m cpufeatures v0.2.17
2026-10-07T14:04:51.2617260Z [1m[92m   Compiling[0m num_threads v0.1.7
2026-10-07T14:04:51.2797890Z [1m[92m   Compiling[0m deranged v0.5.8
2026-10-07T14:04:51.2858850Z [1m[92m   Compiling[0m slotmap v1.1.1
2026-10-07T14:04:51.3060020Z [1m[92m   Compiling[0m float-cmp v0.9.0
2026-10-07T14:04:51.3635310Z [1m[92m   Compiling[0m static_assertions v1.1.0
2026-10-07T14:04:51.3728900Z [1m[92m   Compiling[0m icu_locale_fallback_data v2.3.0
2026-10-07T14:04:51.4068260Z [1m[92m   Compiling[0m powerfmt v0.2.1
2026-10-07T14:04:51.4926600Z [1m[92m   Compiling[0m stylo_static_prefs v0.20.0
2026-10-07T14:04:51.5068270Z [1m[92m   Compiling[0m strict-num v0.1.1
2026-10-07T14:04:51.6412620Z [1m[92m   Compiling[0m dispatch2 v0.3.1
2026-10-07T14:04:51.6479310Z [1m[92m   Compiling[0m read-fonts v0.41.0
2026-10-07T14:04:51.6609650Z [1m[92m   Compiling[0m core-graphics v0.23.2
2026-10-07T14:04:51.6647650Z [1m[92m   Compiling[0m tendril v0.5.1
2026-10-07T14:04:51.8086880Z [1m[92m   Compiling[0m peek-poke-derive v0.3.0
2026-10-07T14:04:51.8285340Z [1m[92m   Compiling[0m stylo_atoms v0.20.0
2026-10-07T14:04:51.8717120Z [1m[92m   Compiling[0m time v0.3.55
2026-10-07T14:04:51.8776420Z [1m[92m   Compiling[0m tikv-jemalloc-sys v0.6.1+5.3.0-1-ge13ca993e8ccb9ba9847cc330696e02839f328f7
2026-10-07T14:04:51.8804930Z [1m[92m   Compiling[0m serde_bytes v0.11.19
2026-10-07T14:04:51.9647130Z [1m[92m   Compiling[0m heck v0.5.0
2026-10-07T14:04:51.9871700Z [1m[92m   Compiling[0m mime v0.3.17
2026-10-07T14:04:52.0171190Z [1m[92m   Compiling[0m base64 v0.22.1
2026-10-07T14:04:52.0666980Z [1m[92m   Compiling[0m icu_segmenter_data v2.3.0
2026-10-07T14:04:52.0850350Z [1m[92m   Compiling[0m void v1.0.2
2026-10-07T14:04:52.1148700Z [1m[92m   Compiling[0m byteorder v1.5.0
2026-10-07T14:04:52.1558370Z [1m[92m   Compiling[0m typeid v1.0.3
2026-10-07T14:04:52.1719930Z [1m[92m   Compiling[0m arrayref v0.3.9
2026-10-07T14:04:52.1987140Z [1m[92m   Compiling[0m base64 v0.23.1
2026-10-07T14:04:52.2222820Z [1m[92m   Compiling[0m tiny-skia-path v0.12.0
2026-10-07T14:04:52.4090090Z [1m[92m   Compiling[0m strum_macros v0.28.0
2026-10-07T14:04:52.6270680Z [1m[92m   Compiling[0m peek-poke v0.3.0
2026-10-07T14:04:52.7900740Z [1m[92m   Compiling[0m stylo_malloc_size_of v0.20.0
2026-10-07T14:04:52.8618300Z [1m[92m   Compiling[0m objc2-core-foundation v0.3.2
2026-10-07T14:04:52.9542480Z [1m[92m   Compiling[0m markup5ever v0.39.0
2026-10-07T14:04:53.3002410Z [1m[92m   Compiling[0m build-parallel v0.1.2
2026-10-07T14:04:53.3373010Z [1m[92m   Compiling[0m rand_core v0.9.5
2026-10-07T14:04:53.3658500Z [1m[92m   Compiling[0m wr_malloc_size_of v0.2.2
2026-10-07T14:04:53.4470650Z [1m[92m   Compiling[0m ppv-lite86 v0.2.21
2026-10-07T14:04:53.4760890Z [1m[92m   Compiling[0m webrender_build v0.70.0
2026-10-07T14:04:53.4763530Z [1m[92m   Compiling[0m malloc_buf v0.0.6
2026-10-07T14:04:53.5052020Z [1m[92m   Compiling[0m memmap2 v0.9.11
2026-10-07T14:04:53.5805030Z [1m[92m   Compiling[0m zeitstempel v0.2.2
2026-10-07T14:04:53.5960200Z [1m[92m   Compiling[0m unic-common v0.9.0
2026-10-07T14:04:53.6165620Z [1m[92m   Compiling[0m unic-char-range v0.9.0
2026-10-07T14:04:53.6400600Z [1m[92m   Compiling[0m sha1_smol v1.0.1
2026-10-07T14:04:53.6557190Z [1m[92m   Compiling[0m tinyvec v1.13.3
2026-10-07T14:04:53.6618440Z [1m[92m   Compiling[0m unic-char-property v0.9.0
2026-10-07T14:04:53.7091270Z [1m[92m   Compiling[0m unic-ucd-version v0.9.0
2026-10-07T14:04:53.7378920Z [1m[92m   Compiling[0m uuid v1.27.0
2026-10-07T14:04:53.7519690Z [1m[92m   Compiling[0m webrender_api v0.70.0
2026-10-07T14:04:53.7782420Z [1m[92m   Compiling[0m strum v0.28.0
2026-10-07T14:04:53.8484790Z [1m[92m   Compiling[0m rand_chacha v0.9.0
2026-10-07T14:04:53.8529330Z [1m[92m   Compiling[0m objc v0.2.7
2026-10-07T14:04:53.8688630Z [1m[92m   Compiling[0m fontdb v0.24.0
2026-10-07T14:04:54.0434580Z [1m[92m   Compiling[0m icu_locale_fallback v2.3.0
2026-10-07T14:04:54.1259270Z [1m[92m   Compiling[0m core-text v20.1.0
2026-10-07T14:04:54.1454710Z [1m[92m   Compiling[0m svgtypes v0.16.1
2026-10-07T14:04:54.1629310Z [1m[92m   Compiling[0m cobs v0.3.0
2026-10-07T14:04:54.2278720Z [1m[92m   Compiling[0m roxmltree v0.21.1
2026-10-07T14:04:54.2356790Z [1m[92m   Compiling[0m simplecss v0.2.2
2026-10-07T14:04:54.2682910Z [1m[92m   Compiling[0m imagesize v0.15.0
2026-10-07T14:04:54.3354210Z [1m[92m   Compiling[0m xmlwriter v0.1.0
2026-10-07T14:04:54.4034860Z [1m[92m   Compiling[0m pico-args v0.5.0
2026-10-07T14:04:54.4464260Z [1m[92m   Compiling[0m svg_fmt v0.4.5
2026-10-07T14:04:54.5542850Z [1m[92m   Compiling[0m unicode-script v0.5.8
2026-10-07T14:04:54.5758590Z [1m[92m   Compiling[0m tracy-rs v0.1.2
2026-10-07T14:04:54.5841280Z [1m[92m   Compiling[0m data-url v0.3.2
2026-10-07T14:04:54.6159030Z [1m[92m   Compiling[0m unicode-vo v0.1.0
2026-10-07T14:04:54.6224710Z [1m[92m   Compiling[0m etagere v0.2.15
2026-10-07T14:04:54.6465590Z [1m[92m   Compiling[0m postcard v1.1.3
2026-10-07T14:04:54.6655370Z [1m[92m   Compiling[0m icu_segmenter v2.3.0
2026-10-07T14:04:54.7758710Z [1m[92m   Compiling[0m ron v0.12.2
2026-10-07T14:04:54.7963680Z [1m[92m   Compiling[0m stylo_traits v0.20.0
2026-10-07T14:04:54.8547550Z [1m[92m   Compiling[0m rand v0.9.5
2026-10-07T14:04:54.9075270Z [1m[92m   Compiling[0m unic-ucd-ident v0.9.0
2026-10-07T14:04:54.9818790Z [1m[92m   Compiling[0m stylo_dom v0.20.0
2026-10-07T14:04:55.0147790Z [1m[92m   Compiling[0m tiny-skia v0.12.0
2026-10-07T14:04:55.0434220Z [1m[92m   Compiling[0m sha2 v0.10.9
2026-10-07T14:04:55.2060120Z [1m[92m   Compiling[0m plane-split v0.18.0
2026-10-07T14:04:55.2125710Z [1m[92m   Compiling[0m bincode v1.3.3
2026-10-07T14:04:55.2773940Z [1m[92m   Compiling[0m allocator-api2 v0.2.21
2026-10-07T14:04:55.3805490Z [1m[92m   Compiling[0m skrifa v0.44.0
2026-10-07T14:04:55.4375820Z [1m[92m   Compiling[0m harfrust v0.12.0
2026-10-07T14:04:55.5123660Z [1m[92m   Compiling[0m stylo_derive v0.20.0
2026-10-07T14:04:55.9159320Z [1m[92m   Compiling[0m uluru v3.1.0
2026-10-07T14:04:55.9710870Z [1m[92m   Compiling[0m grid v1.0.1
2026-10-07T14:04:56.0715470Z [1m[92m   Compiling[0m zmij v1.0.23
2026-10-07T14:04:56.1530730Z [1m[92m   Compiling[0m const-oid v0.10.2
2026-10-07T14:04:56.2265860Z [1m[92m   Compiling[0m atomic_refcell v0.1.14
2026-10-07T14:04:56.2878710Z [1m[92m   Compiling[0m topological-sort v0.1.0
2026-10-07T14:04:56.3431730Z [1m[92m   Compiling[0m unicode-segmentation v1.13.3
2026-10-07T14:04:56.6540610Z [1m[92m   Compiling[0m keyboard-types v0.8.3
2026-10-07T14:04:57.1138470Z [1m[92m   Compiling[0m usvg v0.48.1
2026-10-07T14:04:57.4652690Z [1m[92m   Compiling[0m wr_glyph_rasterizer v0.70.0
2026-10-07T14:04:57.8259190Z [1m[92m   Compiling[0m taffy v0.12.2
2026-10-07T14:04:58.2829790Z [1m[92m   Compiling[0m resvg v0.48.1
2026-10-07T14:04:58.3717870Z [1m[92m   Compiling[0m ipc-channel v0.22.0
2026-10-07T14:04:58.4745490Z [1m[92m   Compiling[0m content-security-policy v0.8.2
2026-10-07T14:04:58.6938110Z [1m[92m   Compiling[0m urlpattern v0.3.0
2026-10-07T14:04:58.8427980Z [1m[92m   Compiling[0m objc2-foundation v0.3.2
2026-10-07T14:04:59.4260690Z [1m[92m   Compiling[0m cfg_aliases v0.2.2
2026-10-07T14:04:59.4493530Z [1m[92m   Compiling[0m serde_json v1.0.151
2026-10-07T14:04:59.4595340Z [1m[92m   Compiling[0m digest v0.11.3
2026-10-07T14:04:59.5318820Z [1m[92m   Compiling[0m half v2.7.1
2026-10-07T14:04:59.5605710Z [1m[92m   Compiling[0m servo-config-macro v0.5.0 (https://github.com/servo/servo?rev=1d44e5dd6a8b64c02f9dbf7fcbdf4ebdd0740019#1d44e5dd)
2026-10-07T14:04:59.5781270Z [1m[92m   Compiling[0m enumn v0.1.14
2026-10-07T14:04:59.7555530Z [1m[92m   Compiling[0m equator-macro v0.4.2
2026-10-07T14:04:59.8120570Z [1m[92m   Compiling[0m accesskit v0.24.1
2026-10-07T14:04:59.8373270Z [1m[92m   Compiling[0m profiling-procmacros v1.0.18
2026-10-07T14:04:59.9610530Z [1m[92m   Compiling[0m toml_edit v0.25.15+spec-1.1.0
2026-10-07T14:05:00.0429220Z [1m[92m   Compiling[0m mach2 v0.6.0
2026-10-07T14:05:00.1982180Z [1m[92m   Compiling[0m futures-core v0.3.34
2026-10-07T14:05:00.2790320Z [1m[92m   Compiling[0m equator v0.4.2
2026-10-07T14:05:00.4393920Z [1m[92m   Compiling[0m proc-macro-crate v3.5.0
2026-10-07T14:05:00.5192700Z [1m[92m   Compiling[0m profiling v1.0.18
2026-10-07T14:05:00.6227470Z [1m[92m   Compiling[0m paste v1.0.15
2026-10-07T14:05:00.6294920Z [1m[92m   Compiling[0m anyhow v1.0.104
2026-10-07T14:05:00.6528950Z [1m[92m   Compiling[0m aligned-vec v0.6.4
2026-10-07T14:05:00.7180310Z [1m[92m   Compiling[0m num-complex v0.4.6
2026-10-07T14:05:00.7624110Z [1m[92m   Compiling[0m icu_provider_macros v1.5.0
2026-10-07T14:05:00.8066490Z [1m[92m   Compiling[0m num_enum_derive v0.7.6
2026-10-07T14:05:00.8700820Z [1m[92m   Compiling[0m num-bigint v0.4.8
2026-10-07T14:05:00.9786630Z [1m[92m   Compiling[0m nom v8.0.0
2026-10-07T14:05:00.9933480Z [1m[92m   Compiling[0m futures-sink v0.3.34
2026-10-07T14:05:01.0003410Z [1m[92m   Compiling[0m icu_provider v1.5.0
2026-10-07T14:05:01.3103440Z [1m[92m   Compiling[0m v_frame v0.3.9
2026-10-07T14:05:01.4027740Z [1m[92m   Compiling[0m num_enum v0.7.6
2026-10-07T14:05:01.4162760Z [1m[92m   Compiling[0m as-slice v0.2.1
2026-10-07T14:05:01.4258340Z [1m[92m   Compiling[0m av-scenechange v0.14.1
2026-10-07T14:05:01.4495200Z [1m[92m   Compiling[0m built v0.8.1
2026-10-07T14:05:01.5708190Z [1m[92m   Compiling[0m aligned v0.4.3
2026-10-07T14:05:01.6168440Z [1m[92m   Compiling[0m num-rational v0.4.2
2026-10-07T14:05:01.7613120Z [1m[92m   Compiling[0m rav1e v0.8.1
2026-10-07T14:05:01.7844130Z [1m[92m   Compiling[0m servo-config v0.5.0 (https://github.com/servo/servo?rev=1d44e5dd6a8b64c02f9dbf7fcbdf4ebdd0740019#1d44e5dd)
2026-10-07T14:05:01.9009150Z [1m[92m   Compiling[0m arg_enum_proc_macro v0.3.4
2026-10-07T14:05:01.9062850Z [1m[92m   Compiling[0m no_std_io2 v0.9.4
2026-10-07T14:05:01.9158570Z [1m[92m   Compiling[0m pulp v0.22.3
2026-10-07T14:05:01.9443860Z [1m[92m   Compiling[0m y4m v0.8.0
2026-10-07T14:05:02.0659570Z [1m[92m   Compiling[0m pastey v0.1.1
2026-10-07T14:05:02.0716900Z [1m[92m   Compiling[0m slab v0.4.12
2026-10-07T14:05:02.1621840Z [1m[92m   Compiling[0m bitstream-io v4.10.0
2026-10-07T14:05:02.2516880Z [1m[92m   Compiling[0m maybe-rayon v0.1.1
2026-10-07T14:05:02.2820980Z [1m[92m   Compiling[0m simd_helpers v0.1.0
2026-10-07T14:05:02.4359160Z [1m[92m   Compiling[0m reborrow v0.5.5
2026-10-07T14:05:02.4421010Z [1m[92m   Compiling[0m httparse v1.10.1
2026-10-07T14:05:02.4744960Z [1m[92m   Compiling[0m pulp-wasm-simd-flag v0.1.1
2026-10-07T14:05:02.5176750Z [1m[92m   Compiling[0m noop_proc_macro v0.3.0
2026-10-07T14:05:02.6114880Z [1m[92m   Compiling[0m imgref v1.12.3
2026-10-07T14:05:02.6233790Z [1m[92m   Compiling[0m icu_segmenter_data v1.5.1
2026-10-07T14:05:02.7131320Z [1m[92m   Compiling[0m loop9 v0.1.5
2026-10-07T14:05:02.7594450Z [1m[92m   Compiling[0m av1-grain v0.2.5
2026-10-07T14:05:02.8633840Z [1m[92m   Compiling[0m icu_collections v1.5.0
2026-10-07T14:05:02.9317300Z [1m[92m   Compiling[0m zune-inflate v0.2.54
2026-10-07T14:05:03.0053240Z [1m[92m   Compiling[0m avif-serialize v0.8.9
2026-10-07T14:05:03.0505240Z [1m[92m   Compiling[0m tracing-core v0.1.36
2026-10-07T14:05:03.2679730Z [1m[92m   Compiling[0m fax v0.2.7
2026-10-07T14:05:03.3071030Z [1m[92m   Compiling[0m pxfm v0.1.30
2026-10-07T14:05:03.4672880Z [1m[92m   Compiling[0m lebe v0.5.3
2026-10-07T14:05:03.4737710Z [1m[92m   Compiling[0m bit_field v0.10.3
2026-10-07T14:05:03.5199160Z [1m[92m   Compiling[0m tiff v0.11.3
2026-10-07T14:05:03.5372940Z [1m[92m   Compiling[0m tracing v0.1.44
2026-10-07T14:05:03.6909440Z [1m[92m   Compiling[0m qoi v0.4.1
2026-10-07T14:05:03.8168480Z [1m[92m   Compiling[0m block-padding v0.4.2
2026-10-07T14:05:03.8465560Z [1m[92m   Compiling[0m cpufeatures v0.3.1
2026-10-07T14:05:03.8706710Z [1m[92m   Compiling[0m atomic-waker v1.1.2
2026-10-07T14:05:03.8947520Z [1m[92m   Compiling[0m raw-window-handle v0.6.2
2026-10-07T14:05:03.9239530Z [1m[92m   Compiling[0m inout v0.2.2
2026-10-07T14:05:03.9942940Z [1m[92m   Compiling[0m icu_segmenter v1.5.0
2026-10-07T14:05:04.0440450Z [1m[92m   Compiling[0m tokio-util v0.7.19
2026-10-07T14:05:04.5166500Z [1m[92m   Compiling[0m futures-channel v0.3.34
2026-10-07T14:05:04.6284830Z [1m[92m   Compiling[0m moxcms v0.8.1
2026-10-07T14:05:04.7571700Z [1m[92m   Compiling[0m http-body v1.1.0
2026-10-07T14:05:04.7874120Z [1m[92m   Compiling[0m try-lock v0.2.5
2026-10-07T14:05:04.8326340Z [1m[92m   Compiling[0m want v0.3.2
2026-10-07T14:05:04.8331660Z [1m[92m   Compiling[0m h2 v0.4.20
2026-10-07T14:05:04.9095390Z [1m[92m   Compiling[0m cipher v0.5.2
2026-10-07T14:05:05.0594750Z [1m[92m   Compiling[0m cookie v0.16.2
2026-10-07T14:05:05.1729460Z [1m[92m   Compiling[0m cookie v0.18.2
2026-10-07T14:05:05.2845610Z [1m[92m   Compiling[0m thiserror v1.0.69
2026-10-07T14:05:05.4507660Z [1m[92m   Compiling[0m base64ct v1.8.3
2026-10-07T14:05:05.8457960Z [1m[92m   Compiling[0m exr v1.74.2
2026-10-07T14:05:05.9354950Z [1m[92m   Compiling[0m sha1 v0.10.7
2026-10-07T14:05:06.0369740Z [1m[92m   Compiling[0m ravif v0.13.0
2026-10-07T14:05:06.0920700Z [1m[92m   Compiling[0m thiserror-impl v1.0.69
2026-10-07T14:05:06.7238090Z [1m[92m   Compiling[0m hyper v1.12.0
2026-10-07T14:05:06.8497600Z [1m[92m   Compiling[0m headers-core v0.3.0
2026-10-07T14:05:06.8874350Z [1m[92m   Compiling[0m httpdate v1.0.3
2026-10-07T14:05:07.0279340Z [1m[92m   Compiling[0m headers v0.4.2
2026-10-07T14:05:07.5679780Z [1m[92m   Compiling[0m objc2-io-surface v0.3.2
2026-10-07T14:05:07.6481850Z [1m[92m   Compiling[0m image v0.25.10
2026-10-07T14:05:07.7880690Z [1m[92m   Compiling[0m objc2-metal v0.3.2
2026-10-07T14:05:07.7954520Z [1m[92m   Compiling[0m objc2-core-image v0.3.2
2026-10-07T14:05:08.1125710Z [1m[92m   Compiling[0m objc2-cloud-kit v0.3.2
2026-10-07T14:05:08.3404300Z [1m[92m   Compiling[0m objc2-core-data v0.3.2
2026-10-07T14:05:09.2939070Z [1m[92m   Compiling[0m http v0.2.12
2026-10-07T14:05:09.4152710Z [1m[92m   Compiling[0m glob v0.3.4
2026-10-07T14:05:09.6302470Z [1m[92m   Compiling[0m servo-embedder-traits v0.5.0 (https://github.com/servo/servo?rev=1d44e5dd6a8b64c02f9dbf7fcbdf4ebdd0740019#1d44e5dd)
2026-10-07T14:05:09.7012850Z [1m[92m   Compiling[0m webdriver v0.53.0
2026-10-07T14:05:09.9421120Z [1m[92m   Compiling[0m servo-hyper-serde v0.5.0 (https://github.com/servo/servo?rev=1d44e5dd6a8b64c02f9dbf7fcbdf4ebdd0740019#1d44e5dd)
2026-10-07T14:05:09.9738370Z [1m[92m   Compiling[0m surfman v0.13.0
2026-10-07T14:05:10.0436060Z [1m[92m   Compiling[0m rustls-pki-types v1.15.1
2026-10-07T14:05:10.3286380Z [1m[92m   Compiling[0m vcpkg v0.2.15
2026-10-07T14:05:10.4723730Z [1m[92m   Compiling[0m inventory v0.3.24
2026-10-07T14:05:10.5210420Z [1m[92m   Compiling[0m glow v0.17.0
2026-10-07T14:05:10.7964280Z [1m[92m   Compiling[0m pem-rfc7468 v1.0.0
2026-10-07T14:05:10.9968990Z [1m[92m   Compiling[0m cgl v0.3.2
2026-10-07T14:05:11.0336580Z [1m[92m   Compiling[0m dpi v0.1.2
2026-10-07T14:05:11.0468070Z [1m[92m   Compiling[0m cpubits v0.1.1
2026-10-07T14:05:11.0767730Z [1m[92m   Compiling[0m der v0.8.2
2026-10-07T14:05:11.1365580Z [1m[92m   Compiling[0m futures-task v0.3.34
2026-10-07T14:05:11.2297290Z [1m[92m   Compiling[0m futures-util v0.3.34
2026-10-07T14:05:11.6821190Z [1m[92m   Compiling[0m chacha20 v0.10.2
2026-10-07T14:05:11.8193960Z [1m[92m   Compiling[0m spki v0.8.1
2026-10-07T14:05:11.8336730Z [1m[92m   Compiling[0m objc2-core-graphics v0.3.2
2026-10-07T14:05:11.9274820Z [1m[92m   Compiling[0m objc2-quartz-core v0.3.2
2026-10-07T14:05:12.0834400Z [1m[92m   Compiling[0m cmake v0.1.58
2026-10-07T14:05:12.2787100Z [1m[92m   Compiling[0m fs_extra v1.3.0
2026-10-07T14:05:12.4302780Z [1m[92m   Compiling[0m dunce v1.0.5
2026-10-07T14:05:12.4458060Z [1m[92m   Compiling[0m servo-tracing v0.5.0 (https://github.com/servo/servo?rev=1d44e5dd6a8b64c02f9dbf7fcbdf4ebdd0740019#1d44e5dd)
2026-10-07T14:05:12.4692270Z [1m[92m   Compiling[0m aws-lc-sys v0.45.0
2026-10-07T14:05:12.5574200Z [1m[92m   Compiling[0m tower-service v0.3.3
2026-10-07T14:05:12.5945780Z [1m[92m   Compiling[0m icu_locid_transform_data v1.5.1
2026-10-07T14:05:12.6602980Z [1m[92m   Compiling[0m objc2-core-video v0.3.2
2026-10-07T14:05:12.6928310Z [1m[92m   Compiling[0m objc2-core-text v0.3.2
2026-10-07T14:05:12.8979610Z [1m[92m   Compiling[0m pkcs8 v0.11.0
2026-10-07T14:05:12.9421000Z [1m[92m   Compiling[0m rand v0.10.3
2026-10-07T14:05:13.0025190Z [1m[92m   Compiling[0m hashbrown v0.16.1
2026-10-07T14:05:13.1875960Z [1m[92m   Compiling[0m ipnet v2.12.2
2026-10-07T14:05:13.2948690Z [1m[92m   Compiling[0m objc2-app-kit v0.3.2
2026-10-07T14:05:13.4654930Z [1m[92m   Compiling[0m hyper-util v0.1.21
2026-10-07T14:05:13.6254040Z [1m[92m   Compiling[0m crypto-bigint v0.7.5
2026-10-07T14:05:13.7558030Z [1m[92m   Compiling[0m libz-sys v1.1.29
2026-10-07T14:05:13.7603350Z [1m[92m   Compiling[0m aws-lc-rs v1.18.1
2026-10-07T14:05:13.9485870Z [1m[92m   Compiling[0m icu_locid_transform v1.5.0
2026-10-07T14:05:14.3775090Z [1m[92m   Compiling[0m icu_properties_data v1.5.1
2026-10-07T14:05:14.4446750Z [1m[92m   Compiling[0m sys-locale v0.3.2
2026-10-07T14:05:14.4986140Z [1m[92m   Compiling[0m clang-sys v1.9.1
2026-10-07T14:05:14.6755600Z [1m[92m   Compiling[0m ff v0.14.0
2026-10-07T14:05:14.7120710Z [1m[92m   Compiling[0m alloc-no-stdlib v2.0.4
2026-10-07T14:05:14.7629960Z [1m[92m   Compiling[0m alloc-stdlib v0.2.4
2026-10-07T14:05:14.8131480Z [1m[92m   Compiling[0m hmac v0.13.0
2026-10-07T14:05:14.8132130Z [1m[92m   Compiling[0m signature v3.0.0
2026-10-07T14:05:14.8771230Z [1m[92m   Compiling[0m errno v0.3.14
2026-10-07T14:05:14.8811980Z [1m[92m   Compiling[0m minimal-lexical v0.2.1
2026-10-07T14:05:14.9045850Z [1m[92m   Compiling[0m foldhash v0.1.5
2026-10-07T14:05:14.9911770Z [1m[92m   Compiling[0m nom v7.1.3
2026-10-07T14:05:14.9938250Z [1m[92m   Compiling[0m hashbrown v0.15.5
2026-10-07T14:05:15.3046230Z [1m[92m   Compiling[0m brotli-decompressor v5.0.3
2026-10-07T14:05:15.3754000Z [1m[92m   Compiling[0m icu_properties v1.5.1
2026-10-07T14:05:15.9797620Z [1m[92m   Compiling[0m group v0.14.0
2026-10-07T14:05:16.0543470Z [1m[92m   Compiling[0m keccak v0.2.2
2026-10-07T14:05:16.0792790Z [1m[92m   Compiling[0m libloading v0.8.9
2026-10-07T14:05:16.1604420Z [1m[92m   Compiling[0m bindgen v0.72.1
2026-10-07T14:05:16.2113300Z [1m[92m   Compiling[0m wuff-capi v0.2.0
2026-10-07T14:05:16.3070650Z [1m[92m   Compiling[0m base16ct v1.0.0
2026-10-07T14:05:16.3119500Z [1m[92m   Compiling[0m fixedbitset v0.5.7
2026-10-07T14:05:16.3971150Z [1m[92m   Compiling[0m sec1 v0.8.1
2026-10-07T14:05:16.4783040Z [1m[92m   Compiling[0m petgraph v0.8.3
2026-10-07T14:05:16.5509010Z [1m[92m   Compiling[0m itertools v0.13.0
2026-10-07T14:05:16.6807830Z [1m[92m   Compiling[0m cexpr v0.6.0
2026-10-07T14:05:17.1695140Z [1m[92m   Compiling[0m hkdf v0.13.0
2026-10-07T14:05:17.2176560Z [1m[92m   Compiling[0m servo-media-derive v0.5.0 (https://github.com/servo/servo?rev=1d44e5dd6a8b64c02f9dbf7fcbdf4ebdd0740019#1d44e5dd)
2026-10-07T14:05:17.3579860Z [1m[92m   Compiling[0m shlex v1.3.0
2026-10-07T14:05:17.3684700Z [1m[92m   Compiling[0m byte-slice-cast v1.2.3
2026-10-07T14:05:17.3929250Z [1m[92m   Compiling[0m speexdsp-resampler v0.1.0
2026-10-07T14:05:17.4580550Z [1m[92m   Compiling[0m rustix v1.1.5
2026-10-07T14:05:17.4824740Z [1m[92m   Compiling[0m elliptic-curve v0.14.1
2026-10-07T14:05:17.5921160Z [1m[92m   Compiling[0m wuff v0.2.9
2026-10-07T14:05:17.7614340Z [1m[92m   Compiling[0m fontsan v0.7.0
2026-10-07T14:05:17.8505520Z [1m[92m   Compiling[0m zstd-sys v2.1.0+zstd.1.5.7
2026-10-07T14:05:17.9103940Z [1m[92m   Compiling[0m harfbuzz-sys v0.7.0
2026-10-07T14:05:18.0623440Z [1m[92m   Compiling[0m itertools v0.15.0
2026-10-07T14:05:18.0693500Z [1m[92m   Compiling[0m untrusted v0.9.0
2026-10-07T14:05:18.2648560Z [1m[92m   Compiling[0m rustls v0.23.45
2026-10-07T14:05:18.2793390Z [1m[92m   Compiling[0m sponge-cursor v0.1.0
2026-10-07T14:05:19.9558770Z [1m[92m   Compiling[0m sha2 v0.11.0
2026-10-07T14:05:20.5687290Z [1m[92m   Compiling[0m naga v29.0.4
2026-10-07T14:05:20.7355950Z [1m[92m   Compiling[0m iana-time-zone v0.1.65
2026-10-07T14:05:20.9060690Z [1m[92m   Compiling[0m unicode-width v0.2.2
2026-10-07T14:05:21.0233040Z [1m[92m   Compiling[0m strck v0.1.2
2026-10-07T14:05:21.0792240Z [1m[92m   Compiling[0m icu_calendar_data v1.5.1
2026-10-07T14:05:21.1849190Z [1m[92m   Compiling[0m bit-vec v0.9.1
2026-10-07T14:05:21.3358260Z [1m[92m   Compiling[0m bit-set v0.9.1
2026-10-07T14:05:21.3944520Z [1m[92m   Compiling[0m strck_ident v0.1.2
2026-10-07T14:05:21.4664370Z [1m[92m   Compiling[0m codespan-reporting v0.13.1
2026-10-07T14:05:21.9479830Z [1m[92m   Compiling[0m xattr v1.6.1
2026-10-07T14:05:22.0386300Z [1m[92m   Compiling[0m filetime v0.2.29
2026-10-07T14:05:22.0791000Z [1m[92m   Compiling[0m rustc-hash v1.1.0
2026-10-07T14:05:22.1132270Z [1m[92m   Compiling[0m alloc-no-stdlib v3.0.0
2026-10-07T14:05:22.1248350Z [1m[92m   Compiling[0m encoding_c v0.9.8
2026-10-07T14:05:22.2307530Z [1m[92m   Compiling[0m hexf-parse v0.2.1
2026-10-07T14:05:22.2824630Z [1m[92m   Compiling[0m unicode-properties v0.1.4
2026-10-07T14:05:22.2925080Z [1m[92m   Compiling[0m zstd-safe v8.0.0
2026-10-07T14:05:22.3844720Z [1m[92m   Compiling[0m ohos-deviceinfo-sys v0.1.8
2026-10-07T14:05:22.4090290Z [1m[92m   Compiling[0m unicase v2.10.0
2026-10-07T14:05:22.4177320Z [1m[92m   Compiling[0m encoding_c_mem v0.2.6
2026-10-07T14:05:22.5206320Z [1m[92m   Compiling[0m semver v1.0.28
2026-10-07T14:05:22.6856210Z [1m[92m   Compiling[0m rustc_version v0.4.1
2026-10-07T14:05:22.8498980Z [1m[92m   Compiling[0m mime_guess v2.0.5
2026-10-07T14:05:23.1126630Z [1m[92m   Compiling[0m webrender v0.70.0
2026-10-07T14:05:23.1355570Z [1m[92m   Compiling[0m diplomat_core v0.8.1
2026-10-07T14:05:24.0228770Z [1m[92m   Compiling[0m alloc-stdlib v0.3.0
2026-10-07T14:05:24.0738280Z [1m[92m   Compiling[0m tar v0.4.46
2026-10-07T14:05:24.4113390Z [1m[92m   Compiling[0m primefield v0.14.0
2026-10-07T14:05:24.5244500Z [1m[92m   Compiling[0m wgpu-types v29.0.4
2026-10-07T14:05:24.5869380Z [1m[92m   Compiling[0m sha1 v0.11.0
2026-10-07T14:05:24.7121780Z [1m[92m   Compiling[0m wgpu-hal v29.0.4
2026-10-07T14:05:24.8818290Z [1m[92m   Compiling[0m universal-hash v0.6.1
2026-10-07T14:05:24.9413150Z [1m[92m   Compiling[0m calendrical_calculations v0.1.3
2026-10-07T14:05:25.2047740Z [1m[92m   Compiling[0m object v0.37.3
2026-10-07T14:05:25.3273540Z [1m[92m   Compiling[0m icu_calendar v1.5.2
2026-10-07T14:05:25.6989020Z [1m[92m   Compiling[0m mozjs_sys v140.14.0-0
2026-10-07T14:05:26.0783310Z [1m[92m   Compiling[0m wnaf v0.14.1
2026-10-07T14:05:26.1278690Z [1m[92m   Compiling[0m diplomat v0.8.0
2026-10-07T14:05:26.1542920Z [1m[92m   Compiling[0m brotli-decompressor v6.0.1
2026-10-07T14:05:26.4375600Z [1m[92m   Compiling[0m curve25519-dalek v5.0.0
2026-10-07T14:05:26.6046350Z [1m[92m   Compiling[0m rfc6979 v0.6.0
2026-10-07T14:05:26.6770770Z [1m[92m   Compiling[0m icu_provider_adapters v1.5.0
2026-10-07T14:05:26.7875730Z [1m[92m   Compiling[0m raw-window-metal v1.1.0
2026-10-07T14:05:26.9410700Z [1m[92m   Compiling[0m html5ever v0.39.0
2026-10-07T14:05:27.0410720Z [1m[92m   Compiling[0m font-types v0.11.3
2026-10-07T14:05:27.2490490Z [1m[92m   Compiling[0m wgpu-naga-bridge v29.0.4
2026-10-07T14:05:27.3013550Z [1m[92m   Compiling[0m color v0.3.3
2026-10-07T14:05:27.3057720Z [1m[92m   Compiling[0m ahash v0.8.12
2026-10-07T14:05:27.5091210Z [1m[92m   Compiling[0m diplomat-runtime v0.8.3
2026-10-07T14:05:27.5415020Z [1m[92m   Compiling[0m prettyplease v0.2.37
2026-10-07T14:05:27.5655140Z [1m[92m   Compiling[0m objc-sys v0.3.5
2026-10-07T14:05:27.6582810Z [1m[92m   Compiling[0m linebender_resource_handle v0.1.1
2026-10-07T14:05:27.7157800Z [1m[92m   Compiling[0m gimli v0.32.3
2026-10-07T14:05:27.9827690Z [1m[92m   Compiling[0m peniko v0.6.1
2026-10-07T14:05:28.4115550Z [1m[92m   Compiling[0m icu_capi v1.5.0
2026-10-07T14:05:28.6274840Z [1m[92m   Compiling[0m zstd v0.14.0
2026-10-07T14:05:28.9165790Z [1m[92m   Compiling[0m servo-script-bindings v0.5.0 (https://github.com/servo/servo?rev=1d44e5dd6a8b64c02f9dbf7fcbdf4ebdd0740019#1d44e5dd)
2026-10-07T14:05:29.1759890Z [1m[92m   Compiling[0m addr2line v0.25.1
2026-10-07T14:05:29.2114180Z [1m[92m   Compiling[0m read-fonts v0.39.2
2026-10-07T14:05:29.4057110Z [1m[92m   Compiling[0m brotli v9.0.0
2026-10-07T14:05:30.8872760Z [1m[92m   Compiling[0m ecdsa v0.17.0
2026-10-07T14:05:31.4353660Z [1m[92m   Compiling[0m primeorder v0.14.0
2026-10-07T14:05:31.8632790Z [1m[92m   Compiling[0m chrono v0.4.45
2026-10-07T14:05:32.0383140Z [1m[92m   Compiling[0m shake v0.1.0
2026-10-07T14:05:32.0845410Z [1m[92m   Compiling[0m libsqlite3-sys v0.36.0
2026-10-07T14:05:32.2570290Z [1m[92m   Compiling[0m webpki-roots v1.0.9
2026-10-07T14:05:32.2991350Z [1m[92m   Compiling[0m aead v0.6.1
2026-10-07T14:05:32.3537530Z [1m[92m   Compiling[0m wgpu-core v29.0.4
2026-10-07T14:05:32.5348610Z [1m[92m   Compiling[0m guillotiere v0.7.0
2026-10-07T14:05:32.7805230Z [1m[92m   Compiling[0m core-foundation v0.10.1
2026-10-07T14:05:33.0030210Z [1m[92m   Compiling[0m security-framework-sys v2.17.0
2026-10-07T14:05:33.0331680Z [1m[92m   Compiling[0m compression-core v0.4.33
2026-10-07T14:05:33.1028150Z [1m[92m   Compiling[0m fst v0.4.7
2026-10-07T14:05:33.1150040Z [1m[92m   Compiling[0m rustc-demangle v0.1.28
2026-10-07T14:05:33.2721620Z [1m[92m   Compiling[0m futures-io v0.3.34
2026-10-07T14:05:33.3672520Z [1m[92m   Compiling[0m data-encoding v2.11.1
2026-10-07T14:05:33.4549180Z [1m[92m   Compiling[0m fearless_simd v0.4.1
2026-10-07T14:05:33.7506120Z [1m[92m   Compiling[0m litrs v1.0.0
2026-10-07T14:05:34.0944260Z [1m[92m   Compiling[0m document-features v0.2.12
2026-10-07T14:05:34.1183630Z [1m[92m   Compiling[0m backtrace v0.3.76
2026-10-07T14:05:34.6068930Z [1m[92m   Compiling[0m security-framework v3.7.0
2026-10-07T14:05:35.2127620Z [1m[92m   Compiling[0m vello_common v0.0.9
2026-10-07T14:05:35.3995020Z [1m[92m   Compiling[0m compression-codecs v0.4.45
2026-10-07T14:05:35.4185750Z [1m[92m   Compiling[0m skrifa v0.42.1
2026-10-07T14:05:36.5433220Z [1m[92m   Compiling[0m wgpu-core-deps-apple v29.0.4
2026-10-07T14:05:37.2798820Z [1m[92m   Compiling[0m polyval v0.7.3
2026-10-07T14:05:37.3979190Z [1m[92m   Compiling[0m mozangle v0.6.0
2026-10-07T14:05:37.6681280Z [1m[92m   Compiling[0m hash2curve v0.14.0
2026-10-07T14:05:37.7674360Z [1m[92m   Compiling[0m ed448 v0.5.0
2026-10-07T14:05:37.7833310Z [1m[92m   Compiling[0m aes v0.9.3
2026-10-07T14:05:37.8168070Z [1m[92m   Compiling[0m phc v0.6.1
2026-10-07T14:05:37.9057530Z [1m[92m   Compiling[0m ctr v0.10.1
2026-10-07T14:05:38.0022880Z [1m[92m   Compiling[0m wgpu v29.0.4
2026-10-07T14:05:38.0549600Z [1m[92m   Compiling[0m module-lattice v0.2.3
2026-10-07T14:05:38.1111610Z [1m[92m   Compiling[0m sync_wrapper v1.0.2
2026-10-07T14:05:38.1481410Z [1m[92m   Compiling[0m heck v0.4.1
2026-10-07T14:05:38.2566120Z [1m[92m   Compiling[0m tower-layer v0.3.3
2026-10-07T14:05:38.2618450Z [1m[92m   Compiling[0m sea-query-derive v1.0.0
2026-10-07T14:05:38.3537050Z [1m[92m   Compiling[0m tempfile v3.27.0
2026-10-07T14:05:38.3732270Z [1m[92m   Compiling[0m tower v0.5.3
2026-10-07T14:05:38.5231700Z [1m[92m   Compiling[0m password-hash v0.6.1
2026-10-07T14:05:38.6112370Z [1m[92m   Compiling[0m ed448-goldilocks v0.14.0-pre.15
2026-10-07T14:05:38.6672450Z [1m[92m   Compiling[0m servo-dom-struct v0.5.0 (https://github.com/servo/servo?rev=1d44e5dd6a8b64c02f9dbf7fcbdf4ebdd0740019#1d44e5dd)
2026-10-07T14:05:38.7669330Z [1m[92m   Compiling[0m ghash v0.6.0
2026-10-07T14:05:38.8030450Z [1m[92m   Compiling[0m objc2 v0.5.3
2026-10-07T14:05:39.3245980Z [1m[92m   Compiling[0m glifo v0.1.1
2026-10-07T14:05:39.4807560Z [1m[92m   Compiling[0m quick_cache v0.6.24
2026-10-07T14:05:39.7427820Z [1m[92m   Compiling[0m async-compression v0.4.50
2026-10-07T14:05:39.8646480Z [1m[92m   Compiling[0m mozjs v0.21.6
2026-10-07T14:05:40.1291710Z [1m[92m   Compiling[0m futures v0.3.34
2026-10-07T14:05:40.1613940Z [1m[92m   Compiling[0m poly1305 v0.9.1
2026-10-07T14:05:40.2391590Z [1m[92m   Compiling[0m sha3 v0.11.0
2026-10-07T14:05:40.4013540Z [1m[92m   Compiling[0m crypto-primes v0.7.2
2026-10-07T14:05:40.4691590Z [1m[92m   Compiling[0m ed25519 v3.0.0
2026-10-07T14:05:40.4889880Z [1m[92m   Compiling[0m hashlink v0.11.1
2026-10-07T14:05:40.6349680Z [1m[92m   Compiling[0m pkcs1 v0.8.0-rc.4
2026-10-07T14:05:40.6601180Z [1m[92m   Compiling[0m http-body-util v0.1.5
2026-10-07T14:05:40.7736150Z [1m[92m   Compiling[0m nom-language v0.1.0
2026-10-07T14:05:40.7978410Z [1m[92m   Compiling[0m tokio-stream v0.1.19
2026-10-07T14:05:40.9179040Z [1m[92m   Compiling[0m blake2 v0.11.0
2026-10-07T14:05:40.9315750Z [1m[92m   Compiling[0m xml5ever v0.39.0
2026-10-07T14:05:41.0872050Z [1m[92m   Compiling[0m ordered-channel v1.2.0
2026-10-07T14:05:41.1330690Z [1m[92m   Compiling[0m kem v0.3.0
2026-10-07T14:05:41.1741720Z [1m[92m   Compiling[0m dbl v0.5.0
2026-10-07T14:05:41.2267140Z [1m[92m   Compiling[0m async-recursion v1.2.0
2026-10-07T14:05:41.2312360Z [1m[92m   Compiling[0m servo-deny-public-fields v0.5.0 (https://github.com/servo/servo?rev=1d44e5dd6a8b64c02f9dbf7fcbdf4ebdd0740019#1d44e5dd)
2026-10-07T14:05:41.3798210Z [1m[92m   Compiling[0m servo-jstraceable-derive v0.5.0 (https://github.com/servo/servo?rev=1d44e5dd6a8b64c02f9dbf7fcbdf4ebdd0740019#1d44e5dd)
2026-10-07T14:05:41.4170480Z [1m[92m   Compiling[0m grafting v0.6.0
2026-10-07T14:05:41.4202510Z [1m[92m   Compiling[0m thread_local v1.1.10
2026-10-07T14:05:41.4376170Z [1m[92m   Compiling[0m fallible-iterator v0.3.0
2026-10-07T14:05:41.5729650Z [1m[92m   Compiling[0m servo-script v0.5.0 (https://github.com/servo/servo?rev=1d44e5dd6a8b64c02f9dbf7fcbdf4ebdd0740019#1d44e5dd)
2026-10-07T14:05:41.5942540Z [1m[92m   Compiling[0m fallible-streaming-iterator v0.1.9
2026-10-07T14:05:41.6147570Z [1m[92m   Compiling[0m utf8parse v0.2.2
2026-10-07T14:05:41.6149900Z [1m[92m   Compiling[0m imsz v0.4.1
2026-10-07T14:05:41.6546740Z [1m[92m   Compiling[0m rusqlite v0.38.0
2026-10-07T14:05:41.6630140Z [1m[92m   Compiling[0m anstyle-parse v1.0.0
2026-10-07T14:05:41.7095320Z [1m[92m   Compiling[0m vello_cpu v0.0.9
2026-10-07T14:05:41.7151440Z [1m[92m   Compiling[0m rsa v0.10.0-rc.18
2026-10-07T14:05:41.7633580Z [1m[92m   Compiling[0m ocb3 v0.2.0-rc.3
2026-10-07T14:05:41.8268310Z [1m[92m   Compiling[0m ml-kem v0.3.2
2026-10-07T14:05:42.2847790Z [1m[92m   Compiling[0m argon2 v0.6.0-rc.8
2026-10-07T14:05:42.5776480Z [1m[92m   Compiling[0m nom-rfc8288 v0.4.0
2026-10-07T14:05:42.5913490Z [1m[92m   Compiling[0m ed25519-dalek v3.0.0
2026-10-07T14:05:42.6729800Z [1m[92m   Compiling[0m chacha20poly1305 v0.11.0
2026-10-07T14:05:42.7236580Z [1m[92m   Compiling[0m servo-devtools v0.5.0 (https://github.com/servo/servo?rev=1d44e5dd6a8b64c02f9dbf7fcbdf4ebdd0740019#1d44e5dd)
2026-10-07T14:05:42.7276410Z [1m[92m   Compiling[0m block2 v0.5.1
2026-10-07T14:05:42.7302890Z [1m[92m   Compiling[0m x448 v0.14.0-pre.12
2026-10-07T14:05:42.7614390Z [1m[92m   Compiling[0m aes-gcm v0.11.1
2026-10-07T14:05:42.8097310Z [1m[92m   Compiling[0m sea-query v1.0.2
2026-10-07T14:05:42.8365620Z [1m[92m   Compiling[0m ml-dsa v0.1.1
2026-10-07T14:05:42.8628040Z [1m[92m   Compiling[0m aes-kw v0.3.1
2026-10-07T14:05:42.8775420Z [1m[92m   Compiling[0m x25519-dalek v3.0.0
2026-10-07T14:05:42.9369610Z [1m[92m   Compiling[0m p521 v0.14.0
2026-10-07T14:05:42.9432220Z [1m[92m   Compiling[0m p256 v0.14.0
2026-10-07T14:05:44.0567800Z [1m[92m   Compiling[0m p384 v0.14.0
2026-10-07T14:05:44.2534220Z [1m[92m   Compiling[0m servo-webvtt v0.5.0 (https://github.com/servo/servo?rev=1d44e5dd6a8b64c02f9dbf7fcbdf4ebdd0740019#1d44e5dd)
2026-10-07T14:05:44.4284420Z [1m[92m   Compiling[0m turboshake v0.7.1
2026-10-07T14:05:44.4762110Z [1m[92m   Compiling[0m sha3 v0.12.0
2026-10-07T14:05:44.6542020Z [1m[92m   Compiling[0m cshake v0.2.1
2026-10-07T14:05:44.7062560Z [1m[92m   Compiling[0m k12 v0.5.1
2026-10-07T14:05:44.8155970Z [1m[92m   Compiling[0m brotli v8.0.4
2026-10-07T14:05:46.2571230Z [1m[92m   Compiling[0m cbc v0.2.1
2026-10-07T14:05:46.3100050Z [1m[92m   Compiling[0m chardetng v0.1.17
2026-10-07T14:05:46.5381390Z [1m[92m   Compiling[0m anstyle-query v1.1.5
2026-10-07T14:05:46.5530300Z [1m[92m   Compiling[0m is_terminal_polyfill v1.70.2
2026-10-07T14:05:46.5845880Z [1m[92m   Compiling[0m seq-macro v0.3.6
2026-10-07T14:05:46.5912580Z [1m[92m   Compiling[0m jiff-core v0.1.1
2026-10-07T14:05:46.5920050Z [1m[92m   Compiling[0m colorchoice v1.0.5
2026-10-07T14:05:46.6516620Z [1m[92m   Compiling[0m dispatch v0.2.0
2026-10-07T14:05:46.7444990Z [1m[92m   Compiling[0m swapper v0.1.0
2026-10-07T14:05:46.7945400Z [1m[92m   Compiling[0m buf-read-ext v0.4.0
2026-10-07T14:05:46.8372320Z [1m[92m   Compiling[0m anstyle v1.0.14
2026-10-07T14:05:46.8601280Z [1m[92m   Compiling[0m objc2-foundation v0.2.2
2026-10-07T14:05:46.8855880Z [1m[92m   Compiling[0m sea-query-rusqlite v0.8.0
2026-10-07T14:05:46.9842570Z [1m[92m   Compiling[0m anstream v1.0.0
2026-10-07T14:05:47.1451740Z [1m[92m   Compiling[0m winit v0.30.13
2026-10-07T14:05:47.1854430Z [1m[92m   Compiling[0m jiff v0.2.38
2026-10-07T14:05:47.3695210Z [1m[92m   Compiling[0m objc2-core-audio v0.3.2
2026-10-07T14:05:47.4676420Z [1m[92m   Compiling[0m env_filter v2.0.0
2026-10-07T14:05:47.4797140Z [1m[92m   Compiling[0m objc2-core-audio-types v0.3.2
2026-10-07T14:05:47.5825530Z [1m[92m   Compiling[0m gaol v0.2.1
2026-10-07T14:05:47.6614670Z [1m[92m   Compiling[0m unicode_categories v0.1.1
2026-10-07T14:05:47.6660130Z [1m[92m   Compiling[0m by_address v1.2.1
2026-10-07T14:05:47.7085270Z [1m[92m   Compiling[0m palette_derive v0.7.7
2026-10-07T14:05:47.7572320Z [1m[92m   Compiling[0m objc2-core-media v0.3.2
2026-10-07T14:05:47.9974330Z [1m[92m   Compiling[0m arboard v3.6.1
2026-10-07T14:05:48.1274490Z [1m[92m   Compiling[0m objc2-uniform-type-identifiers v0.3.2
2026-10-07T14:05:48.2598440Z [1m[92m   Compiling[0m objc2-av-foundation v0.3.2
2026-10-07T14:05:48.2682620Z [1m[92m   Compiling[0m objc2-security v0.3.2
2026-10-07T14:05:48.2913270Z [1m[92m   Compiling[0m scrying v0.7.2
2026-10-07T14:05:48.3006630Z [1m[92m   Compiling[0m objc2-javascript-core v0.3.2
2026-10-07T14:05:48.3853040Z [1m[92m   Compiling[0m welding v0.14.1
2026-10-07T14:05:48.4127350Z [1m[92m   Compiling[0m palette_math v0.7.7
2026-10-07T14:05:48.5011860Z [1m[92m   Compiling[0m smol_str v0.2.2
2026-10-07T14:05:48.5047270Z [1m[92m   Compiling[0m cursor-icon v1.2.0
2026-10-07T14:05:48.5390470Z [1m[92m   Compiling[0m palette v0.7.7
2026-10-07T14:05:48.5734330Z [1m[92m   Compiling[0m objc2-web-kit v0.3.2
2026-10-07T14:05:48.6950210Z [1m[92m   Compiling[0m objc2-screen-capture-kit v0.3.2
2026-10-07T14:05:49.0443490Z [1m[92m   Compiling[0m objc2-app-kit v0.2.2
2026-10-07T14:05:49.2731770Z [1m[92m   Compiling[0m env_logger v0.11.11
2026-10-07T14:05:49.5777560Z [1m[92m   Compiling[0m demo-servo-winit v0.1.0 (/Users/markik/actions-runner-wgpu/_work/_temp/registry-triplet/graft/demo)
2026-10-07T14:05:49.8836480Z [1m[92m   Compiling[0m demo-support v0.1.0 (/Users/markik/actions-runner-wgpu/_work/_temp/registry-triplet/graft/demo-support)
2026-10-07T14:05:49.9459510Z [1m[92m   Compiling[0m pollster v0.4.0
2026-10-07T14:05:57.6557170Z [1m[92m   Compiling[0m tikv-jemallocator v0.6.1
2026-10-07T14:05:57.6996290Z [1m[92m   Compiling[0m servo-allocator v0.5.0 (https://github.com/servo/servo?rev=1d44e5dd6a8b64c02f9dbf7fcbdf4ebdd0740019#1d44e5dd)
2026-10-07T14:06:04.8841730Z [1m[92m   Compiling[0m rustls-webpki v0.103.15
2026-10-07T14:06:11.5381420Z [1m[92m   Compiling[0m tokio-rustls v0.26.6
2026-10-07T14:06:11.7166660Z [1m[92m   Compiling[0m tungstenite v0.30.0
2026-10-07T14:06:11.7519860Z [1m[92m   Compiling[0m hyper-rustls v0.27.10
2026-10-07T14:06:11.9931060Z [1m[92m   Compiling[0m rustls-platform-verifier v0.7.1
2026-10-07T14:06:12.6699900Z [1m[92m   Compiling[0m async-tungstenite v0.35.0
2026-10-07T14:06:18.7184880Z [1m[92m   Compiling[0m servo-malloc-size-of v0.5.0 (https://github.com/servo/servo?rev=1d44e5dd6a8b64c02f9dbf7fcbdf4ebdd0740019#1d44e5dd)
2026-10-07T14:06:19.2882490Z [1m[92m   Compiling[0m servo-base v0.5.0 (https://github.com/servo/servo?rev=1d44e5dd6a8b64c02f9dbf7fcbdf4ebdd0740019#1d44e5dd)
2026-10-07T14:06:19.2883780Z [1m[92m   Compiling[0m servo-url v0.5.0 (https://github.com/servo/servo?rev=1d44e5dd6a8b64c02f9dbf7fcbdf4ebdd0740019#1d44e5dd)
2026-10-07T14:06:19.2884940Z [1m[92m   Compiling[0m servo-geometry v0.5.0 (https://github.com/servo/servo?rev=1d44e5dd6a8b64c02f9dbf7fcbdf4ebdd0740019#1d44e5dd)
2026-10-07T14:06:19.2887890Z [1m[92m   Compiling[0m servo-media-streams v0.5.0 (https://github.com/servo/servo?rev=1d44e5dd6a8b64c02f9dbf7fcbdf4ebdd0740019#1d44e5dd)
2026-10-07T14:06:19.2892360Z [1m[92m   Compiling[0m servo-media-traits v0.5.0 (https://github.com/servo/servo?rev=1d44e5dd6a8b64c02f9dbf7fcbdf4ebdd0740019#1d44e5dd)
2026-10-07T14:06:19.4971700Z [1m[92m   Compiling[0m servo-timers v0.5.0 (https://github.com/servo/servo?rev=1d44e5dd6a8b64c02f9dbf7fcbdf4ebdd0740019#1d44e5dd)
2026-10-07T14:06:19.5017310Z [1m[92m   Compiling[0m servo-xpath v0.5.0 (https://github.com/servo/servo?rev=1d44e5dd6a8b64c02f9dbf7fcbdf4ebdd0740019#1d44e5dd)
2026-10-07T14:06:19.6183800Z [1m[92m   Compiling[0m servo-media-webrtc v0.5.0 (https://github.com/servo/servo?rev=1d44e5dd6a8b64c02f9dbf7fcbdf4ebdd0740019#1d44e5dd)
2026-10-07T14:06:19.9746770Z [1m[92m   Compiling[0m servo-profile-traits v0.5.0 (https://github.com/servo/servo?rev=1d44e5dd6a8b64c02f9dbf7fcbdf4ebdd0740019#1d44e5dd)
2026-10-07T14:06:19.9753760Z [1m[92m   Compiling[0m servo-pixels v0.5.0 (https://github.com/servo/servo?rev=1d44e5dd6a8b64c02f9dbf7fcbdf4ebdd0740019#1d44e5dd)
2026-10-07T14:06:19.9754770Z [1m[92m   Compiling[0m servo-media-player v0.5.0 (https://github.com/servo/servo?rev=1d44e5dd6a8b64c02f9dbf7fcbdf4ebdd0740019#1d44e5dd)
2026-10-07T14:06:19.9895540Z [1m[92m   Compiling[0m servo-background-hang-monitor-api v0.5.0 (https://github.com/servo/servo?rev=1d44e5dd6a8b64c02f9dbf7fcbdf4ebdd0740019#1d44e5dd)
2026-10-07T14:06:20.3408250Z [1m[92m   Compiling[0m servo-background-hang-monitor v0.5.0 (https://github.com/servo/servo?rev=1d44e5dd6a8b64c02f9dbf7fcbdf4ebdd0740019#1d44e5dd)
2026-10-07T14:06:20.4173860Z [1m[92m   Compiling[0m servo-media-audio v0.5.0 (https://github.com/servo/servo?rev=1d44e5dd6a8b64c02f9dbf7fcbdf4ebdd0740019#1d44e5dd)
2026-10-07T14:06:20.5692120Z [1m[92m   Compiling[0m servo-fonts-traits v0.5.0 (https://github.com/servo/servo?rev=1d44e5dd6a8b64c02f9dbf7fcbdf4ebdd0740019#1d44e5dd)
2026-10-07T14:06:20.8496930Z [1m[92m   Compiling[0m servo-storage-traits v0.5.0 (https://github.com/servo/servo?rev=1d44e5dd6a8b64c02f9dbf7fcbdf4ebdd0740019#1d44e5dd)
2026-10-07T14:06:21.3021740Z [1m[92m   Compiling[0m servo-profile v0.5.0 (https://github.com/servo/servo?rev=1d44e5dd6a8b64c02f9dbf7fcbdf4ebdd0740019#1d44e5dd)
2026-10-07T14:06:21.9143210Z [1m[92m   Compiling[0m servo-media v0.5.0 (https://github.com/servo/servo?rev=1d44e5dd6a8b64c02f9dbf7fcbdf4ebdd0740019#1d44e5dd)
2026-10-07T14:06:22.1199530Z [1m[92m   Compiling[0m servo-media-dummy v0.5.0 (https://github.com/servo/servo?rev=1d44e5dd6a8b64c02f9dbf7fcbdf4ebdd0740019#1d44e5dd)
2026-10-07T14:06:22.6973730Z [1m[92m   Compiling[0m servo-paint-api v0.5.0 (https://github.com/servo/servo?rev=1d44e5dd6a8b64c02f9dbf7fcbdf4ebdd0740019#1d44e5dd)
2026-10-07T14:06:22.6976140Z [1m[92m   Compiling[0m servo-webxr-api v0.5.0 (https://github.com/servo/servo?rev=1d44e5dd6a8b64c02f9dbf7fcbdf4ebdd0740019#1d44e5dd)
2026-10-07T14:06:22.7398330Z [1m[92m   Compiling[0m servo-default-resources v0.5.0 (https://github.com/servo/servo?rev=1d44e5dd6a8b64c02f9dbf7fcbdf4ebdd0740019#1d44e5dd)
2026-10-07T14:06:22.7816350Z [1m[92m   Compiling[0m servo-wakelock v0.5.0 (https://github.com/servo/servo?rev=1d44e5dd6a8b64c02f9dbf7fcbdf4ebdd0740019#1d44e5dd)
2026-10-07T14:06:23.8814030Z [1m[92m   Compiling[0m servo-canvas-traits v0.5.0 (https://github.com/servo/servo?rev=1d44e5dd6a8b64c02f9dbf7fcbdf4ebdd0740019#1d44e5dd)
2026-10-07T14:06:23.9796450Z [1m[92m   Compiling[0m servo-net-traits v0.5.0 (https://github.com/servo/servo?rev=1d44e5dd6a8b64c02f9dbf7fcbdf4ebdd0740019#1d44e5dd)
2026-10-07T14:06:23.9820290Z [1m[92m   Compiling[0m servo-media-thread v0.5.0 (https://github.com/servo/servo?rev=1d44e5dd6a8b64c02f9dbf7fcbdf4ebdd0740019#1d44e5dd)
2026-10-07T14:06:25.3931860Z [1m[92m   Compiling[0m servo-devtools-traits v0.5.0 (https://github.com/servo/servo?rev=1d44e5dd6a8b64c02f9dbf7fcbdf4ebdd0740019#1d44e5dd)
2026-10-07T14:06:25.3933210Z [1m[92m   Compiling[0m servo-fonts v0.5.0 (https://github.com/servo/servo?rev=1d44e5dd6a8b64c02f9dbf7fcbdf4ebdd0740019#1d44e5dd)
2026-10-07T14:06:25.3934550Z [1m[92m   Compiling[0m servo-storage v0.5.0 (https://github.com/servo/servo?rev=1d44e5dd6a8b64c02f9dbf7fcbdf4ebdd0740019#1d44e5dd)
2026-10-07T14:06:25.6163700Z [1m[92m   Compiling[0m servo-webgl v0.5.0 (https://github.com/servo/servo?rev=1d44e5dd6a8b64c02f9dbf7fcbdf4ebdd0740019#1d44e5dd)
2026-10-07T14:06:26.3999530Z [1m[92m   Compiling[0m servo-canvas v0.5.0 (https://github.com/servo/servo?rev=1d44e5dd6a8b64c02f9dbf7fcbdf4ebdd0740019#1d44e5dd)
2026-10-07T14:06:26.4647680Z [1m[92m   Compiling[0m servo-constellation-traits v0.5.0 (https://github.com/servo/servo?rev=1d44e5dd6a8b64c02f9dbf7fcbdf4ebdd0740019#1d44e5dd)
2026-10-07T14:06:26.5168410Z [1m[92m   Compiling[0m servo-net v0.5.0 (https://github.com/servo/servo?rev=1d44e5dd6a8b64c02f9dbf7fcbdf4ebdd0740019#1d44e5dd)
2026-10-07T14:06:28.1061470Z [1m[92m   Compiling[0m servo-script-traits v0.5.0 (https://github.com/servo/servo?rev=1d44e5dd6a8b64c02f9dbf7fcbdf4ebdd0740019#1d44e5dd)
2026-10-07T14:06:28.1062990Z [1m[92m   Compiling[0m servo-paint v0.5.0 (https://github.com/servo/servo?rev=1d44e5dd6a8b64c02f9dbf7fcbdf4ebdd0740019#1d44e5dd)
2026-10-07T14:06:28.6617090Z [1m[92m   Compiling[0m servo-layout-api v0.5.0 (https://github.com/servo/servo?rev=1d44e5dd6a8b64c02f9dbf7fcbdf4ebdd0740019#1d44e5dd)
2026-10-07T14:06:28.6622870Z [1m[92m   Compiling[0m servo-metrics v0.5.0 (https://github.com/servo/servo?rev=1d44e5dd6a8b64c02f9dbf7fcbdf4ebdd0740019#1d44e5dd)
2026-10-07T14:06:29.4022720Z [1m[92m   Compiling[0m servo-constellation v0.5.0 (https://github.com/servo/servo?rev=1d44e5dd6a8b64c02f9dbf7fcbdf4ebdd0740019#1d44e5dd)
2026-10-07T14:06:57.4548620Z [1m[92m   Compiling[0m servo-layout v0.5.0 (https://github.com/servo/servo?rev=1d44e5dd6a8b64c02f9dbf7fcbdf4ebdd0740019#1d44e5dd)
2026-10-07T14:06:59.9264100Z [1m[92m   Compiling[0m servo v0.5.0 (https://github.com/servo/servo?rev=1d44e5dd6a8b64c02f9dbf7fcbdf4ebdd0740019#1d44e5dd)
2026-10-07T14:07:01.1115990Z [1m[92m   Compiling[0m servo-wgpu-interop-adapter v0.1.0 (/Users/markik/actions-runner-wgpu/_work/_temp/registry-triplet/graft/adapter)
2026-10-07T14:07:16.9156140Z [1m[33mwarning[0m[1m: linker stderr: ld: __eh_frame section too large (max 16MB) to encode dwarf unwind offsets in compact unwind table, performance of exception handling might be affected[0m
2026-10-07T14:07:16.9156680Z   [1m[94m|[0m
2026-10-07T14:07:16.9157070Z   [1m[94m= [0m[1mnote[0m: `#[warn(linker_messages)]` on by default
2026-10-07T14:07:16.9157880Z   [1m[94m= [0m[1mnote[0m: the `linker_messages` lint ignores `-D warnings`
2026-10-07T14:07:16.9158060Z 
2026-10-07T14:07:16.9191370Z [1m[33mwarning[0m: `demo-servo-winit` (bin "demo-servo-winit") generated 1 warning
2026-10-07T14:07:16.9191820Z [1m[92m    Finished[0m `dev` profile [unoptimized + debuginfo] target(s) in 2m 37s
2026-10-07T14:07:22.0806340Z demo url: file:///Users/markik/actions-runner-wgpu/_work/_temp/registry-triplet/graft/demo/fixtures/smoke.html
2026-10-07T14:07:22.0806650Z host backend: Metal
2026-10-07T14:07:22.0807180Z capabilities: CapabilityMatrix { host_backend: Metal, gl_framebuffer_source: Supported, vulkan_external_image: Unsupported(HostBackendMismatch), metal_texture_ref: Supported, dx12_shared_texture: Unsupported(HostBackendMismatch) }
2026-10-07T14:07:22.0808070Z [servo] URL changed: file:///Users/markik/actions-runner-wgpu/_work/_temp/registry-triplet/graft/demo/fixtures/smoke.html
2026-10-07T14:07:22.0808390Z GRAFT DEMO SMOKE initial pixel=[23, 97, 181, 255] size=1024x600
2026-10-07T14:07:22.0808710Z GRAFT DEMO SMOKE PASS path=GPU-import frames=82 pixel=[221, 79, 54, 255] size=960x640
2026-10-07T14:07:22.0821000Z [wgpu] backend: Metal
2026-10-07T14:07:22.0837880Z Deterministic macOS smoke passed.
2026-10-07T14:07:22.1487420Z ##[group]Run # ScreenCaptureKit authorization for the unsigned demo is attached to
2026-10-07T14:07:22.1487860Z [36;1m# ScreenCaptureKit authorization for the unsigned demo is attached to[0m
2026-10-07T14:07:22.1488190Z [36;1m# its stable executable path on this host. Cargo still fingerprints[0m
2026-10-07T14:07:22.1488440Z [36;1m# and rebuilds the fresh registry consumer at that path.[0m
2026-10-07T14:07:22.1488880Z [36;1mexport CARGO_TARGET_DIR="/Users/markik/Code/targets/wgpu-scry-hardware"[0m
2026-10-07T14:07:22.1489160Z [36;1m# A logged-in runner can keep its WindowServer session while the[0m
2026-10-07T14:07:22.1489430Z [36;1m# display becomes idle. SCK then emits status-only samples. Wake the[0m
2026-10-07T14:07:22.1489680Z [36;1m# display and hold the headed session awake for the battery.[0m
2026-10-07T14:07:22.1489960Z [36;1mcaffeinate -u -t 5 &[0m
2026-10-07T14:07:22.1490110Z [36;1msleep 2[0m
2026-10-07T14:07:22.1490220Z [36;1mset -o pipefail[0m
2026-10-07T14:07:22.1490740Z [36;1mcaffeinate -dims bash "$RUNNER_TEMP/registry-triplet/scry/scripts/test-mac.sh" 2>&1 | tee "$RUNNER_TEMP/registry-scry-$PROOF_HOST.log"[0m
2026-10-07T14:07:22.1533610Z shell: /bin/bash -e {0}
2026-10-07T14:07:22.1533760Z env:
2026-10-07T14:07:22.1533880Z   CARGO_NET_GIT_FETCH_WITH_CLI: true
2026-10-07T14:07:22.1534050Z   RUSTFLAGS: -D warnings
2026-10-07T14:07:22.1534180Z   GRAFTING_VERSION: 0.6.0
2026-10-07T14:07:22.1534350Z   SCRYING_VERSION: 0.7.2
2026-10-07T14:07:22.1534460Z   WELDING_VERSION: 0.14.1
2026-10-07T14:07:22.1534640Z   SCRY_SOURCE_REF: 4d8d1d3f8dd450b712960c90b74263a45b46e35b
2026-10-07T14:07:22.1534850Z   WELD_SOURCE_REF: c7b7b4c52138643e22580a918542e8e036a0b24a
2026-10-07T14:07:22.1535030Z   WGPU_BACKEND: metal
2026-10-07T14:07:22.1535220Z   CEF_PATH: /Users/markik/Code/cef-cache/wgpu-weld
2026-10-07T14:07:22.1535370Z   CAPTURE: 1
2026-10-07T14:07:22.1535490Z   TIMEOUT: 90
2026-10-07T14:07:22.1535620Z   VISIBLE: 1
2026-10-07T14:07:22.1535760Z   PROOF_HOST: m4
2026-10-07T14:07:22.1535870Z   CARGO_HOME: /Users/markik/.cargo
2026-10-07T14:07:22.1536030Z   CARGO_INCREMENTAL: 0
2026-10-07T14:07:22.1536140Z   CARGO_TERM_COLOR: always
2026-10-07T14:07:22.1536330Z   UV_PYTHON_INSTALL_DIR: /Users/markik/.local/share/uv/python
2026-10-07T14:07:22.1536510Z ##[endgroup]
2026-10-07T14:07:26.2374760Z ==> ScreenCaptureKit display-awake hold active
2026-10-07T14:07:26.2376260Z ==> building demo-mac
2026-10-07T14:07:51.9232450Z /Users/markik/Code/targets/wgpu-scry-hardware/debug/scry-demo-mac-hardware.app: replacing existing signature
2026-10-07T14:07:52.0889470Z ==> code-signing identity: -
2026-10-07T14:07:52.0926830Z Executable=/Users/markik/Code/targets/wgpu-scry-hardware/debug/scry-demo-mac-hardware.app/Contents/MacOS/demo-mac
2026-10-07T14:07:52.0927520Z designated => identifier "org.merely.scry.hardware-demo"
2026-10-07T14:07:52.0929030Z ==> LaunchServices app: /Users/markik/Code/targets/wgpu-scry-hardware/debug/scry-demo-mac-hardware.app
2026-10-07T14:07:52.0930530Z 
2026-10-07T14:07:52.0931030Z ==> --scripted
2026-10-07T14:07:57.4643810Z demo-mac: nav event: Starting { url: "about:blank" }
2026-10-07T14:07:57.4644080Z demo-mac: nav event: SourceChanged { url: "about:blank" }
2026-10-07T14:07:57.4644450Z demo-mac: js->host: ready
2026-10-07T14:07:57.4644630Z demo-mac: scripted: page ready
2026-10-07T14:07:57.4644840Z demo-mac: nav event: Completed { url: "about:blank", success: true }
2026-10-07T14:07:57.4645100Z demo-mac: js->host: echo:ping-from-host
2026-10-07T14:07:57.4645290Z demo-mac: scripted: JS echoed host message
2026-10-07T14:07:57.4645490Z demo-mac: scripted: 6 ScrollWheel events dispatched without error
2026-10-07T14:07:57.4645720Z demo-mac: cursor change: Default
2026-10-07T14:07:57.4645920Z demo-mac: nav event: TitleChanged { title: "scrying-test" }
2026-10-07T14:07:57.4646170Z demo-mac: scripted: 3 KeyDown/KeyUp pairs dispatched without error
2026-10-07T14:07:57.4655080Z demo-mac: scripted: PASS — slices E + G + I + cursor handler verified at runtime
2026-10-07T14:07:57.4655740Z   - cursor handler fired 1 time(s) over the run
2026-10-07T14:07:57.4661280Z   -> PASS
2026-10-07T14:07:57.4675690Z 
2026-10-07T14:07:57.4675840Z ==> --browser-test
2026-10-07T14:07:59.0804140Z demo-mac: nav event: Starting { url: "scrying-test://history-1" }
2026-10-07T14:07:59.0804540Z demo-mac: nav event: SourceChanged { url: "scrying-test://history-1" }
2026-10-07T14:07:59.0814240Z demo-mac: js->host: loaded:history-1
2026-10-07T14:07:59.0814410Z demo-mac: browser-test: history-1 loaded
2026-10-07T14:07:59.0814670Z demo-mac: nav event: Completed { url: "scrying-test://history-2", success: true }
2026-10-07T14:07:59.0814960Z demo-mac: nav event: Starting { url: "scrying-test://history-2" }
2026-10-07T14:07:59.0815250Z demo-mac: nav event: SourceChanged { url: "scrying-test://history-2" }
2026-10-07T14:07:59.0815480Z demo-mac: js->host: loaded:history-2
2026-10-07T14:07:59.0815630Z demo-mac: browser-test: history-2 loaded
2026-10-07T14:07:59.0815880Z demo-mac: nav event: Completed { url: "scrying-test://history-2", success: true }
2026-10-07T14:07:59.0816140Z demo-mac: nav event: Starting { url: "scrying-test://history-1" }
2026-10-07T14:07:59.0816400Z demo-mac: nav event: SourceChanged { url: "scrying-test://history-1" }
2026-10-07T14:07:59.0816670Z demo-mac: nav event: Completed { url: "scrying-test://history-1", success: true }
2026-10-07T14:07:59.0816920Z demo-mac: browser-test: go_back navigated to history-1
2026-10-07T14:07:59.0817210Z demo-mac: nav event: Starting { url: "scrying-test://history-2" }
2026-10-07T14:07:59.0817490Z demo-mac: nav event: SourceChanged { url: "scrying-test://history-2" }
2026-10-07T14:07:59.0817750Z demo-mac: nav event: Completed { url: "scrying-test://history-2", success: true }
2026-10-07T14:07:59.0817990Z demo-mac: browser-test: go_forward navigated to history-2
2026-10-07T14:07:59.0818190Z demo-mac: browser-test: apply_settings ok
2026-10-07T14:07:59.0818390Z demo-mac: nav event: Starting { url: "scrying-test://find-target" }
2026-10-07T14:07:59.0818680Z demo-mac: nav event: SourceChanged { url: "scrying-test://find-target" }
2026-10-07T14:07:59.0818890Z demo-mac: js->host: loaded:find-target
2026-10-07T14:07:59.0819140Z demo-mac: nav event: Completed { url: "scrying-test://find-target", success: true }
2026-10-07T14:07:59.0819430Z demo-mac: browser-test: find_in_page matched
2026-10-07T14:07:59.0819600Z demo-mac: browser-test: PDF rendered (12150 bytes)
2026-10-07T14:07:59.0819940Z demo-mac: browser-test: PASS — items 1, 3, 4, 9 verified at runtime
2026-10-07T14:07:59.0820210Z   - history controls (go_back/go_forward observed via SourceChanged events)
2026-10-07T14:07:59.0820440Z   - settings (apply_settings returned Ok)
2026-10-07T14:07:59.0820630Z   - URL schemes (scrying-test:// served 3 pages successfully)
2026-10-07T14:07:59.0820920Z   - find_in_page → Some(true), request_pdf → 12150 bytes
2026-10-07T14:07:59.0821150Z demo-mac: browser-test: PASS — items 1, 3, 4, 9 verified at runtime
2026-10-07T14:07:59.0821420Z   - history controls (go_back/go_forward observed via SourceChanged events)
2026-10-07T14:07:59.0821650Z   - settings (apply_settings returned Ok)
2026-10-07T14:07:59.0821850Z   - URL schemes (scrying-test:// served 3 pages successfully)
2026-10-07T14:07:59.0822130Z   - find_in_page → Some(true), request_pdf → 12150 bytes
2026-10-07T14:07:59.0822400Z demo-mac: browser-test: PASS — items 1, 3, 4, 9 verified at runtime
2026-10-07T14:07:59.0822640Z   - history controls (go_back/go_forward observed via SourceChanged events)
2026-10-07T14:07:59.0822880Z   - settings (apply_settings returned Ok)
2026-10-07T14:07:59.0823060Z   - URL schemes (scrying-test:// served 3 pages successfully)
2026-10-07T14:07:59.0823310Z   - find_in_page → Some(true), request_pdf → 12150 bytes
2026-10-07T14:07:59.0823620Z demo-mac: browser-test: PASS — items 1, 3, 4, 9 verified at runtime
2026-10-07T14:07:59.0823890Z   - history controls (go_back/go_forward observed via SourceChanged events)
2026-10-07T14:07:59.0824130Z   - settings (apply_settings returned Ok)
2026-10-07T14:07:59.0824480Z   - URL schemes (scrying-test:// served 3 pages successfully)
2026-10-07T14:07:59.0824760Z   - find_in_page → Some(true), request_pdf → 12150 bytes
2026-10-07T14:07:59.0825020Z demo-mac: browser-test: PASS — items 1, 3, 4, 9 verified at runtime
2026-10-07T14:07:59.0825270Z   - history controls (go_back/go_forward observed via SourceChanged events)
2026-10-07T14:07:59.0825540Z   - settings (apply_settings returned Ok)
2026-10-07T14:07:59.0825730Z   - URL schemes (scrying-test:// served 3 pages successfully)
2026-10-07T14:07:59.0825980Z   - find_in_page → Some(true), request_pdf → 12150 bytes
2026-10-07T14:07:59.0826210Z demo-mac: browser-test: PASS — items 1, 3, 4, 9 verified at runtime
2026-10-07T14:07:59.0826470Z   - history controls (go_back/go_forward observed via SourceChanged events)
2026-10-07T14:07:59.0826680Z   - settings (apply_settings returned Ok)
2026-10-07T14:07:59.0826870Z   - URL schemes (scrying-test:// served 3 pages successfully)
2026-10-07T14:07:59.0827080Z   - find_in_page → Some(true), request_pdf → 12150 bytes
2026-10-07T14:07:59.0827350Z demo-mac: browser-test: PASS — items 1, 3, 4, 9 verified at runtime
2026-10-07T14:07:59.0827600Z   - history controls (go_back/go_forward observed via SourceChanged events)
2026-10-07T14:07:59.0827850Z   - settings (apply_settings returned Ok)
2026-10-07T14:07:59.0828040Z   - URL schemes (scrying-test:// served 3 pages successfully)
2026-10-07T14:07:59.0828260Z   - find_in_page → Some(true), request_pdf → 12150 bytes
2026-10-07T14:07:59.0828500Z demo-mac: browser-test: PASS — items 1, 3, 4, 9 verified at runtime
2026-10-07T14:07:59.0828740Z   - history controls (go_back/go_forward observed via SourceChanged events)
2026-10-07T14:07:59.0828970Z   - settings (apply_settings returned Ok)
2026-10-07T14:07:59.0829140Z   - URL schemes (scrying-test:// served 3 pages successfully)
2026-10-07T14:07:59.0829400Z   - find_in_page → Some(true), request_pdf → 12150 bytes
2026-10-07T14:07:59.0829620Z demo-mac: browser-test: PASS — items 1, 3, 4, 9 verified at runtime
2026-10-07T14:07:59.0829870Z   - history controls (go_back/go_forward observed via SourceChanged events)
2026-10-07T14:07:59.0830090Z   - settings (apply_settings returned Ok)
2026-10-07T14:07:59.0830290Z   - URL schemes (scrying-test:// served 3 pages successfully)
2026-10-07T14:07:59.0830520Z   - find_in_page → Some(true), request_pdf → 12150 bytes
2026-10-07T14:07:59.0830780Z demo-mac: browser-test: PASS — items 1, 3, 4, 9 verified at runtime
2026-10-07T14:07:59.0831060Z   - history controls (go_back/go_forward observed via SourceChanged events)
2026-10-07T14:07:59.0831260Z   - settings (apply_settings returned Ok)
2026-10-07T14:07:59.0831500Z   - URL schemes (scrying-test:// served 3 pages successfully)
2026-10-07T14:07:59.0831730Z   - find_in_page → Some(true), request_pdf → 12150 bytes
2026-10-07T14:07:59.0832000Z demo-mac: browser-test: PASS — items 1, 3, 4, 9 verified at runtime
2026-10-07T14:07:59.0832260Z   - history controls (go_back/go_forward observed via SourceChanged events)
2026-10-07T14:07:59.0832460Z   - settings (apply_settings returned Ok)
2026-10-07T14:07:59.0832660Z   - URL schemes (scrying-test:// served 3 pages successfully)
2026-10-07T14:07:59.0832910Z   - find_in_page → Some(true), request_pdf → 12150 bytes
2026-10-07T14:07:59.0833180Z demo-mac: browser-test: PASS — items 1, 3, 4, 9 verified at runtime
2026-10-07T14:07:59.0833420Z   - history controls (go_back/go_forward observed via SourceChanged events)
2026-10-07T14:07:59.0833670Z   - settings (apply_settings returned Ok)
2026-10-07T14:07:59.0833890Z   - URL schemes (scrying-test:// served 3 pages successfully)
2026-10-07T14:07:59.0834100Z   - find_in_page → Some(true), request_pdf → 12150 bytes
2026-10-07T14:07:59.0834370Z demo-mac: browser-test: PASS — items 1, 3, 4, 9 verified at runtime
2026-10-07T14:07:59.0834620Z   - history controls (go_back/go_forward observed via SourceChanged events)
2026-10-07T14:07:59.0834870Z   - settings (apply_settings returned Ok)
2026-10-07T14:07:59.0835140Z   - URL schemes (scrying-test:// served 3 pages successfully)
2026-10-07T14:07:59.0835410Z   - find_in_page → Some(true), request_pdf → 12150 bytes
2026-10-07T14:07:59.0835710Z demo-mac: browser-test: PASS — items 1, 3, 4, 9 verified at runtime
2026-10-07T14:07:59.0835970Z   - history controls (go_back/go_forward observed via SourceChanged events)
2026-10-07T14:07:59.0836190Z   - settings (apply_settings returned Ok)
2026-10-07T14:07:59.0836500Z   - URL schemes (scrying-test:// served 3 pages successfully)
2026-10-07T14:07:59.0836780Z   - find_in_page → Some(true), request_pdf → 12150 bytes
2026-10-07T14:07:59.0837000Z demo-mac: browser-test: PASS — items 1, 3, 4, 9 verified at runtime
2026-10-07T14:07:59.0837250Z   - history controls (go_back/go_forward observed via SourceChanged events)
2026-10-07T14:07:59.0837460Z   - settings (apply_settings returned Ok)
2026-10-07T14:07:59.0837690Z   - URL schemes (scrying-test:// served 3 pages successfully)
2026-10-07T14:07:59.0837930Z   - find_in_page → Some(true), request_pdf → 12150 bytes
2026-10-07T14:07:59.0838200Z demo-mac: browser-test: PASS — items 1, 3, 4, 9 verified at runtime
2026-10-07T14:07:59.0838460Z   - history controls (go_back/go_forward observed via SourceChanged events)
2026-10-07T14:07:59.0838660Z   - settings (apply_settings returned Ok)
2026-10-07T14:07:59.0838890Z   - URL schemes (scrying-test:// served 3 pages successfully)
2026-10-07T14:07:59.0839170Z   - find_in_page → Some(true), request_pdf → 12150 bytes
2026-10-07T14:07:59.0839420Z demo-mac: browser-test: PASS — items 1, 3, 4, 9 verified at runtime
2026-10-07T14:07:59.0839680Z   - history controls (go_back/go_forward observed via SourceChanged events)
2026-10-07T14:07:59.0839910Z   - settings (apply_settings returned Ok)
2026-10-07T14:07:59.0840100Z   - URL schemes (scrying-test:// served 3 pages successfully)
2026-10-07T14:07:59.0840350Z   - find_in_page → Some(true), request_pdf → 12150 bytes
2026-10-07T14:07:59.0840600Z demo-mac: browser-test: PASS — items 1, 3, 4, 9 verified at runtime
2026-10-07T14:07:59.0840850Z   - history controls (go_back/go_forward observed via SourceChanged events)
2026-10-07T14:07:59.0841120Z   - settings (apply_settings returned Ok)
2026-10-07T14:07:59.0841300Z   - URL schemes (scrying-test:// served 3 pages successfully)
2026-10-07T14:07:59.0841580Z   - find_in_page → Some(true), request_pdf → 12150 bytes
2026-10-07T14:07:59.0841870Z demo-mac: browser-test: PASS — items 1, 3, 4, 9 verified at runtime
2026-10-07T14:07:59.0842180Z   - history controls (go_back/go_forward observed via SourceChanged events)
2026-10-07T14:07:59.0842460Z   - settings (apply_settings returned Ok)
2026-10-07T14:07:59.0842680Z   - URL schemes (scrying-test:// served 3 pages successfully)
2026-10-07T14:07:59.0842900Z   - find_in_page → Some(true), request_pdf → 12150 bytes
2026-10-07T14:07:59.0843190Z demo-mac: browser-test: PASS — items 1, 3, 4, 9 verified at runtime
2026-10-07T14:07:59.0843440Z   - history controls (go_back/go_forward observed via SourceChanged events)
2026-10-07T14:07:59.0843650Z   - settings (apply_settings returned Ok)
2026-10-07T14:07:59.0843820Z   - URL schemes (scrying-test:// served 3 pages successfully)
2026-10-07T14:07:59.0844190Z   - find_in_page → Some(true), request_pdf → 12150 bytes
2026-10-07T14:07:59.0844410Z demo-mac: browser-test: PASS — items 1, 3, 4, 9 verified at runtime
2026-10-07T14:07:59.0844720Z   - history controls (go_back/go_forward observed via SourceChanged events)
2026-10-07T14:07:59.0844990Z   - settings (apply_settings returned Ok)
2026-10-07T14:07:59.0845160Z   - URL schemes (scrying-test:// served 3 pages successfully)
2026-10-07T14:07:59.0845380Z   - find_in_page → Some(true), request_pdf → 12150 bytes
2026-10-07T14:07:59.0845600Z demo-mac: browser-test: PASS — items 1, 3, 4, 9 verified at runtime
2026-10-07T14:07:59.0845840Z   - history controls (go_back/go_forward observed via SourceChanged events)
2026-10-07T14:07:59.0846040Z   - settings (apply_settings returned Ok)
2026-10-07T14:07:59.0846250Z   - URL schemes (scrying-test:// served 3 pages successfully)
2026-10-07T14:07:59.0846560Z   - find_in_page → Some(true), request_pdf → 12150 bytes
2026-10-07T14:07:59.0846780Z demo-mac: browser-test: PASS — items 1, 3, 4, 9 verified at runtime
2026-10-07T14:07:59.0847020Z   - history controls (go_back/go_forward observed via SourceChanged events)
2026-10-07T14:07:59.0847210Z   - settings (apply_settings returned Ok)
2026-10-07T14:07:59.0847390Z   - URL schemes (scrying-test:// served 3 pages successfully)
2026-10-07T14:07:59.0847680Z   - find_in_page → Some(true), request_pdf → 12150 bytes
2026-10-07T14:07:59.0847900Z demo-mac: browser-test: PASS — items 1, 3, 4, 9 verified at runtime
2026-10-07T14:07:59.0848130Z   - history controls (go_back/go_forward observed via SourceChanged events)
2026-10-07T14:07:59.0848330Z   - settings (apply_settings returned Ok)
2026-10-07T14:07:59.0848520Z   - URL schemes (scrying-test:// served 3 pages successfully)
2026-10-07T14:07:59.0848750Z   - find_in_page → Some(true), request_pdf → 12150 bytes
2026-10-07T14:07:59.0849010Z demo-mac: browser-test: PASS — items 1, 3, 4, 9 verified at runtime
2026-10-07T14:07:59.0849250Z   - history controls (go_back/go_forward observed via SourceChanged events)
2026-10-07T14:07:59.0849460Z   - settings (apply_settings returned Ok)
2026-10-07T14:07:59.0849650Z   - URL schemes (scrying-test:// served 3 pages successfully)
2026-10-07T14:07:59.0849870Z   - find_in_page → Some(true), request_pdf → 12150 bytes
2026-10-07T14:07:59.0850100Z demo-mac: browser-test: PASS — items 1, 3, 4, 9 verified at runtime
2026-10-07T14:07:59.0850330Z   - history controls (go_back/go_forward observed via SourceChanged events)
2026-10-07T14:07:59.0850540Z   - settings (apply_settings returned Ok)
2026-10-07T14:07:59.0850710Z   - URL schemes (scrying-test:// served 3 pages successfully)
2026-10-07T14:07:59.0850940Z   - find_in_page → Some(true), request_pdf → 12150 bytes
2026-10-07T14:07:59.0851160Z demo-mac: browser-test: PASS — items 1, 3, 4, 9 verified at runtime
2026-10-07T14:07:59.0851410Z   - history controls (go_back/go_forward observed via SourceChanged events)
2026-10-07T14:07:59.0851630Z   - settings (apply_settings returned Ok)
2026-10-07T14:07:59.0851810Z   - URL schemes (scrying-test:// served 3 pages successfully)
2026-10-07T14:07:59.0852030Z   - find_in_page → Some(true), request_pdf → 12150 bytes
2026-10-07T14:07:59.0852260Z demo-mac: browser-test: PASS — items 1, 3, 4, 9 verified at runtime
2026-10-07T14:07:59.0852500Z   - history controls (go_back/go_forward observed via SourceChanged events)
2026-10-07T14:07:59.0852700Z   - settings (apply_settings returned Ok)
2026-10-07T14:07:59.0852880Z   - URL schemes (scrying-test:// served 3 pages successfully)
2026-10-07T14:07:59.0853080Z   - find_in_page → Some(true), request_pdf → 12150 bytes
2026-10-07T14:07:59.0853320Z demo-mac: browser-test: PASS — items 1, 3, 4, 9 verified at runtime
2026-10-07T14:07:59.0853540Z   - history controls (go_back/go_forward observed via SourceChanged events)
2026-10-07T14:07:59.0853750Z   - settings (apply_settings returned Ok)
2026-10-07T14:07:59.0853920Z   - URL schemes (scrying-test:// served 3 pages successfully)
2026-10-07T14:07:59.0854160Z   - find_in_page → Some(true), request_pdf → 12150 bytes
2026-10-07T14:07:59.0854420Z demo-mac: browser-test: PASS — items 1, 3, 4, 9 verified at runtime
2026-10-07T14:07:59.0854650Z   - history controls (go_back/go_forward observed via SourceChanged events)
2026-10-07T14:07:59.0854890Z   - settings (apply_settings returned Ok)
2026-10-07T14:07:59.0855070Z   - URL schemes (scrying-test:// served 3 pages successfully)
2026-10-07T14:07:59.0855300Z   - find_in_page → Some(true), request_pdf → 12150 bytes
2026-10-07T14:07:59.0855550Z demo-mac: browser-test: PASS — items 1, 3, 4, 9 verified at runtime
2026-10-07T14:07:59.0855780Z   - history controls (go_back/go_forward observed via SourceChanged events)
2026-10-07T14:07:59.0855990Z   - settings (apply_settings returned Ok)
2026-10-07T14:07:59.0856150Z   - URL schemes (scrying-test:// served 3 pages successfully)
2026-10-07T14:07:59.0856460Z   - find_in_page → Some(true), request_pdf → 12150 bytes
2026-10-07T14:07:59.0856690Z demo-mac: browser-test: PASS — items 1, 3, 4, 9 verified at runtime
2026-10-07T14:07:59.0856920Z   - history controls (go_back/go_forward observed via SourceChanged events)
2026-10-07T14:07:59.0857110Z   - settings (apply_settings returned Ok)
2026-10-07T14:07:59.0857290Z   - URL schemes (scrying-test:// served 3 pages successfully)
2026-10-07T14:07:59.0857550Z   - find_in_page → Some(true), request_pdf → 12150 bytes
2026-10-07T14:07:59.0857790Z demo-mac: browser-test: PASS — items 1, 3, 4, 9 verified at runtime
2026-10-07T14:07:59.0858020Z   - history controls (go_back/go_forward observed via SourceChanged events)
2026-10-07T14:07:59.0858210Z   - settings (apply_settings returned Ok)
2026-10-07T14:07:59.0858390Z   - URL schemes (scrying-test:// served 3 pages successfully)
2026-10-07T14:07:59.0858600Z   - find_in_page → Some(true), request_pdf → 12150 bytes
2026-10-07T14:07:59.0858820Z demo-mac: browser-test: PASS — items 1, 3, 4, 9 verified at runtime
2026-10-07T14:07:59.0859040Z   - history controls (go_back/go_forward observed via SourceChanged events)
2026-10-07T14:07:59.0859250Z   - settings (apply_settings returned Ok)
2026-10-07T14:07:59.0859420Z   - URL schemes (scrying-test:// served 3 pages successfully)
2026-10-07T14:07:59.0859630Z   - find_in_page → Some(true), request_pdf → 12150 bytes
2026-10-07T14:07:59.0859860Z demo-mac: browser-test: PASS — items 1, 3, 4, 9 verified at runtime
2026-10-07T14:07:59.0860090Z   - history controls (go_back/go_forward observed via SourceChanged events)
2026-10-07T14:07:59.0860290Z   - settings (apply_settings returned Ok)
2026-10-07T14:07:59.0860460Z   - URL schemes (scrying-test:// served 3 pages successfully)
2026-10-07T14:07:59.0860670Z   - find_in_page → Some(true), request_pdf → 12150 bytes
2026-10-07T14:07:59.0860880Z demo-mac: browser-test: PASS — items 1, 3, 4, 9 verified at runtime
2026-10-07T14:07:59.0861110Z   - history controls (go_back/go_forward observed via SourceChanged events)
2026-10-07T14:07:59.0861310Z   - settings (apply_settings returned Ok)
2026-10-07T14:07:59.0861490Z   - URL schemes (scrying-test:// served 3 pages successfully)
2026-10-07T14:07:59.0861700Z   - find_in_page → Some(true), request_pdf → 12150 bytes
2026-10-07T14:07:59.0861930Z demo-mac: browser-test: PASS — items 1, 3, 4, 9 verified at runtime
2026-10-07T14:07:59.0862160Z   - history controls (go_back/go_forward observed via SourceChanged events)
2026-10-07T14:07:59.0862360Z   - settings (apply_settings returned Ok)
2026-10-07T14:07:59.0862530Z   - URL schemes (scrying-test:// served 3 pages successfully)
2026-10-07T14:07:59.0862760Z   - find_in_page → Some(true), request_pdf → 12150 bytes
2026-10-07T14:07:59.0862980Z demo-mac: browser-test: PASS — items 1, 3, 4, 9 verified at runtime
2026-10-07T14:07:59.0863230Z   - history controls (go_back/go_forward observed via SourceChanged events)
2026-10-07T14:07:59.0863440Z   - settings (apply_settings returned Ok)
2026-10-07T14:07:59.0863620Z   - URL schemes (scrying-test:// served 3 pages successfully)
2026-10-07T14:07:59.0863830Z   - find_in_page → Some(true), request_pdf → 12150 bytes
2026-10-07T14:07:59.0864050Z demo-mac: browser-test: PASS — items 1, 3, 4, 9 verified at runtime
2026-10-07T14:07:59.0864290Z   - history controls (go_back/go_forward observed via SourceChanged events)
2026-10-07T14:07:59.0864480Z   - settings (apply_settings returned Ok)
2026-10-07T14:07:59.0864660Z   - URL schemes (scrying-test:// served 3 pages successfully)
2026-10-07T14:07:59.0864870Z   - find_in_page → Some(true), request_pdf → 12150 bytes
2026-10-07T14:07:59.0865090Z demo-mac: browser-test: PASS — items 1, 3, 4, 9 verified at runtime
2026-10-07T14:07:59.0865330Z   - history controls (go_back/go_forward observed via SourceChanged events)
2026-10-07T14:07:59.0865520Z   - settings (apply_settings returned Ok)
2026-10-07T14:07:59.0865700Z   - URL schemes (scrying-test:// served 3 pages successfully)
2026-10-07T14:07:59.0874300Z   - find_in_page → Some(true), request_pdf → 12150 bytes
2026-10-07T14:07:59.0874690Z demo-mac: browser-test: PASS — items 1, 3, 4, 9 verified at runtime
2026-10-07T14:07:59.0874930Z   - history controls (go_back/go_forward observed via SourceChanged events)
2026-10-07T14:07:59.0875120Z   - settings (apply_settings returned Ok)
2026-10-07T14:07:59.0875290Z   - URL schemes (scrying-test:// served 3 pages successfully)
2026-10-07T14:07:59.0875490Z   - find_in_page → Some(true), request_pdf → 12150 bytes
2026-10-07T14:07:59.0875770Z demo-mac: browser-test: PASS — items 1, 3, 4, 9 verified at runtime
2026-10-07T14:07:59.0875980Z   - history controls (go_back/go_forward observed via SourceChanged events)
2026-10-07T14:07:59.0876170Z   - settings (apply_settings returned Ok)
2026-10-07T14:07:59.0876340Z   - URL schemes (scrying-test:// served 3 pages successfully)
2026-10-07T14:07:59.0876540Z   - find_in_page → Some(true), request_pdf → 12150 bytes
2026-10-07T14:07:59.0876740Z demo-mac: browser-test: PASS — items 1, 3, 4, 9 verified at runtime
2026-10-07T14:07:59.0876960Z   - history controls (go_back/go_forward observed via SourceChanged events)
2026-10-07T14:07:59.0877150Z   - settings (apply_settings returned Ok)
2026-10-07T14:07:59.0877310Z   - URL schemes (scrying-test:// served 3 pages successfully)
2026-10-07T14:07:59.0877520Z   - find_in_page → Some(true), request_pdf → 12150 bytes
2026-10-07T14:07:59.0877730Z demo-mac: browser-test: PASS — items 1, 3, 4, 9 verified at runtime
2026-10-07T14:07:59.0877950Z   - history controls (go_back/go_forward observed via SourceChanged events)
2026-10-07T14:07:59.0878140Z   - settings (apply_settings returned Ok)
2026-10-07T14:07:59.0878290Z   - URL schemes (scrying-test:// served 3 pages successfully)
2026-10-07T14:07:59.0878490Z   - find_in_page → Some(true), request_pdf → 12150 bytes
2026-10-07T14:07:59.0878690Z demo-mac: browser-test: PASS — items 1, 3, 4, 9 verified at runtime
2026-10-07T14:07:59.0878910Z   - history controls (go_back/go_forward observed via SourceChanged events)
2026-10-07T14:07:59.0879090Z   - settings (apply_settings returned Ok)
2026-10-07T14:07:59.0879260Z   - URL schemes (scrying-test:// served 3 pages successfully)
2026-10-07T14:07:59.0879460Z   - find_in_page → Some(true), request_pdf → 12150 bytes
2026-10-07T14:07:59.0879660Z demo-mac: browser-test: PASS — items 1, 3, 4, 9 verified at runtime
2026-10-07T14:07:59.0879900Z   - history controls (go_back/go_forward observed via SourceChanged events)
2026-10-07T14:07:59.0880090Z   - settings (apply_settings returned Ok)
2026-10-07T14:07:59.0880250Z   - URL schemes (scrying-test:// served 3 pages successfully)
2026-10-07T14:07:59.0880440Z   - find_in_page → Some(true), request_pdf → 12150 bytes
2026-10-07T14:07:59.0880650Z demo-mac: browser-test: PASS — items 1, 3, 4, 9 verified at runtime
2026-10-07T14:07:59.0880870Z   - history controls (go_back/go_forward observed via SourceChanged events)
2026-10-07T14:07:59.0881080Z   - settings (apply_settings returned Ok)
2026-10-07T14:07:59.0881240Z   - URL schemes (scrying-test:// served 3 pages successfully)
2026-10-07T14:07:59.0881440Z   - find_in_page → Some(true), request_pdf → 12150 bytes
2026-10-07T14:07:59.0881640Z demo-mac: browser-test: PASS — items 1, 3, 4, 9 verified at runtime
2026-10-07T14:07:59.0881860Z   - history controls (go_back/go_forward observed via SourceChanged events)
2026-10-07T14:07:59.0882040Z   - settings (apply_settings returned Ok)
2026-10-07T14:07:59.0882200Z   - URL schemes (scrying-test:// served 3 pages successfully)
2026-10-07T14:07:59.0882400Z   - find_in_page → Some(true), request_pdf → 12150 bytes
2026-10-07T14:07:59.0882600Z demo-mac: browser-test: PASS — items 1, 3, 4, 9 verified at runtime
2026-10-07T14:07:59.0882820Z   - history controls (go_back/go_forward observed via SourceChanged events)
2026-10-07T14:07:59.0883010Z   - settings (apply_settings returned Ok)
2026-10-07T14:07:59.0883170Z   - URL schemes (scrying-test:// served 3 pages successfully)
2026-10-07T14:07:59.0883370Z   - find_in_page → Some(true), request_pdf → 12150 bytes
2026-10-07T14:07:59.0883660Z demo-mac: browser-test: PASS — items 1, 3, 4, 9 verified at runtime
2026-10-07T14:07:59.0883880Z   - history controls (go_back/go_forward observed via SourceChanged events)
2026-10-07T14:07:59.0884070Z   - settings (apply_settings returned Ok)
2026-10-07T14:07:59.0884230Z   - URL schemes (scrying-test:// served 3 pages successfully)
2026-10-07T14:07:59.0884430Z   - find_in_page → Some(true), request_pdf → 12150 bytes
2026-10-07T14:07:59.0884690Z demo-mac: browser-test: PASS — items 1, 3, 4, 9 verified at runtime
2026-10-07T14:07:59.0884910Z   - history controls (go_back/go_forward observed via SourceChanged events)
2026-10-07T14:07:59.0885090Z   - settings (apply_settings returned Ok)
2026-10-07T14:07:59.0885250Z   - URL schemes (scrying-test:// served 3 pages successfully)
2026-10-07T14:07:59.0885450Z   - find_in_page → Some(true), request_pdf → 12150 bytes
2026-10-07T14:07:59.0885660Z demo-mac: browser-test: PASS — items 1, 3, 4, 9 verified at runtime
2026-10-07T14:07:59.0885880Z   - history controls (go_back/go_forward observed via SourceChanged events)
2026-10-07T14:07:59.0886070Z   - settings (apply_settings returned Ok)
2026-10-07T14:07:59.0886220Z   - URL schemes (scrying-test:// served 3 pages successfully)
2026-10-07T14:07:59.0886420Z   - find_in_page → Some(true), request_pdf → 12150 bytes
2026-10-07T14:07:59.0886630Z demo-mac: browser-test: PASS — items 1, 3, 4, 9 verified at runtime
2026-10-07T14:07:59.0886850Z   - history controls (go_back/go_forward observed via SourceChanged events)
2026-10-07T14:07:59.0887040Z   - settings (apply_settings returned Ok)
2026-10-07T14:07:59.0887200Z   - URL schemes (scrying-test:// served 3 pages successfully)
2026-10-07T14:07:59.0887400Z   - find_in_page → Some(true), request_pdf → 12150 bytes
2026-10-07T14:07:59.0887610Z demo-mac: browser-test: PASS — items 1, 3, 4, 9 verified at runtime
2026-10-07T14:07:59.0887820Z   - history controls (go_back/go_forward observed via SourceChanged events)
2026-10-07T14:07:59.0888010Z   - settings (apply_settings returned Ok)
2026-10-07T14:07:59.0888170Z   - URL schemes (scrying-test:// served 3 pages successfully)
2026-10-07T14:07:59.0888370Z   - find_in_page → Some(true), request_pdf → 12150 bytes
2026-10-07T14:07:59.0888570Z demo-mac: browser-test: PASS — items 1, 3, 4, 9 verified at runtime
2026-10-07T14:07:59.0888790Z   - history controls (go_back/go_forward observed via SourceChanged events)
2026-10-07T14:07:59.0888970Z   - settings (apply_settings returned Ok)
2026-10-07T14:07:59.0889130Z   - URL schemes (scrying-test:// served 3 pages successfully)
2026-10-07T14:07:59.0889330Z   - find_in_page → Some(true), request_pdf → 12150 bytes
2026-10-07T14:07:59.0889540Z demo-mac: browser-test: PASS — items 1, 3, 4, 9 verified at runtime
2026-10-07T14:07:59.0889750Z   - history controls (go_back/go_forward observed via SourceChanged events)
2026-10-07T14:07:59.0889930Z   - settings (apply_settings returned Ok)
2026-10-07T14:07:59.0890090Z   - URL schemes (scrying-test:// served 3 pages successfully)
2026-10-07T14:07:59.0890290Z   - find_in_page → Some(true), request_pdf → 12150 bytes
2026-10-07T14:07:59.0890500Z demo-mac: browser-test: PASS — items 1, 3, 4, 9 verified at runtime
2026-10-07T14:07:59.0890720Z   - history controls (go_back/go_forward observed via SourceChanged events)
2026-10-07T14:07:59.0890900Z   - settings (apply_settings returned Ok)
2026-10-07T14:07:59.0891060Z   - URL schemes (scrying-test:// served 3 pages successfully)
2026-10-07T14:07:59.0891270Z   - find_in_page → Some(true), request_pdf → 12150 bytes
2026-10-07T14:07:59.0891470Z demo-mac: browser-test: PASS — items 1, 3, 4, 9 verified at runtime
2026-10-07T14:07:59.0891690Z   - history controls (go_back/go_forward observed via SourceChanged events)
2026-10-07T14:07:59.0891880Z   - settings (apply_settings returned Ok)
2026-10-07T14:07:59.0892040Z   - URL schemes (scrying-test:// served 3 pages successfully)
2026-10-07T14:07:59.0892230Z   - find_in_page → Some(true), request_pdf → 12150 bytes
2026-10-07T14:07:59.0892440Z demo-mac: browser-test: PASS — items 1, 3, 4, 9 verified at runtime
2026-10-07T14:07:59.0892730Z   - history controls (go_back/go_forward observed via SourceChanged events)
2026-10-07T14:07:59.0892920Z   - settings (apply_settings returned Ok)
2026-10-07T14:07:59.0893080Z   - URL schemes (scrying-test:// served 3 pages successfully)
2026-10-07T14:07:59.0893280Z   - find_in_page → Some(true), request_pdf → 12150 bytes
2026-10-07T14:07:59.0893490Z demo-mac: browser-test: PASS — items 1, 3, 4, 9 verified at runtime
2026-10-07T14:07:59.0893780Z   - history controls (go_back/go_forward observed via SourceChanged events)
2026-10-07T14:07:59.0893960Z   - settings (apply_settings returned Ok)
2026-10-07T14:07:59.0894120Z   - URL schemes (scrying-test:// served 3 pages successfully)
2026-10-07T14:07:59.0894320Z   - find_in_page → Some(true), request_pdf → 12150 bytes
2026-10-07T14:07:59.0894530Z demo-mac: browser-test: PASS — items 1, 3, 4, 9 verified at runtime
2026-10-07T14:07:59.0894750Z   - history controls (go_back/go_forward observed via SourceChanged events)
2026-10-07T14:07:59.0894940Z   - settings (apply_settings returned Ok)
2026-10-07T14:07:59.0895100Z   - URL schemes (scrying-test:// served 3 pages successfully)
2026-10-07T14:07:59.0895300Z   - find_in_page → Some(true), request_pdf → 12150 bytes
2026-10-07T14:07:59.0895500Z demo-mac: browser-test: PASS — items 1, 3, 4, 9 verified at runtime
2026-10-07T14:07:59.0895720Z   - history controls (go_back/go_forward observed via SourceChanged events)
2026-10-07T14:07:59.0895900Z   - settings (apply_settings returned Ok)
2026-10-07T14:07:59.0896060Z   - URL schemes (scrying-test:// served 3 pages successfully)
2026-10-07T14:07:59.0896260Z   - find_in_page → Some(true), request_pdf → 12150 bytes
2026-10-07T14:07:59.0896470Z demo-mac: browser-test: PASS — items 1, 3, 4, 9 verified at runtime
2026-10-07T14:07:59.0896690Z   - history controls (go_back/go_forward observed via SourceChanged events)
2026-10-07T14:07:59.0896870Z   - settings (apply_settings returned Ok)
2026-10-07T14:07:59.0897030Z   - URL schemes (scrying-test:// served 3 pages successfully)
2026-10-07T14:07:59.0897230Z   - find_in_page → Some(true), request_pdf → 12150 bytes
2026-10-07T14:07:59.0897440Z demo-mac: browser-test: PASS — items 1, 3, 4, 9 verified at runtime
2026-10-07T14:07:59.0897660Z   - history controls (go_back/go_forward observed via SourceChanged events)
2026-10-07T14:07:59.0897840Z   - settings (apply_settings returned Ok)
2026-10-07T14:07:59.0898000Z   - URL schemes (scrying-test:// served 3 pages successfully)
2026-10-07T14:07:59.0898210Z   - find_in_page → Some(true), request_pdf → 12150 bytes
2026-10-07T14:07:59.0898410Z demo-mac: browser-test: PASS — items 1, 3, 4, 9 verified at runtime
2026-10-07T14:07:59.0898630Z   - history controls (go_back/go_forward observed via SourceChanged events)
2026-10-07T14:07:59.0898810Z   - settings (apply_settings returned Ok)
2026-10-07T14:07:59.0898970Z   - URL schemes (scrying-test:// served 3 pages successfully)
2026-10-07T14:07:59.0899170Z   - find_in_page → Some(true), request_pdf → 12150 bytes
2026-10-07T14:07:59.0899380Z demo-mac: browser-test: PASS — items 1, 3, 4, 9 verified at runtime
2026-10-07T14:07:59.0899600Z   - history controls (go_back/go_forward observed via SourceChanged events)
2026-10-07T14:07:59.0899780Z   - settings (apply_settings returned Ok)
2026-10-07T14:07:59.0899940Z   - URL schemes (scrying-test:// served 3 pages successfully)
2026-10-07T14:07:59.0900140Z   - find_in_page → Some(true), request_pdf → 12150 bytes
2026-10-07T14:07:59.0900350Z demo-mac: browser-test: PASS — items 1, 3, 4, 9 verified at runtime
2026-10-07T14:07:59.0900570Z   - history controls (go_back/go_forward observed via SourceChanged events)
2026-10-07T14:07:59.0900750Z   - settings (apply_settings returned Ok)
2026-10-07T14:07:59.0900910Z   - URL schemes (scrying-test:// served 3 pages successfully)
2026-10-07T14:07:59.0901110Z   - find_in_page → Some(true), request_pdf → 12150 bytes
2026-10-07T14:07:59.0901320Z demo-mac: browser-test: PASS — items 1, 3, 4, 9 verified at runtime
2026-10-07T14:07:59.0901620Z   - history controls (go_back/go_forward observed via SourceChanged events)
2026-10-07T14:07:59.0901810Z   - settings (apply_settings returned Ok)
2026-10-07T14:07:59.0901970Z   - URL schemes (scrying-test:// served 3 pages successfully)
2026-10-07T14:07:59.0902170Z   - find_in_page → Some(true), request_pdf → 12150 bytes
2026-10-07T14:07:59.0902380Z demo-mac: browser-test: PASS — items 1, 3, 4, 9 verified at runtime
2026-10-07T14:07:59.0902650Z   - history controls (go_back/go_forward observed via SourceChanged events)
2026-10-07T14:07:59.0902840Z   - settings (apply_settings returned Ok)
2026-10-07T14:07:59.0903000Z   - URL schemes (scrying-test:// served 3 pages successfully)
2026-10-07T14:07:59.0903200Z   - find_in_page → Some(true), request_pdf → 12150 bytes
2026-10-07T14:07:59.0903410Z demo-mac: browser-test: PASS — items 1, 3, 4, 9 verified at runtime
2026-10-07T14:07:59.0903620Z   - history controls (go_back/go_forward observed via SourceChanged events)
2026-10-07T14:07:59.0903810Z   - settings (apply_settings returned Ok)
2026-10-07T14:07:59.0903970Z   - URL schemes (scrying-test:// served 3 pages successfully)
2026-10-07T14:07:59.0904160Z   - find_in_page → Some(true), request_pdf → 12150 bytes
2026-10-07T14:07:59.0904370Z demo-mac: browser-test: PASS — items 1, 3, 4, 9 verified at runtime
2026-10-07T14:07:59.0904590Z   - history controls (go_back/go_forward observed via SourceChanged events)
2026-10-07T14:07:59.0904780Z   - settings (apply_settings returned Ok)
2026-10-07T14:07:59.0904940Z   - URL schemes (scrying-test:// served 3 pages successfully)
2026-10-07T14:07:59.0905140Z   - find_in_page → Some(true), request_pdf → 12150 bytes
2026-10-07T14:07:59.0905340Z demo-mac: browser-test: PASS — items 1, 3, 4, 9 verified at runtime
2026-10-07T14:07:59.0905560Z   - history controls (go_back/go_forward observed via SourceChanged events)
2026-10-07T14:07:59.0905750Z   - settings (apply_settings returned Ok)
2026-10-07T14:07:59.0905900Z   - URL schemes (scrying-test:// served 3 pages successfully)
2026-10-07T14:07:59.0906100Z   - find_in_page → Some(true), request_pdf → 12150 bytes
2026-10-07T14:07:59.0906310Z demo-mac: browser-test: PASS — items 1, 3, 4, 9 verified at runtime
2026-10-07T14:07:59.0906530Z   - history controls (go_back/go_forward observed via SourceChanged events)
2026-10-07T14:07:59.0906720Z   - settings (apply_settings returned Ok)
2026-10-07T14:07:59.0906880Z   - URL schemes (scrying-test:// served 3 pages successfully)
2026-10-07T14:07:59.0907080Z   - find_in_page → Some(true), request_pdf → 12150 bytes
2026-10-07T14:07:59.0907280Z demo-mac: browser-test: PASS — items 1, 3, 4, 9 verified at runtime
2026-10-07T14:07:59.0907500Z   - history controls (go_back/go_forward observed via SourceChanged events)
2026-10-07T14:07:59.0907690Z   - settings (apply_settings returned Ok)
2026-10-07T14:07:59.0907850Z   - URL schemes (scrying-test:// served 3 pages successfully)
2026-10-07T14:07:59.0908050Z   - find_in_page → Some(true), request_pdf → 12150 bytes
2026-10-07T14:07:59.0908260Z demo-mac: browser-test: PASS — items 1, 3, 4, 9 verified at runtime
2026-10-07T14:07:59.0908470Z   - history controls (go_back/go_forward observed via SourceChanged events)
2026-10-07T14:07:59.0908660Z   - settings (apply_settings returned Ok)
2026-10-07T14:07:59.0908810Z   - URL schemes (scrying-test:// served 3 pages successfully)
2026-10-07T14:07:59.0909010Z   - find_in_page → Some(true), request_pdf → 12150 bytes
2026-10-07T14:07:59.0909220Z demo-mac: browser-test: PASS — items 1, 3, 4, 9 verified at runtime
2026-10-07T14:07:59.0909440Z   - history controls (go_back/go_forward observed via SourceChanged events)
2026-10-07T14:07:59.0909630Z   - settings (apply_settings returned Ok)
2026-10-07T14:07:59.0909790Z   - URL schemes (scrying-test:// served 3 pages successfully)
2026-10-07T14:07:59.0909990Z   - find_in_page → Some(true), request_pdf → 12150 bytes
2026-10-07T14:07:59.0910190Z demo-mac: browser-test: PASS — items 1, 3, 4, 9 verified at runtime
2026-10-07T14:07:59.0910410Z   - history controls (go_back/go_forward observed via SourceChanged events)
2026-10-07T14:07:59.0910670Z   - settings (apply_settings returned Ok)
2026-10-07T14:07:59.0910830Z   - URL schemes (scrying-test:// served 3 pages successfully)
2026-10-07T14:07:59.0911030Z   - find_in_page → Some(true), request_pdf → 12150 bytes
2026-10-07T14:07:59.0911240Z demo-mac: browser-test: PASS — items 1, 3, 4, 9 verified at runtime
2026-10-07T14:07:59.0911460Z   - history controls (go_back/go_forward observed via SourceChanged events)
2026-10-07T14:07:59.0911690Z   - settings (apply_settings returned Ok)
2026-10-07T14:07:59.0911860Z   - URL schemes (scrying-test:// served 3 pages successfully)
2026-10-07T14:07:59.0912050Z   - find_in_page → Some(true), request_pdf → 12150 bytes
2026-10-07T14:07:59.0912260Z demo-mac: browser-test: PASS — items 1, 3, 4, 9 verified at runtime
2026-10-07T14:07:59.0912480Z   - history controls (go_back/go_forward observed via SourceChanged events)
2026-10-07T14:07:59.0912670Z   - settings (apply_settings returned Ok)
2026-10-07T14:07:59.0912830Z   - URL schemes (scrying-test:// served 3 pages successfully)
2026-10-07T14:07:59.0913030Z   - find_in_page → Some(true), request_pdf → 12150 bytes
2026-10-07T14:07:59.0913240Z demo-mac: browser-test: PASS — items 1, 3, 4, 9 verified at runtime
2026-10-07T14:07:59.0913460Z   - history controls (go_back/go_forward observed via SourceChanged events)
2026-10-07T14:07:59.0913640Z   - settings (apply_settings returned Ok)
2026-10-07T14:07:59.0913800Z   - URL schemes (scrying-test:// served 3 pages successfully)
2026-10-07T14:07:59.0914060Z   - find_in_page → Some(true), request_pdf → 12150 bytes
2026-10-07T14:07:59.0914270Z demo-mac: browser-test: PASS — items 1, 3, 4, 9 verified at runtime
2026-10-07T14:07:59.0914480Z   - history controls (go_back/go_forward observed via SourceChanged events)
2026-10-07T14:07:59.0914670Z   - settings (apply_settings returned Ok)
2026-10-07T14:07:59.0914830Z   - URL schemes (scrying-test:// served 3 pages successfully)
2026-10-07T14:07:59.0915030Z   - find_in_page → Some(true), request_pdf → 12150 bytes
2026-10-07T14:07:59.0915240Z demo-mac: browser-test: PASS — items 1, 3, 4, 9 verified at runtime
2026-10-07T14:07:59.0915450Z   - history controls (go_back/go_forward observed via SourceChanged events)
2026-10-07T14:07:59.0915630Z   - settings (apply_settings returned Ok)
2026-10-07T14:07:59.0915790Z   - URL schemes (scrying-test:// served 3 pages successfully)
2026-10-07T14:07:59.0915990Z   - find_in_page → Some(true), request_pdf → 12150 bytes
2026-10-07T14:07:59.0916200Z demo-mac: browser-test: PASS — items 1, 3, 4, 9 verified at runtime
2026-10-07T14:07:59.0916420Z   - history controls (go_back/go_forward observed via SourceChanged events)
2026-10-07T14:07:59.0916600Z   - settings (apply_settings returned Ok)
2026-10-07T14:07:59.0916760Z   - URL schemes (scrying-test:// served 3 pages successfully)
2026-10-07T14:07:59.0916960Z   - find_in_page → Some(true), request_pdf → 12150 bytes
2026-10-07T14:07:59.0917170Z demo-mac: browser-test: PASS — items 1, 3, 4, 9 verified at runtime
2026-10-07T14:07:59.0917380Z   - history controls (go_back/go_forward observed via SourceChanged events)
2026-10-07T14:07:59.0917570Z   - settings (apply_settings returned Ok)
2026-10-07T14:07:59.0917730Z   - URL schemes (scrying-test:// served 3 pages successfully)
2026-10-07T14:07:59.0917930Z   - find_in_page → Some(true), request_pdf → 12150 bytes
2026-10-07T14:07:59.0918140Z demo-mac: browser-test: PASS — items 1, 3, 4, 9 verified at runtime
2026-10-07T14:07:59.0918380Z   - history controls (go_back/go_forward observed via SourceChanged events)
2026-10-07T14:07:59.0918570Z   - settings (apply_settings returned Ok)
2026-10-07T14:07:59.0918730Z   - URL schemes (scrying-test:// served 3 pages successfully)
2026-10-07T14:07:59.0918930Z   - find_in_page → Some(true), request_pdf → 12150 bytes
2026-10-07T14:07:59.0919140Z demo-mac: browser-test: PASS — items 1, 3, 4, 9 verified at runtime
2026-10-07T14:07:59.0919350Z   - history controls (go_back/go_forward observed via SourceChanged events)
2026-10-07T14:07:59.0919610Z   - settings (apply_settings returned Ok)
2026-10-07T14:07:59.0919780Z   - URL schemes (scrying-test:// served 3 pages successfully)
2026-10-07T14:07:59.0919980Z   - find_in_page → Some(true), request_pdf → 12150 bytes
2026-10-07T14:07:59.0920190Z demo-mac: browser-test: PASS — items 1, 3, 4, 9 verified at runtime
2026-10-07T14:07:59.0920410Z   - history controls (go_back/go_forward observed via SourceChanged events)
2026-10-07T14:07:59.0920650Z   - settings (apply_settings returned Ok)
2026-10-07T14:07:59.0920810Z   - URL schemes (scrying-test:// served 3 pages successfully)
2026-10-07T14:07:59.0921000Z   - find_in_page → Some(true), request_pdf → 12150 bytes
2026-10-07T14:07:59.0921210Z demo-mac: browser-test: PASS — items 1, 3, 4, 9 verified at runtime
2026-10-07T14:07:59.0921430Z   - history controls (go_back/go_forward observed via SourceChanged events)
2026-10-07T14:07:59.0921620Z   - settings (apply_settings returned Ok)
2026-10-07T14:07:59.0921780Z   - URL schemes (scrying-test:// served 3 pages successfully)
2026-10-07T14:07:59.0921990Z   - find_in_page → Some(true), request_pdf → 12150 bytes
2026-10-07T14:07:59.0922190Z demo-mac: browser-test: PASS — items 1, 3, 4, 9 verified at runtime
2026-10-07T14:07:59.0922420Z   - history controls (go_back/go_forward observed via SourceChanged events)
2026-10-07T14:07:59.0922620Z   - settings (apply_settings returned Ok)
2026-10-07T14:07:59.0922790Z   - URL schemes (scrying-test:// served 3 pages successfully)
2026-10-07T14:07:59.0922990Z   - find_in_page → Some(true), request_pdf → 12150 bytes
2026-10-07T14:07:59.0923190Z demo-mac: browser-test: PASS — items 1, 3, 4, 9 verified at runtime
2026-10-07T14:07:59.0923410Z   - history controls (go_back/go_forward observed via SourceChanged events)
2026-10-07T14:07:59.0923600Z   - settings (apply_settings returned Ok)
2026-10-07T14:07:59.0923760Z   - URL schemes (scrying-test:// served 3 pages successfully)
2026-10-07T14:07:59.0923960Z   - find_in_page → Some(true), request_pdf → 12150 bytes
2026-10-07T14:07:59.0924160Z demo-mac: browser-test: PASS — items 1, 3, 4, 9 verified at runtime
2026-10-07T14:07:59.0924380Z   - history controls (go_back/go_forward observed via SourceChanged events)
2026-10-07T14:07:59.0924590Z   - settings (apply_settings returned Ok)
2026-10-07T14:07:59.0924760Z   - URL schemes (scrying-test:// served 3 pages successfully)
2026-10-07T14:07:59.0924960Z   - find_in_page → Some(true), request_pdf → 12150 bytes
2026-10-07T14:07:59.0925170Z demo-mac: browser-test: PASS — items 1, 3, 4, 9 verified at runtime
2026-10-07T14:07:59.0925390Z   - history controls (go_back/go_forward observed via SourceChanged events)
2026-10-07T14:07:59.0925570Z   - settings (apply_settings returned Ok)
2026-10-07T14:07:59.0925730Z   - URL schemes (scrying-test:// served 3 pages successfully)
2026-10-07T14:07:59.0925920Z   - find_in_page → Some(true), request_pdf → 12150 bytes
2026-10-07T14:07:59.0926140Z demo-mac: browser-test: PASS — items 1, 3, 4, 9 verified at runtime
2026-10-07T14:07:59.0926350Z   - history controls (go_back/go_forward observed via SourceChanged events)
2026-10-07T14:07:59.0926540Z   - settings (apply_settings returned Ok)
2026-10-07T14:07:59.0926700Z   - URL schemes (scrying-test:// served 3 pages successfully)
2026-10-07T14:07:59.0926900Z   - find_in_page → Some(true), request_pdf → 12150 bytes
2026-10-07T14:07:59.0927110Z demo-mac: browser-test: PASS — items 1, 3, 4, 9 verified at runtime
2026-10-07T14:07:59.0927330Z   - history controls (go_back/go_forward observed via SourceChanged events)
2026-10-07T14:07:59.0927510Z   - settings (apply_settings returned Ok)
2026-10-07T14:07:59.0927670Z   - URL schemes (scrying-test:// served 3 pages successfully)
2026-10-07T14:07:59.0927860Z   - find_in_page → Some(true), request_pdf → 12150 bytes
2026-10-07T14:07:59.0928070Z demo-mac: browser-test: PASS — items 1, 3, 4, 9 verified at runtime
2026-10-07T14:07:59.0928290Z   - history controls (go_back/go_forward observed via SourceChanged events)
2026-10-07T14:07:59.0928480Z   - settings (apply_settings returned Ok)
2026-10-07T14:07:59.0928710Z   - URL schemes (scrying-test:// served 3 pages successfully)
2026-10-07T14:07:59.0928910Z   - find_in_page → Some(true), request_pdf → 12150 bytes
2026-10-07T14:07:59.0929120Z demo-mac: browser-test: PASS — items 1, 3, 4, 9 verified at runtime
2026-10-07T14:07:59.0929340Z   - history controls (go_back/go_forward observed via SourceChanged events)
2026-10-07T14:07:59.0929600Z   - settings (apply_settings returned Ok)
2026-10-07T14:07:59.0929770Z   - URL schemes (scrying-test:// served 3 pages successfully)
2026-10-07T14:07:59.0929970Z   - find_in_page → Some(true), request_pdf → 12150 bytes
2026-10-07T14:07:59.0930180Z demo-mac: browser-test: PASS — items 1, 3, 4, 9 verified at runtime
2026-10-07T14:07:59.0930400Z   - history controls (go_back/go_forward observed via SourceChanged events)
2026-10-07T14:07:59.0930590Z   - settings (apply_settings returned Ok)
2026-10-07T14:07:59.0930750Z   - URL schemes (scrying-test:// served 3 pages successfully)
2026-10-07T14:07:59.0930940Z   - find_in_page → Some(true), request_pdf → 12150 bytes
2026-10-07T14:07:59.0931150Z demo-mac: browser-test: PASS — items 1, 3, 4, 9 verified at runtime
2026-10-07T14:07:59.0931370Z   - history controls (go_back/go_forward observed via SourceChanged events)
2026-10-07T14:07:59.0931560Z   - settings (apply_settings returned Ok)
2026-10-07T14:07:59.0931720Z   - URL schemes (scrying-test:// served 3 pages successfully)
2026-10-07T14:07:59.0931920Z   - find_in_page → Some(true), request_pdf → 12150 bytes
2026-10-07T14:07:59.0932130Z demo-mac: browser-test: PASS — items 1, 3, 4, 9 verified at runtime
2026-10-07T14:07:59.0932350Z   - history controls (go_back/go_forward observed via SourceChanged events)
2026-10-07T14:07:59.0932530Z   - settings (apply_settings returned Ok)
2026-10-07T14:07:59.0932690Z   - URL schemes (scrying-test:// served 3 pages successfully)
2026-10-07T14:07:59.0932880Z   - find_in_page → Some(true), request_pdf → 12150 bytes
2026-10-07T14:07:59.0933090Z demo-mac: browser-test: PASS — items 1, 3, 4, 9 verified at runtime
2026-10-07T14:07:59.0933310Z   - history controls (go_back/go_forward observed via SourceChanged events)
2026-10-07T14:07:59.0933500Z   - settings (apply_settings returned Ok)
2026-10-07T14:07:59.0933660Z   - URL schemes (scrying-test:// served 3 pages successfully)
2026-10-07T14:07:59.0933860Z   - find_in_page → Some(true), request_pdf → 12150 bytes
2026-10-07T14:07:59.0934060Z demo-mac: browser-test: PASS — items 1, 3, 4, 9 verified at runtime
2026-10-07T14:07:59.0934320Z   - history controls (go_back/go_forward observed via SourceChanged events)
2026-10-07T14:07:59.0934520Z   - settings (apply_settings returned Ok)
2026-10-07T14:07:59.0934760Z   - URL schemes (scrying-test:// served 3 pages successfully)
2026-10-07T14:07:59.0935000Z   - find_in_page → Some(true), request_pdf → 12150 bytes
2026-10-07T14:07:59.0935240Z demo-mac: browser-test: PASS — items 1, 3, 4, 9 verified at runtime
2026-10-07T14:07:59.0935470Z   - history controls (go_back/go_forward observed via SourceChanged events)
2026-10-07T14:07:59.0935720Z   - settings (apply_settings returned Ok)
2026-10-07T14:07:59.0935890Z   - URL schemes (scrying-test:// served 3 pages successfully)
2026-10-07T14:07:59.0936120Z   - find_in_page → Some(true), request_pdf → 12150 bytes
2026-10-07T14:07:59.0936410Z demo-mac: browser-test: PASS — items 1, 3, 4, 9 verified at runtime
2026-10-07T14:07:59.0936640Z   - history controls (go_back/go_forward observed via SourceChanged events)
2026-10-07T14:07:59.0936840Z   - settings (apply_settings returned Ok)
2026-10-07T14:07:59.0937140Z   - URL schemes (scrying-test:// served 3 pages successfully)
2026-10-07T14:07:59.0937360Z   - find_in_page → Some(true), request_pdf → 12150 bytes
2026-10-07T14:07:59.0937590Z demo-mac: browser-test: PASS — items 1, 3, 4, 9 verified at runtime
2026-10-07T14:07:59.0937820Z   - history controls (go_back/go_forward observed via SourceChanged events)
2026-10-07T14:07:59.0938020Z   - settings (apply_settings returned Ok)
2026-10-07T14:07:59.0938380Z   - URL schemes (scrying-test:// served 3 pages successfully)
2026-10-07T14:07:59.0938600Z   - find_in_page → Some(true), request_pdf → 12150 bytes
2026-10-07T14:07:59.0938820Z demo-mac: browser-test: PASS — items 1, 3, 4, 9 verified at runtime
2026-10-07T14:07:59.0939050Z   - history controls (go_back/go_forward observed via SourceChanged events)
2026-10-07T14:07:59.0939250Z   - settings (apply_settings returned Ok)
2026-10-07T14:07:59.0939490Z   - URL schemes (scrying-test:// served 3 pages successfully)
2026-10-07T14:07:59.0939710Z   - find_in_page → Some(true), request_pdf → 12150 bytes
2026-10-07T14:07:59.0939920Z demo-mac: browser-test: PASS — items 1, 3, 4, 9 verified at runtime
2026-10-07T14:07:59.0946980Z   - history controls (go_back/go_forward observed via SourceChanged events)
2026-10-07T14:07:59.0947200Z   - settings (apply_settings returned Ok)
2026-10-07T14:07:59.0947360Z   - URL schemes (scrying-test:// served 3 pages successfully)
2026-10-07T14:07:59.0947570Z   - find_in_page → Some(true), request_pdf → 12150 bytes
2026-10-07T14:07:59.0947790Z demo-mac: browser-test: PASS — items 1, 3, 4, 9 verified at runtime
2026-10-07T14:07:59.0948010Z   - history controls (go_back/go_forward observed via SourceChanged events)
2026-10-07T14:07:59.0948200Z   - settings (apply_settings returned Ok)
2026-10-07T14:07:59.0948370Z   - URL schemes (scrying-test:// served 3 pages successfully)
2026-10-07T14:07:59.0948580Z   - find_in_page → Some(true), request_pdf → 12150 bytes
2026-10-07T14:07:59.0948800Z demo-mac: browser-test: PASS — items 1, 3, 4, 9 verified at runtime
2026-10-07T14:07:59.0949020Z   - history controls (go_back/go_forward observed via SourceChanged events)
2026-10-07T14:07:59.0949210Z   - settings (apply_settings returned Ok)
2026-10-07T14:07:59.0949370Z   - URL schemes (scrying-test:// served 3 pages successfully)
2026-10-07T14:07:59.0949570Z   - find_in_page → Some(true), request_pdf → 12150 bytes
2026-10-07T14:07:59.0949770Z demo-mac: browser-test: PASS — items 1, 3, 4, 9 verified at runtime
2026-10-07T14:07:59.0950000Z   - history controls (go_back/go_forward observed via SourceChanged events)
2026-10-07T14:07:59.0950190Z   - settings (apply_settings returned Ok)
2026-10-07T14:07:59.0950350Z   - URL schemes (scrying-test:// served 3 pages successfully)
2026-10-07T14:07:59.0950550Z   - find_in_page → Some(true), request_pdf → 12150 bytes
2026-10-07T14:07:59.0950750Z demo-mac: browser-test: PASS — items 1, 3, 4, 9 verified at runtime
2026-10-07T14:07:59.0950980Z   - history controls (go_back/go_forward observed via SourceChanged events)
2026-10-07T14:07:59.0951170Z   - settings (apply_settings returned Ok)
2026-10-07T14:07:59.0951330Z   - URL schemes (scrying-test:// served 3 pages successfully)
2026-10-07T14:07:59.0951530Z   - find_in_page → Some(true), request_pdf → 12150 bytes
2026-10-07T14:07:59.0951740Z demo-mac: browser-test: PASS — items 1, 3, 4, 9 verified at runtime
2026-10-07T14:07:59.0951960Z   - history controls (go_back/go_forward observed via SourceChanged events)
2026-10-07T14:07:59.0952150Z   - settings (apply_settings returned Ok)
2026-10-07T14:07:59.0952310Z   - URL schemes (scrying-test:// served 3 pages successfully)
2026-10-07T14:07:59.0952510Z   - find_in_page → Some(true), request_pdf → 12150 bytes
2026-10-07T14:07:59.0952720Z demo-mac: browser-test: PASS — items 1, 3, 4, 9 verified at runtime
2026-10-07T14:07:59.0952950Z   - history controls (go_back/go_forward observed via SourceChanged events)
2026-10-07T14:07:59.0953140Z   - settings (apply_settings returned Ok)
2026-10-07T14:07:59.0953300Z   - URL schemes (scrying-test:// served 3 pages successfully)
2026-10-07T14:07:59.0953500Z   - find_in_page → Some(true), request_pdf → 12150 bytes
2026-10-07T14:07:59.0953710Z demo-mac: browser-test: PASS — items 1, 3, 4, 9 verified at runtime
2026-10-07T14:07:59.0953930Z   - history controls (go_back/go_forward observed via SourceChanged events)
2026-10-07T14:07:59.0954120Z   - settings (apply_settings returned Ok)
2026-10-07T14:07:59.0954280Z   - URL schemes (scrying-test:// served 3 pages successfully)
2026-10-07T14:07:59.0954600Z   - find_in_page → Some(true), request_pdf → 12150 bytes
2026-10-07T14:07:59.0954820Z demo-mac: browser-test: PASS — items 1, 3, 4, 9 verified at runtime
2026-10-07T14:07:59.0955050Z   - history controls (go_back/go_forward observed via SourceChanged events)
2026-10-07T14:07:59.0955230Z   - settings (apply_settings returned Ok)
2026-10-07T14:07:59.0955400Z   - URL schemes (scrying-test:// served 3 pages successfully)
2026-10-07T14:07:59.0955660Z   - find_in_page → Some(true), request_pdf → 12150 bytes
2026-10-07T14:07:59.0955870Z demo-mac: browser-test: PASS — items 1, 3, 4, 9 verified at runtime
2026-10-07T14:07:59.0956090Z   - history controls (go_back/go_forward observed via SourceChanged events)
2026-10-07T14:07:59.0956280Z   - settings (apply_settings returned Ok)
2026-10-07T14:07:59.0956440Z   - URL schemes (scrying-test:// served 3 pages successfully)
2026-10-07T14:07:59.0956640Z   - find_in_page → Some(true), request_pdf → 12150 bytes
2026-10-07T14:07:59.0956860Z demo-mac: browser-test: PASS — items 1, 3, 4, 9 verified at runtime
2026-10-07T14:07:59.0957080Z   - history controls (go_back/go_forward observed via SourceChanged events)
2026-10-07T14:07:59.0957270Z   - settings (apply_settings returned Ok)
2026-10-07T14:07:59.0957430Z   - URL schemes (scrying-test:// served 3 pages successfully)
2026-10-07T14:07:59.0957630Z   - find_in_page → Some(true), request_pdf → 12150 bytes
2026-10-07T14:07:59.0957850Z demo-mac: browser-test: PASS — items 1, 3, 4, 9 verified at runtime
2026-10-07T14:07:59.0958070Z   - history controls (go_back/go_forward observed via SourceChanged events)
2026-10-07T14:07:59.0958250Z   - settings (apply_settings returned Ok)
2026-10-07T14:07:59.0958420Z   - URL schemes (scrying-test:// served 3 pages successfully)
2026-10-07T14:07:59.0958620Z   - find_in_page → Some(true), request_pdf → 12150 bytes
2026-10-07T14:07:59.0958840Z demo-mac: browser-test: PASS — items 1, 3, 4, 9 verified at runtime
2026-10-07T14:07:59.0959100Z   - history controls (go_back/go_forward observed via SourceChanged events)
2026-10-07T14:07:59.0959280Z   - settings (apply_settings returned Ok)
2026-10-07T14:07:59.0959440Z   - URL schemes (scrying-test:// served 3 pages successfully)
2026-10-07T14:07:59.0959640Z   - find_in_page → Some(true), request_pdf → 12150 bytes
2026-10-07T14:07:59.0959850Z demo-mac: browser-test: PASS — items 1, 3, 4, 9 verified at runtime
2026-10-07T14:07:59.0960080Z   - history controls (go_back/go_forward observed via SourceChanged events)
2026-10-07T14:07:59.0960260Z   - settings (apply_settings returned Ok)
2026-10-07T14:07:59.0960430Z   - URL schemes (scrying-test:// served 3 pages successfully)
2026-10-07T14:07:59.0960620Z   - find_in_page → Some(true), request_pdf → 12150 bytes
2026-10-07T14:07:59.0960840Z demo-mac: browser-test: PASS — items 1, 3, 4, 9 verified at runtime
2026-10-07T14:07:59.0961060Z   - history controls (go_back/go_forward observed via SourceChanged events)
2026-10-07T14:07:59.0961270Z   - settings (apply_settings returned Ok)
2026-10-07T14:07:59.0961430Z   - URL schemes (scrying-test:// served 3 pages successfully)
2026-10-07T14:07:59.0961630Z   - find_in_page → Some(true), request_pdf → 12150 bytes
2026-10-07T14:07:59.0961840Z demo-mac: browser-test: PASS — items 1, 3, 4, 9 verified at runtime
2026-10-07T14:07:59.0962060Z   - history controls (go_back/go_forward observed via SourceChanged events)
2026-10-07T14:07:59.0962250Z   - settings (apply_settings returned Ok)
2026-10-07T14:07:59.0962410Z   - URL schemes (scrying-test:// served 3 pages successfully)
2026-10-07T14:07:59.0962610Z   - find_in_page → Some(true), request_pdf → 12150 bytes
2026-10-07T14:07:59.0962820Z demo-mac: browser-test: PASS — items 1, 3, 4, 9 verified at runtime
2026-10-07T14:07:59.0963040Z   - history controls (go_back/go_forward observed via SourceChanged events)
2026-10-07T14:07:59.0963230Z   - settings (apply_settings returned Ok)
2026-10-07T14:07:59.0963390Z   - URL schemes (scrying-test:// served 3 pages successfully)
2026-10-07T14:07:59.0963670Z   - find_in_page → Some(true), request_pdf → 12150 bytes
2026-10-07T14:07:59.0963890Z demo-mac: browser-test: PASS — items 1, 3, 4, 9 verified at runtime
2026-10-07T14:07:59.0964110Z   - history controls (go_back/go_forward observed via SourceChanged events)
2026-10-07T14:07:59.0964320Z   - settings (apply_settings returned Ok)
2026-10-07T14:07:59.0964490Z   - URL schemes (scrying-test:// served 3 pages successfully)
2026-10-07T14:07:59.0964750Z   - find_in_page → Some(true), request_pdf → 12150 bytes
2026-10-07T14:07:59.0964960Z demo-mac: browser-test: PASS — items 1, 3, 4, 9 verified at runtime
2026-10-07T14:07:59.0965180Z   - history controls (go_back/go_forward observed via SourceChanged events)
2026-10-07T14:07:59.0965370Z   - settings (apply_settings returned Ok)
2026-10-07T14:07:59.0965530Z   - URL schemes (scrying-test:// served 3 pages successfully)
2026-10-07T14:07:59.0965730Z   - find_in_page → Some(true), request_pdf → 12150 bytes
2026-10-07T14:07:59.0965940Z demo-mac: browser-test: PASS — items 1, 3, 4, 9 verified at runtime
2026-10-07T14:07:59.0966160Z   - history controls (go_back/go_forward observed via SourceChanged events)
2026-10-07T14:07:59.0966350Z   - settings (apply_settings returned Ok)
2026-10-07T14:07:59.0966510Z   - URL schemes (scrying-test:// served 3 pages successfully)
2026-10-07T14:07:59.0966710Z   - find_in_page → Some(true), request_pdf → 12150 bytes
2026-10-07T14:07:59.0966920Z demo-mac: browser-test: PASS — items 1, 3, 4, 9 verified at runtime
2026-10-07T14:07:59.0967140Z   - history controls (go_back/go_forward observed via SourceChanged events)
2026-10-07T14:07:59.0967330Z   - settings (apply_settings returned Ok)
2026-10-07T14:07:59.0967490Z   - URL schemes (scrying-test:// served 3 pages successfully)
2026-10-07T14:07:59.0967690Z   - find_in_page → Some(true), request_pdf → 12150 bytes
2026-10-07T14:07:59.0967900Z demo-mac: browser-test: PASS — items 1, 3, 4, 9 verified at runtime
2026-10-07T14:07:59.0968120Z   - history controls (go_back/go_forward observed via SourceChanged events)
2026-10-07T14:07:59.0968310Z   - settings (apply_settings returned Ok)
2026-10-07T14:07:59.0968470Z   - URL schemes (scrying-test:// served 3 pages successfully)
2026-10-07T14:07:59.0968670Z   - find_in_page → Some(true), request_pdf → 12150 bytes
2026-10-07T14:07:59.0968880Z demo-mac: browser-test: PASS — items 1, 3, 4, 9 verified at runtime
2026-10-07T14:07:59.0969100Z   - history controls (go_back/go_forward observed via SourceChanged events)
2026-10-07T14:07:59.0969300Z   - settings (apply_settings returned Ok)
2026-10-07T14:07:59.0969460Z   - URL schemes (scrying-test:// served 3 pages successfully)
2026-10-07T14:07:59.0969660Z   - find_in_page → Some(true), request_pdf → 12150 bytes
2026-10-07T14:07:59.0969860Z demo-mac: browser-test: PASS — items 1, 3, 4, 9 verified at runtime
2026-10-07T14:07:59.0970090Z   - history controls (go_back/go_forward observed via SourceChanged events)
2026-10-07T14:07:59.0970270Z   - settings (apply_settings returned Ok)
2026-10-07T14:07:59.0970440Z   - URL schemes (scrying-test:// served 3 pages successfully)
2026-10-07T14:07:59.0970640Z   - find_in_page → Some(true), request_pdf → 12150 bytes
2026-10-07T14:07:59.0970860Z demo-mac: browser-test: PASS — items 1, 3, 4, 9 verified at runtime
2026-10-07T14:07:59.0971070Z   - history controls (go_back/go_forward observed via SourceChanged events)
2026-10-07T14:07:59.0971260Z   - settings (apply_settings returned Ok)
2026-10-07T14:07:59.0971420Z   - URL schemes (scrying-test:// served 3 pages successfully)
2026-10-07T14:07:59.0971620Z   - find_in_page → Some(true), request_pdf → 12150 bytes
2026-10-07T14:07:59.0971830Z demo-mac: browser-test: PASS — items 1, 3, 4, 9 verified at runtime
2026-10-07T14:07:59.0972050Z   - history controls (go_back/go_forward observed via SourceChanged events)
2026-10-07T14:07:59.0972240Z   - settings (apply_settings returned Ok)
2026-10-07T14:07:59.0972400Z   - URL schemes (scrying-test:// served 3 pages successfully)
2026-10-07T14:07:59.0972600Z   - find_in_page → Some(true), request_pdf → 12150 bytes
2026-10-07T14:07:59.0972890Z demo-mac: browser-test: PASS — items 1, 3, 4, 9 verified at runtime
2026-10-07T14:07:59.0973120Z   - history controls (go_back/go_forward observed via SourceChanged events)
2026-10-07T14:07:59.0973310Z   - settings (apply_settings returned Ok)
2026-10-07T14:07:59.0973470Z   - URL schemes (scrying-test:// served 3 pages successfully)
2026-10-07T14:07:59.0973670Z   - find_in_page → Some(true), request_pdf → 12150 bytes
2026-10-07T14:07:59.0974040Z demo-mac: browser-test: PASS — items 1, 3, 4, 9 verified at runtime
2026-10-07T14:07:59.0974260Z   - history controls (go_back/go_forward observed via SourceChanged events)
2026-10-07T14:07:59.0974450Z   - settings (apply_settings returned Ok)
2026-10-07T14:07:59.0974610Z   - URL schemes (scrying-test:// served 3 pages successfully)
2026-10-07T14:07:59.0974810Z   - find_in_page → Some(true), request_pdf → 12150 bytes
2026-10-07T14:07:59.0975020Z demo-mac: browser-test: PASS — items 1, 3, 4, 9 verified at runtime
2026-10-07T14:07:59.0975250Z   - history controls (go_back/go_forward observed via SourceChanged events)
2026-10-07T14:07:59.0975440Z   - settings (apply_settings returned Ok)
2026-10-07T14:07:59.0975600Z   - URL schemes (scrying-test:// served 3 pages successfully)
2026-10-07T14:07:59.0975800Z   - find_in_page → Some(true), request_pdf → 12150 bytes
2026-10-07T14:07:59.0976010Z demo-mac: browser-test: PASS — items 1, 3, 4, 9 verified at runtime
2026-10-07T14:07:59.0976230Z   - history controls (go_back/go_forward observed via SourceChanged events)
2026-10-07T14:07:59.0976480Z   - settings (apply_settings returned Ok)
2026-10-07T14:07:59.0976650Z   - URL schemes (scrying-test:// served 3 pages successfully)
2026-10-07T14:07:59.0976850Z   - find_in_page → Some(true), request_pdf → 12150 bytes
2026-10-07T14:07:59.0977060Z demo-mac: browser-test: PASS — items 1, 3, 4, 9 verified at runtime
2026-10-07T14:07:59.0977280Z   - history controls (go_back/go_forward observed via SourceChanged events)
2026-10-07T14:07:59.0977470Z   - settings (apply_settings returned Ok)
2026-10-07T14:07:59.0977630Z   - URL schemes (scrying-test:// served 3 pages successfully)
2026-10-07T14:07:59.0977830Z   - find_in_page → Some(true), request_pdf → 12150 bytes
2026-10-07T14:07:59.0978040Z demo-mac: browser-test: PASS — items 1, 3, 4, 9 verified at runtime
2026-10-07T14:07:59.0978260Z   - history controls (go_back/go_forward observed via SourceChanged events)
2026-10-07T14:07:59.0978450Z   - settings (apply_settings returned Ok)
2026-10-07T14:07:59.0978620Z   - URL schemes (scrying-test:// served 3 pages successfully)
2026-10-07T14:07:59.0978810Z   - find_in_page → Some(true), request_pdf → 12150 bytes
2026-10-07T14:07:59.0979020Z demo-mac: browser-test: PASS — items 1, 3, 4, 9 verified at runtime
2026-10-07T14:07:59.0979240Z   - history controls (go_back/go_forward observed via SourceChanged events)
2026-10-07T14:07:59.0979430Z   - settings (apply_settings returned Ok)
2026-10-07T14:07:59.0979590Z   - URL schemes (scrying-test:// served 3 pages successfully)
2026-10-07T14:07:59.0979790Z   - find_in_page → Some(true), request_pdf → 12150 bytes
2026-10-07T14:07:59.0980010Z demo-mac: browser-test: PASS — items 1, 3, 4, 9 verified at runtime
2026-10-07T14:07:59.0980230Z   - history controls (go_back/go_forward observed via SourceChanged events)
2026-10-07T14:07:59.0980420Z   - settings (apply_settings returned Ok)
2026-10-07T14:07:59.0980580Z   - URL schemes (scrying-test:// served 3 pages successfully)
2026-10-07T14:07:59.0980780Z   - find_in_page → Some(true), request_pdf → 12150 bytes
2026-10-07T14:07:59.0981000Z demo-mac: browser-test: PASS — items 1, 3, 4, 9 verified at runtime
2026-10-07T14:07:59.0981220Z   - history controls (go_back/go_forward observed via SourceChanged events)
2026-10-07T14:07:59.0981400Z   - settings (apply_settings returned Ok)
2026-10-07T14:07:59.0981570Z   - URL schemes (scrying-test:// served 3 pages successfully)
2026-10-07T14:07:59.0981760Z   - find_in_page → Some(true), request_pdf → 12150 bytes
2026-10-07T14:07:59.0982070Z demo-mac: browser-test: PASS — items 1, 3, 4, 9 verified at runtime
2026-10-07T14:07:59.0982300Z   - history controls (go_back/go_forward observed via SourceChanged events)
2026-10-07T14:07:59.0982480Z   - settings (apply_settings returned Ok)
2026-10-07T14:07:59.0982650Z   - URL schemes (scrying-test:// served 3 pages successfully)
2026-10-07T14:07:59.0982850Z   - find_in_page → Some(true), request_pdf → 12150 bytes
2026-10-07T14:07:59.0983100Z demo-mac: browser-test: PASS — items 1, 3, 4, 9 verified at runtime
2026-10-07T14:07:59.0983320Z   - history controls (go_back/go_forward observed via SourceChanged events)
2026-10-07T14:07:59.0983500Z   - settings (apply_settings returned Ok)
2026-10-07T14:07:59.0983670Z   - URL schemes (scrying-test:// served 3 pages successfully)
2026-10-07T14:07:59.0983860Z   - find_in_page → Some(true), request_pdf → 12150 bytes
2026-10-07T14:07:59.0984080Z demo-mac: browser-test: PASS — items 1, 3, 4, 9 verified at runtime
2026-10-07T14:07:59.0984300Z   - history controls (go_back/go_forward observed via SourceChanged events)
2026-10-07T14:07:59.0984490Z   - settings (apply_settings returned Ok)
2026-10-07T14:07:59.0984650Z   - URL schemes (scrying-test:// served 3 pages successfully)
2026-10-07T14:07:59.0984840Z   - find_in_page → Some(true), request_pdf → 12150 bytes
2026-10-07T14:07:59.0985050Z demo-mac: browser-test: PASS — items 1, 3, 4, 9 verified at runtime
2026-10-07T14:07:59.0985270Z   - history controls (go_back/go_forward observed via SourceChanged events)
2026-10-07T14:07:59.0985460Z   - settings (apply_settings returned Ok)
2026-10-07T14:07:59.0985620Z   - URL schemes (scrying-test:// served 3 pages successfully)
2026-10-07T14:07:59.0985820Z   - find_in_page → Some(true), request_pdf → 12150 bytes
2026-10-07T14:07:59.0986030Z demo-mac: browser-test: PASS — items 1, 3, 4, 9 verified at runtime
2026-10-07T14:07:59.0986250Z   - history controls (go_back/go_forward observed via SourceChanged events)
2026-10-07T14:07:59.0986440Z   - settings (apply_settings returned Ok)
2026-10-07T14:07:59.0986600Z   - URL schemes (scrying-test:// served 3 pages successfully)
2026-10-07T14:07:59.0986800Z   - find_in_page → Some(true), request_pdf → 12150 bytes
2026-10-07T14:07:59.0987010Z demo-mac: browser-test: PASS — items 1, 3, 4, 9 verified at runtime
2026-10-07T14:07:59.0987240Z   - history controls (go_back/go_forward observed via SourceChanged events)
2026-10-07T14:07:59.0987420Z   - settings (apply_settings returned Ok)
2026-10-07T14:07:59.0987590Z   - URL schemes (scrying-test:// served 3 pages successfully)
2026-10-07T14:07:59.0987790Z   - find_in_page → Some(true), request_pdf → 12150 bytes
2026-10-07T14:07:59.0988010Z demo-mac: browser-test: PASS — items 1, 3, 4, 9 verified at runtime
2026-10-07T14:07:59.0988220Z   - history controls (go_back/go_forward observed via SourceChanged events)
2026-10-07T14:07:59.0988410Z   - settings (apply_settings returned Ok)
2026-10-07T14:07:59.0988570Z   - URL schemes (scrying-test:// served 3 pages successfully)
2026-10-07T14:07:59.0988770Z   - find_in_page → Some(true), request_pdf → 12150 bytes
2026-10-07T14:07:59.0988980Z demo-mac: browser-test: PASS — items 1, 3, 4, 9 verified at runtime
2026-10-07T14:07:59.0989200Z   - history controls (go_back/go_forward observed via SourceChanged events)
2026-10-07T14:07:59.0989390Z   - settings (apply_settings returned Ok)
2026-10-07T14:07:59.0989550Z   - URL schemes (scrying-test:// served 3 pages successfully)
2026-10-07T14:07:59.0989760Z   - find_in_page → Some(true), request_pdf → 12150 bytes
2026-10-07T14:07:59.0989970Z demo-mac: browser-test: PASS — items 1, 3, 4, 9 verified at runtime
2026-10-07T14:07:59.0990180Z   - history controls (go_back/go_forward observed via SourceChanged events)
2026-10-07T14:07:59.0990370Z   - settings (apply_settings returned Ok)
2026-10-07T14:07:59.0990530Z   - URL schemes (scrying-test:// served 3 pages successfully)
2026-10-07T14:07:59.0990750Z   - find_in_page → Some(true), request_pdf → 12150 bytes
2026-10-07T14:07:59.0990960Z demo-mac: browser-test: PASS — items 1, 3, 4, 9 verified at runtime
2026-10-07T14:07:59.0991220Z   - history controls (go_back/go_forward observed via SourceChanged events)
2026-10-07T14:07:59.0991420Z   - settings (apply_settings returned Ok)
2026-10-07T14:07:59.0991580Z   - URL schemes (scrying-test:// served 3 pages successfully)
2026-10-07T14:07:59.0991780Z   - find_in_page → Some(true), request_pdf → 12150 bytes
2026-10-07T14:07:59.0991980Z demo-mac: browser-test: PASS — items 1, 3, 4, 9 verified at runtime
2026-10-07T14:07:59.0992240Z   - history controls (go_back/go_forward observed via SourceChanged events)
2026-10-07T14:07:59.0992430Z   - settings (apply_settings returned Ok)
2026-10-07T14:07:59.0992600Z   - URL schemes (scrying-test:// served 3 pages successfully)
2026-10-07T14:07:59.0992800Z   - find_in_page → Some(true), request_pdf → 12150 bytes
2026-10-07T14:07:59.0993010Z demo-mac: browser-test: PASS — items 1, 3, 4, 9 verified at runtime
2026-10-07T14:07:59.0993220Z   - history controls (go_back/go_forward observed via SourceChanged events)
2026-10-07T14:07:59.0993420Z   - settings (apply_settings returned Ok)
2026-10-07T14:07:59.0993620Z   - URL schemes (scrying-test:// served 3 pages successfully)
2026-10-07T14:07:59.0993820Z   - find_in_page → Some(true), request_pdf → 12150 bytes
2026-10-07T14:07:59.0994030Z demo-mac: browser-test: PASS — items 1, 3, 4, 9 verified at runtime
2026-10-07T14:07:59.0994250Z   - history controls (go_back/go_forward observed via SourceChanged events)
2026-10-07T14:07:59.0994440Z   - settings (apply_settings returned Ok)
2026-10-07T14:07:59.0994610Z   - URL schemes (scrying-test:// served 3 pages successfully)
2026-10-07T14:07:59.0994810Z   - find_in_page → Some(true), request_pdf → 12150 bytes
2026-10-07T14:07:59.0995020Z demo-mac: browser-test: PASS — items 1, 3, 4, 9 verified at runtime
2026-10-07T14:07:59.0995240Z   - history controls (go_back/go_forward observed via SourceChanged events)
2026-10-07T14:07:59.0995430Z   - settings (apply_settings returned Ok)
2026-10-07T14:07:59.0995590Z   - URL schemes (scrying-test:// served 3 pages successfully)
2026-10-07T14:07:59.0995790Z   - find_in_page → Some(true), request_pdf → 12150 bytes
2026-10-07T14:07:59.0996000Z demo-mac: browser-test: PASS — items 1, 3, 4, 9 verified at runtime
2026-10-07T14:07:59.0996230Z   - history controls (go_back/go_forward observed via SourceChanged events)
2026-10-07T14:07:59.0996420Z   - settings (apply_settings returned Ok)
2026-10-07T14:07:59.0996580Z   - URL schemes (scrying-test:// served 3 pages successfully)
2026-10-07T14:07:59.0996780Z   - find_in_page → Some(true), request_pdf → 12150 bytes
2026-10-07T14:07:59.0996990Z demo-mac: browser-test: PASS — items 1, 3, 4, 9 verified at runtime
2026-10-07T14:07:59.0997210Z   - history controls (go_back/go_forward observed via SourceChanged events)
2026-10-07T14:07:59.0997400Z   - settings (apply_settings returned Ok)
2026-10-07T14:07:59.0997560Z   - URL schemes (scrying-test:// served 3 pages successfully)
2026-10-07T14:07:59.0997760Z   - find_in_page → Some(true), request_pdf → 12150 bytes
2026-10-07T14:07:59.0997980Z demo-mac: browser-test: PASS — items 1, 3, 4, 9 verified at runtime
2026-10-07T14:07:59.0998200Z   - history controls (go_back/go_forward observed via SourceChanged events)
2026-10-07T14:07:59.0998390Z   - settings (apply_settings returned Ok)
2026-10-07T14:07:59.0998550Z   - URL schemes (scrying-test:// served 3 pages successfully)
2026-10-07T14:07:59.0998750Z   - find_in_page → Some(true), request_pdf → 12150 bytes
2026-10-07T14:07:59.0998970Z demo-mac: browser-test: PASS — items 1, 3, 4, 9 verified at runtime
2026-10-07T14:07:59.0999190Z   - history controls (go_back/go_forward observed via SourceChanged events)
2026-10-07T14:07:59.0999380Z   - settings (apply_settings returned Ok)
2026-10-07T14:07:59.0999540Z   - URL schemes (scrying-test:// served 3 pages successfully)
2026-10-07T14:07:59.0999750Z   - find_in_page → Some(true), request_pdf → 12150 bytes
2026-10-07T14:07:59.0999960Z demo-mac: browser-test: PASS — items 1, 3, 4, 9 verified at runtime
2026-10-07T14:07:59.1000220Z   - history controls (go_back/go_forward observed via SourceChanged events)
2026-10-07T14:07:59.1000410Z   - settings (apply_settings returned Ok)
2026-10-07T14:07:59.1000570Z   - URL schemes (scrying-test:// served 3 pages successfully)
2026-10-07T14:07:59.1000770Z   - find_in_page → Some(true), request_pdf → 12150 bytes
2026-10-07T14:07:59.1000980Z demo-mac: browser-test: PASS — items 1, 3, 4, 9 verified at runtime
2026-10-07T14:07:59.1001240Z   - history controls (go_back/go_forward observed via SourceChanged events)
2026-10-07T14:07:59.1001430Z   - settings (apply_settings returned Ok)
2026-10-07T14:07:59.1001600Z   - URL schemes (scrying-test:// served 3 pages successfully)
2026-10-07T14:07:59.1001800Z   - find_in_page → Some(true), request_pdf → 12150 bytes
2026-10-07T14:07:59.1002010Z demo-mac: browser-test: PASS — items 1, 3, 4, 9 verified at runtime
2026-10-07T14:07:59.1002230Z   - history controls (go_back/go_forward observed via SourceChanged events)
2026-10-07T14:07:59.1002420Z   - settings (apply_settings returned Ok)
2026-10-07T14:07:59.1002590Z   - URL schemes (scrying-test:// served 3 pages successfully)
2026-10-07T14:07:59.1002790Z   - find_in_page → Some(true), request_pdf → 12150 bytes
2026-10-07T14:07:59.1003000Z demo-mac: browser-test: PASS — items 1, 3, 4, 9 verified at runtime
2026-10-07T14:07:59.1003220Z   - history controls (go_back/go_forward observed via SourceChanged events)
2026-10-07T14:07:59.1003410Z   - settings (apply_settings returned Ok)
2026-10-07T14:07:59.1003570Z   - URL schemes (scrying-test:// served 3 pages successfully)
2026-10-07T14:07:59.1003780Z   - find_in_page → Some(true), request_pdf → 12150 bytes
2026-10-07T14:07:59.1003980Z demo-mac: browser-test: PASS — items 1, 3, 4, 9 verified at runtime
2026-10-07T14:07:59.1004210Z   - history controls (go_back/go_forward observed via SourceChanged events)
2026-10-07T14:07:59.1004400Z   - settings (apply_settings returned Ok)
2026-10-07T14:07:59.1004560Z   - URL schemes (scrying-test:// served 3 pages successfully)
2026-10-07T14:07:59.1004770Z   - find_in_page → Some(true), request_pdf → 12150 bytes
2026-10-07T14:07:59.1004980Z demo-mac: browser-test: PASS — items 1, 3, 4, 9 verified at runtime
2026-10-07T14:07:59.1005200Z   - history controls (go_back/go_forward observed via SourceChanged events)
2026-10-07T14:07:59.1005390Z   - settings (apply_settings returned Ok)
2026-10-07T14:07:59.1005550Z   - URL schemes (scrying-test:// served 3 pages successfully)
2026-10-07T14:07:59.1005750Z   - find_in_page → Some(true), request_pdf → 12150 bytes
2026-10-07T14:07:59.1005960Z demo-mac: browser-test: PASS — items 1, 3, 4, 9 verified at runtime
2026-10-07T14:07:59.1006180Z   - history controls (go_back/go_forward observed via SourceChanged events)
2026-10-07T14:07:59.1006370Z   - settings (apply_settings returned Ok)
2026-10-07T14:07:59.1006530Z   - URL schemes (scrying-test:// served 3 pages successfully)
2026-10-07T14:07:59.1006740Z   - find_in_page → Some(true), request_pdf → 12150 bytes
2026-10-07T14:07:59.1006950Z demo-mac: browser-test: PASS — items 1, 3, 4, 9 verified at runtime
2026-10-07T14:07:59.1007170Z   - history controls (go_back/go_forward observed via SourceChanged events)
2026-10-07T14:07:59.1007360Z   - settings (apply_settings returned Ok)
2026-10-07T14:07:59.1007520Z   - URL schemes (scrying-test:// served 3 pages successfully)
2026-10-07T14:07:59.1007730Z   - find_in_page → Some(true), request_pdf → 12150 bytes
2026-10-07T14:07:59.1007940Z demo-mac: browser-test: PASS — items 1, 3, 4, 9 verified at runtime
2026-10-07T14:07:59.1008160Z   - history controls (go_back/go_forward observed via SourceChanged events)
2026-10-07T14:07:59.1008350Z   - settings (apply_settings returned Ok)
2026-10-07T14:07:59.1008510Z   - URL schemes (scrying-test:// served 3 pages successfully)
2026-10-07T14:07:59.1008700Z   - find_in_page → Some(true), request_pdf → 12150 bytes
2026-10-07T14:07:59.1008910Z demo-mac: browser-test: PASS — items 1, 3, 4, 9 verified at runtime
2026-10-07T14:07:59.1009130Z   - history controls (go_back/go_forward observed via SourceChanged events)
2026-10-07T14:07:59.1009380Z   - settings (apply_settings returned Ok)
2026-10-07T14:07:59.1009550Z   - URL schemes (scrying-test:// served 3 pages successfully)
2026-10-07T14:07:59.1009740Z   - find_in_page → Some(true), request_pdf → 12150 bytes
2026-10-07T14:07:59.1009960Z demo-mac: browser-test: PASS — items 1, 3, 4, 9 verified at runtime
2026-10-07T14:07:59.1010180Z   - history controls (go_back/go_forward observed via SourceChanged events)
2026-10-07T14:07:59.1010410Z   - settings (apply_settings returned Ok)
2026-10-07T14:07:59.1010580Z   - URL schemes (scrying-test:// served 3 pages successfully)
2026-10-07T14:07:59.1010780Z   - find_in_page → Some(true), request_pdf → 12150 bytes
2026-10-07T14:07:59.1010990Z demo-mac: browser-test: PASS — items 1, 3, 4, 9 verified at runtime
2026-10-07T14:07:59.1011210Z   - history controls (go_back/go_forward observed via SourceChanged events)
2026-10-07T14:07:59.1011400Z   - settings (apply_settings returned Ok)
2026-10-07T14:07:59.1011570Z   - URL schemes (scrying-test:// served 3 pages successfully)
2026-10-07T14:07:59.1011770Z   - find_in_page → Some(true), request_pdf → 12150 bytes
2026-10-07T14:07:59.1011980Z demo-mac: browser-test: PASS — items 1, 3, 4, 9 verified at runtime
2026-10-07T14:07:59.1012200Z   - history controls (go_back/go_forward observed via SourceChanged events)
2026-10-07T14:07:59.1012380Z   - settings (apply_settings returned Ok)
2026-10-07T14:07:59.1015860Z   - URL schemes (scrying-test:// served 3 pages successfully)
2026-10-07T14:07:59.1016070Z   - find_in_page → Some(true), request_pdf → 12150 bytes
2026-10-07T14:07:59.1016280Z demo-mac: browser-test: PASS — items 1, 3, 4, 9 verified at runtime
2026-10-07T14:07:59.1016510Z   - history controls (go_back/go_forward observed via SourceChanged events)
2026-10-07T14:07:59.1016690Z   - settings (apply_settings returned Ok)
2026-10-07T14:07:59.1016860Z   - URL schemes (scrying-test:// served 3 pages successfully)
2026-10-07T14:07:59.1017060Z   - find_in_page → Some(true), request_pdf → 12150 bytes
2026-10-07T14:07:59.1017270Z demo-mac: browser-test: PASS — items 1, 3, 4, 9 verified at runtime
2026-10-07T14:07:59.1017490Z   - history controls (go_back/go_forward observed via SourceChanged events)
2026-10-07T14:07:59.1017680Z   - settings (apply_settings returned Ok)
2026-10-07T14:07:59.1017840Z   - URL schemes (scrying-test:// served 3 pages successfully)
2026-10-07T14:07:59.1018040Z   - find_in_page → Some(true), request_pdf → 12150 bytes
2026-10-07T14:07:59.1018250Z demo-mac: browser-test: PASS — items 1, 3, 4, 9 verified at runtime
2026-10-07T14:07:59.1018470Z   - history controls (go_back/go_forward observed via SourceChanged events)
2026-10-07T14:07:59.1018660Z   - settings (apply_settings returned Ok)
2026-10-07T14:07:59.1018820Z   - URL schemes (scrying-test:// served 3 pages successfully)
2026-10-07T14:07:59.1019130Z   - find_in_page → Some(true), request_pdf → 12150 bytes
2026-10-07T14:07:59.1019520Z demo-mac: browser-test: PASS — items 1, 3, 4, 9 verified at runtime
2026-10-07T14:07:59.1019980Z   - history controls (go_back/go_forward observed via SourceChanged events)
2026-10-07T14:07:59.1020210Z   - settings (apply_settings returned Ok)
2026-10-07T14:07:59.1020420Z   - URL schemes (scrying-test:// served 3 pages successfully)
2026-10-07T14:07:59.1020650Z   - find_in_page → Some(true), request_pdf → 12150 bytes
2026-10-07T14:07:59.1020900Z demo-mac: browser-test: PASS — items 1, 3, 4, 9 verified at runtime
2026-10-07T14:07:59.1021200Z   - history controls (go_back/go_forward observed via SourceChanged events)
2026-10-07T14:07:59.1021400Z   - settings (apply_settings returned Ok)
2026-10-07T14:07:59.1021590Z   - URL schemes (scrying-test:// served 3 pages successfully)
2026-10-07T14:07:59.1021820Z   - find_in_page → Some(true), request_pdf → 12150 bytes
2026-10-07T14:07:59.1022040Z demo-mac: browser-test: PASS — items 1, 3, 4, 9 verified at runtime
2026-10-07T14:07:59.1022270Z   - history controls (go_back/go_forward observed via SourceChanged events)
2026-10-07T14:07:59.1022470Z   - settings (apply_settings returned Ok)
2026-10-07T14:07:59.1022630Z   - URL schemes (scrying-test:// served 3 pages successfully)
2026-10-07T14:07:59.1022840Z   - find_in_page → Some(true), request_pdf → 12150 bytes
2026-10-07T14:07:59.1023050Z demo-mac: browser-test: PASS — items 1, 3, 4, 9 verified at runtime
2026-10-07T14:07:59.1023280Z   - history controls (go_back/go_forward observed via SourceChanged events)
2026-10-07T14:07:59.1023470Z   - settings (apply_settings returned Ok)
2026-10-07T14:07:59.1023640Z   - URL schemes (scrying-test:// served 3 pages successfully)
2026-10-07T14:07:59.1023840Z   - find_in_page → Some(true), request_pdf → 12150 bytes
2026-10-07T14:07:59.1024050Z demo-mac: browser-test: PASS — items 1, 3, 4, 9 verified at runtime
2026-10-07T14:07:59.1024270Z   - history controls (go_back/go_forward observed via SourceChanged events)
2026-10-07T14:07:59.1024460Z   - settings (apply_settings returned Ok)
2026-10-07T14:07:59.1024620Z   - URL schemes (scrying-test:// served 3 pages successfully)
2026-10-07T14:07:59.1024820Z   - find_in_page → Some(true), request_pdf → 12150 bytes
2026-10-07T14:07:59.1025030Z demo-mac: browser-test: PASS — items 1, 3, 4, 9 verified at runtime
2026-10-07T14:07:59.1025250Z   - history controls (go_back/go_forward observed via SourceChanged events)
2026-10-07T14:07:59.1025440Z   - settings (apply_settings returned Ok)
2026-10-07T14:07:59.1025600Z   - URL schemes (scrying-test:// served 3 pages successfully)
2026-10-07T14:07:59.1025810Z   - find_in_page → Some(true), request_pdf → 12150 bytes
2026-10-07T14:07:59.1026020Z demo-mac: browser-test: PASS — items 1, 3, 4, 9 verified at runtime
2026-10-07T14:07:59.1026240Z   - history controls (go_back/go_forward observed via SourceChanged events)
2026-10-07T14:07:59.1026420Z   - settings (apply_settings returned Ok)
2026-10-07T14:07:59.1026590Z   - URL schemes (scrying-test:// served 3 pages successfully)
2026-10-07T14:07:59.1026790Z   - find_in_page → Some(true), request_pdf → 12150 bytes
2026-10-07T14:07:59.1027000Z demo-mac: browser-test: PASS — items 1, 3, 4, 9 verified at runtime
2026-10-07T14:07:59.1027220Z   - history controls (go_back/go_forward observed via SourceChanged events)
2026-10-07T14:07:59.1027410Z   - settings (apply_settings returned Ok)
2026-10-07T14:07:59.1027570Z   - URL schemes (scrying-test:// served 3 pages successfully)
2026-10-07T14:07:59.1027770Z   - find_in_page → Some(true), request_pdf → 12150 bytes
2026-10-07T14:07:59.1027980Z demo-mac: browser-test: PASS — items 1, 3, 4, 9 verified at runtime
2026-10-07T14:07:59.1028200Z   - history controls (go_back/go_forward observed via SourceChanged events)
2026-10-07T14:07:59.1028380Z   - settings (apply_settings returned Ok)
2026-10-07T14:07:59.1028540Z   - URL schemes (scrying-test:// served 3 pages successfully)
2026-10-07T14:07:59.1028750Z   - find_in_page → Some(true), request_pdf → 12150 bytes
2026-10-07T14:07:59.1028950Z demo-mac: browser-test: PASS — items 1, 3, 4, 9 verified at runtime
2026-10-07T14:07:59.1029230Z   - history controls (go_back/go_forward observed via SourceChanged events)
2026-10-07T14:07:59.1029440Z   - settings (apply_settings returned Ok)
2026-10-07T14:07:59.1029610Z   - URL schemes (scrying-test:// served 3 pages successfully)
2026-10-07T14:07:59.1029810Z   - find_in_page → Some(true), request_pdf → 12150 bytes
2026-10-07T14:07:59.1030020Z demo-mac: browser-test: PASS — items 1, 3, 4, 9 verified at runtime
2026-10-07T14:07:59.1030290Z   - history controls (go_back/go_forward observed via SourceChanged events)
2026-10-07T14:07:59.1030470Z   - settings (apply_settings returned Ok)
2026-10-07T14:07:59.1030640Z   - URL schemes (scrying-test:// served 3 pages successfully)
2026-10-07T14:07:59.1030840Z   - find_in_page → Some(true), request_pdf → 12150 bytes
2026-10-07T14:07:59.1031050Z demo-mac: browser-test: PASS — items 1, 3, 4, 9 verified at runtime
2026-10-07T14:07:59.1031270Z   - history controls (go_back/go_forward observed via SourceChanged events)
2026-10-07T14:07:59.1031460Z   - settings (apply_settings returned Ok)
2026-10-07T14:07:59.1031620Z   - URL schemes (scrying-test:// served 3 pages successfully)
2026-10-07T14:07:59.1031820Z   - find_in_page → Some(true), request_pdf → 12150 bytes
2026-10-07T14:07:59.1032030Z demo-mac: browser-test: PASS — items 1, 3, 4, 9 verified at runtime
2026-10-07T14:07:59.1032250Z   - history controls (go_back/go_forward observed via SourceChanged events)
2026-10-07T14:07:59.1032440Z   - settings (apply_settings returned Ok)
2026-10-07T14:07:59.1032600Z   - URL schemes (scrying-test:// served 3 pages successfully)
2026-10-07T14:07:59.1032800Z   - find_in_page → Some(true), request_pdf → 12150 bytes
2026-10-07T14:07:59.1033010Z demo-mac: browser-test: PASS — items 1, 3, 4, 9 verified at runtime
2026-10-07T14:07:59.1033230Z   - history controls (go_back/go_forward observed via SourceChanged events)
2026-10-07T14:07:59.1033420Z   - settings (apply_settings returned Ok)
2026-10-07T14:07:59.1033580Z   - URL schemes (scrying-test:// served 3 pages successfully)
2026-10-07T14:07:59.1033790Z   - find_in_page → Some(true), request_pdf → 12150 bytes
2026-10-07T14:07:59.1033990Z demo-mac: browser-test: PASS — items 1, 3, 4, 9 verified at runtime
2026-10-07T14:07:59.1034210Z   - history controls (go_back/go_forward observed via SourceChanged events)
2026-10-07T14:07:59.1034400Z   - settings (apply_settings returned Ok)
2026-10-07T14:07:59.1034560Z   - URL schemes (scrying-test:// served 3 pages successfully)
2026-10-07T14:07:59.1034760Z   - find_in_page → Some(true), request_pdf → 12150 bytes
2026-10-07T14:07:59.1034970Z demo-mac: browser-test: PASS — items 1, 3, 4, 9 verified at runtime
2026-10-07T14:07:59.1035190Z   - history controls (go_back/go_forward observed via SourceChanged events)
2026-10-07T14:07:59.1035370Z   - settings (apply_settings returned Ok)
2026-10-07T14:07:59.1035540Z   - URL schemes (scrying-test:// served 3 pages successfully)
2026-10-07T14:07:59.1035740Z   - find_in_page → Some(true), request_pdf → 12150 bytes
2026-10-07T14:07:59.1035940Z demo-mac: browser-test: PASS — items 1, 3, 4, 9 verified at runtime
2026-10-07T14:07:59.1036160Z   - history controls (go_back/go_forward observed via SourceChanged events)
2026-10-07T14:07:59.1036350Z   - settings (apply_settings returned Ok)
2026-10-07T14:07:59.1036510Z   - URL schemes (scrying-test:// served 3 pages successfully)
2026-10-07T14:07:59.1036710Z   - find_in_page → Some(true), request_pdf → 12150 bytes
2026-10-07T14:07:59.1036920Z demo-mac: browser-test: PASS — items 1, 3, 4, 9 verified at runtime
2026-10-07T14:07:59.1037140Z   - history controls (go_back/go_forward observed via SourceChanged events)
2026-10-07T14:07:59.1037330Z   - settings (apply_settings returned Ok)
2026-10-07T14:07:59.1037490Z   - URL schemes (scrying-test:// served 3 pages successfully)
2026-10-07T14:07:59.1037680Z   - find_in_page → Some(true), request_pdf → 12150 bytes
2026-10-07T14:07:59.1037890Z demo-mac: browser-test: PASS — items 1, 3, 4, 9 verified at runtime
2026-10-07T14:07:59.1038110Z   - history controls (go_back/go_forward observed via SourceChanged events)
2026-10-07T14:07:59.1038340Z   - settings (apply_settings returned Ok)
2026-10-07T14:07:59.1038500Z   - URL schemes (scrying-test:// served 3 pages successfully)
2026-10-07T14:07:59.1038700Z   - find_in_page → Some(true), request_pdf → 12150 bytes
2026-10-07T14:07:59.1038920Z demo-mac: browser-test: PASS — items 1, 3, 4, 9 verified at runtime
2026-10-07T14:07:59.1039140Z   - history controls (go_back/go_forward observed via SourceChanged events)
2026-10-07T14:07:59.1039380Z   - settings (apply_settings returned Ok)
2026-10-07T14:07:59.1039560Z   - URL schemes (scrying-test:// served 3 pages successfully)
2026-10-07T14:07:59.1039760Z   - find_in_page → Some(true), request_pdf → 12150 bytes
2026-10-07T14:07:59.1039970Z demo-mac: browser-test: PASS — items 1, 3, 4, 9 verified at runtime
2026-10-07T14:07:59.1040190Z   - history controls (go_back/go_forward observed via SourceChanged events)
2026-10-07T14:07:59.1040380Z   - settings (apply_settings returned Ok)
2026-10-07T14:07:59.1040540Z   - URL schemes (scrying-test:// served 3 pages successfully)
2026-10-07T14:07:59.1040750Z   - find_in_page → Some(true), request_pdf → 12150 bytes
2026-10-07T14:07:59.1040960Z demo-mac: browser-test: PASS — items 1, 3, 4, 9 verified at runtime
2026-10-07T14:07:59.1041180Z   - history controls (go_back/go_forward observed via SourceChanged events)
2026-10-07T14:07:59.1041370Z   - settings (apply_settings returned Ok)
2026-10-07T14:07:59.1041540Z   - URL schemes (scrying-test:// served 3 pages successfully)
2026-10-07T14:07:59.1041730Z   - find_in_page → Some(true), request_pdf → 12150 bytes
2026-10-07T14:07:59.1041940Z demo-mac: browser-test: PASS — items 1, 3, 4, 9 verified at runtime
2026-10-07T14:07:59.1042170Z   - history controls (go_back/go_forward observed via SourceChanged events)
2026-10-07T14:07:59.1042360Z   - settings (apply_settings returned Ok)
2026-10-07T14:07:59.1042520Z   - URL schemes (scrying-test:// served 3 pages successfully)
2026-10-07T14:07:59.1042720Z   - find_in_page → Some(true), request_pdf → 12150 bytes
2026-10-07T14:07:59.1042870Z   -> PASS
2026-10-07T14:07:59.1042930Z 
2026-10-07T14:07:59.1042980Z ==> --interaction-state-test
2026-10-07T14:08:00.4015610Z demo-mac: nav event: Starting { url: "scrying-test://history-1" }
2026-10-07T14:08:00.4016070Z demo-mac: nav event: SourceChanged { url: "scrying-test://history-1" }
2026-10-07T14:08:00.4016280Z demo-mac: js->host: loaded:history-1
2026-10-07T14:08:00.4016520Z demo-mac: nav event: Completed { url: "scrying-test://history-1", success: true }
2026-10-07T14:08:00.4016770Z demo-mac: nav event: Starting { url: "scrying-test://history-2" }
2026-10-07T14:08:00.4017000Z demo-mac: nav event: SourceChanged { url: "scrying-test://history-2" }
2026-10-07T14:08:00.4017250Z demo-mac: nav event: Completed { url: "scrying-test://history-2", success: true }
2026-10-07T14:08:00.4017460Z demo-mac: js->host: loaded:history-2
2026-10-07T14:08:00.4017640Z demo-mac: nav event: Starting { url: "scrying-test://find-target" }
2026-10-07T14:08:00.4017880Z demo-mac: nav event: SourceChanged { url: "scrying-test://find-target" }
2026-10-07T14:08:00.4018080Z demo-mac: js->host: loaded:find-target
2026-10-07T14:08:00.4018280Z demo-mac: nav event: Completed { url: "scrying-test://find-target", success: true }
2026-10-07T14:08:00.4018520Z demo-mac: interaction-state-test: serialized 1024 bytes at C
2026-10-07T14:08:00.4018730Z demo-mac: nav event: Starting { url: "scrying-test://history-2" }
2026-10-07T14:08:00.4018960Z demo-mac: nav event: SourceChanged { url: "scrying-test://history-2" }
2026-10-07T14:08:00.4019210Z demo-mac: nav event: Completed { url: "scrying-test://history-2", success: true }
2026-10-07T14:08:00.4019440Z demo-mac: nav event: Starting { url: "scrying-test://history-1" }
2026-10-07T14:08:00.4019660Z demo-mac: nav event: SourceChanged { url: "scrying-test://history-1" }
2026-10-07T14:08:00.4019910Z demo-mac: nav event: Completed { url: "scrying-test://history-1", success: true }
2026-10-07T14:08:00.4020150Z demo-mac: interaction-state-test: restore_interaction_state ok
2026-10-07T14:08:00.4020490Z demo-mac: nav event: Starting { url: "scrying-test://find-target" }
2026-10-07T14:08:00.4020740Z demo-mac: nav event: SourceChanged { url: "scrying-test://find-target" }
2026-10-07T14:08:00.4020930Z demo-mac: js->host: loaded:find-target
2026-10-07T14:08:00.4021130Z demo-mac: nav event: Completed { url: "scrying-test://find-target", success: true }
2026-10-07T14:08:00.4021470Z demo-mac: interaction-state-test: restored to C
2026-10-07T14:08:00.4021810Z demo-mac: interaction-state-test: PASS — serialize/restore round-trip verified
2026-10-07T14:08:00.4022070Z   - serialized at C (1024 bytes), navigated back to A, restore landed on C
2026-10-07T14:08:00.4022290Z   - post-restore can_go_back == true, can_go_forward == false
2026-10-07T14:08:00.4034690Z   -> PASS
2026-10-07T14:08:00.4053730Z 
2026-10-07T14:08:00.4053820Z ==> --pointer-input-test
2026-10-07T14:08:01.5722310Z demo-mac: nav event: Starting { url: "scrying-test://pointer" }
2026-10-07T14:08:01.5722610Z demo-mac: nav event: SourceChanged { url: "scrying-test://pointer" }
2026-10-07T14:08:01.5722800Z demo-mac: js->host: ready
2026-10-07T14:08:01.5722930Z demo-mac: pointer-input-test: page ready
2026-10-07T14:08:01.5723130Z demo-mac: nav event: Completed { url: "scrying-test://pointer", success: true }
2026-10-07T14:08:01.5723330Z demo-mac: cursor change: Default
2026-10-07T14:08:01.5723460Z demo-mac: js->host: ptr:down:50,718:mouse
2026-10-07T14:08:01.5723600Z demo-mac: js->host: ptr:move:75,693:mouse
2026-10-07T14:08:01.5723740Z demo-mac: js->host: ptr:up:75,693:mouse
2026-10-07T14:08:01.5724090Z demo-mac: pointer-input-test: PASS — Down/Update/Up reached JS pointer listeners
2026-10-07T14:08:01.5724360Z   - JS observed: down=true move=true up=true leave=false
2026-10-07T14:08:01.5724600Z   - WebKit reported pointerType = Some("mouse") (macOS collapses every device to mouse)
2026-10-07T14:08:01.5739170Z   -> PASS
2026-10-07T14:08:01.5753330Z 
2026-10-07T14:08:01.5753430Z ==> --incognito-test
2026-10-07T14:08:02.2281360Z demo-mac: --incognito-test: spun up persistent comparison producer
2026-10-07T14:08:02.2281700Z demo-mac: incognito-test: set_cookie 'scrying-incognito-47492' on incognito producer
2026-10-07T14:08:02.2281960Z demo-mac: incognito-test: incognito store reports 1 cookie(s)
2026-10-07T14:08:02.2282160Z demo-mac: incognito-test: persistent store reports 0 cookie(s)
2026-10-07T14:08:02.2282740Z demo-mac: incognito-test: PASS — non_persistent stores stay isolated from persistent ones
2026-10-07T14:08:02.2283070Z   - set_cookie on incognito producer was visible to its own request_all_cookies
2026-10-07T14:08:02.2283320Z   - same cookie was absent from a separate persistent producer's store
2026-10-07T14:08:02.2283630Z demo-mac: incognito-test: PASS — non_persistent stores stay isolated from persistent ones
2026-10-07T14:08:02.2283900Z   - set_cookie on incognito producer was visible to its own request_all_cookies
2026-10-07T14:08:02.2284120Z   - same cookie was absent from a separate persistent producer's store
2026-10-07T14:08:02.2284440Z demo-mac: incognito-test: PASS — non_persistent stores stay isolated from persistent ones
2026-10-07T14:08:02.2284700Z   - set_cookie on incognito producer was visible to its own request_all_cookies
2026-10-07T14:08:02.2284930Z   - same cookie was absent from a separate persistent producer's store
2026-10-07T14:08:02.2285210Z demo-mac: incognito-test: PASS — non_persistent stores stay isolated from persistent ones
2026-10-07T14:08:02.2285490Z   - set_cookie on incognito producer was visible to its own request_all_cookies
2026-10-07T14:08:02.2285740Z   - same cookie was absent from a separate persistent producer's store
2026-10-07T14:08:02.2286020Z demo-mac: incognito-test: PASS — non_persistent stores stay isolated from persistent ones
2026-10-07T14:08:02.2286280Z   - set_cookie on incognito producer was visible to its own request_all_cookies
2026-10-07T14:08:02.2286630Z   - same cookie was absent from a separate persistent producer's store
2026-10-07T14:08:02.2287120Z demo-mac: incognito-test: PASS — non_persistent stores stay isolated from persistent ones
2026-10-07T14:08:02.2287430Z   - set_cookie on incognito producer was visible to its own request_all_cookies
2026-10-07T14:08:02.2287660Z   - same cookie was absent from a separate persistent producer's store
2026-10-07T14:08:02.2287960Z demo-mac: incognito-test: PASS — non_persistent stores stay isolated from persistent ones
2026-10-07T14:08:02.2288330Z   - set_cookie on incognito producer was visible to its own request_all_cookies
2026-10-07T14:08:02.2288620Z   - same cookie was absent from a separate persistent producer's store
2026-10-07T14:08:02.2288910Z demo-mac: incognito-test: PASS — non_persistent stores stay isolated from persistent ones
2026-10-07T14:08:02.2289180Z   - set_cookie on incognito producer was visible to its own request_all_cookies
2026-10-07T14:08:02.2289420Z   - same cookie was absent from a separate persistent producer's store
2026-10-07T14:08:02.2289720Z demo-mac: incognito-test: PASS — non_persistent stores stay isolated from persistent ones
2026-10-07T14:08:02.2289990Z   - set_cookie on incognito producer was visible to its own request_all_cookies
2026-10-07T14:08:02.2290210Z   - same cookie was absent from a separate persistent producer's store
2026-10-07T14:08:02.2290500Z demo-mac: incognito-test: PASS — non_persistent stores stay isolated from persistent ones
2026-10-07T14:08:02.2290800Z   - set_cookie on incognito producer was visible to its own request_all_cookies
2026-10-07T14:08:02.2291030Z   - same cookie was absent from a separate persistent producer's store
2026-10-07T14:08:02.2291300Z demo-mac: incognito-test: PASS — non_persistent stores stay isolated from persistent ones
2026-10-07T14:08:02.2291560Z   - set_cookie on incognito producer was visible to its own request_all_cookies
2026-10-07T14:08:02.2291780Z   - same cookie was absent from a separate persistent producer's store
2026-10-07T14:08:02.2292050Z demo-mac: incognito-test: PASS — non_persistent stores stay isolated from persistent ones
2026-10-07T14:08:02.2292320Z   - set_cookie on incognito producer was visible to its own request_all_cookies
2026-10-07T14:08:02.2292540Z   - same cookie was absent from a separate persistent producer's store
2026-10-07T14:08:02.2292810Z demo-mac: incognito-test: PASS — non_persistent stores stay isolated from persistent ones
2026-10-07T14:08:02.2293070Z   - set_cookie on incognito producer was visible to its own request_all_cookies
2026-10-07T14:08:02.2293300Z   - same cookie was absent from a separate persistent producer's store
2026-10-07T14:08:02.2293570Z demo-mac: incognito-test: PASS — non_persistent stores stay isolated from persistent ones
2026-10-07T14:08:02.2293870Z   - set_cookie on incognito producer was visible to its own request_all_cookies
2026-10-07T14:08:02.2294100Z   - same cookie was absent from a separate persistent producer's store
2026-10-07T14:08:02.2294390Z demo-mac: incognito-test: PASS — non_persistent stores stay isolated from persistent ones
2026-10-07T14:08:02.2294670Z   - set_cookie on incognito producer was visible to its own request_all_cookies
2026-10-07T14:08:02.2294900Z   - same cookie was absent from a separate persistent producer's store
2026-10-07T14:08:02.2295170Z demo-mac: incognito-test: PASS — non_persistent stores stay isolated from persistent ones
2026-10-07T14:08:02.2295430Z   - set_cookie on incognito producer was visible to its own request_all_cookies
2026-10-07T14:08:02.2295660Z   - same cookie was absent from a separate persistent producer's store
2026-10-07T14:08:02.2295930Z demo-mac: incognito-test: PASS — non_persistent stores stay isolated from persistent ones
2026-10-07T14:08:02.2296190Z   - set_cookie on incognito producer was visible to its own request_all_cookies
2026-10-07T14:08:02.2296410Z   - same cookie was absent from a separate persistent producer's store
2026-10-07T14:08:02.2296690Z demo-mac: incognito-test: PASS — non_persistent stores stay isolated from persistent ones
2026-10-07T14:08:02.2296940Z   - set_cookie on incognito producer was visible to its own request_all_cookies
2026-10-07T14:08:02.2297220Z   - same cookie was absent from a separate persistent producer's store
2026-10-07T14:08:02.2297550Z demo-mac: incognito-test: PASS — non_persistent stores stay isolated from persistent ones
2026-10-07T14:08:02.2297840Z   - set_cookie on incognito producer was visible to its own request_all_cookies
2026-10-07T14:08:02.2298070Z   - same cookie was absent from a separate persistent producer's store
2026-10-07T14:08:02.2298400Z demo-mac: incognito-test: PASS — non_persistent stores stay isolated from persistent ones
2026-10-07T14:08:02.2298660Z   - set_cookie on incognito producer was visible to its own request_all_cookies
2026-10-07T14:08:02.2298890Z   - same cookie was absent from a separate persistent producer's store
2026-10-07T14:08:02.2299060Z   -> PASS
2026-10-07T14:08:02.2312120Z 
2026-10-07T14:08:02.2312230Z ==> --download-test
2026-10-07T14:08:09.4201680Z demo-mac: download-test: serving payload at http://127.0.0.1:61120/download
2026-10-07T14:08:09.4202020Z demo-mac: download-test: auth-required payload at http://127.0.0.1:61120/download-auth
2026-10-07T14:08:09.4202300Z demo-mac: nav event: Starting { url: "http://127.0.0.1:61120/download" }
2026-10-07T14:08:09.4202970Z demo-mac: nav event: DownloadStarted { id: DownloadId(1), url: "http://127.0.0.1:61120/download", suggested_filename: "scrying-download.bin", destination_path: "/Users/markik/Code/targets/wgpu-scry-hardware/demo-mac-download-test-47517/download-output/scrying-download.bin", total_bytes_expected: Some(262144) }
2026-10-07T14:08:09.4203800Z demo-mac: nav event: DownloadProgress { id: DownloadId(1), bytes_written: 262144, total_bytes_expected: Some(262144) }
2026-10-07T14:08:09.4204360Z demo-mac: nav event: DownloadFinished { id: DownloadId(1), destination_path: "/Users/markik/Code/targets/wgpu-scry-hardware/demo-mac-download-test-47517/download-output/scrying-download.bin", error: None }
2026-10-07T14:08:09.4204810Z demo-mac: nav event: Completed { url: "", success: false }
2026-10-07T14:08:09.4205270Z demo-mac: download-test: phase A: 262144 bytes landed at /Users/markik/Code/targets/wgpu-scry-hardware/demo-mac-download-test-47517/download-output/scrying-download.bin (matches served payload)
2026-10-07T14:08:09.4205730Z demo-mac: nav event: Starting { url: "http://127.0.0.1:61120/download" }
2026-10-07T14:08:09.4205930Z demo-mac: nav event: Completed { url: "", success: false }
2026-10-07T14:08:09.4206190Z demo-mac: nav event: DownloadCancelled { id: DownloadId(2), destination_path: "", resume_data: None }
2026-10-07T14:08:09.4206500Z demo-mac: download-test: phase B: DownloadCancelled fired for id 2 after host Cancel decision
2026-10-07T14:08:09.4206800Z demo-mac: download-test: phase C: cancel_download(unknown) returned Ok(false) as expected
2026-10-07T14:08:09.4207120Z demo-mac: download-test: auth challenge for host '127.0.0.1' method 'NSURLAuthenticationMethodHTTPBasic'
2026-10-07T14:08:09.4207580Z demo-mac: nav event: AuthChallenged { url: "http://127.0.0.1:61120/download-auth", host: "127.0.0.1", auth_method: "NSURLAuthenticationMethodHTTPBasic", source: Download }
2026-10-07T14:08:09.4208420Z demo-mac: nav event: DownloadStarted { id: DownloadId(3), url: "http://127.0.0.1:61120/download-auth", suggested_filename: "scrying-download.bin", destination_path: "/Users/markik/Code/targets/wgpu-scry-hardware/demo-mac-download-test-47517/download-output/scrying-download-1.bin", total_bytes_expected: Some(262144) }
2026-10-07T14:08:09.4209130Z demo-mac: nav event: DownloadProgress { id: DownloadId(3), bytes_written: 262144, total_bytes_expected: Some(262144) }
2026-10-07T14:08:09.4209670Z demo-mac: nav event: DownloadFinished { id: DownloadId(3), destination_path: "/Users/markik/Code/targets/wgpu-scry-hardware/demo-mac-download-test-47517/download-output/scrying-download-1.bin", error: None }
2026-10-07T14:08:09.4210210Z demo-mac: download-test: phase D: auth-protected download succeeded with 262144 bytes after credentials supplied
2026-10-07T14:08:09.4210520Z demo-mac: nav event: Starting { url: "http://127.0.0.1:61120/download-slow" }
2026-10-07T14:08:09.4210860Z demo-mac: nav event: Completed { url: "", success: false }
2026-10-07T14:08:09.4211510Z demo-mac: nav event: DownloadStarted { id: DownloadId(4), url: "http://127.0.0.1:61120/download-slow", suggested_filename: "scrying-download.bin", destination_path: "/Users/markik/Code/targets/wgpu-scry-hardware/demo-mac-download-test-47517/download-output/scrying-download-2.bin", total_bytes_expected: Some(262144) }
2026-10-07T14:08:09.4212270Z demo-mac: download-test: phase E: cancel_download(4) -> Ok(true), awaiting resume_data
2026-10-07T14:08:09.4246390Z demo-mac: nav event: DownloadCancelled { id: DownloadId(4), destination_path: "/Users/markik/Code/targets/wgpu-scry-hardware/demo-mac-download-test-47517/download-output/scrying-download-2.bin", resume_data: Some([98, 112, 108, 105, 115, 116, 48, 48, 212, 1, 2, 3, 4, 5, 6, 7, 10, 88, 36, 118, 101, 114, 115, 105, 111, 110, 89, 36, 97, 114, 99, 104, 105, 118, 101, 114, 84, 36, 116, 111, 112, 88, 36, 111, 98, 106, 101, 99, 116, 115, 18, 0, 1, 134, 160, 95, 16, 15, 78, 83, 75, 101, 121, 101, 100, 65, 114, 99, 104, 105, 118, 101, 114, 209, 8, 9, 95, 16, 27, 78, 83, 75, 101, 121, 101, 100, 65, 114, 99, 104, 105, 118, 101, 82, 111, 111, 116, 79, 98, 106, 101, 99, 116, 75, 101, 121, 128, 1, 167, 11, 12, 23, 24, 25, 26, 27, 85, 36, 110, 117, 108, 108, 211, 13, 14, 15, 16, 19, 22, 87, 78, 83, 46, 107, 101, 121, 115, 90, 78, 83, 46, 111, 98, 106, 101, 99, 116, 115, 86, 36, 99, 108, 97, 115, 115, 162, 17, 18, 128, 2, 128, 3, 162, 20, 21, 128, 4, 128, 5, 128, 6, 84, 100, 97, 116, 97, 95, 16, 31, 78, 83, 85, 82, 76, 83, 101, 115, 115, 105, 111, 110, 82, 101, 115, 117, 109, 101, 73, 110, 102, 111, 76, 111, 99, 97, 108, 80, 97, 116, 104, 79, 17, 28, 216, 54, 21, 8, 37, 18, 7, 67, 95, 212, 0, 1, 0, 2, 0, 3, 0, 4, 0, 5, 0, 6, 0, 7, 0, 10, 88, 36, 118, 101, 114, 115, 105, 111, 110, 89, 36, 97, 114, 99, 104, 105, 118, 101, 114, 84, 36, 116, 111, 112, 88, 36, 111, 98, 106, 101, 99, 116, 115, 18, 0, 1, 134, 160, 95, 16, 15, 78, 83, 75, 101, 121, 101, 100, 65, 114, 99, 104, 105, 118, 101, 114, 209, 0, 8, 0, 9, 84, 114, 111, 111, 116, 128, 1, 175, 16, 79, 0, 11, 0, 12, 0, 43, 0, 31, 0, 153, 0, 159, 0, 160, 0, 166, 0, 107, 0, 167, 0, 171, 0, 121, 0, 173, 0, 42, 0, 174, 0, 142, 0, 175, 0, 176, 0, 196, 0, 197, 0, 198, 0, 199, 0, 200, 0, 201, 0, 202, 0, 203, 0, 204, 0, 205, 0, 206, 0, 207, 0, 208, 0, 209, 0, 210, 0, 214, 0, 228, 0, 229, 0, 230, 0, 231, 0, 232, 0, 233, 0, 234, 0, 235, 0, 236, 0, 242, 0, 243, 0, 244, 0, 247, 0, 252, 1, 44, 1, 62, 1, 63, 1, 64, 1, 78, 1, 84, 1, 99, 0, 28, 1, 100, 1, 101, 1, 121, 1, 122, 1, 123, 1, 124, 1, 125, 1, 126, 1, 127, 1, 128, 1, 129, 1, 130, 1, 131, 1, 132, 1, 133, 1, 134, 1, 135, 1, 136, 1, 140, 1, 144, 1, 149, 1, 153, 1, 154, 85, 36, 110, 117, 108, 108, 223, 16, 15, 0, 13, 0, 14, 0, 15, 0, 16, 0, 17, 0, 18, 0, 19, 0, 20, 0, 21, 0, 22, 0, 23, 0, 24, 0, 25, 0, 26, 0, 27, 0, 28, 0, 29, 0, 30, 0, 31, 0, 32, 0, 33, 0, 34, 0, 35, 0, 36, 0, 37, 0, 29, 0, 31, 0, 40, 0, 29, 0, 42, 94, 116, 97, 115, 107, 73, 100, 101, 110, 116, 105, 102, 105, 101, 114, 95, 16, 15, 116, 97, 115, 107, 68, 101, 115, 99, 114, 105, 112, 116, 105, 111, 110, 95, 16, 31, 99, 111, 117, 110, 116, 79, 102, 66, 121, 116, 101, 115, 67, 108, 105, 101, 110, 116, 69, 120, 112, 101, 99, 116, 115, 84, 111, 83, 101, 110, 100, 95, 16, 21, 95, 107, 101, 101, 112, 68, 111, 119, 110, 108, 111, 97, 100, 84, 97, 115, 107, 70, 105, 108, 101, 88, 112, 114, 105, 111, 114, 105, 116, 121, 87, 102, 105, 108, 101, 85, 82, 76, 95, 16, 34, 99, 111, 117, 110, 116, 79, 102, 66, 121, 116, 101, 115, 67, 108, 105, 101, 110, 116, 69, 120, 112, 101, 99, 116, 115, 84, 111, 82, 101, 99, 101, 105, 118, 101, 95, 16, 15, 111, 114, 105, 103, 105, 110, 97, 108, 82, 101, 113, 117, 101, 115, 116, 86, 36, 99, 108, 97, 115, 115, 94, 99, 117, 114, 114, 101, 110, 116, 82, 101, 113, 117, 101, 115, 116, 95, 16, 17, 101, 97, 114, 108, 105, 101, 115, 116, 66, 101, 103, 105, 110, 68, 97, 116, 101, 95, 16, 26, 112, 114, 101, 102, 101, 114, 115, 73, 110, 99, 114, 101, 109, 101, 110, 116, 97, 108, 68, 101, 108, 105, 118, 101, 114, 121, 88, 114, 101, 115, 112, 111, 110, 115, 101, 92, 116, 101, 109, 112, 70, 105, 108, 101, 78, 97, 109, 101, 89, 115, 116, 97, 114, 116, 84, 105, 109, 101, 16, 0, 128, 0, 19, 255, 255, 255, 255, 255, 255, 255, 255, 8, 34, 63, 128, 0, 0, 128, 76, 18, 0, 4, 0, 0, 128, 2, 128, 78, 128, 47, 128, 0, 8, 128, 53, 128, 0, 35, 0, 0, 0, 0, 0, 0, 0, 0, 223, 16, 58, 0, 44, 0, 45, 0, 46, 0, 47, 0, 48, 0, 49, 0, 50, 0, 51, 0, 52, 0, 53, 0, 54, 0, 55, 0, 56, 0, 57, 0, 58, 0, 59, 0, 60, 0, 61, 0, 62, 0, 63, 0, 64, 0, 65, 0, 66, 0, 67, 0, 68, 0, 69, 0, 70, 0, 71, 0, 72, 0, 73, 0, 74, 0, 75, 0, 76, 0, 77, 0, 78, 0, 79, 0, 80, 0, 81, 0, 82, 0, 21, 0, 83, 0, 84, 0, 85, 0, 86, 0, 87, 0, 88, 0, 89, 0, 90, 0, 91, 0, 92, 0, 93, 0, 94, 0, 95, 0, 96, 0, 97, 0, 98, 0, 99, 0, 100, 0, 28, 0, 31, 0, 102, 0, 28, 0, 31, 0, 28, 0, 31, 0, 105, 0, 106, 0, 107, 0, 108, 0, 29, 0, 110, 0, 29, 0, 108, 0, 106, 0, 114, 0, 29, 0, 31, 0, 117, 0, 118, 0, 31, 0, 120, 0, 121, 0, 31, 0, 105, 0, 31, 0, 31, 0, 42, 0, 126, 0, 127, 0, 31, 0, 129, 0, 29, 0, 28, 0, 31, 0, 106, 0, 121, 0, 31, 0, 135, 0, 136, 0, 29, 0, 28, 0, 102, 0, 42, 0, 31, 0, 140, 0, 29, 0, 142, 0, 31, 0, 31, 0, 31, 0, 146, 0, 31, 0, 29, 0, 149, 0, 31, 0, 29, 95, 16, 24, 114, 101, 113, 117, 105, 114, 101, 115, 68, 78, 83, 83, 69, 67, 86, 97, 108, 105, 100, 97, 116, 105, 111, 110, 95, 16, 18, 105, 115, 87, 101, 98, 83, 101, 97, 114, 99, 104, 67, 111, 110, 116, 101, 110, 116, 95, 16, 31, 95, 95, 110, 115, 117, 114, 108, 114, 101, 113, 117, 101, 115, 116, 95, 112, 114, 111, 116, 111, 95, 112, 114, 111, 112, 95, 111, 98, 106, 95, 57, 95, 16, 20, 97, 108, 108, 111, 119, 101, 100, 80, 114, 111, 116, 111, 99, 111, 108, 84, 121, 112, 101, 115, 93, 98, 108, 111, 99, 107, 84, 114, 97, 99, 107, 101, 114, 115, 95, 16, 30, 97, 108, 108, 111, 119, 115, 67, 111, 110, 115, 116, 114, 97, 105, 110, 101, 100, 78, 101, 116, 119, 111, 114, 107, 65, 99, 99, 101, 115, 115, 95, 16, 19, 97, 115, 115, 117, 109, 101, 115, 72, 84, 84, 80, 51, 67, 97, 112, 97, 98, 108, 101, 95, 16, 32, 95, 95, 110, 115, 117, 114, 108, 114, 101, 113, 117, 101, 115, 116, 95, 112, 114, 111, 116, 111, 95, 112, 114, 111, 112, 95, 111, 98, 106, 95, 49, 48, 95, 16, 32, 95, 95, 110, 115, 117, 114, 108, 114, 101, 113, 117, 101, 115, 116, 95, 112, 114, 111, 116, 111, 95, 112, 114, 111, 112, 95, 111, 98, 106, 95, 49, 49, 91, 97, 116, 116, 114, 105, 98, 117, 116, 105, 111, 110, 95, 16, 32, 95, 95, 110, 115, 117, 114, 108, 114, 101, 113, 117, 101, 115, 116, 95, 112, 114, 111, 116, 111, 95, 112, 114, 111, 112, 95, 111, 98, 106, 95, 49, 50, 95, 16, 32, 95, 95, 110, 115, 117, 114, 108, 114, 101, 113, 117, 101, 115, 116, 95, 112, 114, 111, 116, 111, 95, 112, 114, 111, 112, 95, 111, 98, 106, 95, 50, 48, 95, 16, 26, 95, 95, 110, 115, 117, 114, 108, 114, 101, 113, 117, 101, 115, 116, 95, 112, 114, 111, 116, 111, 95, 112, 114, 111, 112, 115, 95, 16, 32, 95, 95, 110, 115, 117, 114, 108, 114, 101, 113, 117, 101, 115, 116, 95, 112, 114, 111, 116, 111, 95, 112, 114, 111, 112, 95, 111, 98, 106, 95, 50, 49, 95, 16, 32, 95, 95, 110, 115, 117, 114, 108, 114, 101, 113, 117, 101, 115, 116, 95, 112, 114, 111, 116, 111, 95, 112, 114, 111, 112, 95, 111, 98, 106, 95, 49, 51, 95, 16, 32, 95, 95, 110, 115, 117, 114, 108, 114, 101, 113, 117, 101, 115, 116, 95, 112, 114, 111, 116, 111, 95, 112, 114, 111, 112, 95, 111, 98, 106, 95, 49, 52, 95, 16, 32, 95, 95, 110, 115, 117, 114, 108, 114, 101, 113, 117, 101, 115, 116, 95, 112, 114, 111, 116, 111, 95, 112, 114, 111, 112, 95, 111, 98, 106, 95, 49, 53, 95, 16, 32, 95, 95, 110, 115, 117, 114, 108, 114, 101, 113, 117, 101, 115, 116, 95, 112, 114, 111, 116, 111, 95, 112, 114, 111, 112, 95, 111, 98, 106, 95, 49, 54, 95, 16, 24, 117, 110, 115, 97, 102, 101, 65, 108, 108, 111, 119, 101, 100, 73, 110, 69, 97, 114, 108, 121, 68, 97, 116, 97, 95, 16, 32, 95, 95, 110, 115, 117, 114, 108, 114, 101, 113, 117, 101, 115, 116, 95, 112, 114, 111, 116, 111, 95, 112, 114, 111, 112, 95, 111, 98, 106, 95, 49, 55, 95, 16, 32, 95, 95, 110, 115, 117, 114, 108, 114, 101, 113, 117, 101, 115, 116, 95, 112, 114, 111, 116, 111, 95, 112, 114, 111, 112, 95, 111, 98, 106, 95, 49, 56, 95, 16, 22, 117, 115, 101, 69, 110, 104, 97, 110, 99, 101, 100, 80, 114, 105, 118, 97, 99, 121, 77, 111, 100, 101, 95, 16, 32, 95, 95, 110, 115, 117, 114, 108, 114, 101, 113, 117, 101, 115, 116, 95, 112, 114, 111, 116, 111, 95, 112, 114, 111, 112, 95, 111, 98, 106, 95, 49, 57, 95, 16, 37, 97, 108, 108, 111, 119, 80, 114, 105, 118, 97, 116, 101, 65, 99, 99, 101, 115, 115, 84, 111, 107, 101, 110, 115, 70, 111, 114, 84, 104, 105, 114, 100, 80, 97, 114, 116, 121, 95, 16, 19, 97, 108, 108, 111, 119, 115, 80, 101, 114, 115, 105, 115, 116, 101, 110, 116, 68, 78, 83, 95, 16, 31, 95, 95, 110, 115, 117, 114, 108, 114, 101, 113, 117, 101, 115, 116, 95, 112, 114, 111, 116, 111, 95, 112, 114, 111, 112, 95, 111, 98, 106, 95, 48, 95, 16, 30, 114, 101, 113, 117, 105, 114, 101, 115, 83, 104, 111, 114, 116, 67, 111, 110, 110, 101, 99, 116, 105, 111, 110, 84, 105, 109, 101, 111, 117, 116, 95, 16, 22, 112, 114, 105, 118, 97, 99, 121, 80, 114, 111, 120, 121, 70, 97, 105, 108, 67, 108, 111, 115, 101, 100, 95, 16, 26, 112, 97, 121, 108, 111, 97, 100, 84, 114, 97, 110, 115, 109, 105, 115, 115, 105, 111, 110, 84, 105, 109, 101, 111, 117, 116, 95, 16, 31, 95, 95, 110, 115, 117, 114, 108, 114, 101, 113, 117, 101, 115, 116, 95, 112, 114, 111, 116, 111, 95, 112, 114, 111, 112, 95, 111, 98, 106, 95, 49, 95, 16, 39, 99, 111, 110, 116, 101, 110, 116, 68, 105, 115, 112, 111, 115, 105, 116, 105, 111, 110, 69, 110, 99, 111, 100, 105, 110, 103, 70, 97, 108, 108, 98, 97, 99, 107, 65, 114, 114, 97, 121, 95, 16, 28, 112, 114, 105, 118, 97, 99, 121, 80, 114, 111, 120, 121, 83, 116, 114, 105, 99, 116, 70, 97, 105, 108, 67, 108, 111, 115, 101, 100, 95, 16, 31, 95, 95, 110, 115, 117, 114, 108, 114, 101, 113, 117, 101, 115, 116, 95, 112, 114, 111, 116, 111, 95, 112, 114, 111, 112, 95, 111, 98, 106, 95, 50, 94, 116, 114, 97, 99, 107, 101, 114, 67, 111, 110, 116, 101, 120, 116, 89, 97, 108, 108, 111, 119, 115, 85, 67, 65, 95, 16, 20, 112, 114, 111, 104, 105, 98, 105, 116, 80, 114, 105, 118, 97, 99, 121, 80, 114, 111, 120, 121, 95, 16, 31, 95, 95, 110, 115, 117, 114, 108, 114, 101, 113, 117, 101, 115, 116, 95, 112, 114, 111, 116, 111, 95, 112, 114, 111, 112, 95, 111, 98, 106, 95, 51, 95, 16, 48, 112, 114, 105, 118, 97, 99, 121, 80, 114, 111, 120, 121, 70, 97, 105, 108, 67, 108, 111, 115, 101, 100, 70, 111, 114, 85, 110, 114, 101, 97, 99, 104, 97, 98, 108, 101, 78, 111, 110, 77, 97, 105, 110, 72, 111, 115, 116, 115, 95, 16, 41, 112, 114, 105, 118, 97, 99, 121, 80, 114, 111, 120, 121, 70, 97, 105, 108, 67, 108, 111, 115, 101, 100, 70, 111, 114, 85, 110, 114, 101, 97, 99, 104, 97, 98, 108, 101, 72, 111, 115, 116, 115, 95, 16, 31, 95, 95, 110, 115, 117, 114, 108, 114, 101, 113, 117, 101, 115, 116, 95, 112, 114, 111, 116, 111, 95, 112, 114, 111, 112, 95, 111, 98, 106, 95, 52, 95, 16, 24, 98, 111, 117, 110, 100, 73, 110, 116, 101, 114, 102, 97, 99, 101, 73, 100, 101, 110, 116, 105, 102, 105, 101, 114, 95, 16, 28, 97, 108, 108, 111, 119, 115, 69, 120, 112, 101, 110, 115, 105, 118, 101, 78, 101, 116, 119, 111, 114, 107, 65, 99, 99, 101, 115, 115, 95, 16, 31, 95, 95, 110, 115, 117, 114, 108, 114, 101, 113, 117, 101, 115, 116, 95, 112, 114, 111, 116, 111, 95, 112, 114, 111, 112, 95, 111, 98, 106, 95, 53, 95, 16, 16, 115, 116, 97, 114, 116, 84, 105, 109, 101, 111, 117, 116, 84, 105, 109, 101, 95, 16, 18, 112, 114, 101, 118, 101, 110, 116, 72, 83, 84, 83, 83, 116, 111, 114, 97, 103, 101, 95, 16, 31, 95, 95, 110, 115, 117, 114, 108, 114, 101, 113, 117, 101, 115, 116, 95, 112, 114, 111, 116, 111, 95, 112, 114, 111, 112, 95, 111, 98, 106, 95, 54, 95, 16, 25, 99, 111, 111, 107, 105, 101, 80, 97, 114, 116, 105, 116, 105, 111, 110, 73, 100, 101, 110, 116, 105, 102, 105, 101, 114, 82, 36, 48, 95, 16, 34, 102, 97, 105, 108, 73, 110, 115, 101, 99, 117, 114, 101, 76, 111, 97, 100, 87, 105, 116, 104, 72, 84, 84, 80, 83, 68, 78, 83, 82, 101, 99, 111, 114, 100, 92, 107, 110, 111, 119, 110, 84, 114, 97, 99, 107, 101, 114, 90, 105, 103, 110, 111, 114, 101, 72, 83, 84, 83, 82, 36, 49, 95, 16, 27, 97, 108, 108, 111, 119, 79, 110, 108, 121, 80, 97, 114, 116, 105, 116, 105, 111, 110, 101, 100, 67, 111, 111, 107, 105, 101, 115, 95, 16, 31, 95, 95, 110, 115, 117, 114, 108, 114, 101, 113, 117, 101, 115, 116, 95, 112, 114, 111, 116, 111, 95, 112, 114, 111, 112, 95, 111, 98, 106, 95, 55, 82, 36, 50, 95, 16, 33, 115, 99, 104, 101, 109, 101, 87, 97, 115, 85, 112, 103, 114, 97, 100, 101, 100, 68, 117, 101, 84, 111, 68, 121, 110, 97, 109, 105, 99, 72, 83, 84, 83, 95, 16, 31, 95, 95, 110, 115, 117, 114, 108, 114, 101, 113, 117, 101, 115, 116, 95, 112, 114, 111, 116, 111, 95, 112, 114, 111, 112, 95, 111, 98, 106, 95, 56, 8, 128, 11, 8, 8, 128, 3, 128, 8, 16, 0, 128, 13, 128, 0, 128, 33, 128, 0, 128, 13, 128, 8, 128, 14, 128, 0, 8, 128, 15, 128, 16, 8, 128, 17, 9, 8, 128, 3, 8, 8, 128, 4, 128, 42, 8, 128, 7, 128, 0, 8, 128, 8, 9, 8, 128, 46, 128, 9, 128, 0, 128, 11, 8, 128, 12, 128, 0, 16, 2, 8, 8, 8, 16, 9, 8, 128, 0, 16, 22, 8, 128, 0, 8, 211, 0, 154, 0, 21, 0, 155, 0, 29, 0, 157, 0, 158, 87, 78, 83, 46, 98, 97, 115, 101, 91, 78, 83, 46, 114, 101, 108, 97, 116, 105, 118, 101, 128, 0, 128, 6, 128, 5, 95, 16, 36, 104, 116, 116, 112, 58, 47, 47, 49, 50, 55, 46, 48, 46, 48, 46, 49, 58, 54, 49, 49, 50, 48, 47, 100, 111, 119, 110, 108, 111, 97, 100, 45, 115, 108, 111, 119, 210, 0, 161, 0, 162, 0, 163, 0, 164, 90, 36, 99, 108, 97, 115, 115, 110, 97, 109, 101, 88, 36, 99, 108, 97, 115, 115, 101, 115, 85, 78, 83, 85, 82, 76, 162, 0, 163, 0, 165, 88, 78, 83, 79, 98, 106, 101, 99, 116, 35, 64, 78, 0, 0, 0, 0, 0, 0, 211, 0, 154, 0, 21, 0, 155, 0, 29, 0, 157, 0, 170, 128, 0, 128, 6, 128, 10, 95, 16, 36, 104, 116, 116, 112, 58, 47, 47, 49, 50, 55, 46, 48, 46, 48, 46, 49, 58, 54, 49, 49, 50, 48, 47, 100, 111, 119, 110, 108, 111, 97, 100, 45, 115, 108, 111, 119, 9, 17, 1, 134, 16, 4, 83, 71, 69, 84, 211, 0, 177, 0, 178, 0, 21, 0, 179, 0, 187, 0, 195, 87, 78, 83, 46, 107, 101, 121, 115, 90, 78, 83, 46, 111, 98, 106, 101, 99, 116, 115, 167, 0, 180, 0, 181, 0, 182, 0, 183, 0, 184, 0, 185, 0, 186, 128, 18, 128, 19, 128, 20, 128, 21, 128, 22, 128, 23, 128, 24, 167, 0, 188, 0, 189, 0, 190, 0, 191, 0, 192, 0, 193, 0, 194, 128, 25, 128, 26, 128, 27, 128, 28, 128, 29, 128, 30, 128, 31, 128, 32, 86, 65, 99, 99, 101, 112, 116, 94, 83, 101, 99, 45, 70, 101, 116, 99, 104, 45, 83, 105, 116, 101, 88, 95, 95, 104, 104, 97, 97, 95, 95, 95, 16, 25, 85, 112, 103, 114, 97, 100, 101, 45, 73, 110, 115, 101, 99, 117, 114, 101, 45, 82, 101, 113, 117, 101, 115, 116, 115, 94, 83, 101, 99, 45, 70, 101, 116, 99, 104, 45, 77, 111, 100, 101, 90, 85, 115, 101, 114, 45, 65, 103, 101, 110, 116, 94, 83, 101, 99, 45, 70, 101, 116, 99, 104, 45, 68, 101, 115, 116, 95, 16, 63, 116, 101, 120, 116, 47, 104, 116, 109, 108, 44, 97, 112, 112, 108, 105, 99, 97, 116, 105, 111, 110, 47, 120, 104, 116, 109, 108, 43, 120, 109, 108, 44, 97, 112, 112, 108, 105, 99, 97, 116, 105, 111, 110, 47, 120, 109, 108, 59, 113, 61, 48, 46, 57, 44, 42, 47, 42, 59, 113, 61, 48, 46, 56, 84, 110, 111, 110, 101, 95, 17, 1, 252, 13, 10, 13, 10, 89, 110, 66, 115, 97, 88, 78, 48, 77, 68, 68, 87, 65, 81, 73, 68, 66, 65, 85, 71, 66, 119, 107, 76, 68, 81, 56, 82, 88, 108, 78, 108, 89, 121, 49, 71, 90, 88, 82, 106, 97, 67, 49, 69, 90, 88, 78, 48, 87, 108, 86, 122, 90, 88, 73, 116, 81, 87, 100, 108, 98, 110, 82, 102, 69, 66, 108, 86, 99, 71, 100, 121, 89, 87, 82, 108, 76, 85, 108, 117, 99, 50, 86, 106, 100, 88, 74, 108, 76, 86, 74, 108, 99, 88, 86, 108, 99, 51, 82, 122, 86, 107, 70, 106, 89, 50, 86, 119, 100, 70, 53, 84, 90, 87, 77, 116, 82, 109, 86, 48, 89, 50, 103, 116, 85, 50, 108, 48, 90, 86, 53, 84, 90, 87, 77, 116, 82, 109, 86, 48, 89, 50, 103, 116, 84, 87, 57, 107, 90, 97, 69, 73, 87, 71, 82, 118, 89, 51, 86, 116, 90, 87, 53, 48, 111, 81, 112, 102, 69, 70, 104, 78, 98, 51, 112, 112, 98, 71, 120, 104, 76, 122, 85, 117, 77, 67, 65, 111, 84, 87, 70, 106, 97, 87, 53, 48, 98, 51, 78, 111, 79, 121, 66, 74, 98, 110, 82, 108, 98, 67, 66, 78, 89, 87, 77, 103, 84, 49, 77, 103, 87, 67, 65, 120, 77, 70, 56, 120, 78, 86, 56, 51, 75, 83, 66, 66, 99, 72, 66, 115, 90, 86, 100, 108, 89, 107, 116, 112, 100, 67, 56, 50, 77, 68, 85, 117, 77, 83, 52, 120, 78, 83, 65, 111, 83, 48, 104, 85, 84, 85, 119, 115, 73, 71, 120, 112, 97, 50, 85, 103, 82, 50, 86, 106, 97, 50, 56, 112, 111, 81, 120, 82, 77, 97, 69, 79, 88, 120, 65, 47, 100, 71, 86, 52, 100, 67, 57, 111, 100, 71, 49, 115, 76, 71, 70, 119, 99, 71, 120, 112, 89, 50, 70, 48, 97, 87, 57, 117, 76, 51, 104, 111, 100, 71, 49, 115, 75, 51, 104, 116, 98, 67, 120, 104, 99, 72, 66, 115, 97, 87, 78, 104, 100, 71, 108, 118, 98, 105, 57, 52, 98, 87, 119, 55, 99, 84, 48, 119, 76, 106, 107, 115, 75, 105, 56, 113, 79, 51, 69, 57, 77, 67, 52, 52, 111, 82, 66, 85, 98, 109, 57, 117, 90, 97, 69, 83, 87, 71, 53, 104, 100, 109, 108, 110, 89, 88, 82, 108, 65, 65, 103, 65, 70, 81, 65, 107, 65, 67, 56, 65, 83, 119, 66, 83, 65, 71, 69, 65, 99, 65, 66, 121, 65, 72, 115, 65, 102, 81, 68, 89, 65, 78, 111, 65, 51, 65, 68, 101, 65, 83, 65, 66, 73, 103, 69, 110, 65, 83, 107, 65, 65, 65, 65, 65, 65, 65, 65, 67, 65, 81, 65, 65, 65, 65, 65, 65, 65, 65, 65, 84, 65, 65, 65, 65, 65, 65, 65, 65, 65, 65, 65, 65, 65, 65, 65, 65, 65, 65, 65, 66, 77, 103, 61, 61, 81, 49, 88, 110, 97, 118, 105, 103, 97, 116, 101, 95, 16, 88, 77, 111, 122, 105, 108, 108, 97, 47, 53, 46, 48, 32, 40, 77, 97, 99, 105, 110, 116, 111, 115, 104, 59, 32, 73, 110, 116, 101, 108, 32, 77, 97, 99, 32, 79, 83, 32, 88, 32, 49, 48, 95, 49, 53, 95, 55, 41, 32, 65, 112, 112, 108, 101, 87, 101, 98, 75, 105, 116, 47, 54, 48, 53, 46, 49, 46, 49, 53, 32, 40, 75, 72, 84, 77, 76, 44, 32, 108, 105, 107, 101, 32, 71, 101, 99, 107, 111, 41, 88, 100, 111, 99, 117, 109, 101, 110, 116, 210, 0, 161, 0, 162, 0, 211, 0, 212, 95, 16, 19, 78, 83, 77, 117, 116, 97, 98, 108, 101, 68, 105, 99, 116, 105, 111, 110, 97, 114, 121, 163, 0, 211, 0, 213, 0, 165, 92, 78, 83, 68, 105, 99, 116, 105, 111, 110, 97, 114, 121, 211, 0, 177, 0, 178, 0, 21, 0, 215, 0, 221, 0, 195, 165, 0, 216, 0, 217, 0, 218, 0, 219, 0, 220, 128, 34, 128, 35, 128, 36, 128, 37, 128, 38, 165, 0, 222, 0, 223, 0, 223, 0, 225, 0, 223, 128, 39, 128, 40, 128, 40, 128, 41, 128, 40, 128, 32, 95, 16, 42, 95, 107, 67, 70, 72, 84, 84, 80, 67, 111, 111, 107, 105, 101, 80, 111, 108, 105, 99, 121, 80, 114, 111, 112, 101, 114, 116, 121, 83, 105, 116, 101, 70, 111, 114, 67, 111, 111, 107, 105, 101, 115, 95, 16, 48, 95, 107, 67, 70, 72, 84, 84, 80, 67, 111, 111, 107, 105, 101, 80, 111, 108, 105, 99, 121, 80, 114, 111, 112, 101, 114, 116, 121, 73, 115, 84, 111, 112, 76, 101, 118, 101, 108, 78, 97, 118, 105, 103, 97, 116, 105, 111, 110, 95, 16, 21, 87, 75, 86, 101, 114, 121, 76, 111, 119, 76, 111, 97, 100, 80, 114, 105, 111, 114, 105, 116, 121, 95, 16, 24, 95, 107, 67, 70, 85, 82, 76, 67, 97, 99, 104, 101, 80, 97, 114, 116, 105, 116, 105, 111, 110, 75, 101, 121, 95, 16, 32, 107, 67, 70, 85, 82, 76, 82, 101, 113, 117, 101, 115, 116, 65, 108, 108, 111, 119, 65, 108, 108, 80, 79, 83, 84, 67, 97, 99, 104, 105, 110, 103, 95, 16, 36, 104, 116, 116, 112, 58, 47, 47, 49, 50, 55, 46, 48, 46, 48, 46, 49, 58, 54, 49, 49, 50, 48, 47, 100, 111, 119, 110, 108, 111, 97, 100, 45, 115, 108, 111, 119, 16, 1, 89, 49, 50, 55, 46, 48, 46, 48, 46, 49, 210, 0, 178, 0, 21, 0, 237, 0, 241, 163, 0, 114, 0, 239, 0, 240, 128, 14, 128, 43, 128, 44, 128, 45, 16, 12, 16, 5, 210, 0, 161, 0, 162, 0, 245, 0, 246, 87, 78, 83, 65, 114, 114, 97, 121, 162, 0, 245, 0, 165, 210, 0, 161, 0, 162, 0, 248, 0, 249, 95, 16, 19, 78, 83, 77, 117, 116, 97, 98, 108, 101, 85, 82, 76, 82, 101, 113, 117, 101, 115, 116, 163, 0, 250, 0, 251, 0, 165, 95, 16, 19, 78, 83, 77, 117, 116, 97, 98, 108, 101, 85, 82, 76, 82, 101, 113, 117, 101, 115, 116, 92, 78, 83, 85, 82, 76, 82, 101, 113, 117, 101, 115, 116, 223, 16, 58, 0, 44, 0, 45, 0, 46, 0, 47, 0, 48, 0, 49, 0, 50, 0, 51, 0, 52, 0, 53, 0, 54, 0, 55, 0, 56, 0, 57, 0, 58, 0, 59, 0, 60, 0, 61, 0, 62, 0, 63, 0, 64, 0, 65, 0, 66, 0, 67, 0, 68, 0, 69, 0, 70, 0, 71, 0, 72, 0, 73, 0, 74, 0, 75, 0, 76, 0, 77, 0, 78, 0, 79, 0, 80, 0, 81, 0, 82, 0, 21, 0, 83, 0, 84, 0, 85, 0, 86, 0, 87, 0, 88, 0, 89, 0, 90, 0, 91, 0, 92, 0, 93, 0, 94, 0, 95, 0, 96, 0, 97, 0, 98, 0, 99, 0, 100, 0, 28, 0, 31, 0, 102, 0, 28, 0, 31, 0, 28, 0, 31, 0, 105, 0, 106, 0, 107, 0, 108, 0, 29, 1, 5, 0, 29, 0, 108, 0, 106, 0, 114, 0, 29, 0, 31, 0, 117, 0, 118, 0, 31, 1, 15, 0, 121, 0, 31, 0, 105, 0, 31, 0, 31, 0, 42, 0, 126, 1, 22, 0, 31, 0, 129, 0, 29, 0, 28, 0, 31, 0, 106, 0, 121, 0, 31, 0, 135, 0, 136, 0, 29, 0, 28, 0, 102, 0, 42, 0, 31, 0, 140, 0, 29, 0, 142, 0, 31, 0, 31, 0, 31, 0, 146, 0, 31, 0, 29, 0, 149, 0, 31, 0, 29, 8, 128, 11, 8, 8, 128, 3, 128, 8, 128, 13, 128, 0, 128, 51, 128, 0, 128, 13, 128, 8, 128, 14, 128, 0, 8, 128, 15, 128, 16, 8, 128, 48, 9, 8, 128, 3, 8, 8, 128, 4, 128, 52, 8, 128, 7, 128, 0, 8, 128, 8, 9, 8, 128, 46, 128, 9, 128, 0, 128, 11, 8, 128, 12, 128, 0, 8, 8, 8, 8, 128, 0, 8, 128, 0, 211, 0, 177, 0, 178, 0, 21, 1, 45, 1, 53, 0, 195, 167, 0, 180, 0, 181, 0, 182, 0, 183, 0, 184, 0, 185, 0, 186, 128, 18, 128, 19, 128, 20, 128, 21, 128, 22, 128, 23, 128, 24, 167, 0, 188, 0, 189, 1, 56, 0, 191, 0, 192, 1, 59, 0, 194, 128, 25, 128, 26, 128, 49, 128, 28, 128, 29, 128, 50, 128, 31, 128, 32, 95, 17, 1, 252, 13, 10, 13, 10, 89, 110, 66, 115, 97, 88, 78, 48, 77, 68, 68, 87, 65, 81, 73, 68, 66, 65, 85, 71, 66, 119, 107, 76, 68, 81, 56, 82, 88, 108, 78, 108, 89, 121, 49, 71, 90, 88, 82, 106, 97, 67, 49, 69, 90, 88, 78, 48, 87, 108, 86, 122, 90, 88, 73, 116, 81, 87, 100, 108, 98, 110, 82, 102, 69, 66, 108, 86, 99, 71, 100, 121, 89, 87, 82, 108, 76, 85, 108, 117, 99, 50, 86, 106, 100, 88, 74, 108, 76, 86, 74, 108, 99, 88, 86, 108, 99, 51, 82, 122, 86, 107, 70, 106, 89, 50, 86, 119, 100, 70, 53, 84, 90, 87, 77, 116, 82, 109, 86, 48, 89, 50, 103, 116, 85, 50, 108, 48, 90, 86, 53, 84, 90, 87, 77, 116, 82, 109, 86, 48, 89, 50, 103, 116, 84, 87, 57, 107, 90, 97, 69, 73, 87, 71, 82, 118, 89, 51, 86, 116, 90, 87, 53, 48, 111, 81, 112, 102, 69, 70, 104, 78, 98, 51, 112, 112, 98, 71, 120, 104, 76, 122, 85, 117, 77, 67, 65, 111, 84, 87, 70, 106, 97, 87, 53, 48, 98, 51, 78, 111, 79, 121, 66, 74, 98, 110, 82, 108, 98, 67, 66, 78, 89, 87, 77, 103, 84, 49, 77, 103, 87, 67, 65, 120, 77, 70, 56, 120, 78, 86, 56, 51, 75, 83, 66, 66, 99, 72, 66, 115, 90, 86, 100, 108, 89, 107, 116, 112, 100, 67, 56, 50, 77, 68, 85, 117, 77, 83, 52, 120, 78, 83, 65, 111, 83, 48, 104, 85, 84, 85, 119, 115, 73, 71, 120, 112, 97, 50, 85, 103, 82, 50, 86, 106, 97, 50, 56, 112, 111, 81, 120, 82, 77, 97, 69, 79, 88, 120, 65, 47, 100, 71, 86, 52, 100, 67, 57, 111, 100, 71, 49, 115, 76, 71, 70, 119, 99, 71, 120, 112, 89, 50, 70, 48, 97, 87, 57, 117, 76, 51, 104, 111, 100, 71, 49, 115, 75, 51, 104, 116, 98, 67, 120, 104, 99, 72, 66, 115, 97, 87, 78, 104, 100, 71, 108, 118, 98, 105, 57, 52, 98, 87, 119, 55, 99, 84, 48, 119, 76, 106, 107, 115, 75, 105, 56, 113, 79, 51, 69, 57, 77, 67, 52, 52, 111, 82, 66, 85, 98, 109, 57, 117, 90, 97, 69, 83, 87, 71, 53, 104, 100, 109, 108, 110, 89, 88, 82, 108, 65, 65, 103, 65, 70, 81, 65, 107, 65, 67, 56, 65, 83, 119, 66, 83, 65, 71, 69, 65, 99, 65, 66, 121, 65, 72, 115, 65, 102, 81, 68, 89, 65, 78, 111, 65, 51, 65, 68, 101, 65, 83, 65, 66, 73, 103, 69, 110, 65, 83, 107, 65, 65, 65, 65, 65, 65, 65, 65, 67, 65, 81, 65, 65, 65, 65, 65, 65, 65, 65, 65, 84, 65, 65, 65, 65, 65, 65, 65, 65, 65, 65, 65, 65, 65, 65, 65, 65, 65, 65, 65, 66, 77, 103, 61, 61, 95, 16, 88, 77, 111, 122, 105, 108, 108, 97, 47, 53, 46, 48, 32, 40, 77, 97, 99, 105, 110, 116, 111, 115, 104, 59, 32, 73, 110, 116, 101, 108, 32, 77, 97, 99, 32, 79, 83, 32, 88, 32, 49, 48, 95, 49, 53, 95, 55, 41, 32, 65, 112, 112, 108, 101, 87, 101, 98, 75, 105, 116, 47, 54, 48, 53, 46, 49, 46, 49, 53, 32, 40, 75, 72, 84, 77, 76, 44, 32, 108, 105, 107, 101, 32, 71, 101, 99, 107, 111, 41, 211, 0, 177, 0, 178, 0, 21, 1, 65, 1, 71, 0, 195, 165, 0, 216, 0, 217, 0, 218, 0, 219, 0, 220, 128, 34, 128, 35, 128, 36, 128, 37, 128, 38, 165, 0, 222, 0, 223, 0, 223, 0, 225, 0, 223, 128, 39, 128, 40, 128, 40, 128, 41, 128, 40, 128, 32, 210, 0, 178, 0, 21, 1, 79, 0, 241, 163, 0, 114, 0, 239, 0, 240, 128, 14, 128, 43, 128, 44, 128, 45, 221, 0, 89, 0, 80, 0, 98, 0, 69, 1, 85, 0, 83, 0, 21, 0, 73, 1, 86, 0, 91, 0, 86, 0, 76, 0, 95, 1, 87, 1, 88, 1, 89, 0, 126, 0, 146, 1, 91, 1, 92, 1, 93, 0, 31, 1, 95, 0, 29, 1, 97, 1, 98, 82, 36, 51, 82, 36, 52, 128, 73, 128, 56, 16, 7, 128, 4, 128, 57, 128, 75, 128, 54, 8, 16, 8, 128, 0, 128, 55, 16, 1, 35, 65, 200, 59, 68, 225, 140, 18, 215, 16, 200, 211, 0, 177, 0, 178, 0, 21, 1, 102, 1, 111, 0, 195, 168, 1, 103, 1, 104, 0, 182, 1, 106, 1, 107, 1, 108, 1, 109, 1, 110, 128, 58, 128, 59, 128, 20, 128, 60, 128, 61, 128, 62, 128, 63, 128, 64, 168, 1, 112, 1, 113, 1, 114, 1, 115, 1, 116, 1, 117, 1, 118, 1, 119, 128, 65, 128, 66, 128, 67, 128, 68, 128, 69, 128, 70, 128, 71, 128, 72, 128, 32, 84, 69, 116, 97, 103, 92, 67, 111, 110, 116, 101, 110, 116, 45, 84, 121, 112, 101, 93, 76, 97, 115, 116, 45, 77, 111, 100, 105, 102, 105, 101, 100, 93, 65, 99, 99, 101, 112, 116, 45, 82, 97, 110, 103, 101, 115, 95, 16, 19, 67, 111, 110, 116, 101, 110, 116, 45, 68, 105, 115, 112, 111, 115, 105, 116, 105, 111, 110, 94, 67, 111, 110, 116, 101, 110, 116, 45, 76, 101, 110, 103, 116, 104, 90, 67, 111, 110, 110, 101, 99, 116, 105, 111, 110, 95, 16, 28, 34, 115, 99, 114, 121, 105, 110, 103, 45, 116, 101, 115, 116, 45, 101, 116, 97, 103, 45, 100, 101, 97, 100, 98, 101, 101, 102, 34, 95, 16, 24, 97, 112, 112, 108, 105, 99, 97, 116, 105, 111, 110, 47, 111, 99, 116, 101, 116, 45, 115, 116, 114, 101, 97, 109, 95, 17, 1, 232, 13, 10, 13, 10, 89, 110, 66, 115, 97, 88, 78, 48, 77, 68, 68, 88, 65, 81, 73, 68, 66, 65, 85, 71, 66, 119, 103, 75, 68, 65, 52, 81, 69, 104, 82, 97, 81, 50, 57, 117, 98, 109, 86, 106, 100, 71, 108, 118, 98, 108, 120, 68, 98, 50, 53, 48, 90, 87, 53, 48, 76, 86, 82, 53, 99, 71, 86, 100, 84, 71, 70, 122, 100, 67, 49, 78, 98, 50, 82, 112, 90, 109, 108, 108, 90, 70, 49, 66, 89, 50, 78, 108, 99, 72, 81, 116, 85, 109, 70, 117, 90, 50, 86, 122, 88, 120, 65, 84, 81, 50, 57, 117, 100, 71, 86, 117, 100, 67, 49, 69, 97, 88, 78, 119, 98, 51, 78, 112, 100, 71, 108, 118, 98, 108, 53, 68, 98, 50, 53, 48, 90, 87, 53, 48, 76, 85, 120, 108, 98, 109, 100, 48, 97, 70, 82, 70, 100, 71, 70, 110, 111, 81, 108, 86, 89, 50, 120, 118, 99, 50, 87, 104, 67, 49, 56, 81, 71, 71, 70, 119, 99, 71, 120, 112, 89, 50, 70, 48, 97, 87, 57, 117, 76, 50, 57, 106, 100, 71, 86, 48, 76, 88, 78, 48, 99, 109, 86, 104, 98, 97, 69, 78, 88, 120, 65, 100, 84, 87, 57, 117, 76, 67, 65, 119, 77, 83, 66, 75, 89, 87, 52, 103, 77, 106, 65, 121, 78, 67, 65, 119, 77, 68, 111, 119, 77, 68, 111, 119, 77, 67, 66, 72, 84, 86, 83, 104, 68, 49, 86, 105, 101, 88, 82, 108, 99, 54, 69, 82, 88, 120, 65, 114, 89, 88, 82, 48, 89, 87, 78, 111, 98, 87, 86, 117, 100, 68, 115, 103, 90, 109, 108, 115, 90, 87, 53, 104, 98, 87, 85, 57, 73, 110, 78, 106, 99, 110, 108, 112, 98, 109, 99, 116, 90, 71, 57, 51, 98, 109, 120, 118, 89, 87, 81, 117, 89, 109, 108, 117, 73, 113, 69, 84, 86, 106, 73, 50, 77, 106, 69, 48, 78, 75, 69, 86, 88, 120, 65, 99, 73, 110, 78, 106, 99, 110, 108, 112, 98, 109, 99, 116, 100, 71, 86, 122, 100, 67, 49, 108, 100, 71, 70, 110, 76, 87, 82, 108, 89, 87, 82, 105, 90, 87, 86, 109, 73, 103, 65, 73, 65, 66, 99, 65, 73, 103, 65, 118, 65, 68, 48, 65, 83, 119, 66, 104, 65, 72, 65, 65, 100, 81, 66, 51, 65, 72, 48, 65, 102, 119, 67, 97, 65, 74, 119, 65, 118, 65, 67, 43, 65, 77, 81, 65, 120, 103, 68, 48, 65, 80, 89, 65, 47, 81, 68, 47, 65, 65, 65, 65, 65, 65, 65, 65, 65, 103, 69, 65, 65, 65, 65, 65, 65, 65, 65, 65, 70, 103, 65, 65, 65, 65, 65, 65, 65, 65, 65, 65, 65, 65, 65, 65, 65, 65, 65, 65, 65, 82, 52, 61, 95, 16, 29, 77, 111, 110, 44, 32, 48, 49, 32, 74, 97, 110, 32, 50, 48, 50, 52, 32, 48, 48, 58, 48, 48, 58, 48, 48, 32, 71, 77, 84, 85, 98, 121, 116, 101, 115, 95, 16, 43, 97, 116, 116, 97, 99, 104, 109, 101, 110, 116, 59, 32, 102, 105, 108, 101, 110, 97, 109, 101, 61, 34, 115, 99, 114, 121, 105, 110, 103, 45, 100, 111, 119, 110, 108, 111, 97, 100, 46, 98, 105, 110, 34, 86, 50, 54, 50, 49, 52, 52, 85, 99, 108, 111, 115, 101, 210, 0, 21, 1, 137, 1, 138, 1, 139, 89, 78, 83, 46, 115, 116, 114, 105, 110, 103, 128, 74, 95, 16, 24, 97, 112, 112, 108, 105, 99, 97, 116, 105, 111, 110, 47, 111, 99, 116, 101, 116, 45, 115, 116, 114, 101, 97, 109, 210, 0, 161, 0, 162, 1, 141, 1, 142, 95, 16, 15, 78, 83, 77, 117, 116, 97, 98, 108, 101, 83, 116, 114, 105, 110, 103, 163, 1, 141, 1, 143, 0, 165, 88, 78, 83, 83, 116, 114, 105, 110, 103, 210, 0, 161, 0, 162, 1, 145, 1, 146, 95, 16, 17, 78, 83, 72, 84, 84, 80, 85, 82, 76, 82, 101, 115, 112, 111, 110, 115, 101, 163, 1, 147, 1, 148, 0, 165, 95, 16, 17, 78, 83, 72, 84, 84, 80, 85, 82, 76, 82, 101, 115, 112, 111, 110, 115, 101, 93, 78, 83, 85, 82, 76, 82, 101, 115, 112, 111, 110, 115, 101, 211, 0, 154, 0, 21, 0, 155, 0, 29, 0, 157, 1, 152, 128, 0, 128, 6, 128, 77, 95, 16, 120, 102, 105, 108, 101, 58, 47, 47, 47, 85, 115, 101, 114, 115, 47, 109, 97, 114, 107, 105, 107, 47, 67, 111, 100, 101, 47, 116, 97, 114, 103, 101, 116, 115, 47, 119, 103, 112, 117, 45, 115, 99, 114, 121, 45, 104, 97, 114, 100, 119, 97, 114, 101, 47, 100, 101, 109, 111, 45, 109, 97, 99, 45, 100, 111, 119, 110, 108, 111, 97, 100, 45, 116, 101, 115, 116, 45, 52, 55, 53, 49, 55, 47, 100, 111, 119, 110, 108, 111, 97, 100, 45, 111, 117, 116, 112, 117, 116, 47, 115, 99, 114, 121, 105, 110, 103, 45, 100, 111, 119, 110, 108, 111, 97, 100, 45, 50, 46, 98, 105, 110, 210, 0, 161, 0, 162, 1, 155, 1, 156, 95, 16, 30, 78, 87, 85, 82, 76, 83, 101, 115, 115, 105, 111, 110, 68, 111, 119, 110, 108, 111, 97, 100, 82, 101, 115, 117, 109, 101, 73, 110, 102, 111, 163, 1, 157, 1, 158, 0, 165, 95, 16, 30, 78, 87, 85, 82, 76, 83, 101, 115, 115, 105, 111, 110, 68, 111, 119, 110, 108, 111, 97, 100, 82, 101, 115, 117, 109, 101, 73, 110, 102, 111, 95, 16, 22, 78, 87, 85, 82, 76, 83, 101, 115, 115, 105, 111, 110, 82, 101, 115, 117, 109, 101, 73, 110, 102, 111, 0, 8, 0, 25, 0, 34, 0, 44, 0, 49, 0, 58, 0, 63, 0, 81, 0, 86, 0, 91, 0, 93, 0, 254, 1, 4, 1, 67, 1, 82, 1, 100, 1, 134, 1, 158, 1, 167, 1, 175, 1, 212, 1, 230, 1, 237, 1, 252, 2, 16, 2, 45, 2, 54, 2, 67, 2, 77, 2, 79, 2, 81, 2, 90, 2, 91, 2, 96, 2, 98, 2, 103, 2, 105, 2, 107, 2, 109, 2, 111, 2, 112, 2, 114, 2, 116, 2, 125, 3, 104, 3, 131, 3, 152, 3, 186, 3, 209, 3, 223, 4, 0, 4, 22, 4, 57, 4, 92, 4, 104, 4, 139, 4, 174, 4, 203, 4, 238, 5, 17, 5, 52, 5, 87, 5, 122, 5, 149, 5, 184, 5, 219, 5, 244, 6, 23, 6, 63, 6, 85, 6, 119, 6, 152, 6, 177, 6, 206, 6, 240, 7, 26, 7, 57, 7, 91, 7, 106, 7, 116, 7, 139, 7, 173, 7, 224, 8, 12, 8, 46, 8, 73, 8, 104, 8, 138, 8, 157, 8, 178, 8, 212, 8, 240, 8, 243, 9, 24, 9, 37, 9, 48, 9, 51, 9, 81, 9, 115, 9, 118, 9, 154, 9, 188, 9, 189, 9, 191, 9, 192, 9, 193, 9, 195, 9, 197, 9, 199, 9, 201, 9, 203, 9, 205, 9, 207, 9, 209, 9, 211, 9, 213, 9, 215, 9, 216, 9, 218, 9, 220, 9, 221, 9, 223, 9, 224, 9, 225, 9, 227, 9, 228, 9, 229, 9, 231, 9, 233, 9, 234, 9, 236, 9, 238, 9, 239, 9, 241, 9, 242, 9, 243, 9, 245, 9, 247, 9, 249, 9, 251, 9, 252, 9, 254, 10, 0, 10, 2, 10, 3, 10, 4, 10, 5, 10, 7, 10, 8, 10, 10, 10, 12, 10, 13, 10, 15, 10, 16, 10, 29, 10, 37, 10, 49, 10, 51, 10, 53, 10, 55, 10, 94, 10, 103, 10, 114, 10, 123, 10, 129, 10, 134, 10, 143, 10, 152, 10, 165, 10, 167, 10, 169, 10, 171, 10, 210, 10, 211, 10, 214, 10, 216, 10, 220, 10, 233, 10, 241, 10, 252, 11, 11, 11, 13, 11, 15, 11, 17, 11, 19, 11, 21, 11, 23, 11, 25, 11, 40, 11, 42, 11, 44, 11, 46, 11, 48, 11, 50, 11, 52, 11, 54, 11, 56, 11, 63, 11, 78, 11, 87, 11, 115, 11, 130, 11, 141, 11, 156, 11, 222, 11, 227, 13, 227, 13, 229, 13, 238, 14, 73, 14, 82, 14, 91, 14, 113, 14, 120, 14, 133, 14, 146, 14, 157, 14, 159, 14, 161, 14, 163, 14, 165, 14, 167, 14, 178, 14, 180, 14, 182, 14, 184, 14, 186, 14, 188, 14, 190, 14, 235, 15, 30, 15, 54, 15, 81, 15, 116, 15, 155, 15, 157, 15, 167, 15, 176, 15, 183, 15, 185, 15, 187, 15, 189, 15, 191, 15, 193, 15, 195, 15, 204, 15, 212, 15, 217, 15, 226, 15, 248, 15, 255, 16, 21, 16, 34, 17, 13, 17, 14, 17, 16, 17, 17, 17, 18, 17, 20, 17, 22, 17, 24, 17, 26, 17, 28, 17, 30, 17, 32, 17, 34, 17, 36, 17, 38, 17, 39, 17, 41, 17, 43, 17, 44, 17, 46, 17, 47, 17, 48, 17, 50, 17, 51, 17, 52, 17, 54, 17, 56, 17, 57, 17, 59, 17, 61, 17, 62, 17, 64, 17, 65, 17, 66, 17, 68, 17, 70, 17, 72, 17, 74, 17, 75, 17, 77, 17, 79, 17, 80, 17, 81, 17, 82, 17, 83, 17, 85, 17, 86, 17, 88, 17, 101, 17, 116, 17, 118, 17, 120, 17, 122, 17, 124, 17, 126, 17, 128, 17, 130, 17, 145, 17, 147, 17, 149, 17, 151, 17, 153, 17, 155, 17, 157, 17, 159, 17, 161, 19, 161, 19, 252, 20, 9, 20, 20, 20, 22, 20, 24, 20, 26, 20, 28, 20, 30, 20, 41, 20, 43, 20, 45, 20, 47, 20, 49, 20, 51, 20, 53, 20, 62, 20, 69, 20, 71, 20, 73, 20, 75, 20, 77, 20, 130, 20, 133, 20, 136, 20, 138, 20, 140, 20, 142, 20, 144, 20, 146, 20, 148, 20, 150, 20, 151, 20, 153, 20, 155, 20, 157, 20, 159, 20, 168, 20, 170, 20, 183, 20, 200, 20, 202, 20, 204, 20, 206, 20, 208, 20, 210, 20, 212, 20, 214, 20, 216, 20, 233, 20, 235, 20, 237, 20, 239, 20, 241, 20, 243, 20, 245, 20, 247, 20, 249, 20, 251, 21, 0, 21, 13, 21, 27, 21, 41, 21, 63, 21, 78, 21, 89, 21, 120, 21, 147, 23, 127, 23, 159, 23, 165, 23, 211, 23, 218, 23, 224, 23, 233, 23, 243, 23, 245, 24, 16, 24, 25, 24, 43, 24, 50, 24, 59, 24, 68, 24, 88, 24, 95, 24, 115, 24, 129, 24, 142, 24, 144, 24, 146, 24, 148, 25, 15, 25, 24, 25, 57, 25, 64, 25, 97, 0, 0, 0, 0, 0, 0, 2, 2, 0, 0, 0, 0, 0, 0, 1, 159, 0, 0, 0, 0, 0, 0, 0, 0, 0, 0, 0, 0, 0, 0, 25, 122, 95, 16, 113, 47, 85, 115, 101, 114, 115, 47, 109, 97, 114, 107, 105, 107, 47, 67, 111, 100, 101, 47, 116, 97, 114, 103, 101, 116, 115, 47, 119, 103, 112, 117, 45, 115, 99, 114, 121, 45, 104, 97, 114, 100, 119, 97, 114, 101, 47, 100, 101, 109, 111, 45, 109, 97, 99, 45, 100, 111, 119, 110, 108, 111, 97, 100, 45, 116, 101, 115, 116, 45, 52, 55, 53, 49, 55, 47, 100, 111, 119, 110, 108, 111, 97, 100, 45, 111, 117, 116, 112, 117, 116, 47, 115, 99, 114, 121, 105, 110, 103, 45, 100, 111, 119, 110, 108, 111, 97, 100, 45, 50, 46, 98, 105, 110, 210, 28, 29, 30, 31, 90, 36, 99, 108, 97, 115, 115, 110, 97, 109, 101, 88, 36, 99, 108, 97, 115, 115, 101, 115, 92, 78, 83, 68, 105, 99, 116, 105, 111, 110, 97, 114, 121, 162, 30, 32, 88, 78, 83, 79, 98, 106, 101, 99, 116, 0, 8, 0, 17, 0, 26, 0, 36, 0, 41, 0, 50, 0, 55, 0, 73, 0, 76, 0, 106, 0, 108, 0, 116, 0, 122, 0, 129, 0, 137, 0, 148, 0, 155, 0, 158, 0, 160, 0, 162, 0, 165, 0, 167, 0, 169, 0, 171, 0, 176, 0, 210, 29, 174, 30, 34, 30, 39, 30, 50, 30, 59, 30, 72, 30, 75, 0, 0, 0, 0, 0, 0, 2, 1, 0, 0, 0, 0, 0, 0, 0, 33, 0, 0, 0, 0, 0, 0, 0, 0, 0, 0, 0, 0, 0, 0, 30, 84]) }
2026-10-07T14:08:09.4278890Z demo-mac: download-test: phase E: DownloadCancelled with 7862 bytes of resume_data
2026-10-07T14:08:09.4279160Z demo-mac: download-test: phase E: resume_download issued, resumed id = 5
2026-10-07T14:08:09.4279760Z demo-mac: nav event: DownloadStarted { id: DownloadId(5), url: "", suggested_filename: "scrying-download-2.bin", destination_path: "/Users/markik/Code/targets/wgpu-scry-hardware/demo-mac-download-test-47517/download-output/scrying-download-2.bin", total_bytes_expected: None }
2026-10-07T14:08:09.4280400Z demo-mac: nav event: DownloadProgress { id: DownloadId(5), bytes_written: 262144, total_bytes_expected: None }
2026-10-07T14:08:09.4280920Z demo-mac: nav event: DownloadFinished { id: DownloadId(5), destination_path: "/Users/markik/Code/targets/wgpu-scry-hardware/demo-mac-download-test-47517/download-output/scrying-download-2.bin", error: None }
2026-10-07T14:08:09.4281440Z demo-mac: download-test: phase E: resumed download produced 262144 bytes matching the expected payload
2026-10-07T14:08:09.4281840Z demo-mac: download-test: PASS — item 8 download pipeline verified
2026-10-07T14:08:09.4282120Z   - basic: DownloadStarted/Progress/Finished events landed with id 1 and bytes match served payload
2026-10-07T14:08:09.4282430Z   - host Cancel decision: DownloadCancelled fired (no Started, no Finished) for id 2
2026-10-07T14:08:09.4282670Z   - cancel_download(unknown_id): returned Ok(false) as expected
2026-10-07T14:08:09.4283010Z   - basic-auth download via start_download: shared auth handler supplied credentials, download succeeded (download-level auth callback fired = true)
2026-10-07T14:08:09.4283410Z   - resume: cancelled mid-stream (id 4), resume_download produced complete bytes (resumed id 5)
2026-10-07T14:08:09.4287860Z   -> PASS
2026-10-07T14:08:09.4287920Z 
2026-10-07T14:08:09.4287960Z ==> --profile-test
2026-10-07T14:08:10.0810820Z demo-mac: --profile-test: spun up persistent counterpart at same data_dir
2026-10-07T14:08:10.0811110Z demo-mac: profile-test: set_cookie 'scrying-profile-47709' on producer #1
2026-10-07T14:08:10.0811360Z demo-mac: profile-test: producer #1 store reports 1 cookie(s)
2026-10-07T14:08:10.0811700Z demo-mac: profile-test: producer #2 store reports 1 cookie(s)
2026-10-07T14:08:10.0812070Z demo-mac: profile-test: PASS — persistent stores at the same data_dir share cookies
2026-10-07T14:08:10.0812330Z   - set_cookie on producer #1 was visible to its own request_all_cookies
2026-10-07T14:08:10.0812620Z   - same cookie was visible to a separate persistent producer at the same data_dir
2026-10-07T14:08:10.0826320Z   -> PASS
2026-10-07T14:08:10.0841550Z 
2026-10-07T14:08:10.0841630Z ==> --two-tabs
2026-10-07T14:08:18.5610500Z demo-mac: --two-tabs: spun up second producer
2026-10-07T14:08:18.5610760Z demo-mac: [tab2] nav event: Starting { url: "scrying-test://history-2" }
2026-10-07T14:08:18.5611020Z demo-mac: [tab2] nav event: SourceChanged { url: "scrying-test://history-2" }
2026-10-07T14:08:18.5611230Z demo-mac: [tab2] js->host: loaded:history-2
2026-10-07T14:08:18.5611450Z demo-mac: [tab2] nav event: Completed { url: "scrying-test://history-2", success: true }
2026-10-07T14:08:18.5611730Z demo-mac: nav event: Starting { url: "scrying-test://history-1" }
2026-10-07T14:08:18.5611950Z demo-mac: nav event: SourceChanged { url: "scrying-test://history-1" }
2026-10-07T14:08:18.5612170Z demo-mac: js->host: loaded:history-1
2026-10-07T14:08:18.5612360Z demo-mac: nav event: Completed { url: "scrying-test://history-1", success: true }
2026-10-07T14:08:18.5612840Z demo-mac: two-tabs: PASS — multi-instance independence verified (3 tab-1 urls, 3 tab-2 urls, no cross-talk)
2026-10-07T14:08:18.5627360Z   -> PASS
2026-10-07T14:08:18.5643100Z 
2026-10-07T14:08:18.5643230Z ==> --capture-test
2026-10-07T14:08:22.2548710Z demo-mac: started loading scrying-test://capture
2026-10-07T14:08:22.2548950Z demo-mac: nav event: Starting { url: "scrying-test://capture" }
2026-10-07T14:08:22.2549190Z demo-mac: nav event: SourceChanged { url: "scrying-test://capture" }
2026-10-07T14:08:22.2549440Z demo-mac: nav event: Completed { url: "scrying-test://capture", success: true }
2026-10-07T14:08:22.2549660Z demo-mac: start_capture_async kicked off
2026-10-07T14:08:22.2549940Z demo-mac: capture activity at 0.00s: frames=0, complete=2, idle=0, visible=Some(true), minimized=Some(false), focused=false
2026-10-07T14:08:22.2550450Z demo-mac: capture-test: PASS — SCK pipeline delivered 5 frames across [1024x1536]
2026-10-07T14:08:22.2565960Z   -> PASS
2026-10-07T14:08:22.2581070Z 
2026-10-07T14:08:22.2581230Z ==> --capture-test+resize
2026-10-07T14:08:39.8006360Z demo-mac: started loading scrying-test://capture
2026-10-07T14:08:39.8006610Z demo-mac: nav event: Starting { url: "scrying-test://capture" }
2026-10-07T14:08:39.8006840Z demo-mac: nav event: SourceChanged { url: "scrying-test://capture" }
2026-10-07T14:08:39.8007100Z demo-mac: nav event: Completed { url: "scrying-test://capture", success: true }
2026-10-07T14:08:39.8007310Z demo-mac: start_capture_async kicked off
2026-10-07T14:08:39.8007580Z demo-mac: capture activity at 0.00s: frames=0, complete=1, idle=0, visible=Some(true), minimized=Some(false), focused=false
2026-10-07T14:08:39.8008010Z demo-mac: capture activity at 1.00s: frames=32, complete=32, idle=0, visible=Some(true), minimized=Some(false), focused=false
2026-10-07T14:08:39.8008410Z demo-mac: capture activity at 2.00s: frames=62, complete=62, idle=0, visible=Some(true), minimized=Some(false), focused=false
2026-10-07T14:08:39.8008790Z demo-mac: capture activity at 3.00s: frames=92, complete=92, idle=0, visible=Some(true), minimized=Some(false), focused=false
2026-10-07T14:08:39.8009220Z demo-mac: capture activity at 4.00s: frames=122, complete=122, idle=0, visible=Some(true), minimized=Some(false), focused=false
2026-10-07T14:08:39.8009630Z demo-mac: capture activity at 5.00s: frames=152, complete=152, idle=0, visible=Some(true), minimized=Some(false), focused=false
2026-10-07T14:08:39.8010090Z demo-mac: resize-test step 0 → request logical inner_size = 1280x800
2026-10-07T14:08:39.8010400Z demo-mac: capture activity at 6.00s: frames=182, complete=182, idle=0, visible=Some(true), minimized=Some(false), focused=false
2026-10-07T14:08:39.8011010Z demo-mac: capture activity at 7.00s: frames=213, complete=214, idle=0, visible=Some(true), minimized=Some(false), focused=false
2026-10-07T14:08:39.8011420Z demo-mac: capture activity at 8.00s: frames=243, complete=244, idle=0, visible=Some(true), minimized=Some(false), focused=false
2026-10-07T14:08:39.8011800Z demo-mac: capture activity at 9.00s: frames=273, complete=274, idle=0, visible=Some(true), minimized=Some(false), focused=false
2026-10-07T14:08:39.8012280Z demo-mac: resize-test step 1 → request logical inner_size = 768x600
2026-10-07T14:08:39.8012590Z demo-mac: capture activity at 10.00s: frames=303, complete=304, idle=0, visible=Some(true), minimized=Some(false), focused=false
2026-10-07T14:08:39.8013000Z demo-mac: capture activity at 11.00s: frames=334, complete=335, idle=0, visible=Some(true), minimized=Some(false), focused=false
2026-10-07T14:08:39.8013390Z demo-mac: capture activity at 12.00s: frames=364, complete=365, idle=0, visible=Some(true), minimized=Some(false), focused=false
2026-10-07T14:08:39.8013780Z demo-mac: capture activity at 13.00s: frames=394, complete=395, idle=0, visible=Some(true), minimized=Some(false), focused=false
2026-10-07T14:08:39.8014100Z demo-mac: resize-test step 2 → request logical inner_size = 1024x700
2026-10-07T14:08:39.8014410Z demo-mac: capture activity at 14.00s: frames=424, complete=425, idle=0, visible=Some(true), minimized=Some(false), focused=false
2026-10-07T14:08:39.8014840Z demo-mac: capture-test: PASS — SCK pipeline delivered 427 frames across [768x1200, 1024x1400, 1024x1536, 1280x1600]
2026-10-07T14:08:39.8024310Z   -> PASS
2026-10-07T14:08:39.8041120Z 
2026-10-07T14:08:39.8041220Z ==> summary
2026-10-07T14:08:39.8041330Z   passed: 10 / 10
2026-10-07T14:08:39.8041480Z   failed: 0
2026-10-07T14:08:39.8041600Z   all PASS
2026-10-07T14:08:39.8621020Z ##[group]Run stage="$RUNNER_TEMP/registry-triplet/weld"
2026-10-07T14:08:39.8621220Z [36;1mstage="$RUNNER_TEMP/registry-triplet/weld"[0m
2026-10-07T14:08:39.8621430Z [36;1mexport CARGO_TARGET_DIR="$RUNNER_TEMP/registry-triplet-target/weld"[0m
2026-10-07T14:08:39.8621720Z [36;1mexport WELD_CACHE_ROOT="$(mktemp -d "$RUNNER_TEMP/registry-weld-$PROOF_HOST.XXXXXX")"[0m
2026-10-07T14:08:39.8621960Z [36;1mexport WELD_PROFILE="$WELD_CACHE_ROOT/profile"[0m
2026-10-07T14:08:39.8622160Z [36;1mexport WELD_BATTERY_OUT="$RUNNER_TEMP/registry-weld-$PROOF_HOST"[0m
2026-10-07T14:08:39.8622350Z [36;1mcd "$stage"[0m
2026-10-07T14:08:39.8622550Z [36;1mcargo run --locked --bin bundle-demo-weld-mac -- "$RUNNER_TEMP/registry-weld-$PROOF_HOST-bundle"[0m
2026-10-07T14:08:39.8622880Z [36;1mexport WELD_MAC_APP="$RUNNER_TEMP/registry-weld-$PROOF_HOST-bundle/demo-weld-mac.app"[0m
2026-10-07T14:08:39.8623190Z [36;1mRUN_CMD="$WELD_MAC_APP/Contents/MacOS/demo-weld-mac" bash scripts/parity-battery.sh[0m
2026-10-07T14:08:39.8640120Z shell: /bin/bash -e {0}
2026-10-07T14:08:39.8640230Z env:
2026-10-07T14:08:39.8640320Z   CARGO_NET_GIT_FETCH_WITH_CLI: true
2026-10-07T14:08:39.8640450Z   RUSTFLAGS: -D warnings
2026-10-07T14:08:39.8640560Z   GRAFTING_VERSION: 0.6.0
2026-10-07T14:08:39.8640660Z   SCRYING_VERSION: 0.7.2
2026-10-07T14:08:39.8640770Z   WELDING_VERSION: 0.14.1
2026-10-07T14:08:39.8640910Z   SCRY_SOURCE_REF: 4d8d1d3f8dd450b712960c90b74263a45b46e35b
2026-10-07T14:08:39.8641090Z   WELD_SOURCE_REF: c7b7b4c52138643e22580a918542e8e036a0b24a
2026-10-07T14:08:39.8641240Z   WGPU_BACKEND: metal
2026-10-07T14:08:39.8641360Z   CEF_PATH: /Users/markik/Code/cef-cache/wgpu-weld
2026-10-07T14:08:39.8641500Z   CAPTURE: 1
2026-10-07T14:08:39.8641590Z   TIMEOUT: 90
2026-10-07T14:08:39.8641680Z   VISIBLE: 1
2026-10-07T14:08:39.8641760Z   PROOF_HOST: m4
2026-10-07T14:08:39.8641860Z   CARGO_HOME: /Users/markik/.cargo
2026-10-07T14:08:39.8641980Z   CARGO_INCREMENTAL: 0
2026-10-07T14:08:39.8642080Z   CARGO_TERM_COLOR: always
2026-10-07T14:08:39.8642220Z   UV_PYTHON_INSTALL_DIR: /Users/markik/.local/share/uv/python
2026-10-07T14:08:39.8642380Z ##[endgroup]
2026-10-07T14:08:40.2240290Z [1m[92m   Compiling[0m proc-macro2 v1.0.107
2026-10-07T14:08:40.2240660Z [1m[92m   Compiling[0m quote v1.0.47
2026-10-07T14:08:40.2244050Z [1m[92m   Compiling[0m unicode-ident v1.0.26
2026-10-07T14:08:40.2244290Z [1m[92m   Compiling[0m libc v0.2.190
2026-10-07T14:08:40.2244510Z [1m[92m   Compiling[0m bitflags v2.13.2
2026-10-07T14:08:40.2244680Z [1m[92m   Compiling[0m cfg-if v1.0.5
2026-10-07T14:08:40.2244870Z [1m[92m   Compiling[0m objc2-encode v4.1.0
2026-10-07T14:08:40.2245260Z [1m[92m   Compiling[0m autocfg v1.5.1
2026-10-07T14:08:40.2245450Z [1m[92m   Compiling[0m objc2 v0.6.5
2026-10-07T14:08:40.2245600Z [1m[92m   Compiling[0m libm v0.2.16
2026-10-07T14:08:40.2804350Z [1m[92m   Compiling[0m thiserror v2.0.21
2026-10-07T14:08:40.2804880Z [1m[92m   Compiling[0m cfg_aliases v0.2.2
2026-10-07T14:08:40.3061600Z [1m[92m   Compiling[0m memchr v2.8.3
2026-10-07T14:08:40.3698460Z [1m[92m   Compiling[0m log v0.4.34
2026-10-07T14:08:40.4816300Z [1m[92m   Compiling[0m adler2 v2.0.1
2026-10-07T14:08:40.5059770Z [1m[92m   Compiling[0m num-traits v0.2.19
2026-10-07T14:08:40.5248830Z [1m[92m   Compiling[0m unicode-width v0.2.2
2026-10-07T14:08:40.5641410Z [1m[92m   Compiling[0m zerocopy v0.8.61
2026-10-07T14:08:40.5749440Z [1m[92m   Compiling[0m arrayvec v0.7.8
2026-10-07T14:08:40.6208190Z [1m[92m   Compiling[0m foldhash v0.2.0
2026-10-07T14:08:40.6511370Z [1m[92m   Compiling[0m shlex v2.0.1
2026-10-07T14:08:40.6762470Z [1m[92m   Compiling[0m find-msvc-tools v0.1.14
2026-10-07T14:08:40.7160710Z [1m[92m   Compiling[0m hashbrown v0.17.1
2026-10-07T14:08:40.7642840Z [1m[92m   Compiling[0m cc v1.6.0
2026-10-07T14:08:40.8290960Z [1m[92m   Compiling[0m equivalent v1.0.2
2026-10-07T14:08:40.8562930Z [1m[92m   Compiling[0m anyhow v1.0.104
2026-10-07T14:08:40.9531910Z [1m[92m   Compiling[0m indexmap v2.14.2
2026-10-07T14:08:40.9818400Z [1m[92m   Compiling[0m once_cell v1.21.4
2026-10-07T14:08:41.0609980Z [1m[92m   Compiling[0m crossbeam-utils v0.8.23
2026-10-07T14:08:41.2339940Z [1m[92m   Compiling[0m block2 v0.6.2
2026-10-07T14:08:41.2973330Z [1m[92m   Compiling[0m syn v3.0.6
2026-10-07T14:08:41.3085890Z [1m[92m   Compiling[0m syn v2.0.119
2026-10-07T14:08:41.3654410Z [1m[92m   Compiling[0m rustc-hash v1.1.0
2026-10-07T14:08:41.3917400Z [1m[92m   Compiling[0m itoa v1.0.18
2026-10-07T14:08:41.4676530Z [1m[92m   Compiling[0m crossbeam-epoch v0.9.21
2026-10-07T14:08:41.5941230Z [1m[92m   Compiling[0m serde v1.0.229
2026-10-07T14:08:41.6081350Z [1m[92m   Compiling[0m ring v0.17.14
2026-10-07T14:08:41.6614980Z [1m[92m   Compiling[0m zmij v1.0.23
2026-10-07T14:08:41.7641390Z [1m[92m   Compiling[0m smallvec v1.16.2
2026-10-07T14:08:41.7938500Z [1m[92m   Compiling[0m dispatch2 v0.3.1
2026-10-07T14:08:41.9408210Z [1m[92m   Compiling[0m naga v30.0.1
2026-10-07T14:08:42.0536320Z [1m[92m   Compiling[0m objc2-core-foundation v0.3.2
2026-10-07T14:08:42.0820250Z [1m[92m   Compiling[0m serde_core v1.0.229
2026-10-07T14:08:42.0926140Z [1m[92m   Compiling[0m raw-window-handle v0.6.2
2026-10-07T14:08:42.2018870Z [1m[92m   Compiling[0m parking_lot_core v0.9.12
2026-10-07T14:08:42.2099640Z [1m[92m   Compiling[0m crossbeam-deque v0.8.8
2026-10-07T14:08:42.2463430Z [1m[92m   Compiling[0m zeroize v1.9.1
2026-10-07T14:08:42.2523180Z [1m[92m   Compiling[0m utf8parse v0.2.2
2026-10-07T14:08:42.3177190Z [1m[92m   Compiling[0m bit-vec v0.9.1
2026-10-07T14:08:42.3531620Z [1m[92m   Compiling[0m rustls-pki-types v1.15.1
2026-10-07T14:08:42.4570560Z [1m[92m   Compiling[0m bit-set v0.10.0
2026-10-07T14:08:42.5166890Z [1m[92m   Compiling[0m anstyle-parse v1.0.0
2026-10-07T14:08:42.7138720Z [1m[92m   Compiling[0m getrandom v0.2.17
2026-10-07T14:08:42.7646020Z [1m[92m   Compiling[0m codespan-reporting v0.13.1
2026-10-07T14:08:42.7795900Z [1m[92m   Compiling[0m colorchoice v1.0.5
2026-10-07T14:08:42.8163770Z [1m[92m   Compiling[0m simd-adler32 v0.3.10
2026-10-07T14:08:42.8398000Z [1m[92m   Compiling[0m httparse v1.10.1
2026-10-07T14:08:42.8944070Z [1m[92m   Compiling[0m rayon-core v1.13.0
2026-10-07T14:08:42.9984560Z [1m[92m   Compiling[0m crc32fast v1.5.2
2026-10-07T14:08:43.0027460Z [1m[92m   Compiling[0m anstyle v1.0.14
2026-10-07T14:08:43.0167740Z [1m[92m   Compiling[0m static_assertions v1.1.0
2026-10-07T14:08:43.0469140Z [1m[92m   Compiling[0m rustix v1.1.5
2026-10-07T14:08:43.0585390Z [1m[92m   Compiling[0m untrusted v0.9.0
2026-10-07T14:08:43.0977260Z [1m[92m   Compiling[0m scopeguard v1.2.0
2026-10-07T14:08:43.1325180Z [1m[92m   Compiling[0m is_terminal_polyfill v1.70.2
2026-10-07T14:08:43.1327640Z [1m[92m   Compiling[0m anstyle-query v1.1.5
2026-10-07T14:08:43.1647640Z [1m[92m   Compiling[0m anstream v1.0.0
2026-10-07T14:08:43.1698520Z [1m[92m   Compiling[0m lock_api v0.4.14
2026-10-07T14:08:43.2947180Z [1m[92m   Compiling[0m objc2-foundation v0.3.2
2026-10-07T14:08:43.3996920Z [1m[92m   Compiling[0m thiserror-impl v2.0.21
2026-10-07T14:08:43.4447940Z [1m[92m   Compiling[0m bytemuck_derive v1.12.1
2026-10-07T14:08:43.6240360Z [1m[92m   Compiling[0m serde_derive v1.0.229
2026-10-07T14:08:43.8964100Z [1m[92m   Compiling[0m errno v0.3.14
2026-10-07T14:08:43.9434210Z [1m[92m   Compiling[0m zerocopy-derive v0.8.61
2026-10-07T14:08:43.9612330Z [1m[92m   Compiling[0m profiling-procmacros v1.0.18
2026-10-07T14:08:43.9674480Z [1m[92m   Compiling[0m equator-macro v0.4.2
2026-10-07T14:08:44.1334450Z [1m[92m   Compiling[0m bytemuck v1.25.2
2026-10-07T14:08:44.1584500Z [1m[92m   Compiling[0m profiling v1.0.18
2026-10-07T14:08:44.3309150Z [1m[92m   Compiling[0m wgpu-hal v30.0.1
2026-10-07T14:08:44.4533210Z [1m[92m   Compiling[0m libloading v0.8.9
2026-10-07T14:08:44.4886360Z [1m[92m   Compiling[0m bytes v1.12.1
2026-10-07T14:08:44.5353050Z [1m[92m   Compiling[0m naga-types v30.0.1
2026-10-07T14:08:44.5660570Z [1m[92m   Compiling[0m serde_json v1.0.151
2026-10-07T14:08:44.6360300Z [1m[92m   Compiling[0m wgpu-types v30.0.1
2026-10-07T14:08:44.6548960Z [1m[92m   Compiling[0m portable-atomic v1.15.0
2026-10-07T14:08:44.6910400Z [1m[92m   Compiling[0m rustls v0.23.45
2026-10-07T14:08:44.7088350Z [1m[92m   Compiling[0m miniz_oxide v0.9.1
2026-10-07T14:08:44.8572070Z [1m[92m   Compiling[0m http v1.5.0
2026-10-07T14:08:44.8877700Z [1m[92m   Compiling[0m rustls-webpki v0.103.15
2026-10-07T14:08:45.1809020Z [1m[92m   Compiling[0m equator v0.4.2
2026-10-07T14:08:45.3165440Z [1m[92m   Compiling[0m parking_lot v0.12.5
2026-10-07T14:08:45.4549440Z [1m[92m   Compiling[0m aho-corasick v1.1.5
2026-10-07T14:08:45.5386800Z [1m[92m   Compiling[0m num-integer v0.1.47
2026-10-07T14:08:45.5460490Z [1m[92m   Compiling[0m fs-err v3.3.2
2026-10-07T14:08:45.6708560Z [1m[92m   Compiling[0m regex-syntax v0.8.11
2026-10-07T14:08:45.6770330Z [1m[92m   Compiling[0m base64 v0.23.1
2026-10-07T14:08:45.7304160Z [1m[92m   Compiling[0m heck v0.5.0
2026-10-07T14:08:45.7457860Z [1m[92m   Compiling[0m either v1.19.0
2026-10-07T14:08:45.7512740Z [1m[92m   Compiling[0m strsim v0.11.1
2026-10-07T14:08:45.8613410Z [1m[92m   Compiling[0m clap_lex v1.1.1
2026-10-07T14:08:45.8781590Z [1m[92m   Compiling[0m khronos_api v3.1.0
2026-10-07T14:08:45.8842700Z [1m[92m   Compiling[0m byteorder v1.5.0
2026-10-07T14:08:45.9887030Z [1m[92m   Compiling[0m paste v1.0.15
2026-10-07T14:08:46.0087360Z [1m[92m   Compiling[0m subtle v2.6.1
2026-10-07T14:08:46.0102450Z [1m[92m   Compiling[0m socks v0.3.4
2026-10-07T14:08:46.0791090Z [1m[92m   Compiling[0m clap_builder v4.6.7
2026-10-07T14:08:46.1562710Z [1m[92m   Compiling[0m xattr v1.6.1
2026-10-07T14:08:46.2149610Z [1m[92m   Compiling[0m clap_derive v4.6.7
2026-10-07T14:08:46.2814440Z [1m[92m   Compiling[0m ureq-proto v0.6.4
2026-10-07T14:08:46.3735480Z [1m[92m   Compiling[0m aligned-vec v0.6.4
2026-10-07T14:08:46.3813990Z [1m[92m   Compiling[0m num-bigint v0.4.8
2026-10-07T14:08:46.7120760Z [1m[92m   Compiling[0m flate2 v1.1.10
2026-10-07T14:08:46.9766870Z [1m[92m   Compiling[0m regex-automata v0.4.18
2026-10-07T14:08:47.2874800Z [1m[92m   Compiling[0m webpki-roots v1.0.9
2026-10-07T14:08:47.3107400Z [1m[92m   Compiling[0m console v0.16.6
2026-10-07T14:08:47.3179680Z [1m[92m   Compiling[0m filetime v0.2.29
2026-10-07T14:08:47.3379130Z [1m[92m   Compiling[0m wgpu-core v30.0.1
2026-10-07T14:08:47.3541330Z [1m[92m   Compiling[0m percent-encoding v2.3.2
2026-10-07T14:08:47.4277950Z [1m[92m   Compiling[0m stable_deref_trait v1.2.1
2026-10-07T14:08:47.4500290Z [1m[92m   Compiling[0m libbz2-rs-sys v0.2.5
2026-10-07T14:08:47.4632750Z [1m[92m   Compiling[0m objc-sys v0.3.5
2026-10-07T14:08:47.5501730Z [1m[92m   Compiling[0m unit-prefix v0.5.2
2026-10-07T14:08:47.6035620Z [1m[92m   Compiling[0m utf8-zero v0.8.1
2026-10-07T14:08:47.6264310Z [1m[92m   Compiling[0m litrs v1.0.0
2026-10-07T14:08:47.7885630Z [1m[92m   Compiling[0m half v2.7.1
2026-10-07T14:08:47.8531770Z [1m[92m   Compiling[0m bzip2 v0.6.1
2026-10-07T14:08:47.9027520Z [1m[92m   Compiling[0m indicatif v0.18.6
2026-10-07T14:08:47.9449290Z [1m[92m   Compiling[0m document-features v0.2.12
2026-10-07T14:08:47.9744060Z [1m[92m   Compiling[0m as-slice v0.2.1
2026-10-07T14:08:48.0326680Z [1m[92m   Compiling[0m tar v0.4.46
2026-10-07T14:08:48.0639230Z [1m[92m   Compiling[0m clap v4.6.7
2026-10-07T14:08:48.1745540Z [1m[92m   Compiling[0m num-rational v0.4.2
2026-10-07T14:08:48.3225340Z [1m[92m   Compiling[0m ureq v3.4.2
2026-10-07T14:08:48.3528220Z [1m[92m   Compiling[0m regex v1.13.1
2026-10-07T14:08:48.5639530Z [1m[92m   Compiling[0m v_frame v0.3.9
2026-10-07T14:08:48.6537500Z [1m[92m   Compiling[0m rayon v1.12.0
2026-10-07T14:08:48.6826200Z [1m[92m   Compiling[0m wgpu v30.0.1
2026-10-07T14:08:48.6869600Z [1m[92m   Compiling[0m sha1_smol v1.0.1
2026-10-07T14:08:48.8017800Z [1m[92m   Compiling[0m av-scenechange v0.14.1
2026-10-07T14:08:48.9315420Z [1m[92m   Compiling[0m built v0.8.1
2026-10-07T14:08:48.9503890Z [1m[92m   Compiling[0m xml-rs v0.8.29
2026-10-07T14:08:49.0033880Z [1m[92m   Compiling[0m semver v1.0.28
2026-10-07T14:08:49.0546450Z [1m[92m   Compiling[0m version_check v0.9.5
2026-10-07T14:08:49.1521160Z [1m[92m   Compiling[0m download-cef v2.3.2
2026-10-07T14:08:49.2255140Z [1m[92m   Compiling[0m pulp v0.22.3
2026-10-07T14:08:49.2690810Z [1m[92m   Compiling[0m rav1e v0.8.1
2026-10-07T14:08:49.3582070Z [1m[92m   Compiling[0m gl_generator v0.14.0
2026-10-07T14:08:49.5167060Z [1m[92m   Compiling[0m aligned v0.4.3
2026-10-07T14:08:49.5319060Z [1m[92m   Compiling[0m arg_enum_proc_macro v0.3.4
2026-10-07T14:08:49.5793290Z [1m[92m   Compiling[0m cmake v0.1.58
2026-10-07T14:08:49.5966720Z [1m[92m   Compiling[0m no_std_io2 v0.9.4
2026-10-07T14:08:49.6088260Z [1m[92m   Compiling[0m nom v8.0.0
2026-10-07T14:08:49.6591060Z [1m[92m   Compiling[0m pastey v0.1.1
2026-10-07T14:08:49.7266640Z [1m[92m   Compiling[0m camino v1.2.6
2026-10-07T14:08:49.7608430Z [1m[92m   Compiling[0m quick-error v2.0.1
2026-10-07T14:08:49.8042080Z [1m[92m   Compiling[0m y4m v0.8.0
2026-10-07T14:08:49.8357820Z [1m[92m   Compiling[0m cef-dll-sys v151.8.1+151.3.24
2026-10-07T14:08:49.9622200Z [1m[92m   Compiling[0m maybe-rayon v0.1.1
2026-10-07T14:08:50.0353570Z [1m[92m   Compiling[0m grafting v0.6.0
2026-10-07T14:08:50.0812130Z [1m[92m   Compiling[0m bitstream-io v4.10.0
2026-10-07T14:08:50.0886980Z [1m[92m   Compiling[0m objc2 v0.5.3
2026-10-07T14:08:50.2490600Z [1m[92m   Compiling[0m itertools v0.14.0
2026-10-07T14:08:50.4633930Z [1m[92m   Compiling[0m num-complex v0.4.6
2026-10-07T14:08:50.5717270Z [1m[92m   Compiling[0m num-derive v0.4.2
2026-10-07T14:08:50.6950040Z [1m[92m   Compiling[0m tracing-attributes v0.1.31
2026-10-07T14:08:50.7234750Z [1m[92m   Compiling[0m miniz_oxide v0.8.9
2026-10-07T14:08:50.7938650Z [1m[92m   Compiling[0m simd_helpers v0.1.0
2026-10-07T14:08:50.7938920Z [1m[92m   Compiling[0m tracing-core v0.1.36
2026-10-07T14:08:50.9645110Z [1m[92m   Compiling[0m new_debug_unreachable v1.0.6
2026-10-07T14:08:51.0094090Z [1m[92m   Compiling[0m pulp-wasm-simd-flag v0.1.1
2026-10-07T14:08:51.0397220Z [1m[92m   Compiling[0m reborrow v0.5.5
2026-10-07T14:08:51.0848550Z [1m[92m   Compiling[0m zune-core v0.5.3
2026-10-07T14:08:51.1071380Z [1m[92m   Compiling[0m pin-project-lite v0.2.17
2026-10-07T14:08:51.1227020Z [1m[92m   Compiling[0m time-core v0.1.9
2026-10-07T14:08:51.1512820Z [1m[92m   Compiling[0m dpi v0.1.2
2026-10-07T14:08:51.2001860Z [1m[92m   Compiling[0m core-foundation-sys v0.8.7
2026-10-07T14:08:51.2313100Z [1m[92m   Compiling[0m imgref v1.12.3
2026-10-07T14:08:51.2373560Z [1m[92m   Compiling[0m powerfmt v0.2.1
2026-10-07T14:08:51.2450830Z [1m[92m   Compiling[0m ash v0.38.0+1.3.281
2026-10-07T14:08:51.2663360Z [1m[92m   Compiling[0m num-conv v0.2.2
2026-10-07T14:08:51.3131860Z [1m[92m   Compiling[0m deranged v0.5.8
2026-10-07T14:08:51.3510440Z [1m[92m   Compiling[0m weezl v0.1.12
2026-10-07T14:08:51.3585210Z [1m[92m   Compiling[0m av1-grain v0.2.5
2026-10-07T14:08:51.3681770Z [1m[92m   Compiling[0m noop_proc_macro v0.3.0
2026-10-07T14:08:51.4808750Z [1m[92m   Compiling[0m tracing v0.1.44
2026-10-07T14:08:51.5322470Z [1m[92m   Compiling[0m loop9 v0.1.5
2026-10-07T14:08:51.5810440Z [1m[92m   Compiling[0m core-foundation v0.9.4
2026-10-07T14:08:51.6260790Z [1m[92m   Compiling[0m zune-jpeg v0.5.15
2026-10-07T14:08:51.8919720Z [1m[92m   Compiling[0m time v0.3.55
2026-10-07T14:08:51.9058690Z [1m[92m   Compiling[0m block2 v0.5.1
2026-10-07T14:08:52.1377060Z [1m[92m   Compiling[0m objc2-io-surface v0.3.2
2026-10-07T14:08:52.3029070Z [1m[92m   Compiling[0m objc2-cloud-kit v0.3.2
2026-10-07T14:08:52.3648220Z [1m[92m   Compiling[0m objc2-metal v0.3.2
2026-10-07T14:08:52.3783360Z [1m[92m   Compiling[0m objc2-core-image v0.3.2
2026-10-07T14:08:52.5434750Z [1m[92m   Compiling[0m wgpu-naga-bridge v30.0.1
2026-10-07T14:08:52.6090390Z [1m[92m   Compiling[0m objc2-core-data v0.3.2
2026-10-07T14:08:53.5471780Z [1m[92m   Compiling[0m cargo-platform v0.3.3
2026-10-07T14:08:53.6675370Z [1m[92m   Compiling[0m foreign-types-macros v0.2.4
2026-10-07T14:08:53.7346190Z [1m[92m   Compiling[0m objc2-core-audio v0.3.2
2026-10-07T14:08:53.8819440Z [1m[92m   Compiling[0m objc2-core-text v0.3.2
2026-10-07T14:08:53.9255570Z [1m[92m   Compiling[0m fdeflate v0.3.7
2026-10-07T14:08:53.9564650Z [1m[92m   Compiling[0m zune-inflate v0.2.54
2026-10-07T14:08:54.0801810Z [1m[92m   Compiling[0m objc2-core-audio-types v0.3.2
2026-10-07T14:08:54.1404920Z [1m[92m   Compiling[0m avif-serialize v0.8.9
2026-10-07T14:08:54.2160070Z [1m[92m   Compiling[0m quick-xml v0.42.0
2026-10-07T14:08:54.3238320Z [1m[92m   Compiling[0m pkg-config v0.3.34
2026-10-07T14:08:54.6930430Z [1m[92m   Compiling[0m pxfm v0.1.30
2026-10-07T14:08:54.7908640Z [1m[92m   Compiling[0m foreign-types-shared v0.3.1
2026-10-07T14:08:54.8243560Z [1m[92m   Compiling[0m fax v0.2.7
2026-10-07T14:08:55.0042770Z [1m[92m   Compiling[0m color_quant v1.1.0
2026-10-07T14:08:55.0118100Z [1m[92m   Compiling[0m bitflags v1.3.2
2026-10-07T14:08:55.0452310Z [1m[92m   Compiling[0m lebe v0.5.3
2026-10-07T14:08:55.1184020Z [1m[92m   Compiling[0m by_address v1.2.1
2026-10-07T14:08:55.1300020Z [1m[92m   Compiling[0m dispatch v0.2.0
2026-10-07T14:08:55.1449720Z [1m[92m   Compiling[0m bit_field v0.10.3
2026-10-07T14:08:55.1832940Z [1m[92m   Compiling[0m rgb v0.8.53
2026-10-07T14:08:55.2021830Z [1m[92m   Compiling[0m byteorder-lite v0.1.0
2026-10-07T14:08:55.2172120Z [1m[92m   Compiling[0m objc2-foundation v0.2.2
2026-10-07T14:08:55.3505400Z [1m[92m   Compiling[0m image-webp v0.2.4
2026-10-07T14:08:55.3639640Z [1m[92m   Compiling[0m exr v1.74.2
2026-10-07T14:08:55.3915530Z [1m[92m   Compiling[0m ravif v0.13.0
2026-10-07T14:08:55.8014000Z [1m[92m   Compiling[0m palette_derive v0.7.7
2026-10-07T14:08:56.4778300Z [1m[92m   Compiling[0m moxcms v0.8.1
2026-10-07T14:08:56.6663340Z [1m[92m   Compiling[0m gif v0.14.2
2026-10-07T14:08:57.3457510Z [1m[92m   Compiling[0m core-graphics-types v0.1.3
2026-10-07T14:08:57.4031640Z [1m[92m   Compiling[0m tiff v0.11.3
2026-10-07T14:08:57.5568500Z [1m[92m   Compiling[0m objc2-core-graphics v0.3.2
2026-10-07T14:08:57.9464680Z [1m[92m   Compiling[0m foreign-types v0.5.0
2026-10-07T14:08:58.1849680Z [1m[92m   Compiling[0m plist v1.10.1
2026-10-07T14:08:59.1659270Z [1m[92m   Compiling[0m scrying v0.7.2
2026-10-07T14:08:59.1815940Z [1m[92m   Compiling[0m png v0.18.1
2026-10-07T14:08:59.2896580Z [1m[92m   Compiling[0m cargo_metadata v0.23.1
2026-10-07T14:08:59.7337940Z [1m[92m   Compiling[0m objc2-quartz-core v0.3.2
2026-10-07T14:08:59.8329150Z [1m[92m   Compiling[0m objc2-core-video v0.3.2
2026-10-07T14:09:00.1128310Z [1m[92m   Compiling[0m objc2-core-media v0.3.2
2026-10-07T14:09:00.3707080Z [1m[92m   Compiling[0m objc2-uniform-type-identifiers v0.3.2
2026-10-07T14:09:00.4969150Z [1m[92m   Compiling[0m raw-window-metal v1.1.0
2026-10-07T14:09:00.6752150Z [1m[92m   Compiling[0m objc2-app-kit v0.3.2
2026-10-07T14:09:00.7222600Z [1m[92m   Compiling[0m objc2-av-foundation v0.3.2
2026-10-07T14:09:00.9636210Z [1m[92m   Compiling[0m qoi v0.4.1
2026-10-07T14:09:01.0431240Z [1m[92m   Compiling[0m objc2-security v0.3.2
2026-10-07T14:09:01.0723430Z [1m[92m   Compiling[0m objc2-javascript-core v0.3.2
2026-10-07T14:09:01.0866260Z [1m[92m   Compiling[0m winit v0.30.13
2026-10-07T14:09:01.1628470Z [1m[92m   Compiling[0m libloading v0.9.0
2026-10-07T14:09:01.2493580Z [1m[92m   Compiling[0m jiff-core v0.1.1
2026-10-07T14:09:01.2664050Z [1m[92m   Compiling[0m welding v0.14.1
2026-10-07T14:09:01.3004080Z [1m[92m   Compiling[0m palette_math v0.7.7
2026-10-07T14:09:01.3832770Z [1m[92m   Compiling[0m palette v0.7.7
2026-10-07T14:09:01.7359130Z [1m[92m   Compiling[0m objc2-screen-capture-kit v0.3.2
2026-10-07T14:09:01.9144190Z [1m[92m   Compiling[0m env_filter v2.0.0
2026-10-07T14:09:02.3092360Z [1m[92m   Compiling[0m objc2-app-kit v0.2.2
2026-10-07T14:09:02.5998370Z [1m[92m   Compiling[0m jiff v0.2.38
2026-10-07T14:09:02.7131550Z [1m[92m   Compiling[0m core-graphics v0.23.2
2026-10-07T14:09:02.9142200Z [1m[92m   Compiling[0m smol_str v0.2.2
2026-10-07T14:09:03.0329300Z [1m[92m   Compiling[0m cursor-icon v1.2.0
2026-10-07T14:09:03.0915990Z [1m[92m   Compiling[0m base64 v0.22.1
2026-10-07T14:09:03.2814900Z [1m[92m   Compiling[0m pollster v0.4.0
2026-10-07T14:09:03.4587250Z [1m[92m   Compiling[0m image v0.25.10
2026-10-07T14:09:04.0778880Z [1m[92m   Compiling[0m wgpu-core-deps-apple v30.0.1
2026-10-07T14:09:06.3608930Z [1m[92m   Compiling[0m env_logger v0.11.11
2026-10-07T14:09:25.6855630Z [1m[92m   Compiling[0m cef v151.8.1+151.3.24
2026-10-07T14:09:26.1406290Z [1m[92m   Compiling[0m objc2-web-kit v0.3.2
2026-10-07T14:09:29.7589260Z [1m[92m   Compiling[0m registry-triplet-weld-mac v0.1.0 (/Users/markik/actions-runner-wgpu/_work/_temp/registry-triplet/weld)
2026-10-07T14:09:30.1320620Z [1m[92m    Finished[0m `dev` profile [unoptimized + debuginfo] target(s) in 50.21s
2026-10-07T14:09:30.1428360Z [1m[92m     Running[0m `/Users/markik/actions-runner-wgpu/_work/_temp/registry-triplet-target/weld/debug/bundle-demo-weld-mac /Users/markik/actions-runner-wgpu/_work/_temp/registry-weld-m4-bundle`
2026-10-07T14:09:30.3964170Z Building demo-weld-mac...
2026-10-07T14:09:30.7373330Z [1m[92m   Compiling[0m ring v0.17.14
2026-10-07T14:09:31.7523660Z [1m[92m   Compiling[0m rustls v0.23.45
2026-10-07T14:09:32.1324760Z [1m[92m   Compiling[0m rustls-webpki v0.103.15
2026-10-07T14:09:33.3081360Z [1m[92m   Compiling[0m ureq v3.4.2
2026-10-07T14:09:33.6841080Z [1m[92m   Compiling[0m download-cef v2.3.2
2026-10-07T14:09:33.9060590Z [1m[92m   Compiling[0m cef-dll-sys v151.8.1+151.3.24
2026-10-07T14:09:35.3293200Z [1m[92m   Compiling[0m cef v151.8.1+151.3.24
2026-10-07T14:09:37.3281580Z [1m[92m   Compiling[0m welding v0.14.1
2026-10-07T14:09:38.1762580Z [1m[92m   Compiling[0m registry-triplet-weld-mac v0.1.0 (/Users/markik/actions-runner-wgpu/_work/_temp/registry-triplet/weld)
2026-10-07T14:09:38.8760490Z [1m[92m    Finished[0m `dev` profile [unoptimized + debuginfo] target(s) in 8.46s
2026-10-07T14:09:38.8858720Z Building demo-weld-mac-helper...
2026-10-07T14:09:39.0372310Z [1m[92m   Compiling[0m registry-triplet-weld-mac v0.1.0 (/Users/markik/actions-runner-wgpu/_work/_temp/registry-triplet/weld)
2026-10-07T14:09:39.2140050Z [1m[92m    Finished[0m `dev` profile [unoptimized + debuginfo] target(s) in 0.32s
2026-10-07T14:09:39.3078040Z bundled: /Users/markik/actions-runner-wgpu/_work/_temp/registry-weld-m4-bundle/demo-weld-mac.app
2026-10-07T14:09:39.3183270Z battery: /Users/markik/actions-runner-wgpu/_work/_temp/registry-weld-m4-bundle/demo-weld-mac.app/Contents/MacOS/demo-weld-mac
2026-10-07T14:09:39.3183640Z cef:     /Users/markik/Code/cef-cache/wgpu-weld
2026-10-07T14:09:39.3183890Z out:     /Users/markik/actions-runner-wgpu/_work/_temp/registry-weld-m4
2026-10-07T14:09:39.3184060Z 
2026-10-07T14:09:41.9213380Z   import      PASS  PIXEL FIXTURE PASS;
2026-10-07T14:09:43.7154640Z ps: stdout: Broken pipe
2026-10-07T14:09:43.8757400Z ps: stdout: Broken pipe
2026-10-07T14:09:44.0329410Z ps: stdout: Broken pipe
2026-10-07T14:09:44.1909830Z ps: stdout: Broken pipe
2026-10-07T14:09:44.3445750Z ps: stdout: Broken pipe
2026-10-07T14:09:44.5025130Z ps: stdout: Broken pipe
2026-10-07T14:09:44.6629020Z ps: stdout: Broken pipe
2026-10-07T14:09:44.8192860Z ps: stdout: Broken pipe
2026-10-07T14:09:44.9817150Z ps: stdout: Broken pipe
2026-10-07T14:09:45.1370080Z ps: stdout: Broken pipe
2026-10-07T14:09:45.2956770Z ps: stdout: Broken pipe
2026-10-07T14:09:45.4556150Z ps: stdout: Broken pipe
2026-10-07T14:09:45.6158500Z ps: stdout: Broken pipe
2026-10-07T14:09:45.7711000Z ps: stdout: Broken pipe
2026-10-07T14:09:45.9312080Z ps: stdout: Broken pipe
2026-10-07T14:09:46.0932320Z ps: stdout: Broken pipe
2026-10-07T14:09:46.2496680Z ps: stdout: Broken pipe
2026-10-07T14:09:46.4077390Z ps: stdout: Broken pipe
2026-10-07T14:09:46.5658030Z ps: stdout: Broken pipe
2026-10-07T14:09:46.7233680Z ps: stdout: Broken pipe
2026-10-07T14:09:46.8830200Z ps: stdout: Broken pipe
2026-10-07T14:09:47.0342730Z ps: stdout: Broken pipe
2026-10-07T14:09:47.1928440Z ps: stdout: Broken pipe
2026-10-07T14:09:47.3491920Z ps: stdout: Broken pipe
2026-10-07T14:09:47.5090630Z ps: stdout: Broken pipe
2026-10-07T14:09:47.6682220Z ps: stdout: Broken pipe
2026-10-07T14:09:47.8218350Z ps: stdout: Broken pipe
2026-10-07T14:09:47.9826040Z ps: stdout: Broken pipe
2026-10-07T14:09:48.1421510Z ps: stdout: Broken pipe
2026-10-07T14:09:48.3001270Z ps: stdout: Broken pipe
2026-10-07T14:09:48.4609140Z ps: stdout: Broken pipe
2026-10-07T14:09:48.6236680Z ps: stdout: Broken pipe
2026-10-07T14:09:48.7857020Z ps: stdout: Broken pipe
2026-10-07T14:09:48.9476710Z ps: stdout: Broken pipe
2026-10-07T14:09:49.1114110Z ps: stdout: Broken pipe
2026-10-07T14:09:49.2677080Z ps: stdout: Broken pipe
2026-10-07T14:09:49.4287380Z ps: stdout: Broken pipe
2026-10-07T14:09:49.5907950Z ps: stdout: Broken pipe
2026-10-07T14:09:49.7501240Z ps: stdout: Broken pipe
2026-10-07T14:09:49.9114390Z ps: stdout: Broken pipe
2026-10-07T14:09:50.0730830Z ps: stdout: Broken pipe
2026-10-07T14:09:50.2355480Z ps: stdout: Broken pipe
2026-10-07T14:09:50.3986990Z ps: stdout: Broken pipe
2026-10-07T14:09:50.5545630Z ps: stdout: Broken pipe
2026-10-07T14:09:50.7177200Z ps: stdout: Broken pipe
2026-10-07T14:09:50.8758530Z ps: stdout: Broken pipe
2026-10-07T14:09:51.0385370Z ps: stdout: Broken pipe
2026-10-07T14:09:51.1913960Z ps: stdout: Broken pipe
2026-10-07T14:09:51.3473710Z ps: stdout: Broken pipe
2026-10-07T14:09:51.5058410Z ps: stdout: Broken pipe
2026-10-07T14:09:51.6634430Z ps: stdout: Broken pipe
2026-10-07T14:09:51.8224100Z ps: stdout: Broken pipe
2026-10-07T14:09:51.9804540Z ps: stdout: Broken pipe
2026-10-07T14:09:52.1387460Z ps: stdout: Broken pipe
2026-10-07T14:09:52.2939130Z ps: stdout: Broken pipe
2026-10-07T14:09:52.4541870Z ps: stdout: Broken pipe
2026-10-07T14:09:52.6117400Z ps: stdout: Broken pipe
2026-10-07T14:09:52.7724140Z ps: stdout: Broken pipe
2026-10-07T14:09:52.9335900Z ps: stdout: Broken pipe
2026-10-07T14:09:53.0955990Z ps: stdout: Broken pipe
2026-10-07T14:09:53.2581890Z ps: stdout: Broken pipe
2026-10-07T14:09:53.4200890Z ps: stdout: Broken pipe
2026-10-07T14:09:53.5829000Z ps: stdout: Broken pipe
2026-10-07T14:09:53.7450250Z ps: stdout: Broken pipe
2026-10-07T14:09:53.9075770Z ps: stdout: Broken pipe
2026-10-07T14:09:54.0657950Z ps: stdout: Broken pipe
2026-10-07T14:09:54.2242960Z ps: stdout: Broken pipe
2026-10-07T14:09:54.3830220Z ps: stdout: Broken pipe
2026-10-07T14:09:54.5403510Z ps: stdout: Broken pipe
2026-10-07T14:09:54.6988260Z ps: stdout: Broken pipe
2026-10-07T14:09:54.8566290Z ps: stdout: Broken pipe
2026-10-07T14:09:55.0158680Z ps: stdout: Broken pipe
2026-10-07T14:09:55.1731150Z ps: stdout: Broken pipe
2026-10-07T14:09:55.3307550Z ps: stdout: Broken pipe
2026-10-07T14:09:55.4893160Z ps: stdout: Broken pipe
2026-10-07T14:09:55.6477940Z ps: stdout: Broken pipe
2026-10-07T14:09:55.8035520Z ps: stdout: Broken pipe
2026-10-07T14:09:55.9641420Z ps: stdout: Broken pipe
2026-10-07T14:09:56.1247080Z ps: stdout: Broken pipe
2026-10-07T14:09:56.2845590Z ps: stdout: Broken pipe
2026-10-07T14:09:56.4443770Z ps: stdout: Broken pipe
2026-10-07T14:09:56.6057890Z ps: stdout: Broken pipe
2026-10-07T14:09:56.7693810Z ps: stdout: Broken pipe
2026-10-07T14:09:56.9294670Z ps: stdout: Broken pipe
2026-10-07T14:09:57.0910090Z ps: stdout: Broken pipe
2026-10-07T14:09:57.2531150Z ps: stdout: Broken pipe
2026-10-07T14:09:57.4156210Z ps: stdout: Broken pipe
2026-10-07T14:09:57.5770320Z ps: stdout: Broken pipe
2026-10-07T14:09:57.7375920Z ps: stdout: Broken pipe
2026-10-07T14:09:57.8996320Z ps: stdout: Broken pipe
2026-10-07T14:09:58.0620320Z ps: stdout: Broken pipe
2026-10-07T14:09:58.2242000Z ps: stdout: Broken pipe
2026-10-07T14:09:58.3870310Z ps: stdout: Broken pipe
2026-10-07T14:09:58.5468630Z ps: stdout: Broken pipe
2026-10-07T14:09:58.7039430Z ps: stdout: Broken pipe
2026-10-07T14:09:58.8614770Z ps: stdout: Broken pipe
2026-10-07T14:09:59.0199390Z ps: stdout: Broken pipe
2026-10-07T14:09:59.1808530Z ps: stdout: Broken pipe
2026-10-07T14:09:59.3385320Z ps: stdout: Broken pipe
2026-10-07T14:09:59.4990550Z ps: stdout: Broken pipe
2026-10-07T14:09:59.6557570Z ps: stdout: Broken pipe
2026-10-07T14:09:59.8143000Z ps: stdout: Broken pipe
2026-10-07T14:09:59.9726290Z ps: stdout: Broken pipe
2026-10-07T14:10:00.1318640Z ps: stdout: Broken pipe
2026-10-07T14:10:00.2910250Z ps: stdout: Broken pipe
2026-10-07T14:10:00.4517160Z ps: stdout: Broken pipe
2026-10-07T14:10:00.6071530Z ps: stdout: Broken pipe
2026-10-07T14:10:00.7683440Z ps: stdout: Broken pipe
2026-10-07T14:10:00.9304760Z ps: stdout: Broken pipe
2026-10-07T14:10:01.0926660Z ps: stdout: Broken pipe
2026-10-07T14:10:01.2565850Z ps: stdout: Broken pipe
2026-10-07T14:10:01.4173440Z ps: stdout: Broken pipe
2026-10-07T14:10:01.5794950Z ps: stdout: Broken pipe
2026-10-07T14:10:01.7403150Z ps: stdout: Broken pipe
2026-10-07T14:10:01.9007960Z ps: stdout: Broken pipe
2026-10-07T14:10:02.0609420Z ps: stdout: Broken pipe
2026-10-07T14:10:02.2222830Z ps: stdout: Broken pipe
2026-10-07T14:10:02.3840190Z ps: stdout: Broken pipe
2026-10-07T14:10:02.5458510Z ps: stdout: Broken pipe
2026-10-07T14:10:02.7074630Z ps: stdout: Broken pipe
2026-10-07T14:10:02.8690580Z ps: stdout: Broken pipe
2026-10-07T14:10:03.0306640Z ps: stdout: Broken pipe
2026-10-07T14:10:03.1898210Z ps: stdout: Broken pipe
2026-10-07T14:10:03.3513020Z ps: stdout: Broken pipe
2026-10-07T14:10:03.5136730Z ps: stdout: Broken pipe
2026-10-07T14:10:03.6802470Z ps: stdout: Broken pipe
2026-10-07T14:10:03.8411310Z ps: stdout: Broken pipe
2026-10-07T14:10:04.0020270Z ps: stdout: Broken pipe
2026-10-07T14:10:04.1610670Z ps: stdout: Broken pipe
2026-10-07T14:10:04.3226570Z ps: stdout: Broken pipe
2026-10-07T14:10:04.4849460Z ps: stdout: Broken pipe
2026-10-07T14:10:04.6430200Z ps: stdout: Broken pipe
2026-10-07T14:10:04.7988440Z ps: stdout: Broken pipe
2026-10-07T14:10:04.9569500Z ps: stdout: Broken pipe
2026-10-07T14:10:05.1161180Z ps: stdout: Broken pipe
2026-10-07T14:10:05.2764490Z ps: stdout: Broken pipe
2026-10-07T14:10:05.4367840Z ps: stdout: Broken pipe
2026-10-07T14:10:05.5985970Z ps: stdout: Broken pipe
2026-10-07T14:10:05.7579760Z ps: stdout: Broken pipe
2026-10-07T14:10:05.9165680Z ps: stdout: Broken pipe
2026-10-07T14:10:06.0746680Z ps: stdout: Broken pipe
2026-10-07T14:10:06.2320820Z ps: stdout: Broken pipe
2026-10-07T14:10:06.3875940Z ps: stdout: Broken pipe
2026-10-07T14:10:06.5464560Z ps: stdout: Broken pipe
2026-10-07T14:10:06.7037360Z ps: stdout: Broken pipe
2026-10-07T14:10:06.8612140Z ps: stdout: Broken pipe
2026-10-07T14:10:07.0231400Z ps: stdout: Broken pipe
2026-10-07T14:10:07.1852940Z ps: stdout: Broken pipe
2026-10-07T14:10:07.3432200Z ps: stdout: Broken pipe
2026-10-07T14:10:07.5038040Z ps: stdout: Broken pipe
2026-10-07T14:10:07.6633580Z ps: stdout: Broken pipe
2026-10-07T14:10:07.8251060Z ps: stdout: Broken pipe
2026-10-07T14:10:07.9816440Z ps: stdout: Broken pipe
2026-10-07T14:10:08.1394440Z ps: stdout: Broken pipe
2026-10-07T14:10:08.2998390Z ps: stdout: Broken pipe
2026-10-07T14:10:08.4603870Z ps: stdout: Broken pipe
2026-10-07T14:10:08.6208850Z ps: stdout: Broken pipe
2026-10-07T14:10:08.7801820Z ps: stdout: Broken pipe
2026-10-07T14:10:08.9358820Z ps: stdout: Broken pipe
2026-10-07T14:10:09.0975680Z ps: stdout: Broken pipe
2026-10-07T14:10:09.2594050Z ps: stdout: Broken pipe
2026-10-07T14:10:09.4221580Z ps: stdout: Broken pipe
2026-10-07T14:10:09.5792270Z ps: stdout: Broken pipe
2026-10-07T14:10:09.7368770Z ps: stdout: Broken pipe
2026-10-07T14:10:09.8954040Z ps: stdout: Broken pipe
2026-10-07T14:10:10.0519500Z ps: stdout: Broken pipe
2026-10-07T14:10:10.2054260Z ps: stdout: Broken pipe
2026-10-07T14:10:10.3658950Z ps: stdout: Broken pipe
2026-10-07T14:10:10.5249240Z ps: stdout: Broken pipe
2026-10-07T14:10:10.6870810Z ps: stdout: Broken pipe
2026-10-07T14:10:10.8485080Z ps: stdout: Broken pipe
2026-10-07T14:10:11.0104040Z ps: stdout: Broken pipe
2026-10-07T14:10:11.1724190Z ps: stdout: Broken pipe
2026-10-07T14:10:11.3336150Z ps: stdout: Broken pipe
2026-10-07T14:10:11.4937250Z ps: stdout: Broken pipe
2026-10-07T14:10:11.6521960Z ps: stdout: Broken pipe
2026-10-07T14:10:11.8148300Z ps: stdout: Broken pipe
2026-10-07T14:10:11.9759650Z ps: stdout: Broken pipe
2026-10-07T14:10:12.1373050Z ps: stdout: Broken pipe
2026-10-07T14:10:12.2979470Z ps: stdout: Broken pipe
2026-10-07T14:10:12.4590420Z ps: stdout: Broken pipe
2026-10-07T14:10:12.6138390Z ps: stdout: Broken pipe
2026-10-07T14:10:12.7699520Z ps: stdout: Broken pipe
2026-10-07T14:10:12.9314560Z ps: stdout: Broken pipe
2026-10-07T14:10:13.0909560Z ps: stdout: Broken pipe
2026-10-07T14:10:13.2526130Z ps: stdout: Broken pipe
2026-10-07T14:10:13.4149500Z ps: stdout: Broken pipe
2026-10-07T14:10:13.5769680Z ps: stdout: Broken pipe
2026-10-07T14:10:13.7389160Z ps: stdout: Broken pipe
2026-10-07T14:10:13.9002410Z ps: stdout: Broken pipe
2026-10-07T14:10:14.0621770Z ps: stdout: Broken pipe
2026-10-07T14:10:14.2239740Z ps: stdout: Broken pipe
2026-10-07T14:10:14.3863340Z ps: stdout: Broken pipe
2026-10-07T14:10:14.5488090Z ps: stdout: Broken pipe
2026-10-07T14:10:14.7105750Z ps: stdout: Broken pipe
2026-10-07T14:10:14.8662640Z ps: stdout: Broken pipe
2026-10-07T14:10:15.0257150Z ps: stdout: Broken pipe
2026-10-07T14:10:15.1874050Z ps: stdout: Broken pipe
2026-10-07T14:10:15.3488690Z ps: stdout: Broken pipe
2026-10-07T14:10:15.5084280Z ps: stdout: Broken pipe
2026-10-07T14:10:15.6686380Z ps: stdout: Broken pipe
2026-10-07T14:10:15.8240500Z ps: stdout: Broken pipe
2026-10-07T14:10:15.9855860Z ps: stdout: Broken pipe
2026-10-07T14:10:16.1473890Z ps: stdout: Broken pipe
2026-10-07T14:10:16.3090770Z ps: stdout: Broken pipe
2026-10-07T14:10:16.4699320Z ps: stdout: Broken pipe
2026-10-07T14:10:16.7360420Z   input       PASS  title: "key:a";title: "wheel:-400 scrollY:0";
2026-10-07T14:10:30.8890530Z   popup       PASS  imported popup;
2026-10-07T14:10:32.1983600Z ps: stdout: Broken pipe
2026-10-07T14:10:32.3550360Z ps: stdout: Broken pipe
2026-10-07T14:10:32.5154150Z ps: stdout: Broken pipe
2026-10-07T14:10:32.6740370Z ps: stdout: Broken pipe
2026-10-07T14:10:32.8322070Z ps: stdout: Broken pipe
2026-10-07T14:10:32.9905600Z ps: stdout: Broken pipe
2026-10-07T14:10:33.1491310Z ps: stdout: Broken pipe
2026-10-07T14:10:33.3061760Z ps: stdout: Broken pipe
2026-10-07T14:10:33.4633430Z ps: stdout: Broken pipe
2026-10-07T14:10:33.6265570Z ps: stdout: Broken pipe
2026-10-07T14:10:33.7854030Z ps: stdout: Broken pipe
2026-10-07T14:10:33.9459220Z ps: stdout: Broken pipe
2026-10-07T14:10:34.1021020Z ps: stdout: Broken pipe
2026-10-07T14:10:34.2575490Z ps: stdout: Broken pipe
2026-10-07T14:10:34.4172350Z ps: stdout: Broken pipe
2026-10-07T14:10:34.5755380Z ps: stdout: Broken pipe
2026-10-07T14:10:34.7337630Z ps: stdout: Broken pipe
2026-10-07T14:10:34.8919770Z ps: stdout: Broken pipe
2026-10-07T14:10:35.0501280Z ps: stdout: Broken pipe
2026-10-07T14:10:35.2068210Z ps: stdout: Broken pipe
2026-10-07T14:10:35.3673310Z ps: stdout: Broken pipe
2026-10-07T14:10:35.5265940Z ps: stdout: Broken pipe
2026-10-07T14:10:35.6884420Z ps: stdout: Broken pipe
2026-10-07T14:10:35.8507360Z ps: stdout: Broken pipe
2026-10-07T14:10:36.0132250Z ps: stdout: Broken pipe
2026-10-07T14:10:36.1751140Z ps: stdout: Broken pipe
2026-10-07T14:10:36.3360470Z ps: stdout: Broken pipe
2026-10-07T14:10:36.4979040Z ps: stdout: Broken pipe
2026-10-07T14:10:36.6598080Z ps: stdout: Broken pipe
2026-10-07T14:10:36.8186630Z ps: stdout: Broken pipe
2026-10-07T14:10:36.9812810Z ps: stdout: Broken pipe
2026-10-07T14:10:37.1388060Z ps: stdout: Broken pipe
2026-10-07T14:10:37.2997510Z ps: stdout: Broken pipe
2026-10-07T14:10:37.4617090Z ps: stdout: Broken pipe
2026-10-07T14:10:37.6246460Z ps: stdout: Broken pipe
2026-10-07T14:10:37.7856020Z ps: stdout: Broken pipe
2026-10-07T14:10:37.9482790Z ps: stdout: Broken pipe
2026-10-07T14:10:38.1104360Z ps: stdout: Broken pipe
2026-10-07T14:10:38.2721130Z ps: stdout: Broken pipe
2026-10-07T14:10:38.4332150Z ps: stdout: Broken pipe
2026-10-07T14:10:38.5955720Z ps: stdout: Broken pipe
2026-10-07T14:10:38.7574710Z ps: stdout: Broken pipe
2026-10-07T14:10:38.9201690Z ps: stdout: Broken pipe
2026-10-07T14:10:39.0823920Z ps: stdout: Broken pipe
2026-10-07T14:10:39.2461950Z ps: stdout: Broken pipe
2026-10-07T14:10:39.4029400Z ps: stdout: Broken pipe
2026-10-07T14:10:39.5626640Z ps: stdout: Broken pipe
2026-10-07T14:10:39.7247770Z ps: stdout: Broken pipe
2026-10-07T14:10:39.8867740Z ps: stdout: Broken pipe
2026-10-07T14:10:40.0484070Z ps: stdout: Broken pipe
2026-10-07T14:10:40.2079560Z ps: stdout: Broken pipe
2026-10-07T14:10:40.3681070Z ps: stdout: Broken pipe
2026-10-07T14:10:40.5272390Z ps: stdout: Broken pipe
2026-10-07T14:10:40.6891190Z ps: stdout: Broken pipe
2026-10-07T14:10:40.8484770Z ps: stdout: Broken pipe
2026-10-07T14:10:41.0099820Z ps: stdout: Broken pipe
2026-10-07T14:10:41.1698840Z ps: stdout: Broken pipe
2026-10-07T14:10:41.3295540Z ps: stdout: Broken pipe
2026-10-07T14:10:41.4910820Z ps: stdout: Broken pipe
2026-10-07T14:10:41.6594410Z ps: stdout: Broken pipe
2026-10-07T14:10:41.8228210Z ps: stdout: Broken pipe
2026-10-07T14:10:41.9877710Z ps: stdout: Broken pipe
2026-10-07T14:10:42.1476400Z ps: stdout: Broken pipe
2026-10-07T14:10:42.3091100Z ps: stdout: Broken pipe
2026-10-07T14:10:42.4697670Z ps: stdout: Broken pipe
2026-10-07T14:10:42.6253210Z ps: stdout: Broken pipe
2026-10-07T14:10:42.7813380Z ps: stdout: Broken pipe
2026-10-07T14:10:42.9386600Z ps: stdout: Broken pipe
2026-10-07T14:10:43.0970050Z ps: stdout: Broken pipe
2026-10-07T14:10:43.2562930Z ps: stdout: Broken pipe
2026-10-07T14:10:43.4144530Z ps: stdout: Broken pipe
2026-10-07T14:10:43.5744310Z ps: stdout: Broken pipe
2026-10-07T14:10:43.7323960Z ps: stdout: Broken pipe
2026-10-07T14:10:43.8934440Z ps: stdout: Broken pipe
2026-10-07T14:10:44.0524160Z ps: stdout: Broken pipe
2026-10-07T14:10:44.2112160Z ps: stdout: Broken pipe
2026-10-07T14:10:44.3688890Z ps: stdout: Broken pipe
2026-10-07T14:10:44.5268280Z ps: stdout: Broken pipe
2026-10-07T14:10:44.6872240Z ps: stdout: Broken pipe
2026-10-07T14:10:44.8487420Z ps: stdout: Broken pipe
2026-10-07T14:10:45.0100100Z ps: stdout: Broken pipe
2026-10-07T14:10:45.1648760Z ps: stdout: Broken pipe
2026-10-07T14:10:45.3255990Z ps: stdout: Broken pipe
2026-10-07T14:10:45.4878360Z ps: stdout: Broken pipe
2026-10-07T14:10:45.6454820Z ps: stdout: Broken pipe
2026-10-07T14:10:45.8076000Z ps: stdout: Broken pipe
2026-10-07T14:10:45.9682690Z ps: stdout: Broken pipe
2026-10-07T14:10:46.1281660Z ps: stdout: Broken pipe
2026-10-07T14:10:46.2836190Z ps: stdout: Broken pipe
2026-10-07T14:10:46.4421600Z ps: stdout: Broken pipe
2026-10-07T14:10:46.5998500Z ps: stdout: Broken pipe
2026-10-07T14:10:46.7601240Z ps: stdout: Broken pipe
2026-10-07T14:10:46.9202810Z ps: stdout: Broken pipe
2026-10-07T14:10:47.0810420Z ps: stdout: Broken pipe
2026-10-07T14:10:47.2428120Z ps: stdout: Broken pipe
2026-10-07T14:10:47.4042970Z ps: stdout: Broken pipe
2026-10-07T14:10:47.5579890Z ps: stdout: Broken pipe
2026-10-07T14:10:47.7156760Z ps: stdout: Broken pipe
2026-10-07T14:10:47.8695100Z ps: stdout: Broken pipe
2026-10-07T14:10:48.0270690Z ps: stdout: Broken pipe
2026-10-07T14:10:48.1852060Z ps: stdout: Broken pipe
2026-10-07T14:10:48.3443730Z ps: stdout: Broken pipe
2026-10-07T14:10:48.5014150Z ps: stdout: Broken pipe
2026-10-07T14:10:48.6590300Z ps: stdout: Broken pipe
2026-10-07T14:10:48.8176760Z ps: stdout: Broken pipe
2026-10-07T14:10:48.9757850Z ps: stdout: Broken pipe
2026-10-07T14:10:49.1335640Z ps: stdout: Broken pipe
2026-10-07T14:10:49.2916970Z ps: stdout: Broken pipe
2026-10-07T14:10:49.4498870Z ps: stdout: Broken pipe
2026-10-07T14:10:49.6080730Z ps: stdout: Broken pipe
2026-10-07T14:10:49.7660730Z ps: stdout: Broken pipe
2026-10-07T14:10:49.9237390Z ps: stdout: Broken pipe
2026-10-07T14:10:50.0825720Z ps: stdout: Broken pipe
2026-10-07T14:10:50.2398590Z ps: stdout: Broken pipe
2026-10-07T14:10:50.3970010Z ps: stdout: Broken pipe
2026-10-07T14:10:50.5582100Z ps: stdout: Broken pipe
2026-10-07T14:10:50.7226740Z ps: stdout: Broken pipe
2026-10-07T14:10:50.8763320Z ps: stdout: Broken pipe
2026-10-07T14:10:51.0337230Z ps: stdout: Broken pipe
2026-10-07T14:10:51.1919210Z ps: stdout: Broken pipe
2026-10-07T14:10:51.3506480Z ps: stdout: Broken pipe
2026-10-07T14:10:51.5080660Z ps: stdout: Broken pipe
2026-10-07T14:10:51.6643860Z ps: stdout: Broken pipe
2026-10-07T14:10:51.8257630Z ps: stdout: Broken pipe
2026-10-07T14:10:51.9843640Z ps: stdout: Broken pipe
2026-10-07T14:10:52.1418450Z ps: stdout: Broken pipe
2026-10-07T14:10:52.3027010Z ps: stdout: Broken pipe
2026-10-07T14:10:52.4619040Z ps: stdout: Broken pipe
2026-10-07T14:10:52.6234730Z ps: stdout: Broken pipe
2026-10-07T14:10:52.7858350Z ps: stdout: Broken pipe
2026-10-07T14:10:52.9475240Z ps: stdout: Broken pipe
2026-10-07T14:10:53.1095680Z ps: stdout: Broken pipe
2026-10-07T14:10:53.2678920Z ps: stdout: Broken pipe
2026-10-07T14:10:53.4298100Z ps: stdout: Broken pipe
2026-10-07T14:10:53.5896380Z ps: stdout: Broken pipe
2026-10-07T14:10:53.7477050Z ps: stdout: Broken pipe
2026-10-07T14:10:53.9089850Z ps: stdout: Broken pipe
2026-10-07T14:10:54.0707650Z ps: stdout: Broken pipe
2026-10-07T14:10:54.2319470Z ps: stdout: Broken pipe
2026-10-07T14:10:54.3914320Z ps: stdout: Broken pipe
2026-10-07T14:10:54.5524950Z ps: stdout: Broken pipe
2026-10-07T14:10:54.7143040Z ps: stdout: Broken pipe
2026-10-07T14:10:54.8765140Z ps: stdout: Broken pipe
2026-10-07T14:10:55.0373940Z ps: stdout: Broken pipe
2026-10-07T14:10:55.1984630Z ps: stdout: Broken pipe
2026-10-07T14:10:55.3560510Z ps: stdout: Broken pipe
2026-10-07T14:10:55.5145590Z ps: stdout: Broken pipe
2026-10-07T14:10:55.6716560Z ps: stdout: Broken pipe
2026-10-07T14:10:55.8333280Z ps: stdout: Broken pipe
2026-10-07T14:10:55.9916020Z ps: stdout: Broken pipe
2026-10-07T14:10:56.1535170Z ps: stdout: Broken pipe
2026-10-07T14:10:56.3152380Z ps: stdout: Broken pipe
2026-10-07T14:10:56.4777750Z ps: stdout: Broken pipe
2026-10-07T14:10:56.6407170Z ps: stdout: Broken pipe
2026-10-07T14:10:56.7983650Z ps: stdout: Broken pipe
2026-10-07T14:10:56.9566550Z ps: stdout: Broken pipe
2026-10-07T14:10:57.1155310Z ps: stdout: Broken pipe
2026-10-07T14:10:57.2712140Z ps: stdout: Broken pipe
2026-10-07T14:10:57.4367680Z ps: stdout: Broken pipe
2026-10-07T14:10:57.5943450Z ps: stdout: Broken pipe
2026-10-07T14:10:57.7539670Z ps: stdout: Broken pipe
2026-10-07T14:10:57.9124410Z ps: stdout: Broken pipe
2026-10-07T14:10:58.0696430Z ps: stdout: Broken pipe
2026-10-07T14:10:58.2282330Z ps: stdout: Broken pipe
2026-10-07T14:10:58.3872640Z ps: stdout: Broken pipe
2026-10-07T14:10:58.5452250Z ps: stdout: Broken pipe
2026-10-07T14:10:58.7023890Z ps: stdout: Broken pipe
2026-10-07T14:10:58.8609530Z ps: stdout: Broken pipe
2026-10-07T14:10:59.0218730Z ps: stdout: Broken pipe
2026-10-07T14:10:59.1819360Z ps: stdout: Broken pipe
2026-10-07T14:10:59.3430100Z ps: stdout: Broken pipe
2026-10-07T14:10:59.5011000Z ps: stdout: Broken pipe
2026-10-07T14:10:59.6591970Z ps: stdout: Broken pipe
2026-10-07T14:10:59.8176240Z ps: stdout: Broken pipe
2026-10-07T14:10:59.9755700Z ps: stdout: Broken pipe
2026-10-07T14:11:00.1334820Z ps: stdout: Broken pipe
2026-10-07T14:11:00.2941750Z ps: stdout: Broken pipe
2026-10-07T14:11:00.4540430Z ps: stdout: Broken pipe
2026-10-07T14:11:00.6148990Z ps: stdout: Broken pipe
2026-10-07T14:11:00.7715270Z ps: stdout: Broken pipe
2026-10-07T14:11:00.9332320Z ps: stdout: Broken pipe
2026-10-07T14:11:01.0917040Z ps: stdout: Broken pipe
2026-10-07T14:11:01.2527640Z ps: stdout: Broken pipe
2026-10-07T14:11:01.4149280Z ps: stdout: Broken pipe
2026-10-07T14:11:01.5778040Z ps: stdout: Broken pipe
2026-10-07T14:11:01.7386300Z ps: stdout: Broken pipe
2026-10-07T14:11:01.9006580Z ps: stdout: Broken pipe
2026-10-07T14:11:02.0594730Z ps: stdout: Broken pipe
2026-10-07T14:11:02.2178990Z ps: stdout: Broken pipe
2026-10-07T14:11:02.3797040Z ps: stdout: Broken pipe
2026-10-07T14:11:02.5413100Z ps: stdout: Broken pipe
2026-10-07T14:11:02.7022270Z ps: stdout: Broken pipe
2026-10-07T14:11:02.8581660Z ps: stdout: Broken pipe
2026-10-07T14:11:03.0203400Z ps: stdout: Broken pipe
2026-10-07T14:11:03.1823220Z ps: stdout: Broken pipe
2026-10-07T14:11:03.3443700Z ps: stdout: Broken pipe
2026-10-07T14:11:03.5051750Z ps: stdout: Broken pipe
2026-10-07T14:11:03.6622290Z ps: stdout: Broken pipe
2026-10-07T14:11:03.8233080Z ps: stdout: Broken pipe
2026-10-07T14:11:03.9821740Z ps: stdout: Broken pipe
2026-10-07T14:11:04.1394900Z ps: stdout: Broken pipe
2026-10-07T14:11:04.2985980Z ps: stdout: Broken pipe
2026-10-07T14:11:04.4569700Z ps: stdout: Broken pipe
2026-10-07T14:11:04.6150840Z ps: stdout: Broken pipe
2026-10-07T14:11:04.7713360Z ps: stdout: Broken pipe
2026-10-07T14:11:04.9295210Z ps: stdout: Broken pipe
2026-10-07T14:11:05.0907610Z ps: stdout: Broken pipe
2026-10-07T14:11:05.2492920Z ps: stdout: Broken pipe
2026-10-07T14:11:05.4068980Z ps: stdout: Broken pipe
2026-10-07T14:11:05.6612040Z   find        PASS  weld demo: find ;
2026-10-07T14:11:40.5388050Z   zoom        PASS  title: "w:512";title: "w:640";
2026-10-07T14:12:02.2570910Z ps: stdout: Broken pipe
2026-10-07T14:12:02.4148040Z ps: stdout: Broken pipe
2026-10-07T14:12:02.5736900Z ps: stdout: Broken pipe
2026-10-07T14:12:02.7317430Z ps: stdout: Broken pipe
2026-10-07T14:12:02.8895910Z ps: stdout: Broken pipe
2026-10-07T14:12:03.0477580Z ps: stdout: Broken pipe
2026-10-07T14:12:03.2061280Z ps: stdout: Broken pipe
2026-10-07T14:12:03.3649380Z ps: stdout: Broken pipe
2026-10-07T14:12:03.5200820Z ps: stdout: Broken pipe
2026-10-07T14:12:03.6809620Z ps: stdout: Broken pipe
2026-10-07T14:12:03.8431760Z ps: stdout: Broken pipe
2026-10-07T14:12:04.0052410Z ps: stdout: Broken pipe
2026-10-07T14:12:04.1679390Z ps: stdout: Broken pipe
2026-10-07T14:12:04.3301650Z ps: stdout: Broken pipe
2026-10-07T14:12:04.4916400Z ps: stdout: Broken pipe
2026-10-07T14:12:04.6530400Z ps: stdout: Broken pipe
2026-10-07T14:12:04.8151100Z ps: stdout: Broken pipe
2026-10-07T14:12:04.9774140Z ps: stdout: Broken pipe
2026-10-07T14:12:05.1401150Z ps: stdout: Broken pipe
2026-10-07T14:12:05.3026730Z ps: stdout: Broken pipe
2026-10-07T14:12:05.4644110Z ps: stdout: Broken pipe
2026-10-07T14:12:05.6258940Z ps: stdout: Broken pipe
2026-10-07T14:12:05.7875220Z ps: stdout: Broken pipe
2026-10-07T14:12:05.9496710Z ps: stdout: Broken pipe
2026-10-07T14:12:06.1123490Z ps: stdout: Broken pipe
2026-10-07T14:12:06.2750120Z ps: stdout: Broken pipe
2026-10-07T14:12:06.4370450Z ps: stdout: Broken pipe
2026-10-07T14:12:06.5940640Z ps: stdout: Broken pipe
2026-10-07T14:12:06.7514290Z ps: stdout: Broken pipe
2026-10-07T14:12:06.9119440Z ps: stdout: Broken pipe
2026-10-07T14:12:07.0664650Z ps: stdout: Broken pipe
2026-10-07T14:12:07.2231630Z ps: stdout: Broken pipe
2026-10-07T14:12:07.3819550Z ps: stdout: Broken pipe
2026-10-07T14:12:07.5405060Z ps: stdout: Broken pipe
2026-10-07T14:12:07.6984580Z ps: stdout: Broken pipe
2026-10-07T14:12:07.8556410Z ps: stdout: Broken pipe
2026-10-07T14:12:08.0161680Z ps: stdout: Broken pipe
2026-10-07T14:12:08.1777540Z ps: stdout: Broken pipe
2026-10-07T14:12:08.3339070Z ps: stdout: Broken pipe
2026-10-07T14:12:08.4921660Z ps: stdout: Broken pipe
2026-10-07T14:12:08.6505350Z ps: stdout: Broken pipe
2026-10-07T14:12:08.8086370Z ps: stdout: Broken pipe
2026-10-07T14:12:08.9671620Z ps: stdout: Broken pipe
2026-10-07T14:12:09.1252830Z ps: stdout: Broken pipe
2026-10-07T14:12:09.2827580Z ps: stdout: Broken pipe
2026-10-07T14:12:09.4417350Z ps: stdout: Broken pipe
2026-10-07T14:12:09.5993590Z ps: stdout: Broken pipe
2026-10-07T14:12:09.7566640Z ps: stdout: Broken pipe
2026-10-07T14:12:09.9165850Z ps: stdout: Broken pipe
2026-10-07T14:12:10.0759210Z ps: stdout: Broken pipe
2026-10-07T14:12:10.2374860Z ps: stdout: Broken pipe
2026-10-07T14:12:10.3920100Z ps: stdout: Broken pipe
2026-10-07T14:12:10.5502430Z ps: stdout: Broken pipe
2026-10-07T14:12:10.7090390Z ps: stdout: Broken pipe
2026-10-07T14:12:10.8678480Z ps: stdout: Broken pipe
2026-10-07T14:12:11.0254750Z ps: stdout: Broken pipe
2026-10-07T14:12:11.1831280Z ps: stdout: Broken pipe
2026-10-07T14:12:11.3447860Z ps: stdout: Broken pipe
2026-10-07T14:12:11.5043100Z ps: stdout: Broken pipe
2026-10-07T14:12:11.6540640Z ps: stdout: Broken pipe
2026-10-07T14:12:11.8118210Z ps: stdout: Broken pipe
2026-10-07T14:12:11.9705120Z ps: stdout: Broken pipe
2026-10-07T14:12:12.1290160Z ps: stdout: Broken pipe
2026-10-07T14:12:12.2858540Z ps: stdout: Broken pipe
2026-10-07T14:12:12.4444330Z ps: stdout: Broken pipe
2026-10-07T14:12:12.5992550Z ps: stdout: Broken pipe
2026-10-07T14:12:12.7565280Z ps: stdout: Broken pipe
2026-10-07T14:12:12.9143710Z ps: stdout: Broken pipe
2026-10-07T14:12:13.0722710Z ps: stdout: Broken pipe
2026-10-07T14:12:13.2310220Z ps: stdout: Broken pipe
2026-10-07T14:12:13.3880120Z ps: stdout: Broken pipe
2026-10-07T14:12:13.5486410Z ps: stdout: Broken pipe
2026-10-07T14:12:13.7102060Z ps: stdout: Broken pipe
2026-10-07T14:12:13.8696840Z ps: stdout: Broken pipe
2026-10-07T14:12:14.0314520Z ps: stdout: Broken pipe
2026-10-07T14:12:14.1924650Z ps: stdout: Broken pipe
2026-10-07T14:12:14.3537990Z ps: stdout: Broken pipe
2026-10-07T14:12:14.5129240Z ps: stdout: Broken pipe
2026-10-07T14:12:14.6668910Z ps: stdout: Broken pipe
2026-10-07T14:12:14.8263260Z ps: stdout: Broken pipe
2026-10-07T14:12:14.9857800Z ps: stdout: Broken pipe
2026-10-07T14:12:15.1455080Z ps: stdout: Broken pipe
2026-10-07T14:12:15.3978660Z   ime         PASS  title: "textinput:weld";title: "value:weld";
2026-10-07T14:12:50.2137030Z   context     PASS  scripted right-click at;
2026-10-07T14:13:19.2086290Z ps: stdout: Broken pipe
2026-10-07T14:13:19.3734860Z ps: stdout: Broken pipe
2026-10-07T14:13:19.5406920Z ps: stdout: Broken pipe
2026-10-07T14:13:19.7093080Z ps: stdout: Broken pipe
2026-10-07T14:13:19.8759990Z ps: stdout: Broken pipe
2026-10-07T14:13:20.0433460Z ps: stdout: Broken pipe
2026-10-07T14:13:20.2007180Z ps: stdout: Broken pipe
2026-10-07T14:13:20.3676360Z ps: stdout: Broken pipe
2026-10-07T14:13:20.5252510Z ps: stdout: Broken pipe
2026-10-07T14:13:20.6855690Z ps: stdout: Broken pipe
2026-10-07T14:13:20.8538670Z ps: stdout: Broken pipe
2026-10-07T14:13:21.0183210Z ps: stdout: Broken pipe
2026-10-07T14:13:21.1751230Z ps: stdout: Broken pipe
2026-10-07T14:13:21.3428210Z ps: stdout: Broken pipe
2026-10-07T14:13:21.5015210Z ps: stdout: Broken pipe
2026-10-07T14:13:21.6704860Z ps: stdout: Broken pipe
2026-10-07T14:13:21.8386760Z ps: stdout: Broken pipe
2026-10-07T14:13:21.9943580Z ps: stdout: Broken pipe
2026-10-07T14:13:22.1556910Z ps: stdout: Broken pipe
2026-10-07T14:13:22.3221180Z ps: stdout: Broken pipe
2026-10-07T14:13:22.4861140Z ps: stdout: Broken pipe
2026-10-07T14:13:22.6473550Z ps: stdout: Broken pipe
2026-10-07T14:13:22.8133240Z ps: stdout: Broken pipe
2026-10-07T14:13:22.9671830Z ps: stdout: Broken pipe
2026-10-07T14:13:23.1288410Z ps: stdout: Broken pipe
2026-10-07T14:13:23.2958940Z ps: stdout: Broken pipe
2026-10-07T14:13:23.4637890Z ps: stdout: Broken pipe
2026-10-07T14:13:23.6323900Z ps: stdout: Broken pipe
2026-10-07T14:13:23.8000830Z ps: stdout: Broken pipe
2026-10-07T14:13:23.9667870Z ps: stdout: Broken pipe
2026-10-07T14:13:24.1369380Z ps: stdout: Broken pipe
2026-10-07T14:13:24.3054330Z ps: stdout: Broken pipe
2026-10-07T14:13:24.4663020Z ps: stdout: Broken pipe
2026-10-07T14:13:24.6327880Z ps: stdout: Broken pipe
2026-10-07T14:13:24.8023540Z ps: stdout: Broken pipe
2026-10-07T14:13:25.0659400Z   touch       PASS  scripted touch at;
2026-10-07T14:13:59.8664290Z   drag        PASS  page drag finished as copy;title: "PAGE_DRAG:started";
2026-10-07T14:14:02.5376490Z ps: stdout: Broken pipe
2026-10-07T14:14:02.7030850Z ps: stdout: Broken pipe
2026-10-07T14:14:03.5482210Z ps: stdout: Broken pipe
2026-10-07T14:14:03.7156410Z ps: stdout: Broken pipe
2026-10-07T14:14:03.8731660Z ps: stdout: Broken pipe
2026-10-07T14:14:04.0351070Z ps: stdout: Broken pipe
2026-10-07T14:14:04.1924150Z ps: stdout: Broken pipe
2026-10-07T14:14:04.3563980Z ps: stdout: Broken pipe
2026-10-07T14:14:04.5239070Z ps: stdout: Broken pipe
2026-10-07T14:14:04.6900990Z ps: stdout: Broken pipe
2026-10-07T14:14:04.8596930Z ps: stdout: Broken pipe
2026-10-07T14:14:05.0276800Z ps: stdout: Broken pipe
2026-10-07T14:14:05.1850670Z ps: stdout: Broken pipe
2026-10-07T14:14:05.3460510Z ps: stdout: Broken pipe
2026-10-07T14:14:05.5139350Z ps: stdout: Broken pipe
2026-10-07T14:14:05.6818440Z ps: stdout: Broken pipe
2026-10-07T14:14:05.8478730Z ps: stdout: Broken pipe
2026-10-07T14:14:06.0168010Z ps: stdout: Broken pipe
2026-10-07T14:14:06.1836920Z ps: stdout: Broken pipe
2026-10-07T14:14:06.3507960Z ps: stdout: Broken pipe
2026-10-07T14:14:06.5121700Z ps: stdout: Broken pipe
2026-10-07T14:14:06.6793380Z ps: stdout: Broken pipe
2026-10-07T14:14:06.8475420Z ps: stdout: Broken pipe
2026-10-07T14:14:07.0111430Z ps: stdout: Broken pipe
2026-10-07T14:14:07.1775690Z ps: stdout: Broken pipe
2026-10-07T14:14:07.3447100Z ps: stdout: Broken pipe
2026-10-07T14:14:07.5150760Z ps: stdout: Broken pipe
2026-10-07T14:14:07.6825560Z ps: stdout: Broken pipe
2026-10-07T14:14:07.8465750Z ps: stdout: Broken pipe
2026-10-07T14:14:08.0135390Z ps: stdout: Broken pipe
2026-10-07T14:14:08.1795680Z ps: stdout: Broken pipe
2026-10-07T14:14:08.3483790Z ps: stdout: Broken pipe
2026-10-07T14:14:08.5128640Z ps: stdout: Broken pipe
2026-10-07T14:14:08.6681060Z ps: stdout: Broken pipe
2026-10-07T14:14:08.8296030Z ps: stdout: Broken pipe
2026-10-07T14:14:08.9946310Z ps: stdout: Broken pipe
2026-10-07T14:14:09.1646050Z ps: stdout: Broken pipe
2026-10-07T14:14:09.3317050Z ps: stdout: Broken pipe
2026-10-07T14:14:09.4978060Z ps: stdout: Broken pipe
2026-10-07T14:14:09.6594450Z ps: stdout: Broken pipe
2026-10-07T14:14:09.8291110Z ps: stdout: Broken pipe
2026-10-07T14:14:09.9966300Z ps: stdout: Broken pipe
2026-10-07T14:14:10.1639810Z ps: stdout: Broken pipe
2026-10-07T14:14:10.3198410Z ps: stdout: Broken pipe
2026-10-07T14:14:10.4860940Z ps: stdout: Broken pipe
2026-10-07T14:14:10.6672890Z ps: stdout: Broken pipe
2026-10-07T14:14:10.8254460Z ps: stdout: Broken pipe
2026-10-07T14:14:10.9897840Z ps: stdout: Broken pipe
2026-10-07T14:14:11.1561240Z ps: stdout: Broken pipe
2026-10-07T14:14:11.3211630Z ps: stdout: Broken pipe
2026-10-07T14:14:11.4884070Z ps: stdout: Broken pipe
2026-10-07T14:14:11.6549250Z ps: stdout: Broken pipe
2026-10-07T14:14:11.8238500Z ps: stdout: Broken pipe
2026-10-07T14:14:12.6599470Z ps: stdout: Broken pipe
2026-10-07T14:14:12.8279620Z ps: stdout: Broken pipe
2026-10-07T14:14:12.9975530Z ps: stdout: Broken pipe
2026-10-07T14:14:13.1653810Z ps: stdout: Broken pipe
2026-10-07T14:14:13.3269020Z ps: stdout: Broken pipe
2026-10-07T14:14:13.4955120Z ps: stdout: Broken pipe
2026-10-07T14:14:13.6630980Z ps: stdout: Broken pipe
2026-10-07T14:14:13.8308130Z ps: stdout: Broken pipe
2026-10-07T14:14:13.9990360Z ps: stdout: Broken pipe
2026-10-07T14:14:14.1661500Z ps: stdout: Broken pipe
2026-10-07T14:14:14.3280830Z ps: stdout: Broken pipe
2026-10-07T14:14:14.4974450Z ps: stdout: Broken pipe
2026-10-07T14:14:14.6652040Z ps: stdout: Broken pipe
2026-10-07T14:14:14.8314440Z ps: stdout: Broken pipe
2026-10-07T14:14:14.9986940Z ps: stdout: Broken pipe
2026-10-07T14:14:15.1676940Z ps: stdout: Broken pipe
2026-10-07T14:14:15.3338630Z ps: stdout: Broken pipe
2026-10-07T14:14:15.4966040Z ps: stdout: Broken pipe
2026-10-07T14:14:15.6506320Z ps: stdout: Broken pipe
2026-10-07T14:14:15.8068430Z ps: stdout: Broken pipe
2026-10-07T14:14:15.9697120Z ps: stdout: Broken pipe
2026-10-07T14:14:16.1356820Z ps: stdout: Broken pipe
2026-10-07T14:14:16.2929600Z ps: stdout: Broken pipe
2026-10-07T14:14:16.4617710Z ps: stdout: Broken pipe
2026-10-07T14:14:16.6286730Z ps: stdout: Broken pipe
2026-10-07T14:14:16.7978930Z ps: stdout: Broken pipe
2026-10-07T14:14:16.9665300Z ps: stdout: Broken pipe
2026-10-07T14:14:17.1324970Z ps: stdout: Broken pipe
2026-10-07T14:14:17.3022610Z ps: stdout: Broken pipe
2026-10-07T14:14:17.4690630Z ps: stdout: Broken pipe
2026-10-07T14:14:17.6299460Z ps: stdout: Broken pipe
2026-10-07T14:14:17.7971560Z ps: stdout: Broken pipe
2026-10-07T14:14:17.9657940Z ps: stdout: Broken pipe
2026-10-07T14:14:18.1297650Z ps: stdout: Broken pipe
2026-10-07T14:14:18.2889310Z ps: stdout: Broken pipe
2026-10-07T14:14:18.4439750Z ps: stdout: Broken pipe
2026-10-07T14:14:18.6121680Z ps: stdout: Broken pipe
2026-10-07T14:14:18.7799080Z ps: stdout: Broken pipe
2026-10-07T14:14:18.9472890Z ps: stdout: Broken pipe
2026-10-07T14:14:19.1145180Z ps: stdout: Broken pipe
2026-10-07T14:14:19.2824880Z ps: stdout: Broken pipe
2026-10-07T14:14:19.4468290Z ps: stdout: Broken pipe
2026-10-07T14:14:19.6088260Z ps: stdout: Broken pipe
2026-10-07T14:14:19.7753970Z ps: stdout: Broken pipe
2026-10-07T14:14:19.9426980Z ps: stdout: Broken pipe
2026-10-07T14:14:20.1112110Z ps: stdout: Broken pipe
2026-10-07T14:14:20.2761600Z ps: stdout: Broken pipe
2026-10-07T14:14:20.4445110Z ps: stdout: Broken pipe
2026-10-07T14:14:20.6097870Z ps: stdout: Broken pipe
2026-10-07T14:14:20.7767740Z ps: stdout: Broken pipe
2026-10-07T14:14:20.9391940Z ps: stdout: Broken pipe
2026-10-07T14:14:21.1060380Z ps: stdout: Broken pipe
2026-10-07T14:14:21.2742420Z ps: stdout: Broken pipe
2026-10-07T14:14:21.4421040Z ps: stdout: Broken pipe
2026-10-07T14:14:21.6026590Z ps: stdout: Broken pipe
2026-10-07T14:14:21.7702230Z ps: stdout: Broken pipe
2026-10-07T14:14:21.9373580Z ps: stdout: Broken pipe
2026-10-07T14:14:22.1002410Z ps: stdout: Broken pipe
2026-10-07T14:14:22.2603130Z ps: stdout: Broken pipe
2026-10-07T14:14:22.4301630Z ps: stdout: Broken pipe
2026-10-07T14:14:22.5973180Z ps: stdout: Broken pipe
2026-10-07T14:14:25.6135040Z ps: stdout: Broken pipe
2026-10-07T14:14:34.6386670Z   download    PASS  DownloadProgress { id: 1, bytes_received;
2026-10-07T14:14:34.6432120Z   dl-file     PASS  weld-probe.txt
2026-10-07T14:15:09.5125310Z   api         PASS  print_to_pdf;title: "script:2";
2026-10-07T14:15:44.4990120Z   cdp         PASS  CDP <- {"id":1,"result";
2026-10-07T14:16:19.3046680Z   visibility  PASS  set_visible;
2026-10-07T14:16:54.1526620Z   devtools    PASS  refusal followed by imported frame
2026-10-07T14:17:28.9557720Z   crash       PASS  recovering from;
2026-10-07T14:17:57.0007780Z ps: stdout: Broken pipe
2026-10-07T14:17:57.1705840Z ps: stdout: Broken pipe
2026-10-07T14:17:57.3333600Z ps: stdout: Broken pipe
2026-10-07T14:17:57.4991160Z ps: stdout: Broken pipe
2026-10-07T14:17:57.6650700Z ps: stdout: Broken pipe
2026-10-07T14:17:57.8350770Z ps: stdout: Broken pipe
2026-10-07T14:17:58.0008170Z ps: stdout: Broken pipe
2026-10-07T14:17:58.1697680Z ps: stdout: Broken pipe
2026-10-07T14:17:58.3313240Z ps: stdout: Broken pipe
2026-10-07T14:17:58.4977520Z ps: stdout: Broken pipe
2026-10-07T14:17:58.6578170Z ps: stdout: Broken pipe
2026-10-07T14:18:03.7676550Z   cookie      PASS  weld_probe=parity;
2026-10-07T14:18:03.7676690Z 
2026-10-07T14:18:03.7676760Z battery: 17 pass, 0 live, 0 skip, 0 fail
2026-10-07T14:18:03.7676980Z logs in /Users/markik/actions-runner-wgpu/_work/_temp/registry-weld-m4
2026-10-07T14:18:03.7729590Z ##[group]Run actions/upload-artifact@v4
2026-10-07T14:18:03.7729720Z with:
2026-10-07T14:18:03.7729820Z   name: registry-triplet-metal-m4
2026-10-07T14:18:03.7730340Z   path: /Users/markik/actions-runner-wgpu/_work/_temp/registry-triplet
/Users/markik/actions-runner-wgpu/_work/_temp/registry-graft-m4.log
/Users/markik/actions-runner-wgpu/_work/_temp/registry-scry-m4.log
/Users/markik/actions-runner-wgpu/_work/_temp/registry-weld-m4

2026-10-07T14:18:03.7730870Z   if-no-files-found: warn
2026-10-07T14:18:03.7730970Z   compression-level: 6
2026-10-07T14:18:03.7731070Z   overwrite: false
2026-10-07T14:18:03.7731170Z   include-hidden-files: false
2026-10-07T14:18:03.7731280Z env:
2026-10-07T14:18:03.7731370Z   CARGO_NET_GIT_FETCH_WITH_CLI: true
2026-10-07T14:18:03.7731540Z   RUSTFLAGS: -D warnings
2026-10-07T14:18:03.7731650Z   GRAFTING_VERSION: 0.6.0
2026-10-07T14:18:03.7731750Z   SCRYING_VERSION: 0.7.2
2026-10-07T14:18:03.7731850Z   WELDING_VERSION: 0.14.1
2026-10-07T14:18:03.7732050Z   SCRY_SOURCE_REF: 4d8d1d3f8dd450b712960c90b74263a45b46e35b
2026-10-07T14:18:03.7732240Z   WELD_SOURCE_REF: c7b7b4c52138643e22580a918542e8e036a0b24a
2026-10-07T14:18:03.7732380Z   WGPU_BACKEND: metal
2026-10-07T14:18:03.7732500Z   CEF_PATH: /Users/markik/Code/cef-cache/wgpu-weld
2026-10-07T14:18:03.7732640Z   CAPTURE: 1
2026-10-07T14:18:03.7732720Z   TIMEOUT: 90
2026-10-07T14:18:03.7732800Z   VISIBLE: 1
2026-10-07T14:18:03.7732880Z   PROOF_HOST: m4
2026-10-07T14:18:03.7732980Z   CARGO_HOME: /Users/markik/.cargo
2026-10-07T14:18:03.7733090Z   CARGO_INCREMENTAL: 0
2026-10-07T14:18:03.7733190Z   CARGO_TERM_COLOR: always
2026-10-07T14:18:03.7733330Z   UV_PYTHON_INSTALL_DIR: /Users/markik/.local/share/uv/python
2026-10-07T14:18:03.7733480Z ##[endgroup]
2026-10-07T14:18:03.9664610Z (node:60585) [DEP0040] DeprecationWarning: The `punycode` module is deprecated. Please use a userland alternative instead.
2026-10-07T14:18:03.9665010Z (Use `node --trace-deprecation ...` to show where the warning was created)
2026-10-07T14:18:03.9738520Z Multiple search paths detected. Calculating the least common ancestor of all paths
2026-10-07T14:18:03.9739290Z The least common ancestor is /Users/markik/actions-runner-wgpu/_work/_temp. This will be the root directory of the artifact
2026-10-07T14:18:03.9739660Z With the provided path, there will be 87 files uploaded
2026-10-07T14:18:03.9741110Z Artifact name is valid!
2026-10-07T14:18:03.9741390Z Root directory input is valid!
2026-10-07T14:18:04.2723180Z Beginning upload of artifact content to blob storage
2026-10-07T14:18:04.3908780Z (node:60585) [DEP0169] DeprecationWarning: `url.parse()` behavior is not standardized and prone to errors that have security implications. Use the WHATWG URL API instead. CVEs are not issued for `url.parse()` vulnerabilities.
2026-10-07T14:18:04.9800700Z Uploaded bytes 1287024
2026-10-07T14:18:05.0642580Z Finished uploading artifact content to blob storage!
2026-10-07T14:18:05.0644630Z SHA256 digest of uploaded artifact zip is 099a4e404377d45e2c272dd4e72056bdf2b584336684cf24479589489f2cb83e
2026-10-07T14:18:05.0647000Z Finalizing artifact upload
2026-10-07T14:18:05.3015000Z Artifact registry-triplet-metal-m4.zip successfully finalized. Artifact ID 11489710656
2026-10-07T14:18:05.3016310Z Artifact registry-triplet-metal-m4 has been successfully uploaded! Final size is 1287024 bytes. Artifact ID is 11489710656
2026-10-07T14:18:05.3027800Z Artifact download URL: https://github.com/merely-made/wgpu-graft/actions/runs/37633624184/artifacts/11489710656
2026-10-07T14:18:05.3339210Z Post job cleanup.
2026-10-07T14:18:05.4368530Z UV_PYTHON_INSTALL_DIR is already set to /Users/markik/.local/share/uv/python
2026-10-07T14:18:05.4476060Z Post job cleanup.
2026-10-07T14:18:05.5112270Z [command]/usr/bin/git version
2026-10-07T14:18:05.5275960Z git version 2.50.1 (Apple Git-155)
2026-10-07T14:18:05.5286860Z Copying '/Users/markik/.gitconfig' to '/Users/markik/actions-runner-wgpu/_work/_temp/30fe99ec-6366-470d-99d8-94d6628d482a/.gitconfig'
2026-10-07T14:18:05.5290560Z Temporarily overriding HOME='/Users/markik/actions-runner-wgpu/_work/_temp/30fe99ec-6366-470d-99d8-94d6628d482a' before making global git config changes
2026-10-07T14:18:05.5291040Z Adding repository directory to the temporary git global config as a safe directory
2026-10-07T14:18:05.5292600Z [command]/usr/bin/git config --global --add safe.directory /Users/markik/actions-runner-wgpu/_work/wgpu-graft/wgpu-graft/.registry-proof-source/weld
2026-10-07T14:18:05.6041680Z [command]/usr/bin/git config --local --name-only --get-regexp core\.sshCommand
2026-10-07T14:18:05.6122350Z [command]/usr/bin/git submodule foreach --recursive sh -c "git config --local --name-only --get-regexp 'core\.sshCommand' && git config --local --unset-all 'core.sshCommand' || :"
2026-10-07T14:18:05.6727340Z [command]/usr/bin/git config --local --name-only --get-regexp http\.https\:\/\/github\.com\/\.extraheader
2026-10-07T14:18:05.6795350Z http.https://github.com/.extraheader
2026-10-07T14:18:05.6799820Z [command]/usr/bin/git config --local --unset-all http.https://github.com/.extraheader
2026-10-07T14:18:05.6871240Z [command]/usr/bin/git submodule foreach --recursive sh -c "git config --local --name-only --get-regexp 'http\.https\:\/\/github\.com\/\.extraheader' && git config --local --unset-all 'http.https://github.com/.extraheader' || :"
2026-10-07T14:18:05.7395370Z [command]/usr/bin/git config --local --name-only --get-regexp ^includeIf\.gitdir:
2026-10-07T14:18:05.7471240Z [command]/usr/bin/git submodule foreach --recursive git config --local --show-origin --name-only --get-regexp remote.origin.url
2026-10-07T14:18:05.8039290Z Post job cleanup.
2026-10-07T14:18:05.8652790Z [command]/usr/bin/git version
2026-10-07T14:18:05.8736180Z git version 2.50.1 (Apple Git-155)
2026-10-07T14:18:05.8748360Z Copying '/Users/markik/.gitconfig' to '/Users/markik/actions-runner-wgpu/_work/_temp/f6c90ccf-9fc8-4fcb-b153-3218891dfc42/.gitconfig'
2026-10-07T14:18:05.8752370Z Temporarily overriding HOME='/Users/markik/actions-runner-wgpu/_work/_temp/f6c90ccf-9fc8-4fcb-b153-3218891dfc42' before making global git config changes
2026-10-07T14:18:05.8753140Z Adding repository directory to the temporary git global config as a safe directory
2026-10-07T14:18:05.8754820Z [command]/usr/bin/git config --global --add safe.directory /Users/markik/actions-runner-wgpu/_work/wgpu-graft/wgpu-graft/.registry-proof-source/scry
2026-10-07T14:18:05.9318320Z [command]/usr/bin/git config --local --name-only --get-regexp core\.sshCommand
2026-10-07T14:18:05.9407650Z [command]/usr/bin/git submodule foreach --recursive sh -c "git config --local --name-only --get-regexp 'core\.sshCommand' && git config --local --unset-all 'core.sshCommand' || :"
2026-10-07T14:18:05.9999250Z [command]/usr/bin/git config --local --name-only --get-regexp http\.https\:\/\/github\.com\/\.extraheader
2026-10-07T14:18:06.0122450Z http.https://github.com/.extraheader
2026-10-07T14:18:06.0126960Z [command]/usr/bin/git config --local --unset-all http.https://github.com/.extraheader
2026-10-07T14:18:06.0201440Z [command]/usr/bin/git submodule foreach --recursive sh -c "git config --local --name-only --get-regexp 'http\.https\:\/\/github\.com\/\.extraheader' && git config --local --unset-all 'http.https://github.com/.extraheader' || :"
2026-10-07T14:18:06.0857410Z [command]/usr/bin/git config --local --name-only --get-regexp ^includeIf\.gitdir:
2026-10-07T14:18:06.1054070Z [command]/usr/bin/git submodule foreach --recursive git config --local --show-origin --name-only --get-regexp remote.origin.url
2026-10-07T14:18:06.1731070Z Post job cleanup.
2026-10-07T14:18:06.2399370Z [command]/usr/bin/git version
2026-10-07T14:18:06.2487030Z git version 2.50.1 (Apple Git-155)
2026-10-07T14:18:06.2498210Z Copying '/Users/markik/.gitconfig' to '/Users/markik/actions-runner-wgpu/_work/_temp/f8453f07-df22-4f3a-87c1-94b66d76de12/.gitconfig'
2026-10-07T14:18:06.2502100Z Temporarily overriding HOME='/Users/markik/actions-runner-wgpu/_work/_temp/f8453f07-df22-4f3a-87c1-94b66d76de12' before making global git config changes
2026-10-07T14:18:06.2502790Z Adding repository directory to the temporary git global config as a safe directory
2026-10-07T14:18:06.2504710Z [command]/usr/bin/git config --global --add safe.directory /Users/markik/actions-runner-wgpu/_work/wgpu-graft/wgpu-graft/.registry-proof-source/graft
2026-10-07T14:18:06.3033080Z [command]/usr/bin/git config --local --name-only --get-regexp core\.sshCommand
2026-10-07T14:18:06.3111500Z [command]/usr/bin/git submodule foreach --recursive sh -c "git config --local --name-only --get-regexp 'core\.sshCommand' && git config --local --unset-all 'core.sshCommand' || :"
2026-10-07T14:18:06.3676270Z [command]/usr/bin/git config --local --name-only --get-regexp http\.https\:\/\/github\.com\/\.extraheader
2026-10-07T14:18:06.3748030Z http.https://github.com/.extraheader
2026-10-07T14:18:06.3752870Z [command]/usr/bin/git config --local --unset-all http.https://github.com/.extraheader
2026-10-07T14:18:06.3843440Z [command]/usr/bin/git submodule foreach --recursive sh -c "git config --local --name-only --get-regexp 'http\.https\:\/\/github\.com\/\.extraheader' && git config --local --unset-all 'http.https://github.com/.extraheader' || :"
2026-10-07T14:18:06.4412640Z [command]/usr/bin/git config --local --name-only --get-regexp ^includeIf\.gitdir:
2026-10-07T14:18:06.4488180Z [command]/usr/bin/git submodule foreach --recursive git config --local --show-origin --name-only --get-regexp remote.origin.url
2026-10-07T14:18:06.5051190Z Post job cleanup.
2026-10-07T14:18:06.5529460Z Released host hardware lock at /var/folders/96/dck6q6xj3490x43zr8fb8pbm0000gp/T/merely-wgpu-hardware-lock/host.lock
2026-10-07T14:18:06.5586520Z Post job cleanup.
2026-10-07T14:18:06.6195450Z [command]/usr/bin/git version
2026-10-07T14:18:06.6275660Z git version 2.50.1 (Apple Git-155)
2026-10-07T14:18:06.6286970Z Copying '/Users/markik/.gitconfig' to '/Users/markik/actions-runner-wgpu/_work/_temp/a677e4cd-056c-4872-b9e8-3535e0e73aa7/.gitconfig'
2026-10-07T14:18:06.6291130Z Temporarily overriding HOME='/Users/markik/actions-runner-wgpu/_work/_temp/a677e4cd-056c-4872-b9e8-3535e0e73aa7' before making global git config changes
2026-10-07T14:18:06.6291630Z Adding repository directory to the temporary git global config as a safe directory
2026-10-07T14:18:06.6293310Z [command]/usr/bin/git config --global --add safe.directory /Users/markik/actions-runner-wgpu/_work/wgpu-graft/wgpu-graft
2026-10-07T14:18:06.6800480Z [command]/usr/bin/git config --local --name-only --get-regexp core\.sshCommand
2026-10-07T14:18:06.6875500Z [command]/usr/bin/git submodule foreach --recursive sh -c "git config --local --name-only --get-regexp 'core\.sshCommand' && git config --local --unset-all 'core.sshCommand' || :"
2026-10-07T14:18:06.7403940Z [command]/usr/bin/git config --local --name-only --get-regexp http\.https\:\/\/github\.com\/\.extraheader
2026-10-07T14:18:06.7472860Z http.https://github.com/.extraheader
2026-10-07T14:18:06.7477150Z [command]/usr/bin/git config --local --unset-all http.https://github.com/.extraheader
2026-10-07T14:18:06.7546670Z [command]/usr/bin/git submodule foreach --recursive sh -c "git config --local --name-only --get-regexp 'http\.https\:\/\/github\.com\/\.extraheader' && git config --local --unset-all 'http.https://github.com/.extraheader' || :"
2026-10-07T14:18:06.8055830Z [command]/usr/bin/git config --local --name-only --get-regexp ^includeIf\.gitdir:
2026-10-07T14:18:06.8129360Z [command]/usr/bin/git submodule foreach --recursive git config --local --show-origin --name-only --get-regexp remote.origin.url
2026-10-07T14:18:06.8695030Z Cleaning up orphan processes
2026-10-07T14:18:07.2750970Z ##[warning]Node.js 20 is deprecated. The following actions target Node.js 20 but are being forced to run on Node.js 24: actions/checkout@v4, actions/upload-artifact@v4. For more information see: https://github.blog/changelog/2025-09-19-deprecation-of-node-20-on-github-actions-runners/
