2026-10-07T13:35:24.4943736Z Current runner version: '2.337.0'
2026-10-07T13:35:24.4969357Z ##[group]Runner Image Provisioner
2026-10-07T13:35:24.4970267Z Hosted Compute Agent
2026-10-07T13:35:24.4970898Z Version: 20261002.596
2026-10-07T13:35:24.4971808Z Commit: c3d12f3313a95f25162a1503be624f3b0617f8c0
2026-10-07T13:35:24.4972558Z Build Date: 2026-10-02T22:28:27Z
2026-10-07T13:35:24.4973288Z Worker ID: {3e755013-cf3f-41cb-b792-a732575db673}
2026-10-07T13:35:24.4974035Z Region: eastus
2026-10-07T13:35:24.4974615Z Cloud: Azure
2026-10-07T13:35:24.4975243Z ##[endgroup]
2026-10-07T13:35:24.4976989Z ##[group]Operating System
2026-10-07T13:35:24.4977776Z Ubuntu
2026-10-07T13:35:24.4978397Z 24.04.5
2026-10-07T13:35:24.4979031Z LTS
2026-10-07T13:35:24.4979622Z ##[endgroup]
2026-10-07T13:35:24.4980184Z ##[group]Runner Image
2026-10-07T13:35:24.4980860Z Image: ubuntu-24.04
2026-10-07T13:35:24.4981454Z Version: 20261004.327.1
2026-10-07T13:35:24.4982803Z Included Software: https://github.com/actions/runner-images/blob/ubuntu24/20261004.327/images/ubuntu/Ubuntu2404-Readme.md
2026-10-07T13:35:24.4984400Z Image Release: https://github.com/actions/runner-images/releases/tag/ubuntu24%2F20261004.327
2026-10-07T13:35:24.4985425Z ##[endgroup]
2026-10-07T13:35:24.4986964Z ##[group]GITHUB_TOKEN Permissions
2026-10-07T13:35:24.4989377Z Contents: read
2026-10-07T13:35:24.4990071Z Metadata: read
2026-10-07T13:35:24.4990685Z ##[endgroup]
2026-10-07T13:35:24.4992893Z Secret source: Actions
2026-10-07T13:35:24.4993993Z Cache mode: write
2026-10-07T13:35:24.4994994Z Prepare workflow directory
2026-10-07T13:35:24.5417116Z Prepare all required actions
2026-10-07T13:35:24.5466617Z Getting action download info
2026-10-07T13:35:24.7668679Z Download action repository 'actions/checkout@v4' (SHA:11d5960a326750d5838078e36cf38b85af677262)
2026-10-07T13:35:24.8516591Z Download action repository 'dtolnay/rust-toolchain@1.92.0' (SHA:1e7c0e2ba8d6443512f43fe0c99104527001da2e)
2026-10-07T13:35:25.0853426Z Complete job name: Rust 1.92 / Linux / WebKitGTK 6.0
2026-10-07T13:35:25.1379441Z ##[group]Checking docker version
2026-10-07T13:35:25.1391815Z ##[command]/usr/bin/docker version --format '{{.Server.APIVersion}}'
2026-10-07T13:35:25.2243046Z '1.48'
2026-10-07T13:35:25.2252789Z Docker daemon API version: '1.48'
2026-10-07T13:35:25.2253623Z ##[command]/usr/bin/docker version --format '{{.Client.APIVersion}}'
2026-10-07T13:35:25.2426730Z '1.48'
2026-10-07T13:35:25.2438522Z Docker client API version: '1.48'
2026-10-07T13:35:25.2443957Z ##[endgroup]
2026-10-07T13:35:25.2447573Z ##[group]Clean up resources from previous jobs
2026-10-07T13:35:25.2453194Z ##[command]/usr/bin/docker ps --all --quiet --no-trunc --filter "label=97bb90"
2026-10-07T13:35:25.2657222Z ##[command]/usr/bin/docker network prune --force --filter "label=97bb90"
2026-10-07T13:35:25.2796973Z ##[endgroup]
2026-10-07T13:35:25.2797509Z ##[group]Create local container network
2026-10-07T13:35:25.2808207Z ##[command]/usr/bin/docker network create --label 97bb90 github_network_e1f4e459aac84a59bc3f0d8e60bf4bb8
2026-10-07T13:35:25.3320357Z 6bee9e3297d906b6ef479bedd473d5e3927da8ea23638049facccf6ac1135334
2026-10-07T13:35:25.3335965Z ##[endgroup]
2026-10-07T13:35:25.3361356Z ##[group]Starting job container
2026-10-07T13:35:25.3383301Z ##[command]/usr/bin/docker pull fedora:44
2026-10-07T13:35:25.6100438Z 44: Pulling from library/fedora
2026-10-07T13:35:25.6834476Z 59259e167f13: Pulling fs layer
2026-10-07T13:35:25.9870564Z 59259e167f13: Verifying Checksum
2026-10-07T13:35:28.2375714Z 59259e167f13: Download complete
2026-10-07T13:35:28.2376813Z 59259e167f13: Pull complete
2026-10-07T13:35:28.2469336Z Digest: sha256:43b29f65a41eb9c35e1cd5323e3bdf3b655c2357a9f4f1ff2f9c2798e5045d80
2026-10-07T13:35:28.2486140Z Status: Downloaded newer image for fedora:44
2026-10-07T13:35:28.2494092Z docker.io/library/fedora:44
2026-10-07T13:35:28.2582653Z ##[command]/usr/bin/docker create --name b7cc5b19edb24b608ec00980eff3b74a_fedora44_52d0e5 --label 97bb90 --workdir /__w/wgpu-scry/wgpu-scry --network github_network_e1f4e459aac84a59bc3f0d8e60bf4bb8  -e "HOME=/github/home" -e GITHUB_ACTIONS=true -e CI=true -v "/var/run/docker.sock":"/var/run/docker.sock" -v "/home/runner/work":"/__w" -v "/home/runner/actions-runner/cached/2.337.0/externals":"/__e":ro -v "/home/runner/work/_temp":"/__w/_temp" -v "/home/runner/work/_actions":"/__w/_actions" -v "/opt/hostedtoolcache":"/__t" -v "/home/runner/work/_temp/_github_home":"/github/home" -v "/home/runner/work/_temp/_github_workflow":"/github/workflow" --entrypoint "tail" fedora:44 "-f" "/dev/null"
2026-10-07T13:35:31.0934667Z 1c4f7c6a972636fd2c8eb63e7da0b5c6041f9c96a99685f7b589d339dc1ed76f
2026-10-07T13:35:31.0960903Z ##[command]/usr/bin/docker start 1c4f7c6a972636fd2c8eb63e7da0b5c6041f9c96a99685f7b589d339dc1ed76f
2026-10-07T13:35:31.2843721Z 1c4f7c6a972636fd2c8eb63e7da0b5c6041f9c96a99685f7b589d339dc1ed76f
2026-10-07T13:35:31.2864791Z ##[command]/usr/bin/docker ps --all --filter id=1c4f7c6a972636fd2c8eb63e7da0b5c6041f9c96a99685f7b589d339dc1ed76f --filter status=running --no-trunc --format "{{.ID}} {{.Status}}"
2026-10-07T13:35:31.3001733Z 1c4f7c6a972636fd2c8eb63e7da0b5c6041f9c96a99685f7b589d339dc1ed76f Up Less than a second
2026-10-07T13:35:31.3024831Z ##[command]/usr/bin/docker inspect --format "{{range .Config.Env}}{{println .}}{{end}}" 1c4f7c6a972636fd2c8eb63e7da0b5c6041f9c96a99685f7b589d339dc1ed76f
2026-10-07T13:35:31.3227369Z HOME=/github/home
2026-10-07T13:35:31.3228095Z GITHUB_ACTIONS=true
2026-10-07T13:35:31.3228551Z CI=true
2026-10-07T13:35:31.3229153Z PATH=/usr/local/sbin:/usr/local/bin:/usr/sbin:/usr/bin:/sbin:/bin
2026-10-07T13:35:31.3229669Z DISTTAG=f44container
2026-10-07T13:35:31.3229948Z FGC=f44
2026-10-07T13:35:31.3230195Z FBR=f44
2026-10-07T13:35:31.3253267Z ##[endgroup]
2026-10-07T13:35:31.3263244Z ##[group]Waiting for all services to be ready
2026-10-07T13:35:31.3265065Z ##[endgroup]
2026-10-07T13:35:31.3487335Z ##[group]Run dnf install -y git curl gcc gcc-c++ pkgconf-pkg-config gtk4-devel webkitgtk6.0-devel
2026-10-07T13:35:31.3488196Z [36;1mdnf install -y git curl gcc gcc-c++ pkgconf-pkg-config gtk4-devel webkitgtk6.0-devel[0m
2026-10-07T13:35:31.3492209Z shell: sh -e {0}
2026-10-07T13:35:31.3492712Z env:
2026-10-07T13:35:31.3492956Z   CARGO_NET_GIT_FETCH_WITH_CLI: true
2026-10-07T13:35:31.3493261Z ##[endgroup]
2026-10-07T13:35:31.4691521Z Updating and loading repositories:
2026-10-07T13:35:32.4277015Z  Fedora 44 openh264 (From Cisco) - x86_ 100% |   8.7 KiB/s |   5.3 KiB |  00m01s
2026-10-07T13:35:33.0723346Z  Fedora 44 - x86_64 - Updates           100% |   7.5 MiB/s |  12.0 MiB |  00m02s
2026-10-07T13:35:33.6654677Z  Fedora 44 - x86_64                     100% |  20.5 MiB/s |  36.4 MiB |  00m02s
2026-10-07T13:35:37.9774095Z Repositories loaded.
2026-10-07T13:35:39.7084479Z Package "curl-8.18.0-8.fc44.x86_64" is already installed.
2026-10-07T13:35:39.7085017Z 
2026-10-07T13:35:39.7143255Z Package                             Arch   Version                           Repository                            Size
2026-10-07T13:35:39.7144224Z Upgrading:
2026-10-07T13:35:39.7144923Z  elfutils-libelf                    x86_64 0:0.196-1.fc44                    updates                            1.4 MiB
2026-10-07T13:35:39.7146074Z    replacing elfutils-libelf        x86_64 0:0.195-1.fc44                    0eae96ab45874228a86a12a132e699ed   1.2 MiB
2026-10-07T13:35:39.7147689Z  elfutils-libs                      x86_64 0:0.196-1.fc44                    updates                          715.4 KiB
2026-10-07T13:35:39.7148960Z    replacing elfutils-libs          x86_64 0:0.195-1.fc44                    0eae96ab45874228a86a12a132e699ed 715.3 KiB
2026-10-07T13:35:39.7150121Z  glibc                              x86_64 0:2.43-9.fc44                     updates                            6.9 MiB
2026-10-07T13:35:39.7151241Z    replacing glibc                  x86_64 0:2.43-8.fc44                     0eae96ab45874228a86a12a132e699ed   6.9 MiB
2026-10-07T13:35:39.7152495Z  glibc-common                       x86_64 0:2.43-9.fc44                     updates                            1.0 MiB
2026-10-07T13:35:39.7153721Z    replacing glibc-common           x86_64 0:2.43-8.fc44                     0eae96ab45874228a86a12a132e699ed   1.0 MiB
2026-10-07T13:35:39.7155590Z  glibc-minimal-langpack             x86_64 0:2.43-9.fc44                     updates                            0.0   B
2026-10-07T13:35:39.7157164Z    replacing glibc-minimal-langpack x86_64 0:2.43-8.fc44                     0eae96ab45874228a86a12a132e699ed   0.0   B
2026-10-07T13:35:39.7158290Z  libselinux                         x86_64 0:3.11-2.fc44                     updates                          205.2 KiB
2026-10-07T13:35:39.7159341Z    replacing libselinux             x86_64 0:3.11-1.fc44                     0eae96ab45874228a86a12a132e699ed 205.2 KiB
2026-10-07T13:35:39.7160131Z Installing:
2026-10-07T13:35:39.7160695Z  gcc                                x86_64 0:16.2.1-2.fc44                   updates                          121.8 MiB
2026-10-07T13:35:39.7161610Z  gcc-c++                            x86_64 0:16.2.1-2.fc44                   updates                           46.8 MiB
2026-10-07T13:35:39.7162532Z  git                                x86_64 0:2.56.0-1.fc44                   updates                           57.7 KiB
2026-10-07T13:35:39.7163502Z  gtk4-devel                         x86_64 0:4.22.5-2.fc44                   updates                           24.0 MiB
2026-10-07T13:35:39.7164514Z  pkgconf-pkg-config                 x86_64 0:2.5.1-1.fc44                    fedora                           989.0   B
2026-10-07T13:35:39.7165559Z  webkitgtk6.0-devel                 x86_64 0:2.54.1-1.fc44                   updates                            2.3 MiB
2026-10-07T13:35:39.7166543Z Installing dependencies:
2026-10-07T13:35:39.7167593Z  ModemManager-glib                  x86_64 0:1.24.2-3.fc44                   fedora                             1.5 MiB
2026-10-07T13:35:39.7168777Z  abattis-cantarell-vf-fonts         noarch 0:0.301-17.fc44                   fedora                           192.7 KiB
2026-10-07T13:35:39.7169901Z  abseil-cpp                         x86_64 0:20260107.1-1.fc44               fedora                             2.6 MiB
2026-10-07T13:35:39.7171070Z  adobe-source-code-pro-fonts        noarch 0:2.042.1.062.1.026-9.fc44        fedora                             1.6 MiB
2026-10-07T13:35:39.7172229Z  adwaita-cursor-theme               noarch 0:50.0-1.fc44                     fedora                            11.4 MiB
2026-10-07T13:35:39.7173291Z  adwaita-icon-theme                 noarch 0:50.0-1.fc44                     fedora                             1.1 MiB
2026-10-07T13:35:39.7174451Z  adwaita-icon-theme-legacy          noarch 0:46.2-7.fc44                     fedora                             2.1 MiB
2026-10-07T13:35:39.7175494Z  alsa-lib                           x86_64 0:1.2.16.1-1.fc44                 updates                            1.5 MiB
2026-10-07T13:35:39.7176759Z  aribb24                            x86_64 0:1.0.3^20160216git5e9be27-5.fc44 fedora                            83.0 KiB
2026-10-07T13:35:39.7177794Z  at-spi2-atk                        x86_64 0:2.60.7-1.fc44                   updates                          284.1 KiB
2026-10-07T13:35:39.7178820Z  at-spi2-core                       x86_64 0:2.60.7-1.fc44                   updates                            1.6 MiB
2026-10-07T13:35:39.7179884Z  atk                                x86_64 0:2.60.7-1.fc44                   updates                          252.5 KiB
2026-10-07T13:35:39.7180858Z  avahi-glib                         x86_64 0:0.9~rc2-8.fc44                  fedora                            19.5 KiB
2026-10-07T13:35:39.7181855Z  avahi-libs                         x86_64 0:0.9~rc2-8.fc44                  fedora                           179.2 KiB
2026-10-07T13:35:39.7182807Z  binutils                           x86_64 0:2.46.1-1.fc44                   updates                           28.2 MiB
2026-10-07T13:35:39.7183898Z  bluez-libs                         x86_64 0:5.87+1.git8750129efca8-1.fc44   updates                          202.3 KiB
2026-10-07T13:35:39.7185214Z  brotli                             x86_64 0:1.2.0-3.fc44                    fedora                            33.4 KiB
2026-10-07T13:35:39.7186544Z  brotli-devel                       x86_64 0:1.2.0-3.fc44                    fedora                            65.9 KiB
2026-10-07T13:35:39.7187614Z  bubblewrap                         x86_64 0:0.12.0-1.fc44                   updates                          139.8 KiB
2026-10-07T13:35:39.7188641Z  bzip2-devel                        x86_64 0:1.0.8-23.fc44                   fedora                           309.8 KiB
2026-10-07T13:35:39.7189638Z  cairo                              x86_64 0:1.18.6-1.fc44                   updates                            1.8 MiB
2026-10-07T13:35:39.7190645Z  cairo-devel                        x86_64 0:1.18.6-1.fc44                   updates                            2.3 MiB
2026-10-07T13:35:39.7191685Z  cairo-gobject                      x86_64 0:1.18.6-1.fc44                   updates                           31.0 KiB
2026-10-07T13:35:39.7192773Z  cairo-gobject-devel                x86_64 0:1.18.6-1.fc44                   updates                            7.0 KiB
2026-10-07T13:35:39.7193876Z  cdparanoia-libs                    x86_64 0:10.2-50.fc44                    fedora                           113.3 KiB
2026-10-07T13:35:39.7194914Z  cjson                              x86_64 0:1.7.19-1.fc44                   updates                           67.8 KiB
2026-10-07T13:35:39.7195939Z  cmake-filesystem                   x86_64 0:4.3.0-1.fc44                    fedora                             0.0   B
2026-10-07T13:35:39.7197197Z  codec2                             x86_64 0:1.2.0-9.fc44                    fedora                             1.4 MiB
2026-10-07T13:35:39.7198440Z  colord-libs                        x86_64 0:1.4.8-4.fc44                    fedora                           830.4 KiB
2026-10-07T13:35:39.7199458Z  cpp                                x86_64 0:16.2.1-2.fc44                   updates                           42.6 MiB
2026-10-07T13:35:39.7200515Z  cups-filesystem                    noarch 1:2.4.19-3.fc44                   updates                            0.0   B
2026-10-07T13:35:39.7201576Z  cups-libs                          x86_64 1:2.4.19-3.fc44                   updates                          634.6 KiB
2026-10-07T13:35:39.7202551Z  dbus                               x86_64 1:1.16.2-1.fc44                   fedora                             0.0   B
2026-10-07T13:35:39.7203529Z  dbus-libs                          x86_64 1:1.16.2-1.fc44                   fedora                           357.4 KiB
2026-10-07T13:35:39.7204612Z  default-fonts-core-sans            noarch 0:4.3-1.fc44                      fedora                            11.9 KiB
2026-10-07T13:35:39.7205706Z  duktape                            x86_64 0:2.7.0-11.fc44                   fedora                           623.6 KiB
2026-10-07T13:35:39.7207050Z  elfutils-debuginfod-client         x86_64 0:0.196-1.fc44                    updates                           83.8 KiB
2026-10-07T13:35:39.7208201Z  enchant2                           x86_64 0:2.8.21-1.fc44                   updates                          245.7 KiB
2026-10-07T13:35:39.7209191Z  exempi                             x86_64 0:2.6.4-9.fc44                    fedora                             1.4 MiB
2026-10-07T13:35:39.7210180Z  exiv2-libs                         x86_64 0:0.28.9-1.fc44                   updates                            2.9 MiB
2026-10-07T13:35:39.7211172Z  expat                              x86_64 0:2.8.5-1.fc44                    updates                          342.2 KiB
2026-10-07T13:35:39.7212161Z  faad2-libs                         x86_64 1:2.11.2-6.fc44                   fedora                           618.7 KiB
2026-10-07T13:35:39.7213177Z  fdk-aac-free                       x86_64 0:2.0.3-2.fc44                    fedora                           628.3 KiB
2026-10-07T13:35:39.7214238Z  fftw-libs-single                   x86_64 0:3.3.10-17.fc44                  fedora                             3.6 MiB
2026-10-07T13:35:39.7215487Z  flac-libs                          x86_64 0:1.5.0-8.fc44                    fedora                           627.3 KiB
2026-10-07T13:35:39.7216690Z  flite                              x86_64 0:2.2-13.fc44                     fedora                            21.5 MiB
2026-10-07T13:35:39.7217696Z  fontconfig                         x86_64 0:2.17.0-4.fc44                   fedora                           776.4 KiB
2026-10-07T13:35:39.7218739Z  fontconfig-devel                   x86_64 0:2.17.0-4.fc44                   fedora                           123.6 KiB
2026-10-07T13:35:39.7219834Z  fonts-filesystem                   noarch 1:5.0.0-2.fc44                    fedora                             0.0   B
2026-10-07T13:35:39.7220891Z  freetype                           x86_64 0:2.14.3-1.fc44                   updates                          918.3 KiB
2026-10-07T13:35:39.7221929Z  freetype-devel                     x86_64 0:2.14.3-1.fc44                   updates                            8.6 MiB
2026-10-07T13:35:39.7222966Z  fribidi                            x86_64 0:1.0.16-4.fc44                   fedora                           190.0 KiB
2026-10-07T13:35:39.7223978Z  fribidi-devel                      x86_64 0:1.0.16-4.fc44                   fedora                            78.0 KiB
2026-10-07T13:35:39.7225015Z  fuse-common                        x86_64 0:3.18.3-1.fc44                   updates                           38.0   B
2026-10-07T13:35:39.7226021Z  fuse3                              x86_64 0:3.18.3-1.fc44                   updates                          139.1 KiB
2026-10-07T13:35:39.7227432Z  fuse3-libs                         x86_64 0:3.18.3-1.fc44                   updates                          297.8 KiB
2026-10-07T13:35:39.7228474Z  game-music-emu                     x86_64 0:0.6.4-3.fc44                    fedora                           360.0 KiB
2026-10-07T13:35:39.7229873Z  gdk-pixbuf2                        x86_64 0:2.44.6^really2.44.4-3.fc44      updates                            2.5 MiB
2026-10-07T13:35:39.7231059Z  gdk-pixbuf2-devel                  x86_64 0:2.44.6^really2.44.4-3.fc44      updates                            2.2 MiB
2026-10-07T13:35:39.7232135Z  gettext                            x86_64 0:0.26-5.fc44                     updates                           12.9 MiB
2026-10-07T13:35:39.7233156Z  gettext-envsubst                   x86_64 0:0.26-5.fc44                     updates                           87.5 KiB
2026-10-07T13:35:39.7234204Z  gettext-libs                       x86_64 0:0.26-5.fc44                     updates                            2.4 MiB
2026-10-07T13:35:39.7235258Z  gettext-runtime                    x86_64 0:0.26-5.fc44                     updates                          738.3 KiB
2026-10-07T13:35:39.7236554Z  giflib                             x86_64 0:6.1.3-2.fc44                    updates                          122.1 KiB
2026-10-07T13:35:39.7237554Z  git-core                           x86_64 0:2.56.0-1.fc44                   updates                           27.7 MiB
2026-10-07T13:35:39.7238579Z  git-core-doc                       noarch 0:2.56.0-1.fc44                   updates                           19.1 MiB
2026-10-07T13:35:39.7239573Z  glfw                               x86_64 1:3.4-6.fc44                      fedora                           386.1 KiB
2026-10-07T13:35:39.7240570Z  glib-networking                    x86_64 0:2.80.1-4.fc44                   fedora                           750.4 KiB
2026-10-07T13:35:39.7241609Z  glib2-devel                        x86_64 0:2.88.3-1.fc44                   updates                           15.8 MiB
2026-10-07T13:35:39.7242639Z  glibc-devel                        x86_64 0:2.43-9.fc44                     updates                            2.3 MiB
2026-10-07T13:35:39.7243688Z  glibc-gconv-extra                  x86_64 0:2.43-9.fc44                     updates                            7.4 MiB
2026-10-07T13:35:39.7245053Z  glycin-devel                       x86_64 0:2.1.5-1.fc44                    updates                          126.2 KiB
2026-10-07T13:35:39.7246080Z  glycin-libs                        x86_64 0:2.1.5-1.fc44                    updates                            4.3 MiB
2026-10-07T13:35:39.7247373Z  glycin-loaders                     x86_64 0:2.1.5-1.fc44                    updates                           13.8 MiB
2026-10-07T13:35:39.7248497Z  gobject-introspection              x86_64 0:1.86.0-3.fc44                   fedora                           397.3 KiB
2026-10-07T13:35:39.7346765Z  google-noto-fonts-common           noarch 0:20251201-2.fc44                 fedora                            17.7 KiB
2026-10-07T13:35:39.7348447Z  google-noto-sans-vf-fonts          noarch 0:20251201-2.fc44                 fedora                             1.4 MiB
2026-10-07T13:35:39.7349740Z  gpgme                              x86_64 0:2.0.1-5.fc44                    updates                          617.8 KiB
2026-10-07T13:35:39.7350917Z  gpgmepp                            x86_64 0:2.0.1-5.fc44                    updates                          441.6 KiB
2026-10-07T13:35:39.7351998Z  graphene                           x86_64 0:1.10.8-4.fc44                   fedora                           158.3 KiB
2026-10-07T13:35:39.7353066Z  graphene-devel                     x86_64 0:1.10.8-4.fc44                   fedora                             2.3 MiB
2026-10-07T13:35:39.7354181Z  graphite2                          x86_64 0:1.3.14-20.fc44                  fedora                           191.5 KiB
2026-10-07T13:35:39.7355251Z  graphite2-devel                    x86_64 0:1.3.14-20.fc44                  fedora                            49.3 KiB
2026-10-07T13:35:39.7357046Z Total size of inbound packages is 425 MiB. Need to download 425 MiB.
2026-10-07T13:35:39.7357980Z After this operation, 2 GiB extra will be used (install 2 GiB, remove 10 MiB).
2026-10-07T13:35:39.7358987Z  groff-base                         x86_64 0:1.23.0-12.fc44                  fedora                             3.9 MiB
2026-10-07T13:35:39.7360139Z  gsettings-desktop-schemas          x86_64 0:50.1-1.fc44                     updates                            6.1 MiB
2026-10-07T13:35:39.7361292Z  gsm                                x86_64 0:1.0.24-2.fc44                   fedora                            65.7 KiB
2026-10-07T13:35:39.7362385Z  gssdp                              x86_64 0:1.6.6-1.fc44                    updates                          151.1 KiB
2026-10-07T13:35:39.7363407Z  gstreamer1                         x86_64 0:1.28.7-1.fc44                   updates                            5.5 MiB
2026-10-07T13:35:39.7364575Z  gstreamer1-plugins-bad-free-libs   x86_64 0:1.28.7-1.fc44                   updates                            3.6 MiB
2026-10-07T13:35:39.7365827Z  gstreamer1-plugins-base            x86_64 0:1.28.7-1.fc44                   updates                            7.5 MiB
2026-10-07T13:35:39.7367251Z  gtk-update-icon-cache              x86_64 0:3.24.52-2.fc44                  updates                           62.0 KiB
2026-10-07T13:35:39.7368365Z  gtk3                               x86_64 0:3.24.52-2.fc44                  updates                           22.8 MiB
2026-10-07T13:35:39.7369363Z  gtk4                               x86_64 0:4.22.5-2.fc44                   updates                           28.2 MiB
2026-10-07T13:35:39.7370353Z  gupnp                              x86_64 0:1.6.10-1.fc44                   updates                          311.9 KiB
2026-10-07T13:35:39.7371366Z  gupnp-igd                          x86_64 0:1.6.0-8.fc44                    fedora                            66.6 KiB
2026-10-07T13:35:39.7372404Z  harfbuzz                           x86_64 0:14.1.0-2.fc44                   updates                            2.8 MiB
2026-10-07T13:35:39.7373451Z  harfbuzz-cairo                     x86_64 0:14.1.0-2.fc44                   updates                           52.1 KiB
2026-10-07T13:35:39.7374612Z  harfbuzz-devel                     x86_64 0:14.1.0-2.fc44                   updates                            6.1 MiB
2026-10-07T13:35:39.7375969Z  harfbuzz-gpu                       x86_64 0:14.1.0-2.fc44                   updates                           87.7 KiB
2026-10-07T13:35:39.7377281Z  harfbuzz-icu                       x86_64 0:14.1.0-2.fc44                   updates                           15.2 KiB
2026-10-07T13:35:39.7378378Z  harfbuzz-raster                    x86_64 0:14.1.0-2.fc44                   updates                          209.8 KiB
2026-10-07T13:35:39.7379479Z  harfbuzz-vector                    x86_64 0:14.1.0-2.fc44                   updates                          100.9 KiB
2026-10-07T13:35:39.7380585Z  hicolor-icon-theme                 noarch 0:0.18-3.fc44                     fedora                            72.4 KiB
2026-10-07T13:35:39.7381664Z  hidapi                             x86_64 0:0.15.0-3.fc44                   fedora                           110.2 KiB
2026-10-07T13:35:39.7382681Z  highway                            x86_64 0:1.3.0-2.fc44                    fedora                             5.5 MiB
2026-10-07T13:35:39.7383701Z  hunspell                           x86_64 0:1.7.4-2.fc44                    updates                            1.3 MiB
2026-10-07T13:35:39.7384790Z  hunspell-en-AU                     noarch 0:0.20260225-2.fc44               updates                          502.1 KiB
2026-10-07T13:35:39.7385938Z  hunspell-en-CA                     noarch 0:0.20260225-2.fc44               updates                          499.6 KiB
2026-10-07T13:35:39.7387336Z  hunspell-en-GB                     noarch 0:0.20260225-2.fc44               updates                          543.2 KiB
2026-10-07T13:35:39.7388720Z  hunspell-en-US                     noarch 0:0.20260225-2.fc44               updates                          506.7 KiB
2026-10-07T13:35:39.7389908Z  hunspell-filesystem                x86_64 0:1.7.4-2.fc44                    updates                            0.0   B
2026-10-07T13:35:39.7391001Z  hwdata                             noarch 0:0.412-1.fc44                    updates                           10.1 MiB
2026-10-07T13:35:39.7392014Z  hyphen                             x86_64 0:2.8.8-28.fc44                   fedora                            51.5 KiB
2026-10-07T13:35:39.7393013Z  ilbc                               x86_64 0:3.0.4-19.fc44                   fedora                            91.3 KiB
2026-10-07T13:35:39.7393992Z  inih                               x86_64 0:62-2.fc44                       fedora                            22.3 KiB
2026-10-07T13:35:39.7395003Z  inih-cpp                           x86_64 0:62-2.fc44                       fedora                            40.0 KiB
2026-10-07T13:35:39.7396049Z  iso-codes                          noarch 0:4.20.1-3.fc44                   fedora                            22.3 MiB
2026-10-07T13:35:39.7397340Z  jansson                            x86_64 0:2.14-4.fc44                     fedora                            88.9 KiB
2026-10-07T13:35:39.7398462Z  javascriptcoregtk6.0               x86_64 0:2.54.1-1.fc44                   updates                           33.6 MiB
2026-10-07T13:35:39.7399666Z  javascriptcoregtk6.0-devel         x86_64 0:2.54.1-1.fc44                   updates                          659.2 KiB
2026-10-07T13:35:39.7400799Z  jbigkit-libs                       x86_64 0:2.1-33.fc44                     fedora                           117.2 KiB
2026-10-07T13:35:39.7401840Z  json-glib                          x86_64 0:1.10.8-5.fc44                   fedora                           596.2 KiB
2026-10-07T13:35:39.7402901Z  kernel-headers                     x86_64 0:7.2.4-200.fc44                  updates                            7.0 MiB
2026-10-07T13:35:39.7404021Z  keyutils-libs-devel                x86_64 0:1.6.3-7.fc44                    fedora                            48.2 KiB
2026-10-07T13:35:39.7405104Z  krb5-devel                         x86_64 0:1.22.2-4.fc44                   updates                          709.9 KiB
2026-10-07T13:35:39.7406596Z  lame-libs                          x86_64 0:3.100-21.fc44                   fedora                             1.2 MiB
2026-10-07T13:35:39.7407607Z  lcms2                              x86_64 0:2.16-7.fc44                     fedora                           445.7 KiB
2026-10-07T13:35:39.7408628Z  lcms2-devel                        x86_64 0:2.16-7.fc44                     fedora                           135.7 KiB
2026-10-07T13:35:39.7409630Z  less                               x86_64 0:704-4.fc44                      updates                          479.5 KiB
2026-10-07T13:35:39.7410631Z  libGLEW                            x86_64 0:2.2.0-12.fc44                   fedora                           760.2 KiB
2026-10-07T13:35:39.7411644Z  libX11                             x86_64 0:1.8.13-3.fc44                   updates                            1.3 MiB
2026-10-07T13:35:39.7412665Z  libX11-common                      noarch 0:1.8.13-3.fc44                   updates                            1.1 MiB
2026-10-07T13:35:39.7413723Z  libX11-devel                       x86_64 0:1.8.13-3.fc44                   updates                            1.0 MiB
2026-10-07T13:35:39.7414730Z  libX11-xcb                         x86_64 0:1.8.13-3.fc44                   updates                           10.8 KiB
2026-10-07T13:35:39.7415715Z  libXau                             x86_64 0:1.0.12-4.fc44                   fedora                            72.8 KiB
2026-10-07T13:35:39.7417196Z  libXau-devel                       x86_64 0:1.0.12-4.fc44                   fedora                             7.3 KiB
2026-10-07T13:35:39.7418442Z  libXcomposite                      x86_64 0:0.4.6-7.fc44                    fedora                            40.3 KiB
2026-10-07T13:35:39.7419481Z  libXcursor                         x86_64 0:1.2.3-4.fc44                    fedora                            53.3 KiB
2026-10-07T13:35:39.7420480Z  libXdamage                         x86_64 0:1.1.6-7.fc44                    fedora                            39.5 KiB
2026-10-07T13:35:39.7421469Z  libXext                            x86_64 0:1.3.6-5.fc44                    fedora                            89.8 KiB
2026-10-07T13:35:39.7422465Z  libXext-devel                      x86_64 0:1.3.6-5.fc44                    fedora                            97.7 KiB
2026-10-07T13:35:39.7423479Z  libXfixes                          x86_64 0:6.0.1-7.fc44                    fedora                            34.0 KiB
2026-10-07T13:35:39.7424457Z  libXft                             x86_64 0:2.3.8-10.fc44                   fedora                           168.3 KiB
2026-10-07T13:35:39.7425451Z  libXft-devel                       x86_64 0:2.3.8-10.fc44                   fedora                            29.1 KiB
2026-10-07T13:35:39.7426669Z  libXi                              x86_64 0:1.8.3-1.fc44                    updates                           80.6 KiB
2026-10-07T13:35:39.7427749Z  libXinerama                        x86_64 0:1.1.5-10.fc44                   fedora                            14.8 KiB
2026-10-07T13:35:39.7428769Z  libXrandr                          x86_64 0:1.5.4-7.fc44                    fedora                            55.6 KiB
2026-10-07T13:35:39.7429775Z  libXrender                         x86_64 0:0.9.12-4.fc44                   fedora                            49.9 KiB
2026-10-07T13:35:39.7430813Z  libXrender-devel                   x86_64 0:0.9.12-4.fc44                   fedora                            50.1 KiB
2026-10-07T13:35:39.7431830Z  libXtst                            x86_64 0:1.2.5-4.fc44                    fedora                            33.4 KiB
2026-10-07T13:35:39.7432794Z  libXv                              x86_64 0:1.0.13-4.fc44                   fedora                            25.9 KiB
2026-10-07T13:35:39.7433769Z  libXxf86vm                         x86_64 0:1.1.6-4.fc44                    fedora                            25.1 KiB
2026-10-07T13:35:39.7434744Z  libaom                             x86_64 0:3.13.3-1.fc44                   updates                            5.1 MiB
2026-10-07T13:35:39.7435942Z  libaribcaption                     x86_64 0:1.1.1-4.fc44                    fedora                           260.0 KiB
2026-10-07T13:35:39.7437188Z  libasyncns                         x86_64 0:0.8-34.fc44                     updates                           55.4 KiB
2026-10-07T13:35:39.7438193Z  libatomic                          x86_64 0:16.2.1-2.fc44                   updates                           45.6 KiB
2026-10-07T13:35:39.7439219Z  libavcodec-free                    x86_64 0:8.1.3-1.fc44                    updates                           10.3 MiB
2026-10-07T13:35:39.7440282Z  libavformat-free                   x86_64 0:8.1.3-1.fc44                    updates                            2.8 MiB
2026-10-07T13:35:39.7441299Z  libavif                            x86_64 0:1.3.0-4.fc44                    fedora                           265.8 KiB
2026-10-07T13:35:39.7442311Z  libavutil-free                     x86_64 0:8.1.3-1.fc44                    updates                          975.2 KiB
2026-10-07T13:35:39.7443367Z  libblkid-devel                     x86_64 0:2.41.5-1.fc44                   updates                           44.9 KiB
2026-10-07T13:35:39.7444386Z  libbluray                          x86_64 0:1.4.0-3.fc44                    fedora                           318.3 KiB
2026-10-07T13:35:39.7445396Z  libcanberra                        x86_64 0:0.30-39.fc44                    fedora                           265.6 KiB
2026-10-07T13:35:39.7446679Z  libchromaprint                     x86_64 0:1.6.0-4.fc44                    fedora                            69.1 KiB
2026-10-07T13:35:39.7447954Z  libcloudproviders                  x86_64 0:0.4.1-1.fc44                    updates                          124.0 KiB
2026-10-07T13:35:39.7449041Z  libcom_err-devel                   x86_64 0:1.47.3-4.fc44                   fedora                            16.7 KiB
2026-10-07T13:35:39.7450049Z  libcue                             x86_64 0:2.3.0-14.fc44                   fedora                            85.7 KiB
2026-10-07T13:35:39.7451040Z  libdatrie                          x86_64 0:0.2.14-2.fc44                   fedora                            61.7 KiB
2026-10-07T13:35:39.7452058Z  libdatrie-devel                    x86_64 0:0.2.14-2.fc44                   fedora                           563.4 KiB
2026-10-07T13:35:39.7453080Z  libdav1d                           x86_64 0:1.5.4-1.fc44                    updates                            1.8 MiB
2026-10-07T13:35:39.7454096Z  libdisplay-info                    x86_64 0:0.3.0-1.fc44                    fedora                           226.5 KiB
2026-10-07T13:35:39.7455118Z  libdrm                             x86_64 0:2.4.134-1.fc44                  updates                          405.8 KiB
2026-10-07T13:35:39.7456107Z  libdvdnav                          x86_64 0:7.0.0-1.fc44                    fedora                           124.8 KiB
2026-10-07T13:35:39.7457328Z  libdvdread                         x86_64 0:7.0.1-1.fc44                    fedora                           182.0 KiB
2026-10-07T13:35:39.7458332Z  libebur128                         x86_64 0:1.2.6-15.fc44                   fedora                            39.2 KiB
2026-10-07T13:35:39.7459383Z  libedit                            x86_64 0:3.1-59.20260512cvs.fc44         updates                          248.3 KiB
2026-10-07T13:35:39.7460441Z  libepoxy                           x86_64 0:1.5.10-12.fc44                  fedora                             1.1 MiB
2026-10-07T13:35:39.7461444Z  libevdev                           x86_64 0:1.13.7-1.fc44                   updates                           89.9 KiB
2026-10-07T13:35:39.7462447Z  libfdisk                           x86_64 0:2.41.5-1.fc44                   updates                          388.3 KiB
2026-10-07T13:35:39.7463483Z  libffi-devel                       x86_64 0:3.5.2-2.fc44                    fedora                            33.9 KiB
2026-10-07T13:35:39.7464696Z  libgexiv2                          x86_64 0:0.16.2-1.fc44                   updates                          267.7 KiB
2026-10-07T13:35:39.7465688Z  libgit2                            x86_64 0:1.9.7-1.fc44                    updates                            1.4 MiB
2026-10-07T13:35:39.7466861Z  libglvnd                           x86_64 1:1.7.0-9.fc44                    fedora                           526.5 KiB
2026-10-07T13:35:39.7467870Z  libglvnd-egl                       x86_64 1:1.7.0-9.fc44                    fedora                            68.6 KiB
2026-10-07T13:35:39.7468894Z  libglvnd-gles                      x86_64 1:1.7.0-9.fc44                    fedora                            97.7 KiB
2026-10-07T13:35:39.7469929Z  libglvnd-glx                       x86_64 1:1.7.0-9.fc44                    fedora                           601.0 KiB
2026-10-07T13:35:39.7470939Z  libgsf                             x86_64 0:1.14.60-1.fc44                  updates                          993.5 KiB
2026-10-07T13:35:39.7471939Z  libgudev                           x86_64 0:238-9.fc44                      fedora                            91.7 KiB
2026-10-07T13:35:39.7472920Z  libgusb                            x86_64 0:0.4.9-5.fc44                    fedora                           157.9 KiB
2026-10-07T13:35:39.7473977Z  libgxps                            x86_64 0:0.3.2-12.fc44                   fedora                           192.0 KiB
2026-10-07T13:35:39.7474953Z  libheif                            x86_64 0:1.23.5-3.fc44                   updates                            2.4 MiB
2026-10-07T13:35:39.7476112Z  libicu                             x86_64 0:77.1-3.fc44                     updates                           36.6 MiB
2026-10-07T13:35:39.7477384Z  libicu-devel                       x86_64 0:77.1-3.fc44                     updates                            5.0 MiB
2026-10-07T13:35:39.7478408Z  libjpeg-turbo                      x86_64 0:3.1.3-1.fc44                    fedora                           818.2 KiB
2026-10-07T13:35:39.7479413Z  libjxl                             x86_64 1:0.11.2-1.fc44                   updates                            4.1 MiB
2026-10-07T13:35:39.7480381Z  libkadm5                           x86_64 0:1.22.2-4.fc44                   updates                          217.8 KiB
2026-10-07T13:35:39.7481390Z  liblastlog2                        x86_64 0:2.41.5-1.fc44                   updates                           41.6 KiB
2026-10-07T13:35:39.7482348Z  liblc3                             x86_64 0:1.1.3-7.fc44                    fedora                           174.7 KiB
2026-10-07T13:35:39.7483317Z  libldac                            x86_64 0:2.0.2.3-19.fc44                 fedora                            78.0 KiB
2026-10-07T13:35:39.7484273Z  libldb                             x86_64 2:4.24.7-1.fc44                   updates                          465.5 KiB
2026-10-07T13:35:39.7485302Z  liblerc                            x86_64 0:4.0.0-10.fc44                   fedora                           647.9 KiB
2026-10-07T13:35:39.7486917Z  libmanette                         x86_64 0:0.2.13-2.fc44                   fedora                           367.2 KiB
2026-10-07T13:35:39.7487907Z  libmodplug                         x86_64 1:0.8.9.0-29.fc44                 fedora                           367.1 KiB
2026-10-07T13:35:39.7488776Z  libmount-devel                     x86_64 0:2.41.5-1.fc44                   updates                           65.5 KiB
2026-10-07T13:35:39.7489604Z  libmpc                             x86_64 0:1.4.1-1.fc44                    updates                          168.7 KiB
2026-10-07T13:35:39.7490454Z  libnghttp2-devel                   x86_64 0:1.68.0-5.fc44                   updates                          288.0 KiB
2026-10-07T13:35:39.7491333Z  libnice                            x86_64 0:0.1.23-2.fc44                   fedora                           509.9 KiB
2026-10-07T13:35:39.7492402Z  libnotify                          x86_64 0:0.8.8-1.fc44                    fedora                           126.3 KiB
2026-10-07T13:35:39.7493215Z  libogg                             x86_64 2:1.3.6-2.fc44                    fedora                            45.6 KiB
2026-10-07T13:35:39.7494022Z  libopenjph                         x86_64 0:0.25.3-3.fc44                   fedora                           482.1 KiB
2026-10-07T13:35:39.7494855Z  libopenmpt                         x86_64 0:0.8.9-1.fc44                    updates                            1.9 MiB
2026-10-07T13:35:39.7495675Z  libosinfo                          x86_64 0:1.12.0-5.fc44                   fedora                             1.2 MiB
2026-10-07T13:35:39.7496842Z  libpciaccess                       x86_64 0:0.16-17.fc44                    fedora                            48.4 KiB
2026-10-07T13:35:39.7497709Z  libpkgconf                         x86_64 0:2.5.1-1.fc44                    fedora                            90.1 KiB
2026-10-07T13:35:39.7498533Z  libpng                             x86_64 2:1.6.58-1.fc44                   updates                          249.6 KiB
2026-10-07T13:35:39.7499357Z  libpng-devel                       x86_64 2:1.6.58-1.fc44                   updates                          905.9 KiB
2026-10-07T13:35:39.7500177Z  libproxy                           x86_64 0:0.5.12-2.fc44                   fedora                           102.1 KiB
2026-10-07T13:35:39.7500995Z  libpsl-devel                       x86_64 0:0.21.5-7.fc44                   fedora                           110.2 KiB
2026-10-07T13:35:39.7501602Z  librabbitmq                        x86_64 0:0.18.0-1.fc44                   updates                           89.4 KiB
2026-10-07T13:35:39.7502335Z  librist                            x86_64 0:0.2.11-1.fc44                   fedora                           182.1 KiB
2026-10-07T13:35:39.7502928Z  librsvg2                           x86_64 0:2.62.4-1.fc44                   updates                            5.0 MiB
2026-10-07T13:35:39.7503496Z  libsbc                             x86_64 0:2.1-2.fc44                      fedora                            93.3 KiB
2026-10-07T13:35:39.7504057Z  libseccomp                         x86_64 0:2.6.1-2.fc44                    updates                          222.2 KiB
2026-10-07T13:35:39.7504651Z  libseccomp-devel                   x86_64 0:2.6.1-2.fc44                    updates                          115.6 KiB
2026-10-07T13:35:39.7505236Z  libsecret                          x86_64 0:0.21.8.2-2.fc44                 updates                          485.5 KiB
2026-10-07T13:35:39.7505820Z  libselinux-devel                   x86_64 0:3.11-2.fc44                     updates                          121.9 KiB
2026-10-07T13:35:39.7506585Z  libsepol-devel                     x86_64 0:3.11-1.fc44                     updates                          120.7 KiB
2026-10-07T13:35:39.7507174Z  libshout                           x86_64 0:2.4.6-10.fc44                   fedora                           178.6 KiB
2026-10-07T13:35:39.7507756Z  libsmbclient                       x86_64 2:4.24.7-1.fc44                   updates                          171.8 KiB
2026-10-07T13:35:39.7508331Z  libsndfile                         x86_64 0:1.2.2-11.fc44                   fedora                           553.9 KiB
2026-10-07T13:35:39.7508896Z  libsodium                          x86_64 0:1.0.22-1.fc44                   updates                          481.5 KiB
2026-10-07T13:35:39.7509453Z  libsoup3                           x86_64 0:3.6.6-10.fc44                   updates                            1.2 MiB
2026-10-07T13:35:39.7510246Z  libsoup3-devel                     x86_64 0:3.6.6-10.fc44                   updates                            1.0 MiB
2026-10-07T13:35:39.7511204Z  libsrtp                            x86_64 0:2.8.0-1.fc44                    fedora                           129.5 KiB
2026-10-07T13:35:39.7511754Z  libssh2                            x86_64 0:1.11.1-9.fc44                   updates                          338.6 KiB
2026-10-07T13:35:39.7512487Z  libstdc++-devel                    x86_64 0:16.2.1-2.fc44                   updates                           41.2 MiB
2026-10-07T13:35:39.7513058Z  libstemmer                         x86_64 0:3.0.1-11.fc44                   fedora                           641.3 KiB
2026-10-07T13:35:39.7513629Z  libswresample-free                 x86_64 0:8.1.3-1.fc44                    updates                          155.2 KiB
2026-10-07T13:35:39.7514196Z  libtalloc                          x86_64 0:2.4.4-1.fc44                    fedora                            63.9 KiB
2026-10-07T13:35:39.7514731Z  libtdb                             x86_64 0:1.4.15-1.fc44                   fedora                           108.4 KiB
2026-10-07T13:35:39.7515272Z  libtevent                          x86_64 0:0.17.1-4.fc44                   fedora                           101.3 KiB
2026-10-07T13:35:39.7515821Z  libtextstyle                       x86_64 0:0.26-5.fc44                     updates                          382.0 KiB
2026-10-07T13:35:39.7516973Z  libthai                            x86_64 0:0.1.30-2.fc44                   fedora                           800.9 KiB
2026-10-07T13:35:39.7517934Z  libthai-devel                      x86_64 0:0.1.30-2.fc44                   fedora                           651.3 KiB
2026-10-07T13:35:39.7518851Z  libtheora                          x86_64 1:1.1.1-41.fc44                   fedora                           480.9 KiB
2026-10-07T13:35:39.7519772Z  libtiff                            x86_64 0:4.7.2-1.fc44                    updates                          640.4 KiB
2026-10-07T13:35:39.7520871Z  libtinysparql                      x86_64 0:3.11.1-1.fc44                   updates                            1.0 MiB
2026-10-07T13:35:39.7521856Z  libudfread                         x86_64 0:1.2.0-3.fc44                    fedora                            62.0 KiB
2026-10-07T13:35:39.7522897Z  libunwind                          x86_64 0:1.8.3-4.fc44                    updates                          194.0 KiB
2026-10-07T13:35:39.7523980Z  libv4l                             x86_64 0:1.32.0-3.fc44                   fedora                           364.5 KiB
2026-10-07T13:35:39.7525045Z  libva                              x86_64 0:2.23.0-3.fc44                   fedora                           345.6 KiB
2026-10-07T13:35:39.7526397Z  libvdpau                           x86_64 0:1.5-11.fc44                     fedora                            20.6 KiB
2026-10-07T13:35:39.7527524Z  libverto-devel                     x86_64 0:0.3.2-12.fc44                   fedora                            25.7 KiB
2026-10-07T13:35:39.7528604Z  libvisual                          x86_64 1:0.4.2-4.fc44                    fedora                           464.5 KiB
2026-10-07T13:35:39.7529665Z  libvmaf                            x86_64 0:3.0.0-5.fc44                    fedora                           846.8 KiB
2026-10-07T13:35:39.7530734Z  libvorbis                          x86_64 1:1.3.7-14.fc44                   fedora                           837.0 KiB
2026-10-07T13:35:39.7531772Z  libvpl                             x86_64 1:2.17.0-1.fc44                   updates                          437.7 KiB
2026-10-07T13:35:39.7532357Z  libvpx                             x86_64 0:1.15.0-5.fc44                   fedora                             3.3 MiB
2026-10-07T13:35:39.7532922Z  libwayland-client                  x86_64 0:1.26.0-1.fc44                   updates                           66.0 KiB
2026-10-07T13:35:39.7533521Z  libwayland-cursor                  x86_64 0:1.26.0-1.fc44                   updates                           37.2 KiB
2026-10-07T13:35:39.7534100Z  libwayland-egl                     x86_64 0:1.26.0-1.fc44                   updates                           12.3 KiB
2026-10-07T13:35:39.7534674Z  libwayland-server                  x86_64 0:1.26.0-1.fc44                   updates                           86.5 KiB
2026-10-07T13:35:39.7535405Z  libwbclient                        x86_64 2:4.24.7-1.fc44                   updates                           71.0 KiB
2026-10-07T13:35:39.7535947Z  libwebp                            x86_64 0:1.6.0-3.fc44                    fedora                           968.0 KiB
2026-10-07T13:35:39.7536784Z  libxcb                             x86_64 0:1.17.0-7.fc44                   fedora                             1.1 MiB
2026-10-07T13:35:39.7537374Z  libxcb-devel                       x86_64 0:1.17.0-7.fc44                   fedora                             2.6 MiB
2026-10-07T13:35:39.7537943Z  libxcrypt-devel                    x86_64 0:4.5.2-3.fc44                    fedora                            31.0 KiB
2026-10-07T13:35:39.7538509Z  libxkbcommon                       x86_64 0:1.13.1-2.fc44                   fedora                           432.2 KiB
2026-10-07T13:35:39.7539070Z  libxml2-devel                      x86_64 0:2.12.10-6.fc44                  fedora                             3.4 MiB
2026-10-07T13:35:39.7539633Z  libxshmfence                       x86_64 0:1.3.2-8.fc44                    fedora                            12.3 KiB
2026-10-07T13:35:39.7540176Z  libxslt                            x86_64 0:1.1.43-6.fc44                   fedora                           471.8 KiB
2026-10-07T13:35:39.7540739Z  libyuv                             x86_64 0:0-0.61.20260213git6067afd.fc44  fedora                           683.7 KiB
2026-10-07T13:35:39.7541302Z  libzip                             x86_64 0:1.11.4-3.fc44                   fedora                           143.8 KiB
2026-10-07T13:35:39.7541825Z  llhttp                             x86_64 0:9.3.1-1.fc44                    fedora                            96.6 KiB
2026-10-07T13:35:39.7542509Z  llvm-filesystem                    x86_64 0:22.1.8-4.fc44                   updates                            0.0   B
2026-10-07T13:35:39.7543079Z  llvm-libs                          x86_64 0:22.1.8-4.fc44                   updates                          140.5 MiB
2026-10-07T13:35:39.7543632Z  lm_sensors-libs                    x86_64 0:3.6.0-24.fc44                   fedora                            85.7 KiB
2026-10-07T13:35:39.7544185Z  lmdb-libs                          x86_64 0:0.9.34-2.fc44                   fedora                           113.9 KiB
2026-10-07T13:35:39.7544742Z  lpcnetfreedv                       x86_64 0:0.5-10.fc44                     fedora                            14.8 MiB
2026-10-07T13:35:39.7545276Z  lzo                                x86_64 0:2.10-16.fc44                    fedora                           174.8 KiB
2026-10-07T13:35:39.7545794Z  lzo-devel                          x86_64 0:2.10-16.fc44                    fedora                           212.2 KiB
2026-10-07T13:35:39.7546667Z  lzo-minilzo                        x86_64 0:2.10-16.fc44                    fedora                            36.6 KiB
2026-10-07T13:35:39.7547236Z  make                               x86_64 1:4.4.1-12.fc44                   fedora                             1.8 MiB
2026-10-07T13:35:39.7547797Z  mesa-dri-drivers                   x86_64 0:26.2.3-1.fc44                   updates                           53.2 MiB
2026-10-07T13:35:39.7548376Z  mesa-filesystem                    x86_64 0:26.2.3-1.fc44                   updates                            3.6 KiB
2026-10-07T13:35:39.7548946Z  mesa-libEGL                        x86_64 0:26.2.3-1.fc44                   updates                          398.4 KiB
2026-10-07T13:35:39.7549494Z  mesa-libGL                         x86_64 0:26.2.3-1.fc44                   updates                          374.1 KiB
2026-10-07T13:35:39.7550040Z  mesa-libgbm                        x86_64 0:26.2.3-1.fc44                   updates                           19.5 KiB
2026-10-07T13:35:39.7550588Z  mpdecimal                          x86_64 0:4.0.1-3.fc44                    fedora                           217.1 KiB
2026-10-07T13:35:39.7551135Z  mpg123-libs                        x86_64 0:1.32.10-3.fc44                  fedora                           825.7 KiB
2026-10-07T13:35:39.7551815Z  ncurses                            x86_64 0:6.6-1.fc44                      fedora                           611.4 KiB
2026-10-07T13:35:39.7552392Z  ngtcp2-crypto-gnutls               x86_64 0:1.22.1-1.fc44                   updates                           43.5 KiB
2026-10-07T13:35:39.7552953Z  nspr                               x86_64 0:4.39.0-5.fc44                   updates                          327.1 KiB
2026-10-07T13:35:39.7553471Z  nss                                x86_64 0:3.129.0-1.fc44                  updates                            2.0 MiB
2026-10-07T13:35:39.7554005Z  nss-softokn                        x86_64 0:3.129.0-1.fc44                  updates                            2.1 MiB
2026-10-07T13:35:39.7554583Z  nss-softokn-freebl                 x86_64 0:3.129.0-1.fc44                  updates                            1.1 MiB
2026-10-07T13:35:39.7555157Z  nss-sysinit                        x86_64 0:3.129.0-1.fc44                  updates                           17.9 KiB
2026-10-07T13:35:39.7555707Z  nss-util                           x86_64 0:3.129.0-1.fc44                  updates                          212.7 KiB
2026-10-07T13:35:39.7556609Z  oniguruma                          x86_64 0:6.9.10-4.fc44                   fedora                           770.9 KiB
2026-10-07T13:35:39.7557238Z  openal-soft                        x86_64 0:1.24.2-6.fc44                   fedora                             1.6 MiB
2026-10-07T13:35:39.7557803Z  openapv-libs                       x86_64 0:0.2.1.2-1.fc44                  fedora                           125.1 KiB
2026-10-07T13:35:39.7558506Z  opencore-amr                       x86_64 0:0.1.6-10.fc44                   fedora                           352.6 KiB
2026-10-07T13:35:39.7559082Z  openh264                           x86_64 0:2.6.0-3.fc44                    fedora-cisco-openh264              1.1 MiB
2026-10-07T13:35:39.7559625Z  openjpeg                           x86_64 0:2.5.4-3.fc44                    fedora                           464.2 KiB
2026-10-07T13:35:39.7560176Z  openpgm                            x86_64 0:5.3.128-6.fc44                  fedora                           320.3 KiB
2026-10-07T13:35:39.7560717Z  openssh                            x86_64 0:10.2p1-14.fc44                  updates                            1.4 MiB
2026-10-07T13:35:39.7561278Z  openssh-clients                    x86_64 0:10.2p1-14.fc44                  updates                            2.7 MiB
2026-10-07T13:35:39.7561826Z  opus                               x86_64 0:1.6-2.fc44                      fedora                           467.7 KiB
2026-10-07T13:35:39.7562356Z  orc                                x86_64 0:0.4.41-3.fc44                   fedora                           721.9 KiB
2026-10-07T13:35:39.7562906Z  osinfo-db                          noarch 0:20251212-1.fc44                 fedora                             4.2 MiB
2026-10-07T13:35:39.7563490Z  osinfo-db-tools                    x86_64 0:1.12.0-5.fc44                   fedora                           190.3 KiB
2026-10-07T13:35:39.7564059Z  pango                              x86_64 0:1.57.1-1.fc44                   fedora                             1.0 MiB
2026-10-07T13:35:39.7564604Z  pango-devel                        x86_64 0:1.57.1-1.fc44                   fedora                             1.5 MiB
2026-10-07T13:35:39.7565166Z  pcre2-devel                        x86_64 0:10.47-1.fc44.1                  fedora                             2.1 MiB
2026-10-07T13:35:39.7565723Z  pcre2-utf16                        x86_64 0:10.47-1.fc44.1                  fedora                           655.2 KiB
2026-10-07T13:35:39.7566624Z  pcre2-utf32                        x86_64 0:10.47-1.fc44.1                  fedora                           623.1 KiB
2026-10-07T13:35:39.7567222Z  perl-AutoLoader                    noarch 0:5.74-525.fc44                   updates                           20.6 KiB
2026-10-07T13:35:39.7567972Z  perl-B                             x86_64 0:1.89-525.fc44                   updates                          501.2 KiB
2026-10-07T13:35:39.7568518Z  perl-Carp                          noarch 0:1.54-521.fc44                   fedora                            46.6 KiB
2026-10-07T13:35:39.7569121Z  perl-Class-Struct                  noarch 0:0.68-525.fc44                   updates                           25.4 KiB
2026-10-07T13:35:39.7569729Z  perl-Data-Dumper                   x86_64 0:2.192-523.fc44                  updates                          115.5 KiB
2026-10-07T13:35:39.7570311Z  perl-Digest                        noarch 0:1.20-521.fc44                   fedora                            35.3 KiB
2026-10-07T13:35:39.7570888Z  perl-Digest-MD5                    x86_64 0:2.59-521.fc44                   fedora                            59.6 KiB
2026-10-07T13:35:39.7571475Z  perl-DynaLoader                    x86_64 0:1.57-525.fc44                   updates                           32.1 KiB
2026-10-07T13:35:39.7572049Z  perl-Encode                        x86_64 4:3.21-521.fc44                   fedora                             4.7 MiB
2026-10-07T13:35:39.7572606Z  perl-Errno                         x86_64 0:1.38-525.fc44                   updates                            8.4 KiB
2026-10-07T13:35:39.7573173Z  perl-Error                         noarch 1:0.17030-3.fc44                  fedora                            76.8 KiB
2026-10-07T13:35:39.7573749Z  perl-Exporter                      noarch 0:5.79-521.fc44                   fedora                            54.3 KiB
2026-10-07T13:35:39.7574320Z  perl-Fcntl                         x86_64 0:1.20-525.fc44                   updates                           48.7 KiB
2026-10-07T13:35:39.7575029Z  perl-File-Basename                 noarch 0:2.86-525.fc44                   updates                           14.0 KiB
2026-10-07T13:35:39.7575641Z  perl-File-Path                     noarch 0:2.18-522.fc44                   fedora                            63.5 KiB
2026-10-07T13:35:39.7576468Z  perl-File-Temp                     noarch 1:0.231.200-2.fc44                fedora                           163.7 KiB
2026-10-07T13:35:39.7577080Z  perl-File-stat                     noarch 0:1.14-525.fc44                   updates                           12.5 KiB
2026-10-07T13:35:39.7577670Z  perl-FileHandle                    noarch 0:2.05-525.fc44                   updates                            9.4 KiB
2026-10-07T13:35:39.7578270Z  perl-Getopt-Long                   noarch 1:2.58-521.fc44                   fedora                           144.5 KiB
2026-10-07T13:35:39.7578871Z  perl-Getopt-Std                    noarch 0:1.14-525.fc44                   updates                           11.2 KiB
2026-10-07T13:35:39.7579455Z  perl-Git                           noarch 0:2.56.0-1.fc44                   updates                           64.4 KiB
2026-10-07T13:35:39.7580081Z  perl-HTTP-Tiny                     noarch 0:0.096-1.fc44                    updates                          162.4 KiB
2026-10-07T13:35:39.7580646Z  perl-IO                            x86_64 0:1.55-525.fc44                   updates                          147.3 KiB
2026-10-07T13:35:39.7581217Z  perl-IO-Socket-IP                  noarch 0:0.43-522.fc44                   fedora                           100.3 KiB
2026-10-07T13:35:39.7581825Z  perl-IO-Socket-SSL                 noarch 0:2.098-2.fc44                    fedora                           723.5 KiB
2026-10-07T13:35:39.7582435Z  perl-IPC-Open3                     noarch 0:1.24-525.fc44                   updates                           27.7 KiB
2026-10-07T13:35:39.7583043Z  perl-MIME-Base32                   noarch 0:1.303-25.fc44                   fedora                            30.7 KiB
2026-10-07T13:35:39.7583663Z  perl-MIME-Base64                   x86_64 0:3.16-521.fc44                   fedora                            41.9 KiB
2026-10-07T13:35:39.7584256Z  perl-Net-SSLeay                    x86_64 0:1.94-12.fc44                    fedora                             1.3 MiB
2026-10-07T13:35:39.7585015Z  perl-POSIX                         x86_64 0:2.23-525.fc44                   updates                          229.4 KiB
2026-10-07T13:35:39.7585581Z  perl-PathTools                     x86_64 0:3.94-521.fc44                   fedora                           179.9 KiB
2026-10-07T13:35:39.7586406Z  perl-Pod-Escapes                   noarch 1:1.07-521.fc44                   fedora                            24.9 KiB
2026-10-07T13:35:39.7587075Z  perl-Pod-Perldoc                   noarch 0:3.28.01-522.fc44                fedora                           163.7 KiB
2026-10-07T13:35:39.7587691Z  perl-Pod-Simple                    noarch 1:3.47-4.fc44                     fedora                           565.3 KiB
2026-10-07T13:35:39.7588279Z  perl-Pod-Usage                     noarch 4:2.05-521.fc44                   fedora                            86.3 KiB
2026-10-07T13:35:39.7588878Z  perl-Scalar-List-Utils             x86_64 5:1.70-2.fc44                     fedora                           144.8 KiB
2026-10-07T13:35:39.7589496Z  perl-SelectSaver                   noarch 0:1.02-525.fc44                   updates                            2.2 KiB
2026-10-07T13:35:39.7590077Z  perl-Socket                        x86_64 4:2.043-1.fc44                    updates                          121.8 KiB
2026-10-07T13:35:39.7590651Z  perl-Storable                      x86_64 1:3.37-522.fc44                   fedora                           235.1 KiB
2026-10-07T13:35:39.7591228Z  perl-Symbol                        noarch 0:1.09-525.fc44                   updates                            6.8 KiB
2026-10-07T13:35:39.7591953Z  perl-Term-ANSIColor                noarch 0:5.01-522.fc44                   fedora                            97.5 KiB
2026-10-07T13:35:39.7592556Z  perl-Term-Cap                      noarch 0:1.18-521.fc44                   fedora                            29.3 KiB
2026-10-07T13:35:39.7593140Z  perl-TermReadKey                   x86_64 0:2.38-27.fc44                    fedora                            63.9 KiB
2026-10-07T13:35:39.7593750Z  perl-Text-ParseWords               noarch 0:3.31-521.fc44                   fedora                            13.6 KiB
2026-10-07T13:35:39.7594377Z  perl-Text-Tabs+Wrap                noarch 0:2024.001-521.fc44               fedora                            22.6 KiB
2026-10-07T13:35:39.7594992Z  perl-Time-HiRes                    x86_64 4:1.9778-521.fc44                 fedora                           115.6 KiB
2026-10-07T13:35:39.7595583Z  perl-Time-Local                    noarch 2:1.350-521.fc44                  fedora                            69.0 KiB
2026-10-07T13:35:39.7596353Z  perl-URI                           noarch 0:5.36-1.fc44                     updates                          275.7 KiB
2026-10-07T13:35:39.7597086Z  perl-Unicode-Normalize             x86_64 0:1.32-521.fc44                   fedora                           486.0 KiB
2026-10-07T13:35:39.7597684Z  perl-base                          noarch 0:2.27-525.fc44                   updates                           12.6 KiB
2026-10-07T13:35:39.7598260Z  perl-constant                      noarch 0:1.33-522.fc44                   fedora                            26.2 KiB
2026-10-07T13:35:39.7598831Z  perl-if                            noarch 0:0.61.000-525.fc44               updates                            5.8 KiB
2026-10-07T13:35:39.7599416Z  perl-interpreter                   x86_64 4:5.42.3-525.fc44                 updates                          118.8 KiB
2026-10-07T13:35:39.7599986Z  perl-lib                           x86_64 0:0.65-525.fc44                   updates                            8.5 KiB
2026-10-07T13:35:39.7600547Z  perl-libnet                        noarch 0:3.15-522.fc44                   fedora                           289.4 KiB
2026-10-07T13:35:39.7601112Z  perl-libs                          x86_64 4:5.42.3-525.fc44                 updates                           11.6 MiB
2026-10-07T13:35:39.7601813Z  perl-locale                        noarch 0:1.13-525.fc44                   updates                            6.1 KiB
2026-10-07T13:35:39.7602369Z  perl-mro                           x86_64 0:1.29-525.fc44                   updates                           41.4 KiB
2026-10-07T13:35:39.7602937Z  perl-overload                      noarch 0:1.40-525.fc44                   updates                           71.6 KiB
2026-10-07T13:35:39.7603526Z  perl-overloading                   noarch 0:0.02-525.fc44                   updates                            4.9 KiB
2026-10-07T13:35:39.7604116Z  perl-parent                        noarch 1:0.244-521.fc44                  fedora                            10.3 KiB
2026-10-07T13:35:39.7604703Z  perl-podlators                     noarch 1:6.0.2-522.fc44                  updates                          317.7 KiB
2026-10-07T13:35:39.7605280Z  perl-vars                          noarch 0:1.05-525.fc44                   updates                            3.9 KiB
2026-10-07T13:35:39.7605846Z  pipewire-libs                      x86_64 0:1.6.9-1.fc44                    updates                            9.7 MiB
2026-10-07T13:35:39.7606669Z  pixman                             x86_64 0:0.46.2-3.fc44                   fedora                           718.2 KiB
2026-10-07T13:35:39.7607217Z  pixman-devel                       x86_64 0:0.46.2-3.fc44                   fedora                            56.1 KiB
2026-10-07T13:35:39.7607764Z  pkgconf                            x86_64 0:2.5.1-1.fc44                    fedora                            92.7 KiB
2026-10-07T13:35:39.7608302Z  pkgconf-m4                         noarch 0:2.5.1-1.fc44                    fedora                            14.3 KiB
2026-10-07T13:35:39.7608999Z  poppler                            x86_64 0:26.01.0-3.fc44                  fedora                             4.0 MiB
2026-10-07T13:35:39.7609575Z  poppler-data                       noarch 0:0.4.11-11.fc44                  fedora                            12.3 MiB
2026-10-07T13:35:39.7610145Z  poppler-glib                       x86_64 0:26.01.0-3.fc44                  fedora                           658.8 KiB
2026-10-07T13:35:39.7610740Z  publicsuffix-list                  noarch 0:20260116-1.fc44                 fedora                           342.2 KiB
2026-10-07T13:35:39.7611348Z  pulseaudio-libs                    x86_64 0:17.0-9.fc44                     fedora                             3.4 MiB
2026-10-07T13:35:39.7611949Z  python-pip-wheel                   noarch 0:26.0.1-3.fc44                   updates                            1.2 MiB
2026-10-07T13:35:39.7612516Z  python3                            x86_64 0:3.14.8-1.fc44                   updates                           28.7 KiB
2026-10-07T13:35:39.7613066Z  python3-libs                       x86_64 0:3.14.8-1.fc44                   updates                           44.1 MiB
2026-10-07T13:35:39.7613650Z  python3-packaging                  noarch 0:25.0-8.fc44                     fedora                           607.4 KiB
2026-10-07T13:35:39.7614223Z  rav1e-libs                         x86_64 0:0.8.1-3.fc44                    fedora                             3.1 MiB
2026-10-07T13:35:39.7614806Z  redhat-display-fonts               noarch 0:4.1.0-3.fc44                    fedora                           963.9 KiB
2026-10-07T13:35:39.7615411Z  redhat-text-fonts                  noarch 0:4.1.0-3.fc44                    fedora                           788.2 KiB
2026-10-07T13:35:39.7616003Z  samba-client-libs                  x86_64 2:4.24.7-1.fc44                   updates                           11.2 MiB
2026-10-07T13:35:39.7616747Z  samba-common                       noarch 2:4.24.7-1.fc44                   updates                          223.1 KiB
2026-10-07T13:35:39.7617328Z  samba-core-libs                    x86_64 2:4.24.7-1.fc44                   updates                            1.7 MiB
2026-10-07T13:35:39.7617903Z  samba-ndr-libs                     x86_64 2:4.24.7-1.fc44                   updates                            4.7 MiB
2026-10-07T13:35:39.7618652Z  shared-mime-info                   x86_64 0:2.4-3.fc44                      fedora                             5.2 MiB
2026-10-07T13:35:39.7619206Z  snappy                             x86_64 0:1.2.2-4.fc44                    fedora                            79.9 KiB
2026-10-07T13:35:39.7619789Z  sound-theme-freedesktop            noarch 0:0.8-31.fc44                     fedora                           460.4 KiB
2026-10-07T13:35:39.7620380Z  soundtouch                         x86_64 0:2.4.0-3.fc44                    fedora                           225.3 KiB
2026-10-07T13:35:39.7620927Z  soxr                               x86_64 0:0.1.3-21.fc44                   fedora                           191.3 KiB
2026-10-07T13:35:39.7621453Z  spandsp                            x86_64 0:0.0.6-22.fc44                   fedora                           856.3 KiB
2026-10-07T13:35:39.7621976Z  speex                              x86_64 0:1.2.0-21.fc44                   fedora                           128.4 KiB
2026-10-07T13:35:39.7622531Z  spirv-tools-libs                   x86_64 0:2026.1-1.fc44                   fedora                             6.1 MiB
2026-10-07T13:35:39.7623099Z  sqlite                             x86_64 0:3.51.2-2.fc44                   updates                            1.9 MiB
2026-10-07T13:35:39.7623645Z  sqlite-devel                       x86_64 0:3.51.2-2.fc44                   updates                          694.0 KiB
2026-10-07T13:35:39.7624189Z  srt-libs                           x86_64 0:1.5.7-1.fc44                    updates                            1.1 MiB
2026-10-07T13:35:39.7624848Z  svt-av1-libs                       x86_64 0:3.1.2-2.fc44                    fedora                             5.6 MiB
2026-10-07T13:35:39.7625440Z  sysprof-capture-devel              x86_64 0:50.0-1.fc44                     fedora                           813.8 KiB
2026-10-07T13:35:39.7626076Z  systemd-standalone-tmpfiles        x86_64 0:259.9-1.fc44                    updates                          435.2 KiB
2026-10-07T13:35:39.7627002Z  taglib                             x86_64 0:2.3-2.fc44                      updates                            1.6 MiB
2026-10-07T13:35:39.7627556Z  totem-pl-parser                    x86_64 0:3.26.7-1.fc44                   updates                          315.2 KiB
2026-10-07T13:35:39.7628124Z  twolame-libs                       x86_64 0:0.4.0-9.fc44                    fedora                           161.4 KiB
2026-10-07T13:35:39.7628669Z  uchardet                           x86_64 0:0.0.8-10.fc44                   fedora                           275.3 KiB
2026-10-07T13:35:39.7629219Z  upower-libs                        x86_64 0:1.91.5-1.fc44                   updates                          178.7 KiB
2026-10-07T13:35:39.7629772Z  util-linux                         x86_64 0:2.41.5-1.fc44                   updates                            3.5 MiB
2026-10-07T13:35:39.7630323Z  vo-amrwbenc                        x86_64 0:0.1.3-24.fc44                   fedora                           157.8 KiB
2026-10-07T13:35:39.7630907Z  vulkan-headers                     noarch 0:1.4.341.0-1.fc44                fedora                            36.1 MiB
2026-10-07T13:35:39.7631497Z  vulkan-loader                      x86_64 0:1.4.341.0-1.fc44                fedora                           577.6 KiB
2026-10-07T13:35:39.7632083Z  vulkan-loader-devel                x86_64 0:1.4.341.0-1.fc44                fedora                             8.0 KiB
2026-10-07T13:35:39.7632654Z  wavpack                            x86_64 0:5.9.0-2.fc44                    fedora                           586.0 KiB
2026-10-07T13:35:39.7633208Z  wayland-devel                      x86_64 0:1.26.0-1.fc44                   updates                          724.6 KiB
2026-10-07T13:35:39.7633773Z  webkitgtk6.0                       x86_64 0:2.54.1-1.fc44                   updates                           96.2 MiB
2026-10-07T13:35:39.7634518Z  webrtc-audio-processing            x86_64 0:2.1-5.fc44                      fedora                             1.1 MiB
2026-10-07T13:35:39.7635113Z  xdg-dbus-proxy                     x86_64 0:0.1.9-1.fc44                    updates                           95.5 KiB
2026-10-07T13:35:39.7635695Z  xdg-desktop-portal                 x86_64 0:1.22.1-1.fc44                   updates                            1.9 MiB
2026-10-07T13:35:39.7636581Z  xevd-libs                          x86_64 0:0.5.0-6.fc44                    fedora                           379.9 KiB
2026-10-07T13:35:39.7637165Z  xeve-libs                          x86_64 0:0.5.1-6.fc44                    fedora                           904.7 KiB
2026-10-07T13:35:39.7637737Z  xkeyboard-config                   noarch 0:2.47-1.fc44                     fedora                             6.4 MiB
2026-10-07T13:35:39.7638317Z  xml-common                         noarch 0:0.6.3-68.fc44                   fedora                            78.4 KiB
2026-10-07T13:35:39.7638913Z  xorg-x11-proto-devel               noarch 0:2025.1-2.fc44                   fedora                             1.8 MiB
2026-10-07T13:35:39.7639479Z  xprop                              x86_64 0:1.2.8-5.fc44                    fedora                            54.5 KiB
2026-10-07T13:35:39.7640007Z  xvidcore                           x86_64 0:1.3.7-19.fc44                   fedora                           878.3 KiB
2026-10-07T13:35:39.7640536Z  xz-devel                           x86_64 1:5.8.2-2.fc44                    fedora                           258.8 KiB
2026-10-07T13:35:39.7641068Z  zeromq                             x86_64 0:4.3.5-22.fc43                   fedora                           894.1 KiB
2026-10-07T13:35:39.7641761Z  zlib-ng-compat-devel               x86_64 0:2.3.3-3.fc44                    fedora                           107.0 KiB
2026-10-07T13:35:39.7642335Z  zvbi                               x86_64 0:0.2.44-3.fc44                   fedora                             1.2 MiB
2026-10-07T13:35:39.7642755Z Installing weak dependencies:
2026-10-07T13:35:39.7643134Z  7zip                               x86_64 0:26.03-1.fc44                    updates                            3.3 MiB
2026-10-07T13:35:39.7643689Z  adwaita-mono-fonts                 noarch 0:50.0-1.fc44                     fedora                             5.6 MiB
2026-10-07T13:35:39.7644283Z  adwaita-sans-fonts                 noarch 0:50.0-1.fc44                     fedora                             1.7 MiB
2026-10-07T13:35:39.7644835Z  bat                                x86_64 0:0.26.1-4.fc44                   updates                            5.3 MiB
2026-10-07T13:35:39.7645352Z  dconf                              x86_64 0:0.49.0-5.fc44                   fedora                           306.9 KiB
2026-10-07T13:35:39.7645877Z  exiv2                              x86_64 0:0.28.9-1.fc44                   updates                           12.2 MiB
2026-10-07T13:35:39.7646711Z  geoclue2                           x86_64 0:2.8.2-1.fc44                    updates                          413.2 KiB
2026-10-07T13:35:39.7647286Z  gi-docgen-fonts                    noarch 0:2026.1-3.fc44                   fedora                             0.0   B
2026-10-07T13:35:39.7648171Z  gstreamer1-plugins-bad-free        x86_64 0:1.28.7-1.fc44                   updates                           10.2 MiB
2026-10-07T13:35:39.7649408Z  gstreamer1-plugins-good            x86_64 0:1.28.7-1.fc44                   updates                            7.5 MiB
2026-10-07T13:35:39.7650515Z  hunspell-en                        noarch 0:0.20260225-2.fc44               updates                            7.1 KiB
2026-10-07T13:35:39.7651655Z  intel-mediasdk                     x86_64 0:23.2.2-11.fc44                  updates                           24.5 MiB
2026-10-07T13:35:39.7652708Z  intel-vpl-gpu-rt                   x86_64 0:26.3.4-1.fc44                   updates                           11.7 MiB
2026-10-07T13:35:39.7653850Z  less-color                         x86_64 0:704-4.fc44                      updates                            2.4 KiB
2026-10-07T13:35:39.7655240Z  libcanberra-gtk3                   x86_64 0:0.30-39.fc44                    fedora                            70.4 KiB
2026-10-07T13:35:39.7655863Z  libheif-ffmpeg                     x86_64 0:1.23.5-3.fc44                   updates                           32.1 KiB
2026-10-07T13:35:39.7656806Z  localsearch                        x86_64 0:3.11.2-1.fc44                   updates                            3.5 MiB
2026-10-07T13:35:39.7657418Z  mesa-vulkan-drivers                x86_64 0:26.2.3-1.fc44                   updates                          173.9 MiB
2026-10-07T13:35:39.7658159Z  perl-NDBM_File                     x86_64 0:1.18-525.fc44                   updates                           28.4 KiB
2026-10-07T13:35:39.7659411Z  python-unversioned-command         noarch 0:3.14.8-1.fc44                   updates                           23.0   B
2026-10-07T13:35:39.7660572Z  python3-html2text                  noarch 0:2025.4.15-6.fc44                fedora                           289.4 KiB
2026-10-07T13:35:39.7661768Z  tinysparql                         x86_64 0:3.11.1-1.fc44                   updates                            2.6 MiB
2026-10-07T13:35:39.7662346Z  unzip                              x86_64 0:6.0-69.fc44                     fedora                           445.8 KiB
2026-10-07T13:35:39.7662930Z  xdg-desktop-portal-gtk             x86_64 0:1.15.3-3.fc44                   fedora                           469.2 KiB
2026-10-07T13:35:39.7663301Z 
2026-10-07T13:35:39.7663404Z Transaction Summary:
2026-10-07T13:35:39.7663639Z  Installing:       471 packages
2026-10-07T13:35:39.7663896Z  Upgrading:          6 packages
2026-10-07T13:35:39.7664322Z  Replacing:          6 packages
2026-10-07T13:35:39.7664488Z 
2026-10-07T13:35:39.8189877Z [  1/477] git-0:2.56.0-1.fc44.x86_64    100% | 770.7 KiB/s |  40.8 KiB |  00m00s
2026-10-07T13:35:39.8353158Z [  2/477] perl-Git-0:2.56.0-1.fc44.noar 100% |   2.3 MiB/s |  37.4 KiB |  00m00s
2026-10-07T13:35:39.9193441Z [  3/477] perl-Getopt-Long-1:2.58-521.f 100% | 766.4 KiB/s |  63.6 KiB |  00m00s
2026-10-07T13:35:39.9497345Z [  4/477] perl-PathTools-0:3.94-521.fc4 100% |   2.8 MiB/s |  87.3 KiB |  00m00s
2026-10-07T13:35:39.9671976Z [  5/477] perl-TermReadKey-0:2.38-27.fc 100% |   2.0 MiB/s |  35.5 KiB |  00m00s
2026-10-07T13:35:39.9972659Z [  6/477] expat-0:2.8.5-1.fc44.x86_64   100% |   4.5 MiB/s | 134.4 KiB |  00m00s
2026-10-07T13:35:40.0148388Z [  7/477] perl-Error-1:0.17030-3.fc44.n 100% |   2.3 MiB/s |  40.3 KiB |  00m00s
2026-10-07T13:35:40.0246905Z [  8/477] git-core-doc-0:2.56.0-1.fc44. 100% |  12.3 MiB/s |   3.2 MiB |  00m00s
2026-10-07T13:35:40.0320745Z [  9/477] perl-Exporter-0:5.79-521.fc44 100% |   1.9 MiB/s |  30.8 KiB |  00m00s
2026-10-07T13:35:40.0494547Z [ 10/477] perl-Pod-Usage-4:2.05-521.fc4 100% |   2.5 MiB/s |  40.7 KiB |  00m00s
2026-10-07T13:35:40.0664392Z [ 11/477] perl-Text-ParseWords-0:3.31-5 100% |   1.0 MiB/s |  16.5 KiB |  00m00s
2026-10-07T13:35:40.0832974Z [ 12/477] perl-Carp-0:1.54-521.fc44.noa 100% |   1.8 MiB/s |  28.8 KiB |  00m00s
2026-10-07T13:35:40.0902051Z [ 13/477] perl-constant-0:1.33-522.fc44 100% | 352.3 KiB/s |  22.9 KiB |  00m00s
2026-10-07T13:35:40.1025858Z [ 14/477] perl-Scalar-List-Utils-5:1.70 100% |   4.1 MiB/s |  75.4 KiB |  00m00s
2026-10-07T13:35:40.1355960Z [ 15/477] perl-Pod-Perldoc-0:3.28.01-52 100% |   1.9 MiB/s |  86.1 KiB |  00m00s
2026-10-07T13:35:40.1574605Z [ 16/477] perl-File-Temp-1:0.231.200-2. 100% |   2.8 MiB/s |  59.6 KiB |  00m00s
2026-10-07T13:35:40.1818635Z [ 17/477] groff-base-0:1.23.0-12.fc44.x 100% |  14.4 MiB/s |   1.1 MiB |  00m00s
2026-10-07T13:35:40.1979396Z [ 18/477] perl-parent-1:0.244-521.fc44. 100% | 992.1 KiB/s |  14.9 KiB |  00m00s
2026-10-07T13:35:40.2044594Z [ 19/477] perl-Pod-Simple-1:3.47-4.fc44 100% |   4.7 MiB/s | 220.0 KiB |  00m00s
2026-10-07T13:35:40.2143287Z [ 20/477] perl-File-Path-0:2.18-522.fc4 100% |   2.2 MiB/s |  35.3 KiB |  00m00s
2026-10-07T13:35:40.2216625Z [ 21/477] perl-Pod-Escapes-1:1.07-521.f 100% |   1.2 MiB/s |  19.8 KiB |  00m00s
2026-10-07T13:35:40.2302899Z [ 22/477] perl-Text-Tabs+Wrap-0:2024.00 100% |   1.4 MiB/s |  21.8 KiB |  00m00s
2026-10-07T13:35:40.3121316Z [ 23/477] git-core-0:2.56.0-1.fc44.x86_ 100% |  10.5 MiB/s |   5.7 MiB |  00m01s
2026-10-07T13:35:40.3440757Z [ 24/477] make-1:4.4.1-12.fc44.x86_64   100% |  18.5 MiB/s | 588.7 KiB |  00m00s
2026-10-07T13:35:40.6879345Z [ 25/477] cpp-0:16.2.1-2.fc44.x86_64    100% |  31.9 MiB/s |  14.6 MiB |  00m00s
2026-10-07T13:35:40.7044374Z [ 26/477] pkgconf-pkg-config-0:2.5.1-1. 100% | 631.2 KiB/s |   9.5 KiB |  00m00s
2026-10-07T13:35:40.7208923Z [ 27/477] pkgconf-0:2.5.1-1.fc44.x86_64 100% |   3.2 MiB/s |  48.7 KiB |  00m00s
2026-10-07T13:35:40.7370728Z [ 28/477] pkgconf-m4-0:2.5.1-1.fc44.noa 100% | 916.9 KiB/s |  13.8 KiB |  00m00s
2026-10-07T13:35:40.7533545Z [ 29/477] libpkgconf-0:2.5.1-1.fc44.x86 100% |   2.8 MiB/s |  42.7 KiB |  00m00s
2026-10-07T13:35:40.8342317Z [ 30/477] gcc-c++-0:16.2.1-2.fc44.x86_6 100% |  35.5 MiB/s |  17.3 MiB |  00m00s
2026-10-07T13:35:40.9075935Z [ 31/477] gtk4-devel-0:4.22.5-2.fc44.x8 100% |  30.4 MiB/s |   4.6 MiB |  00m00s
2026-10-07T13:35:40.9262512Z [ 32/477] colord-libs-0:1.4.8-4.fc44.x8 100% |  13.4 MiB/s | 233.7 KiB |  00m00s
2026-10-07T13:35:40.9451419Z [ 33/477] fontconfig-0:2.17.0-4.fc44.x8 100% |  15.1 MiB/s | 278.2 KiB |  00m00s
2026-10-07T13:35:40.9620143Z [ 34/477] fribidi-0:1.0.16-4.fc44.x86_6 100% |   3.3 MiB/s |  53.8 KiB |  00m00s
2026-10-07T13:35:40.9884739Z [ 35/477] gtk4-0:4.22.5-2.fc44.x86_64   100% |  44.0 MiB/s |   6.7 MiB |  00m00s
2026-10-07T13:35:40.9899414Z [ 36/477] graphene-0:1.10.8-4.fc44.x86_ 100% |   2.2 MiB/s |  60.9 KiB |  00m00s
2026-10-07T13:35:41.0048487Z [ 37/477] libXcursor-0:1.2.3-4.fc44.x86 100% |   2.1 MiB/s |  32.5 KiB |  00m00s
2026-10-07T13:35:41.0065022Z [ 38/477] libXdamage-0:1.1.6-7.fc44.x86 100% |   1.4 MiB/s |  23.3 KiB |  00m00s
2026-10-07T13:35:41.0209252Z [ 39/477] libXext-0:1.3.6-5.fc44.x86_64 100% |   2.7 MiB/s |  40.7 KiB |  00m00s
2026-10-07T13:35:41.0237933Z [ 40/477] libXfixes-0:6.0.1-7.fc44.x86_ 100% |   1.1 MiB/s |  19.3 KiB |  00m00s
2026-10-07T13:35:41.0366482Z [ 41/477] libXinerama-0:1.1.5-10.fc44.x 100% | 953.8 KiB/s |  14.3 KiB |  00m00s
2026-10-07T13:35:41.0400459Z [ 42/477] libXrandr-0:1.5.4-7.fc44.x86_ 100% |   1.8 MiB/s |  27.8 KiB |  00m00s
2026-10-07T13:35:41.0552378Z [ 43/477] libepoxy-0:1.5.10-12.fc44.x86 100% |  13.2 MiB/s | 230.4 KiB |  00m00s
2026-10-07T13:35:41.0727865Z [ 44/477] libjpeg-turbo-0:3.1.3-1.fc44. 100% |   7.4 MiB/s | 243.4 KiB |  00m00s
2026-10-07T13:35:41.0744214Z [ 45/477] libxkbcommon-0:1.13.1-2.fc44. 100% |  10.1 MiB/s | 185.8 KiB |  00m00s
2026-10-07T13:35:41.0922176Z [ 46/477] pango-0:1.57.1-1.fc44.x86_64  100% |  19.9 MiB/s | 366.1 KiB |  00m00s
2026-10-07T13:35:41.0952566Z [ 47/477] vulkan-loader-0:1.4.341.0-1.f 100% |   8.1 MiB/s | 165.8 KiB |  00m00s
2026-10-07T13:35:41.1123469Z [ 48/477] adwaita-icon-theme-0:50.0-1.f 100% |  20.8 MiB/s | 404.9 KiB |  00m00s
2026-10-07T13:35:41.1153152Z [ 49/477] hicolor-icon-theme-0:0.18-3.f 100% |   3.4 MiB/s |  66.0 KiB |  00m00s
2026-10-07T13:35:41.1323608Z [ 50/477] shared-mime-info-0:2.4-3.fc44 100% |  20.7 MiB/s | 402.0 KiB |  00m00s
2026-10-07T13:35:41.1363138Z [ 51/477] lcms2-0:2.16-7.fc44.x86_64    100% |   9.3 MiB/s | 191.4 KiB |  00m00s
2026-10-07T13:35:41.1489096Z [ 52/477] libgusb-0:0.4.9-5.fc44.x86_64 100% |   4.0 MiB/s |  64.7 KiB |  00m00s
2026-10-07T13:35:41.1530485Z [ 53/477] default-fonts-core-sans-0:4.3 100% |   1.8 MiB/s |  29.2 KiB |  00m00s
2026-10-07T13:35:41.1648632Z [ 54/477] fonts-filesystem-1:5.0.0-2.fc 100% | 593.2 KiB/s |   8.9 KiB |  00m00s
2026-10-07T13:35:41.1697996Z [ 55/477] xml-common-0:0.6.3-68.fc44.no 100% |   1.9 MiB/s |  31.1 KiB |  00m00s
2026-10-07T13:35:41.1810924Z [ 56/477] libXrender-0:0.9.12-4.fc44.x8 100% |   1.8 MiB/s |  27.9 KiB |  00m00s
2026-10-07T13:35:41.1979842Z [ 57/477] libXft-0:2.3.8-10.fc44.x86_64 100% |   4.5 MiB/s |  74.3 KiB |  00m00s
2026-10-07T13:35:41.2163387Z [ 58/477] libthai-0:0.1.30-2.fc44.x86_6 100% |  12.4 MiB/s | 216.1 KiB |  00m00s
2026-10-07T13:35:41.2221731Z [ 59/477] xkeyboard-config-0:2.47-1.fc4 100% |  19.2 MiB/s |   1.0 MiB |  00m00s
2026-10-07T13:35:41.2925752Z [ 60/477] gcc-0:16.2.1-2.fc44.x86_64    100% |  40.4 MiB/s |  43.3 MiB |  00m01s
2026-10-07T13:35:41.2958208Z [ 61/477] adwaita-cursor-theme-0:50.0-1 100% |   4.7 MiB/s | 380.7 KiB |  00m00s
2026-10-07T13:35:41.3128526Z [ 62/477] abattis-cantarell-vf-fonts-0: 100% |   7.3 MiB/s | 120.4 KiB |  00m00s
2026-10-07T13:35:41.3371900Z [ 63/477] google-noto-sans-vf-fonts-0:2 100% |  26.1 MiB/s | 614.9 KiB |  00m00s
2026-10-07T13:35:41.3425785Z [ 64/477] adwaita-icon-theme-legacy-0:4 100% |  20.8 MiB/s |   2.5 MiB |  00m00s
2026-10-07T13:35:41.3533308Z [ 65/477] libdatrie-0:0.2.14-2.fc44.x86 100% |   2.2 MiB/s |  33.1 KiB |  00m00s
2026-10-07T13:35:41.3585301Z [ 66/477] google-noto-fonts-common-0:20 100% |   1.2 MiB/s |  17.7 KiB |  00m00s
2026-10-07T13:35:41.3841113Z [ 67/477] webkitgtk6.0-devel-0:2.54.1-1 100% |   7.4 MiB/s | 228.6 KiB |  00m00s
2026-10-07T13:35:41.4007103Z [ 68/477] json-glib-0:1.10.8-5.fc44.x86 100% |   1.6 MiB/s | 175.5 KiB |  00m00s
2026-10-07T13:35:41.4137791Z [ 69/477] javascriptcoregtk6.0-devel-0: 100% |   5.0 MiB/s | 148.8 KiB |  00m00s
2026-10-07T13:35:41.5557602Z [ 70/477] javascriptcoregtk6.0-0:2.54.1 100% |  46.4 MiB/s |   9.1 MiB |  00m00s
2026-10-07T13:35:41.5776732Z [ 71/477] flite-0:2.2-13.fc44.x86_64    100% |  76.5 MiB/s |  12.5 MiB |  00m00s
2026-10-07T13:35:41.5788482Z [ 72/477] hyphen-0:2.8.8-28.fc44.x86_64 100% |   1.3 MiB/s |  29.6 KiB |  00m00s
2026-10-07T13:35:41.5949597Z [ 73/477] libavif-0:1.3.0-4.fc44.x86_64 100% |   7.7 MiB/s | 125.8 KiB |  00m00s
2026-10-07T13:35:41.5962328Z [ 74/477] libmanette-0:0.2.13-2.fc44.x8 100% |   4.1 MiB/s |  67.8 KiB |  00m00s
2026-10-07T13:35:41.6138460Z [ 75/477] libwebp-0:1.6.0-3.fc44.x86_64 100% |  17.9 MiB/s | 329.9 KiB |  00m00s
2026-10-07T13:35:41.6166396Z [ 76/477] libxslt-0:1.1.43-6.fc44.x86_6 100% |   9.9 MiB/s | 192.7 KiB |  00m00s
2026-10-07T13:35:41.6350004Z [ 77/477] pulseaudio-libs-0:17.0-9.fc44 100% |  34.4 MiB/s | 705.3 KiB |  00m00s
2026-10-07T13:35:41.6374156Z [ 78/477] libyuv-0:0-0.61.20260213git60 100% |  10.2 MiB/s | 209.3 KiB |  00m00s
2026-10-07T13:35:41.6588209Z [ 79/477] rav1e-libs-0:0.8.1-3.fc44.x86 100% |  48.6 MiB/s |   1.1 MiB |  00m00s
2026-10-07T13:35:41.6757351Z [ 80/477] hidapi-0:0.15.0-3.fc44.x86_64 100% |   2.9 MiB/s |  48.0 KiB |  00m00s
2026-10-07T13:35:41.6949707Z [ 81/477] svt-av1-libs-0:3.1.2-2.fc44.x 100% |  36.2 MiB/s |   2.0 MiB |  00m00s
2026-10-07T13:35:41.6963352Z [ 82/477] libgudev-0:238-9.fc44.x86_64  100% |   1.8 MiB/s |  35.2 KiB |  00m00s
2026-10-07T13:35:41.7136651Z [ 83/477] dbus-libs-1:1.16.2-1.fc44.x86 100% |   8.9 MiB/s | 155.1 KiB |  00m00s
2026-10-07T13:35:41.7160404Z [ 84/477] libsndfile-0:1.2.2-11.fc44.x8 100% |  11.5 MiB/s | 224.1 KiB |  00m00s
2026-10-07T13:35:41.7320948Z [ 85/477] libxcb-0:1.17.0-7.fc44.x86_64 100% |  13.7 MiB/s | 238.0 KiB |  00m00s
2026-10-07T13:35:41.7356351Z [ 86/477] flac-libs-0:1.5.0-8.fc44.x86_ 100% |  11.6 MiB/s | 225.7 KiB |  00m00s
2026-10-07T13:35:41.7484388Z [ 87/477] gsm-0:1.0.24-2.fc44.x86_64    100% |   2.3 MiB/s |  36.0 KiB |  00m00s
2026-10-07T13:35:41.7565655Z [ 88/477] lame-libs-0:3.100-21.fc44.x86 100% |  16.6 MiB/s | 341.0 KiB |  00m00s
2026-10-07T13:35:41.7647621Z [ 89/477] libogg-2:1.3.6-2.fc44.x86_64  100% |   2.0 MiB/s |  33.5 KiB |  00m00s
2026-10-07T13:35:41.7753142Z [ 90/477] libvorbis-1:1.3.7-14.fc44.x86 100% |  10.4 MiB/s | 191.0 KiB |  00m00s
2026-10-07T13:35:41.7827140Z [ 91/477] mpg123-libs-0:1.32.10-3.fc44. 100% |  20.8 MiB/s | 362.3 KiB |  00m00s
2026-10-07T13:35:41.7951660Z [ 92/477] opus-0:1.6-2.fc44.x86_64      100% |  13.1 MiB/s | 255.4 KiB |  00m00s
2026-10-07T13:35:41.7987010Z [ 93/477] libXau-0:1.0.12-4.fc44.x86_64 100% |   2.2 MiB/s |  33.7 KiB |  00m00s
2026-10-07T13:35:41.8111893Z [ 94/477] libasyncns-0:0.8-34.fc44.x86_ 100% |   2.0 MiB/s |  30.2 KiB |  00m00s
2026-10-07T13:35:41.8311259Z [ 95/477] perl-interpreter-4:5.42.3-525 100% |   3.7 MiB/s |  71.7 KiB |  00m00s
2026-10-07T13:35:41.8447797Z [ 96/477] perl-Errno-0:1.38-525.fc44.x8 100% |   1.2 MiB/s |  14.3 KiB |  00m00s
2026-10-07T13:35:41.8592324Z [ 97/477] perl-DynaLoader-0:1.57-525.fc 100% |   1.9 MiB/s |  25.3 KiB |  00m00s
2026-10-07T13:35:41.8730680Z [ 98/477] perl-libs-4:5.42.3-525.fc44.x 100% |  35.2 MiB/s |   2.6 MiB |  00m00s
2026-10-07T13:35:41.8742886Z [ 99/477] perl-vars-0:1.05-525.fc44.noa 100% | 877.9 KiB/s |  12.3 KiB |  00m00s
2026-10-07T13:35:41.8914003Z [100/477] perl-Term-ANSIColor-0:5.01-52 100% |   2.9 MiB/s |  47.7 KiB |  00m00s
2026-10-07T13:35:41.8999349Z [101/477] perl-podlators-1:6.0.2-522.fc 100% |   4.8 MiB/s | 128.2 KiB |  00m00s
2026-10-07T13:35:41.9074239Z [102/477] perl-Term-Cap-0:1.18-521.fc44 100% |   1.4 MiB/s |  22.0 KiB |  00m00s
2026-10-07T13:35:41.9217119Z [103/477] perl-File-Basename-0:2.86-525 100% |   1.2 MiB/s |  16.5 KiB |  00m00s
2026-10-07T13:35:41.9237605Z [104/477] ncurses-0:6.6-1.fc44.x86_64   100% |  18.2 MiB/s | 429.8 KiB |  00m00s
2026-10-07T13:35:41.9821485Z [105/477] webkitgtk6.0-0:2.54.1-1.fc44. 100% |  50.7 MiB/s |  29.4 MiB |  00m01s
2026-10-07T13:35:41.9831257Z [106/477] perl-Symbol-0:1.09-525.fc44.n 100% | 225.2 KiB/s |  13.5 KiB |  00m00s
2026-10-07T13:35:41.9837345Z [107/477] perl-if-0:0.61.000-525.fc44.n 100% | 225.5 KiB/s |  13.3 KiB |  00m00s
2026-10-07T13:35:41.9992960Z [108/477] perl-overload-0:1.40-525.fc44 100% |   2.7 MiB/s |  44.9 KiB |  00m00s
2026-10-07T13:35:42.0010875Z [109/477] perl-MIME-Base64-0:3.16-521.f 100% |   1.8 MiB/s |  29.8 KiB |  00m00s
2026-10-07T13:35:42.0067813Z [110/477] perl-Encode-4:3.21-521.fc44.x 100% |  47.8 MiB/s |   1.1 MiB |  00m00s
2026-10-07T13:35:42.0169803Z [111/477] perl-Fcntl-0:1.20-525.fc44.x8 100% |   2.0 MiB/s |  29.1 KiB |  00m00s
2026-10-07T13:35:42.0194188Z [112/477] perl-Storable-1:3.37-522.fc44 100% |   5.2 MiB/s | 100.9 KiB |  00m00s
2026-10-07T13:35:42.0245146Z [113/477] perl-HTTP-Tiny-0:0.096-1.fc44 100% |   3.3 MiB/s |  57.8 KiB |  00m00s
2026-10-07T13:35:42.0343899Z [114/477] perl-IO-Socket-SSL-0:2.098-2. 100% |  13.5 MiB/s | 234.7 KiB |  00m00s
2026-10-07T13:35:42.0413160Z [115/477] perl-Net-SSLeay-0:1.94-12.fc4 100% |  17.4 MiB/s | 373.4 KiB |  00m00s
2026-10-07T13:35:42.0430356Z [116/477] perl-Time-HiRes-4:1.9778-521. 100% |   3.1 MiB/s |  57.2 KiB |  00m00s
2026-10-07T13:35:42.0502344Z [117/477] perl-Time-Local-2:1.350-521.f 100% |   2.2 MiB/s |  34.5 KiB |  00m00s
2026-10-07T13:35:42.0576052Z [118/477] perl-IO-Socket-IP-0:0.43-522. 100% |   2.7 MiB/s |  42.2 KiB |  00m00s
2026-10-07T13:35:42.0597684Z [119/477] perl-IO-0:1.55-525.fc44.x86_6 100% |   5.0 MiB/s |  81.5 KiB |  00m00s
2026-10-07T13:35:42.0638604Z [120/477] perl-IPC-Open3-0:1.24-525.fc4 100% |   1.7 MiB/s |  23.2 KiB |  00m00s
2026-10-07T13:35:42.0719034Z [121/477] perl-AutoLoader-0:5.74-525.fc 100% |   1.5 MiB/s |  20.5 KiB |  00m00s
2026-10-07T13:35:42.0783305Z [122/477] perl-Socket-4:2.043-1.fc44.x8 100% |   3.0 MiB/s |  55.4 KiB |  00m00s
2026-10-07T13:35:42.0821423Z [123/477] perl-URI-0:5.36-1.fc44.noarch 100% |   8.1 MiB/s | 149.3 KiB |  00m00s
2026-10-07T13:35:42.0879066Z [124/477] perl-MIME-Base32-0:1.303-25.f 100% |   1.3 MiB/s |  20.5 KiB |  00m00s
2026-10-07T13:35:42.0949999Z [125/477] perl-Unicode-Normalize-0:1.32 100% |   4.5 MiB/s |  74.4 KiB |  00m00s
2026-10-07T13:35:42.1036378Z [126/477] perl-Digest-MD5-0:2.59-521.fc 100% |   2.3 MiB/s |  36.0 KiB |  00m00s
2026-10-07T13:35:42.1052973Z [127/477] perl-libnet-0:3.15-522.fc44.n 100% |   5.7 MiB/s | 128.4 KiB |  00m00s
2026-10-07T13:35:42.1109304Z [128/477] perl-Digest-0:1.20-521.fc44.n 100% |   1.6 MiB/s |  24.9 KiB |  00m00s
2026-10-07T13:35:42.1185538Z [129/477] perl-base-0:2.27-525.fc44.noa 100% |   1.3 MiB/s |  15.5 KiB |  00m00s
2026-10-07T13:35:42.1238058Z [130/477] perl-Getopt-Std-0:1.14-525.fc 100% |   1.2 MiB/s |  15.0 KiB |  00m00s
2026-10-07T13:35:42.1258600Z [131/477] perl-POSIX-0:2.23-525.fc44.x8 100% |   4.5 MiB/s |  96.3 KiB |  00m00s
2026-10-07T13:35:42.1406874Z [132/477] lzo-0:2.10-16.fc44.x86_64     100% |   4.3 MiB/s |  69.7 KiB |  00m00s
2026-10-07T13:35:42.1471960Z [133/477] pixman-0:0.46.2-3.fc44.x86_64 100% |  14.5 MiB/s | 297.4 KiB |  00m00s
2026-10-07T13:35:42.1548930Z [134/477] cairo-gobject-0:1.18.6-1.fc44 100% |   1.3 MiB/s |  16.9 KiB |  00m00s
2026-10-07T13:35:42.1573521Z [135/477] cairo-0:1.18.6-1.fc44.x86_64  100% |  19.5 MiB/s | 757.6 KiB |  00m00s
2026-10-07T13:35:42.1740155Z [136/477] graphite2-0:1.3.14-20.fc44.x8 100% |   5.9 MiB/s |  96.5 KiB |  00m00s
2026-10-07T13:35:42.1775454Z [137/477] freetype-0:2.14.3-1.fc44.x86_ 100% |  15.0 MiB/s | 444.0 KiB |  00m00s
2026-10-07T13:35:42.1878899Z [138/477] harfbuzz-icu-0:14.1.0-2.fc44. 100% |   1.2 MiB/s |  16.6 KiB |  00m00s
2026-10-07T13:35:42.2053020Z [139/477] harfbuzz-0:14.1.0-2.fc44.x86_ 100% |  22.5 MiB/s |   1.1 MiB |  00m00s
2026-10-07T13:35:42.2151059Z [140/477] libX11-common-0:1.8.13-3.fc44 100% |   6.6 MiB/s | 175.3 KiB |  00m00s
2026-10-07T13:35:42.2176176Z [141/477] libX11-0:1.8.13-3.fc44.x86_64 100% |  17.0 MiB/s | 680.0 KiB |  00m00s
2026-10-07T13:35:42.2217891Z [142/477] libevdev-0:1.13.7-1.fc44.x86_ 100% |   2.4 MiB/s |  39.0 KiB |  00m00s
2026-10-07T13:35:42.2351987Z [143/477] libvmaf-0:3.0.0-5.fc44.x86_64 100% |  12.4 MiB/s | 202.9 KiB |  00m00s
2026-10-07T13:35:42.2578728Z [144/477] libdav1d-0:1.5.4-1.fc44.x86_6 100% |  18.6 MiB/s | 664.8 KiB |  00m00s
2026-10-07T13:35:42.2760494Z [145/477] python3-packaging-0:25.0-8.fc 100% |   9.3 MiB/s | 161.2 KiB |  00m00s
2026-10-07T13:35:42.2815918Z [146/477] libaom-0:3.13.3-1.fc44.x86_64 100% |  28.5 MiB/s |   1.9 MiB |  00m00s
2026-10-07T13:35:42.2915921Z [147/477] glib2-devel-0:2.88.3-1.fc44.x 100% |  26.8 MiB/s |   1.5 MiB |  00m00s
2026-10-07T13:35:42.3102832Z [148/477] libsoup3-devel-0:3.6.6-10.fc4 100% |   4.6 MiB/s | 125.9 KiB |  00m00s
2026-10-07T13:35:42.3245942Z [149/477] libsoup3-0:3.6.6-10.fc44.x86_ 100% |  12.5 MiB/s | 408.4 KiB |  00m00s
2026-10-07T13:35:42.3273847Z [150/477] glib-networking-0:2.80.1-4.fc 100% |  12.4 MiB/s | 202.9 KiB |  00m00s
2026-10-07T13:35:42.3436042Z [151/477] libproxy-0:0.5.12-2.fc44.x86_ 100% |   2.5 MiB/s |  45.4 KiB |  00m00s
2026-10-07T13:35:42.3480752Z [152/477] gstreamer1-0:1.28.7-1.fc44.x8 100% |  24.3 MiB/s |   1.7 MiB |  00m00s
2026-10-07T13:35:42.3489851Z [153/477] duktape-0:2.7.0-11.fc44.x86_6 100% |   8.0 MiB/s | 172.0 KiB |  00m00s
2026-10-07T13:35:42.3640811Z [154/477] enchant2-0:2.8.21-1.fc44.x86_ 100% |   6.7 MiB/s |  95.4 KiB |  00m00s
2026-10-07T13:35:42.3652064Z [155/477] bubblewrap-0:0.12.0-1.fc44.x8 100% |   3.3 MiB/s |  66.9 KiB |  00m00s
2026-10-07T13:35:42.3817155Z [156/477] cdparanoia-libs-0:10.2-50.fc4 100% |   3.6 MiB/s |  56.0 KiB |  00m00s
2026-10-07T13:35:42.3840249Z [157/477] gdk-pixbuf2-0:2.44.6^really2. 100% |  14.1 MiB/s | 490.4 KiB |  00m00s
2026-10-07T13:35:42.4234035Z [158/477] iso-codes-0:4.20.1-3.fc44.noa 100% |  96.4 MiB/s |   4.0 MiB |  00m00s
2026-10-07T13:35:42.4247391Z [159/477] libXv-0:1.0.13-4.fc44.x86_64  100% | 466.7 KiB/s |  18.7 KiB |  00m00s
2026-10-07T13:35:42.4398478Z [160/477] libglvnd-egl-1:1.7.0-9.fc44.x 100% |   2.4 MiB/s |  37.2 KiB |  00m00s
2026-10-07T13:35:42.4433383Z [161/477] libglvnd-glx-1:1.7.0-9.fc44.x 100% |   7.2 MiB/s | 132.5 KiB |  00m00s
2026-10-07T13:35:42.4506297Z [162/477] gstreamer1-plugins-base-0:1.2 100% |  27.4 MiB/s |   2.4 MiB |  00m00s
2026-10-07T13:35:42.4567152Z [163/477] libtheora-1:1.1.1-41.fc44.x86 100% |  10.4 MiB/s | 170.0 KiB |  00m00s
2026-10-07T13:35:42.4615555Z [164/477] libvisual-1:0.4.2-4.fc44.x86_ 100% |   8.6 MiB/s | 158.5 KiB |  00m00s
2026-10-07T13:35:42.4732552Z [165/477] libglvnd-1:1.7.0-9.fc44.x86_6 100% |   7.0 MiB/s | 114.7 KiB |  00m00s
2026-10-07T13:35:42.4799567Z [166/477] libatomic-0:16.2.1-2.fc44.x86 100% |   3.0 MiB/s |  55.3 KiB |  00m00s
2026-10-07T13:35:42.4851592Z [167/477] orc-0:0.4.41-3.fc44.x86_64    100% |   6.4 MiB/s | 224.2 KiB |  00m00s
2026-10-07T13:35:42.4960818Z [168/477] libpciaccess-0:0.16-17.fc44.x 100% |   1.8 MiB/s |  27.2 KiB |  00m00s
2026-10-07T13:35:42.5032340Z [169/477] libdrm-0:2.4.134-1.fc44.x86_6 100% |   5.6 MiB/s | 166.7 KiB |  00m00s
2026-10-07T13:35:42.5235742Z [170/477] highway-0:1.3.0-2.fc44.x86_64 100% |  35.7 MiB/s | 694.6 KiB |  00m00s
2026-10-07T13:35:42.5436300Z [171/477] libjxl-1:0.11.2-1.fc44.x86_64 100% |  26.4 MiB/s |   1.2 MiB |  00m00s
2026-10-07T13:35:42.5510379Z [172/477] libpng-2:1.6.58-1.fc44.x86_64 100% |   4.9 MiB/s | 129.5 KiB |  00m00s
2026-10-07T13:35:42.5651644Z [173/477] libseccomp-0:2.6.1-2.fc44.x86 100% |   3.7 MiB/s |  76.0 KiB |  00m00s
2026-10-07T13:35:42.5667684Z [174/477] libsecret-0:0.21.8.2-2.fc44.x 100% |  11.8 MiB/s | 180.5 KiB |  00m00s
2026-10-07T13:35:42.5806076Z [175/477] libwayland-cursor-0:1.26.0-1. 100% |   1.4 MiB/s |  19.2 KiB |  00m00s
2026-10-07T13:35:42.5816818Z [176/477] libwayland-client-0:1.26.0-1. 100% |   2.2 MiB/s |  35.5 KiB |  00m00s
2026-10-07T13:35:42.5956080Z [177/477] mesa-libgbm-0:26.2.3-1.fc44.x 100% |   1.1 MiB/s |  14.9 KiB |  00m00s
2026-10-07T13:35:42.5971952Z [178/477] libwayland-server-0:1.26.0-1. 100% |   2.7 MiB/s |  44.0 KiB |  00m00s
2026-10-07T13:35:42.6129271Z [179/477] mesa-libEGL-0:26.2.3-1.fc44.x 100% |   8.6 MiB/s | 140.8 KiB |  00m00s
2026-10-07T13:35:42.6262320Z [180/477] mesa-filesystem-0:26.2.3-1.fc 100% | 745.2 KiB/s |   8.9 KiB |  00m00s
2026-10-07T13:35:42.6425509Z [181/477] libxshmfence-0:1.3.2-8.fc44.x 100% | 881.1 KiB/s |  13.2 KiB |  00m00s
2026-10-07T13:35:42.6588274Z [182/477] lm_sensors-libs-0:3.6.0-24.fc 100% |   2.7 MiB/s |  41.9 KiB |  00m00s
2026-10-07T13:35:42.6860640Z [183/477] spirv-tools-libs-0:2026.1-1.f 100% |  67.0 MiB/s |   1.7 MiB |  00m00s
2026-10-07T13:35:42.7147902Z [184/477] mesa-libGL-0:26.2.3-1.fc44.x8 100% |   5.0 MiB/s | 138.5 KiB |  00m00s
2026-10-07T13:35:42.7308848Z [185/477] libXxf86vm-0:1.1.6-4.fc44.x86 100% |   1.2 MiB/s |  18.2 KiB |  00m00s
2026-10-07T13:35:42.7491461Z [186/477] xdg-dbus-proxy-0:0.1.9-1.fc44 100% |   2.7 MiB/s |  47.4 KiB |  00m00s
2026-10-07T13:35:42.7653582Z [187/477] dbus-1:1.16.2-1.fc44.x86_64   100% | 498.0 KiB/s |   7.5 KiB |  00m00s
2026-10-07T13:35:42.7867233Z [188/477] libicu-0:77.1-3.fc44.x86_64   100% |  35.9 MiB/s |  10.8 MiB |  00m00s
2026-10-07T13:35:42.7879377Z [189/477] libglvnd-gles-1:1.7.0-9.fc44. 100% |   1.3 MiB/s |  28.6 KiB |  00m00s
2026-10-07T13:35:42.8005138Z [190/477] perl-overloading-0:0.02-525.f 100% |   1.0 MiB/s |  12.2 KiB |  00m00s
2026-10-07T13:35:42.8024512Z [191/477] perl-mro-0:1.29-525.fc44.x86_ 100% |   1.9 MiB/s |  29.1 KiB |  00m00s
2026-10-07T13:35:42.8158505Z [192/477] perl-locale-0:1.13-525.fc44.n 100% | 985.2 KiB/s |  12.8 KiB |  00m00s
2026-10-07T13:35:42.8185108Z [193/477] perl-Data-Dumper-0:2.192-523. 100% |   3.2 MiB/s |  56.3 KiB |  00m00s
2026-10-07T13:35:42.8290029Z [194/477] perl-File-stat-0:1.14-525.fc4 100% |   1.3 MiB/s |  16.4 KiB |  00m00s
2026-10-07T13:35:42.8311481Z [195/477] perl-SelectSaver-0:1.02-525.f 100% | 919.4 KiB/s |  11.0 KiB |  00m00s
2026-10-07T13:35:42.8430990Z [196/477] perl-Class-Struct-0:0.68-525. 100% |   1.6 MiB/s |  21.4 KiB |  00m00s
2026-10-07T13:35:42.8480970Z [197/477] perl-B-0:1.89-525.fc44.x86_64 100% |  10.8 MiB/s | 177.1 KiB |  00m00s
2026-10-07T13:35:42.8556076Z [198/477] libX11-xcb-0:1.8.13-3.fc44.x8 100% | 902.8 KiB/s |  10.8 KiB |  00m00s
2026-10-07T13:35:42.8679648Z [199/477] llvm-filesystem-0:22.1.8-4.fc 100% | 910.4 KiB/s |  10.0 KiB |  00m00s
2026-10-07T13:35:42.8849754Z [200/477] libedit-0:3.1-59.20260512cvs. 100% |   6.7 MiB/s | 110.4 KiB |  00m00s
2026-10-07T13:35:42.9247407Z [201/477] mesa-dri-drivers-0:26.2.3-1.f 100% |  42.3 MiB/s |  13.8 MiB |  00m00s
2026-10-07T13:35:42.9262932Z [202/477] krb5-devel-0:1.22.2-4.fc44.x8 100% |   3.5 MiB/s | 143.4 KiB |  00m00s
2026-10-07T13:35:42.9450030Z [203/477] libnghttp2-devel-0:1.68.0-5.f 100% |   2.9 MiB/s |  53.9 KiB |  00m00s
2026-10-07T13:35:42.9461301Z [204/477] libkadm5-0:1.22.2-4.fc44.x86_ 100% |   3.9 MiB/s |  80.0 KiB |  00m00s
2026-10-07T13:35:42.9690172Z [205/477] sqlite-devel-0:3.51.2-2.fc44. 100% |   6.5 MiB/s | 152.0 KiB |  00m00s
2026-10-07T13:35:42.9867728Z [206/477] sqlite-0:3.51.2-2.fc44.x86_64 100% |  23.5 MiB/s | 961.2 KiB |  00m00s
2026-10-07T13:35:42.9895204Z [207/477] brotli-devel-0:1.2.0-3.fc44.x 100% |   1.8 MiB/s |  34.6 KiB |  00m00s
2026-10-07T13:35:43.0041164Z [208/477] brotli-0:1.2.0-3.fc44.x86_64  100% |   1.6 MiB/s |  24.1 KiB |  00m00s
2026-10-07T13:35:43.0060188Z [209/477] libpsl-devel-0:0.21.5-7.fc44. 100% |   2.1 MiB/s |  32.8 KiB |  00m00s
2026-10-07T13:35:43.0208624Z [210/477] publicsuffix-list-0:20260116- 100% |   5.6 MiB/s |  91.7 KiB |  00m00s
2026-10-07T13:35:43.0246042Z [211/477] sysprof-capture-devel-0:50.0- 100% |   9.4 MiB/s | 174.1 KiB |  00m00s
2026-10-07T13:35:43.0381016Z [212/477] zlib-ng-compat-devel-0:2.3.3- 100% |   2.3 MiB/s |  38.1 KiB |  00m00s
2026-10-07T13:35:43.0410002Z [213/477] cmake-filesystem-0:4.3.0-1.fc 100% |   1.0 MiB/s |  15.0 KiB |  00m00s
2026-10-07T13:35:43.0592369Z [214/477] libsepol-devel-0:3.11-1.fc44. 100% |   2.8 MiB/s |  48.2 KiB |  00m00s
2026-10-07T13:35:43.0680082Z [215/477] libselinux-devel-0:3.11-2.fc4 100% |   5.1 MiB/s | 151.4 KiB |  00m00s
2026-10-07T13:35:43.0758470Z [216/477] keyutils-libs-devel-0:1.6.3-7 100% |   3.9 MiB/s |  59.7 KiB |  00m00s
2026-10-07T13:35:43.0840525Z [217/477] libcom_err-devel-0:1.47.3-4.f 100% |   1.1 MiB/s |  16.8 KiB |  00m00s
2026-10-07T13:35:43.0919706Z [218/477] libverto-devel-0:0.3.2-12.fc4 100% | 959.8 KiB/s |  14.4 KiB |  00m00s
2026-10-07T13:35:43.1043351Z [219/477] cairo-gobject-devel-0:1.18.6- 100% | 908.1 KiB/s |  10.9 KiB |  00m00s
2026-10-07T13:35:43.1138391Z [220/477] cairo-devel-0:1.18.6-1.fc44.x 100% |   6.5 MiB/s | 191.7 KiB |  00m00s
2026-10-07T13:35:43.1276119Z [221/477] cups-filesystem-1:2.4.19-3.fc 100% | 947.5 KiB/s |  12.3 KiB |  00m00s
2026-10-07T13:35:43.1292797Z [222/477] cups-libs-1:2.4.19-3.fc44.x86 100% |  11.0 MiB/s | 270.2 KiB |  00m00s
2026-10-07T13:35:43.1444408Z [223/477] avahi-libs-0:0.9~rc2-8.fc44.x 100% |   4.4 MiB/s |  71.7 KiB |  00m00s
2026-10-07T13:35:43.1844929Z [224/477] gdk-pixbuf2-devel-0:2.44.6^re 100% |   6.7 MiB/s | 370.0 KiB |  00m00s
2026-10-07T13:35:43.1947504Z [225/477] gstreamer1-plugins-bad-free-l 100% |  23.6 MiB/s |   1.2 MiB |  00m00s
2026-10-07T13:35:43.2023101Z [226/477] libnice-0:0.1.23-2.fc44.x86_6 100% |  11.9 MiB/s | 206.9 KiB |  00m00s
2026-10-07T13:35:43.2130837Z [227/477] libva-0:2.23.0-3.fc44.x86_64  100% |   7.0 MiB/s | 121.3 KiB |  00m00s
2026-10-07T13:35:43.2185706Z [228/477] gupnp-igd-0:1.6.0-8.fc44.x86_ 100% |   2.2 MiB/s |  34.1 KiB |  00m00s
2026-10-07T13:35:43.2373209Z [229/477] xorg-x11-proto-devel-0:2025.1 100% |  16.4 MiB/s | 302.3 KiB |  00m00s
2026-10-07T13:35:43.2549441Z [230/477] libXi-0:1.8.3-1.fc44.x86_64   100% |   2.4 MiB/s |  41.3 KiB |  00m00s
2026-10-07T13:35:43.2608360Z [231/477] libX11-devel-0:1.8.13-3.fc44. 100% |  21.6 MiB/s |   1.0 MiB |  00m00s
2026-10-07T13:35:43.2783752Z [232/477] jbigkit-libs-0:2.1-33.fc44.x8 100% |   3.3 MiB/s |  54.3 KiB |  00m00s
2026-10-07T13:35:43.2802725Z [233/477] libtiff-0:4.7.2-1.fc44.x86_64 100% |   9.0 MiB/s | 231.4 KiB |  00m00s
2026-10-07T13:35:43.2963978Z [234/477] liblerc-0:4.0.0-10.fc44.x86_6 100% |  13.0 MiB/s | 225.9 KiB |  00m00s
2026-10-07T13:35:43.3123010Z [235/477] libtinysparql-0:3.11.1-1.fc44 100% |  11.5 MiB/s | 364.3 KiB |  00m00s
2026-10-07T13:35:43.3140007Z [236/477] avahi-glib-0:0.9~rc2-8.fc44.x 100% | 961.4 KiB/s |  15.4 KiB |  00m00s
2026-10-07T13:35:43.3276619Z [237/477] libwayland-egl-0:1.26.0-1.fc4 100% | 954.8 KiB/s |  12.4 KiB |  00m00s
2026-10-07T13:35:43.3296559Z [238/477] libstemmer-0:3.0.1-11.fc44.x8 100% |   8.9 MiB/s | 146.2 KiB |  00m00s
2026-10-07T13:35:43.3473930Z [239/477] graphene-devel-0:1.10.8-4.fc4 100% |   9.7 MiB/s | 168.4 KiB |  00m00s
2026-10-07T13:35:43.3557117Z [240/477] wayland-devel-0:1.26.0-1.fc44 100% |   6.0 MiB/s | 159.1 KiB |  00m00s
2026-10-07T13:35:43.3645714Z [241/477] pango-devel-0:1.57.1-1.fc44.x 100% |   9.9 MiB/s | 162.1 KiB |  00m00s
2026-10-07T13:35:43.3817037Z [242/477] fontconfig-devel-0:2.17.0-4.f 100% |  10.3 MiB/s | 169.0 KiB |  00m00s
2026-10-07T13:35:43.3979652Z [243/477] vulkan-loader-devel-0:1.4.341 100% | 821.8 KiB/s |  12.3 KiB |  00m00s
2026-10-07T13:35:43.4060719Z [244/477] freetype-devel-0:2.14.3-1.fc4 100% |  21.2 MiB/s |   1.0 MiB |  00m00s
2026-10-07T13:35:43.4250638Z [245/477] vulkan-headers-0:1.4.341.0-1. 100% |  63.7 MiB/s |   1.7 MiB |  00m00s
2026-10-07T13:35:43.4262483Z [246/477] gtk-update-icon-cache-0:3.24. 100% |   1.7 MiB/s |  33.8 KiB |  00m00s
2026-10-07T13:35:43.4454406Z [247/477] python3-0:3.14.8-1.fc44.x86_6 100% |   1.6 MiB/s |  29.4 KiB |  00m00s
2026-10-07T13:35:43.5110261Z [248/477] llvm-libs-0:22.1.8-4.fc44.x86 100% |  51.6 MiB/s |  34.1 MiB |  00m01s
2026-10-07T13:35:43.5152532Z [249/477] alsa-lib-0:1.2.16.1-1.fc44.x8 100% |   6.2 MiB/s | 565.7 KiB |  00m00s
2026-10-07T13:35:43.5289621Z [250/477] mpdecimal-0:4.0.1-3.fc44.x86_ 100% |   6.1 MiB/s |  99.1 KiB |  00m00s
2026-10-07T13:35:43.5304292Z [251/477] libmount-devel-0:2.41.5-1.fc4 100% |   1.7 MiB/s |  24.9 KiB |  00m00s
2026-10-07T13:35:43.5456080Z [252/477] libffi-devel-0:3.5.2-2.fc44.x 100% |   1.9 MiB/s |  29.7 KiB |  00m00s
2026-10-07T13:35:43.5561195Z [253/477] pcre2-devel-0:10.47-1.fc44.1. 100% |  21.5 MiB/s | 550.9 KiB |  00m00s
2026-10-07T13:35:43.5632268Z [254/477] pcre2-utf16-0:10.47-1.fc44.1. 100% |  14.7 MiB/s | 256.3 KiB |  00m00s
2026-10-07T13:35:43.5780623Z [255/477] pcre2-utf32-0:10.47-1.fc44.1. 100% |  11.8 MiB/s | 242.2 KiB |  00m00s
2026-10-07T13:35:43.5905168Z [256/477] less-0:704-4.fc44.x86_64      100% |   8.6 MiB/s | 227.8 KiB |  00m00s
2026-10-07T13:35:43.6197799Z [257/477] openssh-clients-0:10.2p1-14.f 100% |  19.0 MiB/s | 779.1 KiB |  00m00s
2026-10-07T13:35:43.6244016Z [258/477] openssh-0:10.2p1-14.fc44.x86_ 100% |  10.9 MiB/s | 356.3 KiB |  00m00s
2026-10-07T13:35:43.6350413Z [259/477] perl-lib-0:0.65-525.fc44.x86_ 100% |   1.1 MiB/s |  14.2 KiB |  00m00s
2026-10-07T13:35:43.6397407Z [260/477] glycin-devel-0:2.1.5-1.fc44.x 100% |   1.7 MiB/s |  24.9 KiB |  00m00s
2026-10-07T13:35:43.6856228Z [261/477] glycin-libs-0:2.1.5-1.fc44.x8 100% |  31.5 MiB/s |   1.5 MiB |  00m00s
2026-10-07T13:35:43.7180718Z [262/477] python3-libs-0:3.14.8-1.fc44. 100% |  37.3 MiB/s |  10.2 MiB |  00m00s
2026-10-07T13:35:43.7193901Z [263/477] libmpc-0:1.4.1-1.fc44.x86_64  100% |   2.2 MiB/s |  75.5 KiB |  00m00s
2026-10-07T13:35:43.7805333Z [264/477] glycin-loaders-0:2.1.5-1.fc44 100% |  23.0 MiB/s |   3.2 MiB |  00m00s
2026-10-07T13:35:43.8003422Z [265/477] jansson-0:2.14-4.fc44.x86_64  100% |   2.6 MiB/s |  47.1 KiB |  00m00s
2026-10-07T13:35:43.8426277Z [266/477] binutils-0:2.46.1-1.fc44.x86_ 100% |  50.7 MiB/s |   6.2 MiB |  00m00s
2026-10-07T13:35:43.8456534Z [267/477] glibc-devel-0:2.43-9.fc44.x86 100% |  13.7 MiB/s | 619.5 KiB |  00m00s
2026-10-07T13:35:43.8591095Z [268/477] libxcrypt-devel-0:4.5.2-3.fc4 100% |   2.0 MiB/s |  30.0 KiB |  00m00s
2026-10-07T13:35:43.8740244Z [269/477] libstdc++-devel-0:16.2.1-2.fc 100% |  38.6 MiB/s |   6.0 MiB |  00m00s
2026-10-07T13:35:43.8751930Z [270/477] harfbuzz-cairo-0:14.1.0-2.fc4 100% |   2.1 MiB/s |  31.8 KiB |  00m00s
2026-10-07T13:35:43.8900326Z [271/477] harfbuzz-gpu-0:14.1.0-2.fc44. 100% |   2.1 MiB/s |  33.0 KiB |  00m00s
2026-10-07T13:35:43.8990050Z [272/477] harfbuzz-raster-0:14.1.0-2.fc 100% |   4.6 MiB/s | 107.2 KiB |  00m00s
2026-10-07T13:35:43.9077545Z [273/477] harfbuzz-vector-0:14.1.0-2.fc 100% |   3.3 MiB/s |  57.4 KiB |  00m00s
2026-10-07T13:35:43.9156925Z [274/477] glfw-1:3.4-6.fc44.x86_64      100% |   8.0 MiB/s | 131.6 KiB |  00m00s
2026-10-07T13:35:43.9233187Z [275/477] harfbuzz-devel-0:14.1.0-2.fc4 100% |   7.6 MiB/s | 600.8 KiB |  00m00s
2026-10-07T13:35:43.9262266Z [276/477] libGLEW-0:2.2.0-12.fc44.x86_6 100% |   9.3 MiB/s | 170.8 KiB |  00m00s
2026-10-07T13:35:43.9405566Z [277/477] bzip2-devel-0:1.0.8-23.fc44.x 100% |  13.0 MiB/s | 213.7 KiB |  00m00s
2026-10-07T13:35:43.9524347Z [278/477] hunspell-filesystem-0:1.7.4-2 100% | 705.3 KiB/s |   7.8 KiB |  00m00s
2026-10-07T13:35:43.9540731Z [279/477] libpng-devel-2:1.6.58-1.fc44. 100% |   8.0 MiB/s | 303.1 KiB |  00m00s
2026-10-07T13:35:43.9649952Z [280/477] hunspell-0:1.7.4-2.fc44.x86_6 100% |  11.5 MiB/s | 449.1 KiB |  00m00s
2026-10-07T13:35:43.9712312Z [281/477] libXext-devel-0:1.3.6-5.fc44. 100% |   4.6 MiB/s |  85.2 KiB |  00m00s
2026-10-07T13:35:43.9718147Z [282/477] libXrender-devel-0:0.9.12-4.f 100% |   1.1 MiB/s |  19.0 KiB |  00m00s
2026-10-07T13:35:43.9882050Z [283/477] pixman-devel-0:0.46.2-3.fc44. 100% |   1.2 MiB/s |  17.9 KiB |  00m00s
2026-10-07T13:35:43.9887987Z [284/477] lzo-devel-0:2.10-16.fc44.x86_ 100% |   2.4 MiB/s |  39.1 KiB |  00m00s
2026-10-07T13:35:44.0054923Z [285/477] lzo-minilzo-0:2.10-16.fc44.x8 100% |   1.5 MiB/s |  24.3 KiB |  00m00s
2026-10-07T13:35:44.0068003Z [286/477] elfutils-debuginfod-client-0: 100% |   2.7 MiB/s |  46.5 KiB |  00m00s
2026-10-07T13:35:44.0189824Z [287/477] perl-FileHandle-0:2.05-525.fc 100% |   1.1 MiB/s |  14.8 KiB |  00m00s
2026-10-07T13:35:44.0226220Z [288/477] fribidi-devel-0:1.0.16-4.fc44 100% |   1.9 MiB/s |  29.4 KiB |  00m00s
2026-10-07T13:35:44.0361856Z [289/477] libxcb-devel-0:1.17.0-7.fc44. 100% |  20.5 MiB/s |   1.4 MiB |  00m00s
2026-10-07T13:35:44.0373282Z [290/477] libXft-devel-0:2.3.8-10.fc44. 100% |   2.8 MiB/s |  49.3 KiB |  00m00s
2026-10-07T13:35:44.0403055Z [291/477] libthai-devel-0:0.1.30-2.fc44 100% |   7.4 MiB/s | 129.3 KiB |  00m00s
2026-10-07T13:35:44.0524847Z [292/477] libXau-devel-0:1.0.12-4.fc44. 100% | 930.3 KiB/s |  14.0 KiB |  00m00s
2026-10-07T13:35:44.0547739Z [293/477] libdatrie-devel-0:0.2.14-2.fc 100% |   8.0 MiB/s | 138.8 KiB |  00m00s
2026-10-07T13:35:44.0712825Z [294/477] gssdp-0:1.6.6-1.fc44.x86_64   100% |   3.3 MiB/s |  60.4 KiB |  00m00s
2026-10-07T13:35:44.0857101Z [295/477] gupnp-0:1.6.10-1.fc44.x86_64  100% |   3.6 MiB/s | 109.9 KiB |  00m00s
2026-10-07T13:35:44.1060591Z [296/477] gsettings-desktop-schemas-0:5 100% |  24.8 MiB/s | 864.4 KiB |  00m00s
2026-10-07T13:35:44.1136845Z [297/477] hwdata-0:0.412-1.fc44.noarch  100% |  23.5 MiB/s |   1.7 MiB |  00m00s
2026-10-07T13:35:44.1368741Z [298/477] gettext-runtime-0:0.26-5.fc44 100% |   5.7 MiB/s | 174.3 KiB |  00m00s
2026-10-07T13:35:44.1418389Z [299/477] gettext-0:0.26-5.fc44.x86_64  100% |  30.8 MiB/s |   1.7 MiB |  00m00s
2026-10-07T13:35:44.1430380Z [300/477] libtextstyle-0:0.26-5.fc44.x8 100% |   4.9 MiB/s | 140.7 KiB |  00m00s
2026-10-07T13:35:44.1549344Z [301/477] gettext-envsubst-0:0.26-5.fc4 100% |   2.8 MiB/s |  45.3 KiB |  00m00s
2026-10-07T13:35:44.1621479Z [302/477] libxml2-devel-0:2.12.10-6.fc4 100% |  28.4 MiB/s | 523.6 KiB |  00m00s
2026-10-07T13:35:44.1718511Z [303/477] xz-devel-1:5.8.2-2.fc44.x86_6 100% |   4.1 MiB/s |  67.0 KiB |  00m00s
2026-10-07T13:35:44.1903611Z [304/477] gettext-libs-0:0.26-5.fc44.x8 100% |  16.4 MiB/s | 789.3 KiB |  00m00s
2026-10-07T13:35:44.2066133Z [305/477] libblkid-devel-0:2.41.5-1.fc4 100% |   1.5 MiB/s |  23.7 KiB |  00m00s
2026-10-07T13:35:44.2143204Z [306/477] python-pip-wheel-0:26.0.1-3.f 100% |  22.5 MiB/s |   1.1 MiB |  00m00s
2026-10-07T13:35:44.2224866Z [307/477] util-linux-0:2.41.5-1.fc44.x8 100% |  24.1 MiB/s |   1.2 MiB |  00m00s
2026-10-07T13:35:44.2361663Z [308/477] hunspell-en-US-0:0.20260225-2 100% |   6.2 MiB/s | 171.0 KiB |  00m00s
2026-10-07T13:35:44.2384315Z [309/477] graphite2-devel-0:1.3.14-20.f 100% |   1.3 MiB/s |  20.6 KiB |  00m00s
2026-10-07T13:35:44.2554986Z [310/477] libopenjph-0:0.25.3-3.fc44.x8 100% |   9.9 MiB/s | 161.9 KiB |  00m00s
2026-10-07T13:35:44.2579496Z [311/477] libicu-devel-0:77.1-3.fc44.x8 100% |  18.5 MiB/s | 794.0 KiB |  00m00s
2026-10-07T13:35:44.2722757Z [312/477] openjpeg-0:2.5.4-3.fc44.x86_6 100% |  12.1 MiB/s | 198.1 KiB |  00m00s
2026-10-07T13:35:44.2872849Z [313/477] libheif-0:1.23.5-3.fc44.x86_6 100% |  16.7 MiB/s | 855.1 KiB |  00m00s
2026-10-07T13:35:44.3033425Z [314/477] lcms2-devel-0:2.16-7.fc44.x86 100% |   2.1 MiB/s |  31.9 KiB |  00m00s
2026-10-07T13:35:44.3168089Z [315/477] libseccomp-devel-0:2.6.1-2.fc 100% |   1.4 MiB/s |  64.5 KiB |  00m00s
2026-10-07T13:35:44.3216438Z [316/477] librsvg2-0:2.62.4-1.fc44.x86_ 100% |  29.6 MiB/s |   1.9 MiB |  00m00s
2026-10-07T13:35:44.3362509Z [317/477] liblastlog2-0:2.41.5-1.fc44.x 100% |   1.7 MiB/s |  24.2 KiB |  00m00s
2026-10-07T13:35:44.3461063Z [318/477] libfdisk-0:2.41.5-1.fc44.x86_ 100% |   5.9 MiB/s | 168.6 KiB |  00m00s
2026-10-07T13:35:44.3603159Z [319/477] hunspell-en-0:0.20260225-2.fc 100% |   1.0 MiB/s |  14.0 KiB |  00m00s
2026-10-07T13:35:44.3794360Z [320/477] kernel-headers-0:7.2.4-200.fc 100% |  23.3 MiB/s |   1.7 MiB |  00m00s
2026-10-07T13:35:44.3865929Z [321/477] hunspell-en-AU-0:0.20260225-2 100% |   6.6 MiB/s | 168.8 KiB |  00m00s
2026-10-07T13:35:44.4090463Z [322/477] hunspell-en-CA-0:0.20260225-2 100% |   5.7 MiB/s | 168.0 KiB |  00m00s
2026-10-07T13:35:44.4159382Z [323/477] hunspell-en-GB-0:0.20260225-2 100% |   7.8 MiB/s | 224.9 KiB |  00m00s
2026-10-07T13:35:44.4256594Z [324/477] xdg-desktop-portal-gtk-0:1.15 100% |   8.8 MiB/s | 143.4 KiB |  00m00s
2026-10-07T13:35:44.4335728Z [325/477] dconf-0:0.49.0-5.fc44.x86_64  100% |   6.5 MiB/s | 113.3 KiB |  00m00s
2026-10-07T13:35:44.4502671Z [326/477] libdisplay-info-0:0.3.0-1.fc4 100% |   5.5 MiB/s |  89.6 KiB |  00m00s
2026-10-07T13:35:44.5311627Z [327/477] openh264-0:2.6.0-3.fc44.x86_6 100% |   2.2 MiB/s | 435.0 KiB |  00m00s
2026-10-07T13:35:44.5437592Z [328/477] gstreamer1-plugins-bad-free-0 100% |  36.0 MiB/s |   3.3 MiB |  00m00s
2026-10-07T13:35:44.5483696Z [329/477] faad2-libs-1:2.11.2-6.fc44.x8 100% |  14.1 MiB/s | 230.5 KiB |  00m00s
2026-10-07T13:35:44.5643229Z [330/477] libdvdnav-0:7.0.0-1.fc44.x86_ 100% |   3.8 MiB/s |  58.7 KiB |  00m00s
2026-10-07T13:35:44.5660334Z [331/477] fdk-aac-free-0:2.0.3-2.fc44.x 100% |  16.3 MiB/s | 350.3 KiB |  00m00s
2026-10-07T13:35:44.5807796Z [332/477] libdvdread-0:7.0.1-1.fc44.x86 100% |   5.0 MiB/s |  82.1 KiB |  00m00s
2026-10-07T13:35:44.5841228Z [333/477] liblc3-0:1.1.3-7.fc44.x86_64  100% |   6.1 MiB/s | 106.5 KiB |  00m00s
2026-10-07T13:35:44.5970568Z [334/477] libsbc-0:2.1-2.fc44.x86_64    100% |   3.3 MiB/s |  50.1 KiB |  00m00s
2026-10-07T13:35:44.6013534Z [335/477] libsrtp-0:2.8.0-1.fc44.x86_64 100% |   3.8 MiB/s |  62.4 KiB |  00m00s
2026-10-07T13:35:44.6175334Z [336/477] openal-soft-0:1.24.2-6.fc44.x 100% |  32.7 MiB/s | 670.0 KiB |  00m00s
2026-10-07T13:35:44.6193937Z [337/477] soundtouch-0:2.4.0-3.fc44.x86 100% |   5.2 MiB/s |  91.4 KiB |  00m00s
2026-10-07T13:35:44.6366889Z [338/477] webrtc-audio-processing-0:2.1 100% |  24.0 MiB/s | 441.9 KiB |  00m00s
2026-10-07T13:35:44.6486829Z [339/477] abseil-cpp-0:20260107.1-1.fc4 100% |  27.9 MiB/s | 799.6 KiB |  00m00s
2026-10-07T13:35:44.6649325Z [340/477] libXtst-0:1.2.5-4.fc44.x86_64 100% |   1.4 MiB/s |  21.0 KiB |  00m00s
2026-10-07T13:35:44.6816675Z [341/477] libshout-0:2.4.6-10.fc44.x86_ 100% |   4.8 MiB/s |  78.2 KiB |  00m00s
2026-10-07T13:35:44.6985844Z [342/477] libv4l-0:1.32.0-3.fc44.x86_64 100% |   8.5 MiB/s | 139.2 KiB |  00m00s
2026-10-07T13:35:44.7172299Z [343/477] gstreamer1-plugins-good-0:1.2 100% |  31.7 MiB/s |   2.5 MiB |  00m00s
2026-10-07T13:35:44.7233773Z [344/477] libvpx-0:1.15.0-5.fc44.x86_64 100% |  50.0 MiB/s |   1.2 MiB |  00m00s
2026-10-07T13:35:44.7372392Z [345/477] opencore-amr-0:0.1.6-10.fc44. 100% |  10.0 MiB/s | 183.4 KiB |  00m00s
2026-10-07T13:35:44.7395767Z [346/477] speex-0:1.2.0-21.fc44.x86_64  100% |   4.7 MiB/s |  71.6 KiB |  00m00s
2026-10-07T13:35:44.7543347Z [347/477] twolame-libs-0:0.4.0-9.fc44.x 100% |   4.2 MiB/s |  68.6 KiB |  00m00s
2026-10-07T13:35:44.7572170Z [348/477] wavpack-0:5.9.0-2.fc44.x86_64 100% |  13.8 MiB/s | 241.0 KiB |  00m00s
2026-10-07T13:35:44.7757540Z [349/477] ModemManager-glib-0:1.24.2-3. 100% |  19.4 MiB/s | 337.9 KiB |  00m00s
2026-10-07T13:35:44.7839553Z [350/477] geoclue2-0:2.8.2-1.fc44.x86_6 100% |   5.2 MiB/s | 149.2 KiB |  00m00s
2026-10-07T13:35:44.7925819Z [351/477] libnotify-0:0.8.8-1.fc44.x86_ 100% |   3.7 MiB/s |  56.7 KiB |  00m00s
2026-10-07T13:35:44.7984976Z [352/477] perl-NDBM_File-0:1.18-525.fc4 100% |   1.5 MiB/s |  21.8 KiB |  00m00s
2026-10-07T13:35:44.8092980Z [353/477] gi-docgen-fonts-0:2026.1-3.fc 100% | 577.5 KiB/s |   9.2 KiB |  00m00s
2026-10-07T13:35:44.8280513Z [354/477] adobe-source-code-pro-fonts-0 100% |  27.2 MiB/s | 806.3 KiB |  00m00s
2026-10-07T13:35:44.8312998Z [355/477] redhat-display-fonts-0:4.1.0- 100% |  25.9 MiB/s | 556.2 KiB |  00m00s
2026-10-07T13:35:44.8521198Z [356/477] redhat-text-fonts-0:4.1.0-3.f 100% |  21.5 MiB/s | 483.9 KiB |  00m00s
2026-10-07T13:35:44.8686708Z [357/477] python-unversioned-command-0: 100% | 723.1 KiB/s |  11.6 KiB |  00m00s
2026-10-07T13:35:44.8769217Z [358/477] tinysparql-0:3.11.1-1.fc44.x8 100% |  22.9 MiB/s |   1.0 MiB |  00m00s
2026-10-07T13:35:44.8859978Z [359/477] unzip-0:6.0-69.fc44.x86_64    100% |  12.2 MiB/s | 199.6 KiB |  00m00s
2026-10-07T13:35:44.9030581Z [360/477] python3-html2text-0:2025.4.15 100% |   5.3 MiB/s |  81.7 KiB |  00m00s
2026-10-07T13:35:44.9158039Z [361/477] less-color-0:704-4.fc44.x86_6 100% | 891.4 KiB/s |  10.7 KiB |  00m00s
2026-10-07T13:35:44.9284668Z [362/477] 7zip-0:26.03-1.fc44.x86_64    100% |  25.9 MiB/s |   1.3 MiB |  00m00s
2026-10-07T13:35:44.9411346Z [363/477] adwaita-mono-fonts-0:50.0-1.f 100% |  58.6 MiB/s |   1.4 MiB |  00m00s
2026-10-07T13:35:44.9569712Z [364/477] adwaita-sans-fonts-0:50.0-1.f 100% |  26.7 MiB/s | 764.9 KiB |  00m00s
2026-10-07T13:35:44.9579606Z [365/477] libheif-ffmpeg-0:1.23.5-3.fc4 100% |   1.7 MiB/s |  27.8 KiB |  00m00s
2026-10-07T13:35:44.9737202Z [366/477] libXcomposite-0:0.4.6-7.fc44. 100% |   1.6 MiB/s |  24.2 KiB |  00m00s
2026-10-07T13:35:44.9981025Z [367/477] xdg-desktop-portal-0:1.22.1-1 100% |  22.5 MiB/s | 530.5 KiB |  00m00s
2026-10-07T13:35:45.0181931Z [368/477] fuse3-0:3.18.3-1.fc44.x86_64  100% |   3.2 MiB/s |  63.2 KiB |  00m00s
2026-10-07T13:35:45.0399655Z [369/477] fuse3-libs-0:3.18.3-1.fc44.x8 100% |   5.0 MiB/s | 102.2 KiB |  00m00s
2026-10-07T13:35:45.0977755Z [370/477] gtk3-0:3.24.52-2.fc44.x86_64  100% |  43.3 MiB/s |   6.1 MiB |  00m00s
2026-10-07T13:35:45.1227163Z [371/477] fftw-libs-single-0:3.3.10-17. 100% |  50.7 MiB/s |   1.2 MiB |  00m00s
2026-10-07T13:35:45.1400098Z [372/477] libebur128-0:1.2.6-15.fc44.x8 100% |   1.6 MiB/s |  25.7 KiB |  00m00s
2026-10-07T13:35:45.1560158Z [373/477] libldac-0:2.0.2.3-19.fc44.x86 100% |   2.8 MiB/s |  43.5 KiB |  00m00s
2026-10-07T13:35:45.1743729Z [374/477] spandsp-0:0.0.6-22.fc44.x86_6 100% |  19.2 MiB/s | 335.0 KiB |  00m00s
2026-10-07T13:35:45.1971636Z [375/477] bluez-libs-0:5.87+1.git875012 100% |   3.8 MiB/s |  84.6 KiB |  00m00s
2026-10-07T13:35:45.2896802Z [376/477] mesa-vulkan-drivers-0:26.2.3- 100% |  32.2 MiB/s |  27.8 MiB |  00m01s
2026-10-07T13:35:45.3224288Z [377/477] libavutil-free-0:8.1.3-1.fc44 100% |  12.0 MiB/s | 381.3 KiB |  00m00s
2026-10-07T13:35:45.3416868Z [378/477] libavcodec-free-0:8.1.3-1.fc4 100% |  31.3 MiB/s |   4.5 MiB |  00m00s
2026-10-07T13:35:45.3431354Z [379/477] libswresample-free-0:8.1.3-1. 100% |   3.5 MiB/s |  70.7 KiB |  00m00s
2026-10-07T13:35:45.3583340Z [380/477] aribb24-0:1.0.3^20160216git5e 100% |   2.6 MiB/s |  40.5 KiB |  00m00s
2026-10-07T13:35:45.3694489Z [381/477] codec2-0:1.2.0-9.fc44.x86_64  100% |  25.2 MiB/s | 644.3 KiB |  00m00s
2026-10-07T13:35:45.3911619Z [382/477] ilbc-0:3.0.4-19.fc44.x86_64   100% |   1.7 MiB/s |  57.2 KiB |  00m00s
2026-10-07T13:35:45.3928894Z [383/477] libaribcaption-0:1.1.1-4.fc44 100% |   5.0 MiB/s | 117.7 KiB |  00m00s
2026-10-07T13:35:45.4078332Z [384/477] openapv-libs-0:0.2.1.2-1.fc44 100% |   4.4 MiB/s |  68.1 KiB |  00m00s
2026-10-07T13:35:45.4091612Z [385/477] snappy-0:1.2.2-4.fc44.x86_64  100% |   2.8 MiB/s |  43.2 KiB |  00m00s
2026-10-07T13:35:45.4240347Z [386/477] vo-amrwbenc-0:0.1.3-24.fc44.x 100% |   5.5 MiB/s |  85.0 KiB |  00m00s
2026-10-07T13:35:45.4270921Z [387/477] xevd-libs-0:0.5.0-6.fc44.x86_ 100% |   9.7 MiB/s | 169.6 KiB |  00m00s
2026-10-07T13:35:45.4417008Z [388/477] xeve-libs-0:0.5.1-6.fc44.x86_ 100% |  16.3 MiB/s | 283.9 KiB |  00m00s
2026-10-07T13:35:45.4470116Z [389/477] xvidcore-0:1.3.7-19.fc44.x86_ 100% |  13.7 MiB/s | 267.0 KiB |  00m00s
2026-10-07T13:35:45.4600651Z [390/477] zvbi-0:0.2.44-3.fc44.x86_64   100% |  24.1 MiB/s | 443.4 KiB |  00m00s
2026-10-07T13:35:45.4630661Z [391/477] libvdpau-0:1.5-11.fc44.x86_64 100% |   1.1 MiB/s |  16.5 KiB |  00m00s
2026-10-07T13:35:45.4762582Z [392/477] soxr-0:0.1.3-21.fc44.x86_64   100% |   5.7 MiB/s |  88.2 KiB |  00m00s
2026-10-07T13:35:45.4975217Z [393/477] libvpl-1:2.17.0-1.fc44.x86_64 100% |   8.1 MiB/s | 166.9 KiB |  00m00s
2026-10-07T13:35:45.5198990Z [394/477] at-spi2-atk-0:2.60.7-1.fc44.x 100% |   4.2 MiB/s |  89.6 KiB |  00m00s
2026-10-07T13:35:45.5443357Z [395/477] pipewire-libs-0:1.6.9-1.fc44. 100% |   5.3 MiB/s |   2.6 MiB |  00m01s
2026-10-07T13:35:45.5563895Z [396/477] at-spi2-core-0:2.60.7-1.fc44. 100% |  11.2 MiB/s | 402.1 KiB |  00m00s
2026-10-07T13:35:45.5717062Z [397/477] lpcnetfreedv-0:0.5-10.fc44.x8 100% |  67.9 MiB/s |   7.3 MiB |  00m00s
2026-10-07T13:35:45.5731508Z [398/477] atk-0:2.60.7-1.fc44.x86_64    100% |   3.0 MiB/s |  82.4 KiB |  00m00s
2026-10-07T13:35:45.5739837Z [399/477] xprop-0:1.2.8-5.fc44.x86_64   100% |   2.0 MiB/s |  35.3 KiB |  00m00s
2026-10-07T13:35:45.5867182Z [400/477] fuse-common-0:3.18.3-1.fc44.x 100% | 671.2 KiB/s |   8.1 KiB |  00m00s
2026-10-07T13:35:45.5894594Z [401/477] libcloudproviders-0:0.4.1-1.f 100% |   2.7 MiB/s |  46.2 KiB |  00m00s
2026-10-07T13:35:45.6031194Z [402/477] taglib-0:2.3-2.fc44.x86_64    100% |  17.9 MiB/s | 514.5 KiB |  00m00s
2026-10-07T13:35:45.6237442Z [403/477] exempi-0:2.6.4-9.fc44.x86_64  100% |  29.8 MiB/s | 611.0 KiB |  00m00s
2026-10-07T13:35:45.6286741Z [404/477] localsearch-0:3.11.2-1.fc44.x 100% |  21.1 MiB/s | 887.2 KiB |  00m00s
2026-10-07T13:35:45.6404010Z [405/477] libcue-0:2.3.0-14.fc44.x86_64 100% |   2.2 MiB/s |  35.4 KiB |  00m00s
2026-10-07T13:35:45.6454812Z [406/477] libgxps-0:0.3.2-12.fc44.x86_6 100% |   4.8 MiB/s |  78.6 KiB |  00m00s
2026-10-07T13:35:45.6513306Z [407/477] libavformat-free-0:8.1.3-1.fc 100% |  20.5 MiB/s |   1.2 MiB |  00m00s
2026-10-07T13:35:45.6579361Z [408/477] libosinfo-0:1.12.0-5.fc44.x86 100% |  18.2 MiB/s | 317.4 KiB |  00m00s
2026-10-07T13:35:45.6631302Z [409/477] libzip-0:1.11.4-3.fc44.x86_64 100% |   4.3 MiB/s |  74.9 KiB |  00m00s
2026-10-07T13:35:45.6694854Z [410/477] poppler-glib-0:26.01.0-3.fc44 100% |  12.4 MiB/s | 216.2 KiB |  00m00s
2026-10-07T13:35:45.6747440Z [411/477] game-music-emu-0:0.6.4-3.fc44 100% |  10.5 MiB/s | 172.2 KiB |  00m00s
2026-10-07T13:35:45.6802874Z [412/477] libbluray-0:1.4.0-3.fc44.x86_ 100% |   9.1 MiB/s | 149.5 KiB |  00m00s
2026-10-07T13:35:45.6857500Z [413/477] libchromaprint-0:1.6.0-4.fc44 100% |   2.7 MiB/s |  44.0 KiB |  00m00s
2026-10-07T13:35:45.6915359Z [414/477] libmodplug-1:0.8.9.0-29.fc44. 100% |  11.2 MiB/s | 182.9 KiB |  00m00s
2026-10-07T13:35:45.6967622Z [415/477] librist-0:0.2.11-1.fc44.x86_6 100% |   5.4 MiB/s |  88.2 KiB |  00m00s
2026-10-07T13:35:45.7070791Z [416/477] zeromq-0:4.3.5-22.fc43.x86_64 100% |  22.9 MiB/s | 468.2 KiB |  00m00s
2026-10-07T13:35:45.7099542Z [417/477] osinfo-db-0:20251212-1.fc44.n 100% |  26.6 MiB/s | 491.0 KiB |  00m00s
2026-10-07T13:35:45.7131828Z [418/477] osinfo-db-tools-0:1.12.0-5.fc 100% |   4.5 MiB/s |  74.4 KiB |  00m00s
2026-10-07T13:35:45.7283937Z [419/477] libudfread-0:1.2.0-3.fc44.x86 100% |   2.0 MiB/s |  34.7 KiB |  00m00s
2026-10-07T13:35:45.7305465Z [420/477] openpgm-0:5.3.128-6.fc44.x86_ 100% |  10.6 MiB/s | 184.9 KiB |  00m00s
2026-10-07T13:35:45.7453270Z [421/477] poppler-0:26.01.0-3.fc44.x86_ 100% |  36.9 MiB/s |   1.4 MiB |  00m00s
2026-10-07T13:35:45.7565930Z [422/477] poppler-data-0:0.4.11-11.fc44 100% |  72.8 MiB/s |   2.0 MiB |  00m00s
2026-10-07T13:35:45.7636166Z [423/477] oniguruma-0:6.9.10-4.fc44.x86 100% |  12.6 MiB/s | 220.0 KiB |  00m00s
2026-10-07T13:35:45.7727668Z [424/477] libcanberra-gtk3-0:0.30-39.fc 100% |   2.0 MiB/s |  30.5 KiB |  00m00s
2026-10-07T13:35:45.7822345Z [425/477] libcanberra-0:0.30-39.fc44.x8 100% |   4.8 MiB/s |  88.0 KiB |  00m00s
2026-10-07T13:35:45.7890698Z [426/477] libtdb-0:1.4.15-1.fc44.x86_64 100% |   3.7 MiB/s |  57.2 KiB |  00m00s
2026-10-07T13:35:45.8020146Z [427/477] sound-theme-freedesktop-0:0.8 100% |  19.7 MiB/s | 382.5 KiB |  00m00s
2026-10-07T13:35:45.8485426Z [428/477] bat-0:0.26.1-4.fc44.x86_64    100% |  21.3 MiB/s |   2.5 MiB |  00m00s
2026-10-07T13:35:45.8823769Z [429/477] intel-mediasdk-0:23.2.2-11.fc 100% |  33.6 MiB/s |   3.1 MiB |  00m00s
2026-10-07T13:35:45.8843345Z [430/477] libsodium-0:1.0.22-1.fc44.x86 100% |   5.9 MiB/s | 210.0 KiB |  00m00s
2026-10-07T13:35:45.8950341Z [431/477] intel-vpl-gpu-rt-0:26.3.4-1.f 100% |  40.3 MiB/s |   3.7 MiB |  00m00s
2026-10-07T13:35:45.9012441Z [432/477] gobject-introspection-0:1.86. 100% |   7.5 MiB/s | 122.7 KiB |  00m00s
2026-10-07T13:35:45.9047374Z [433/477] libunwind-0:1.8.3-4.fc44.x86_ 100% |   3.7 MiB/s |  79.6 KiB |  00m00s
2026-10-07T13:35:45.9240588Z [434/477] gpgmepp-0:2.0.1-5.fc44.x86_64 100% |   5.2 MiB/s | 149.5 KiB |  00m00s
2026-10-07T13:35:45.9253837Z [435/477] nspr-0:4.39.0-5.fc44.x86_64   100% |   7.0 MiB/s | 144.3 KiB |  00m00s
2026-10-07T13:35:45.9316217Z [436/477] gpgme-0:2.0.1-5.fc44.x86_64   100% |   7.5 MiB/s | 231.9 KiB |  00m00s
2026-10-07T13:35:45.9594716Z [437/477] nss-softokn-0:3.129.0-1.fc44. 100% |  13.3 MiB/s | 448.0 KiB |  00m00s
2026-10-07T13:35:45.9639990Z [438/477] nss-softokn-freebl-0:3.129.0- 100% |  11.9 MiB/s | 390.9 KiB |  00m00s
2026-10-07T13:35:45.9747960Z [439/477] nss-sysinit-0:3.129.0-1.fc44. 100% |   1.4 MiB/s |  20.1 KiB |  00m00s
2026-10-07T13:35:45.9803596Z [440/477] nss-0:3.129.0-1.fc44.x86_64   100% |  13.5 MiB/s | 762.5 KiB |  00m00s
2026-10-07T13:35:45.9813373Z [441/477] cjson-0:1.7.19-1.fc44.x86_64  100% |   2.0 MiB/s |  32.6 KiB |  00m00s
2026-10-07T13:35:45.9971753Z [442/477] nss-util-0:3.129.0-1.fc44.x86 100% |   4.2 MiB/s |  91.3 KiB |  00m00s
2026-10-07T13:35:45.9984968Z [443/477] giflib-0:6.1.3-2.fc44.x86_64  100% |   3.2 MiB/s |  55.7 KiB |  00m00s
2026-10-07T13:35:46.0062788Z [444/477] libgexiv2-0:0.16.2-1.fc44.x86 100% |   4.1 MiB/s | 101.8 KiB |  00m00s
2026-10-07T13:35:46.0161730Z [445/477] libgsf-0:1.14.60-1.fc44.x86_6 100% |  14.8 MiB/s | 272.0 KiB |  00m00s
2026-10-07T13:35:46.0216308Z [446/477] totem-pl-parser-0:3.26.7-1.fc 100% |   6.6 MiB/s | 148.1 KiB |  00m00s
2026-10-07T13:35:46.0230174Z [447/477] uchardet-0:0.0.8-10.fc44.x86_ 100% |   6.5 MiB/s | 106.7 KiB |  00m00s
2026-10-07T13:35:46.0349649Z [448/477] upower-libs-0:1.91.5-1.fc44.x 100% |   3.3 MiB/s |  60.3 KiB |  00m00s
2026-10-07T13:35:46.0388670Z [449/477] inih-cpp-0:62-2.fc44.x86_64   100% |   1.6 MiB/s |  25.0 KiB |  00m00s
2026-10-07T13:35:46.0514608Z [450/477] inih-0:62-2.fc44.x86_64       100% |   1.1 MiB/s |  18.3 KiB |  00m00s
2026-10-07T13:35:46.0646047Z [451/477] librabbitmq-0:0.18.0-1.fc44.x 100% |   3.6 MiB/s |  44.4 KiB |  00m00s
2026-10-07T13:35:46.0738029Z [452/477] libopenmpt-0:0.8.9-1.fc44.x86 100% |  23.3 MiB/s | 810.0 KiB |  00m00s
2026-10-07T13:35:46.0874058Z [453/477] exiv2-libs-0:0.28.9-1.fc44.x8 100% |  14.1 MiB/s | 940.1 KiB |  00m00s
2026-10-07T13:35:46.0887034Z [454/477] libsmbclient-2:4.24.7-1.fc44. 100% |   3.5 MiB/s |  81.9 KiB |  00m00s
2026-10-07T13:35:46.1141660Z [455/477] samba-core-libs-2:4.24.7-1.fc 100% |  20.1 MiB/s | 514.1 KiB |  00m00s
2026-10-07T13:35:46.1203429Z [456/477] samba-common-2:4.24.7-1.fc44. 100% |   5.7 MiB/s | 185.9 KiB |  00m00s
2026-10-07T13:35:46.1365717Z [457/477] libtalloc-0:2.4.4-1.fc44.x86_ 100% |   2.4 MiB/s |  36.5 KiB |  00m00s
2026-10-07T13:35:46.1529795Z [458/477] libtevent-0:0.17.1-4.fc44.x86 100% |   3.5 MiB/s |  53.4 KiB |  00m00s
2026-10-07T13:35:46.1682354Z [459/477] ngtcp2-crypto-gnutls-0:1.22.1 100% |   1.7 MiB/s |  24.6 KiB |  00m00s
2026-10-07T13:35:46.2051212Z [460/477] srt-libs-0:1.5.7-1.fc44.x86_6 100% |  11.6 MiB/s | 429.3 KiB |  00m00s
2026-10-07T13:35:46.2534886Z [461/477] libgit2-0:1.9.7-1.fc44.x86_64 100% |  12.8 MiB/s | 614.5 KiB |  00m00s
2026-10-07T13:35:46.2699224Z [462/477] llhttp-0:9.3.1-1.fc44.x86_64  100% |   2.5 MiB/s |  37.8 KiB |  00m00s
2026-10-07T13:35:46.3002481Z [463/477] systemd-standalone-tmpfiles-0 100% |   7.0 MiB/s | 206.7 KiB |  00m00s
2026-10-07T13:35:46.3552224Z [464/477] samba-ndr-libs-2:4.24.7-1.fc4 100% |   5.3 MiB/s |   1.3 MiB |  00m00s
2026-10-07T13:35:46.3854435Z [465/477] libldb-2:4.24.7-1.fc44.x86_64 100% |   6.7 MiB/s | 199.1 KiB |  00m00s
2026-10-07T13:35:46.4044468Z [466/477] glibc-gconv-extra-0:2.43-9.fc 100% |  15.8 MiB/s |   1.6 MiB |  00m00s
2026-10-07T13:35:46.4057249Z [467/477] lmdb-libs-0:0.9.34-2.fc44.x86 100% |   3.3 MiB/s |  63.8 KiB |  00m00s
2026-10-07T13:35:46.4222747Z [468/477] libwbclient-2:4.24.7-1.fc44.x 100% |   2.8 MiB/s |  48.9 KiB |  00m00s
2026-10-07T13:35:46.4410085Z [469/477] libssh2-0:1.11.1-9.fc44.x86_6 100% |   4.3 MiB/s | 149.1 KiB |  00m00s
2026-10-07T13:35:46.4658593Z [470/477] libselinux-0:3.11-2.fc44.x86_ 100% |   4.2 MiB/s | 104.3 KiB |  00m00s
2026-10-07T13:35:46.5364194Z [471/477] exiv2-0:0.28.9-1.fc44.x86_64  100% |  18.0 MiB/s |   2.0 MiB |  00m00s
2026-10-07T13:35:46.5424130Z [472/477] glibc-0:2.43-9.fc44.x86_64    100% |  31.2 MiB/s |   2.4 MiB |  00m00s
2026-10-07T13:35:46.5652533Z [473/477] glibc-minimal-langpack-0:2.43 100% |   3.8 MiB/s |  85.4 KiB |  00m00s
2026-10-07T13:35:46.5758198Z [474/477] glibc-common-0:2.43-9.fc44.x8 100% |   9.7 MiB/s | 375.6 KiB |  00m00s
2026-10-07T13:35:46.5871153Z [475/477] elfutils-libelf-0:0.196-1.fc4 100% |  11.1 MiB/s | 238.2 KiB |  00m00s
2026-10-07T13:35:46.6080328Z [476/477] elfutils-libs-0:0.196-1.fc44. 100% |   9.0 MiB/s | 284.5 KiB |  00m00s
2026-10-07T13:35:46.6937558Z [477/477] samba-client-libs-2:4.24.7-1. 100% |   5.2 MiB/s |   3.2 MiB |  00m01s
2026-10-07T13:35:46.6938843Z --------------------------------------------------------------------------------
2026-10-07T13:35:46.6939463Z [477/477] Total                         100% |  61.0 MiB/s | 425.1 MiB |  00m07s
2026-10-07T13:35:46.6957547Z Running transaction
2026-10-07T13:35:51.6834136Z [  1/485] Verify package files          100% | 305.0   B/s | 477.0   B |  00m02s
2026-10-07T13:35:51.9133704Z [  2/485] Prepare transaction           100% |   1.6 KiB/s | 483.0   B |  00m00s
2026-10-07T13:35:51.9167901Z [  3/485] Installing fonts-filesystem-1 100% | 256.5 KiB/s | 788.0   B |  00m00s
2026-10-07T13:35:51.9184338Z [  4/485] Installing dbus-1:1.16.2-1.fc 100% | 121.1 KiB/s | 124.0   B |  00m00s
2026-10-07T13:35:51.9268602Z [  5/485] Installing hunspell-filesyste 100% | 378.9 KiB/s | 388.0   B |  00m00s
2026-10-07T13:35:52.0144167Z [  6/485] Installing cmake-filesystem-0 100% | 851.6 KiB/s |   9.4 KiB |  00m00s
2026-10-07T13:35:52.1007964Z [  7/485] Installing glibc-gconv-extra- 100% |  56.4 MiB/s |   7.5 MiB |  00m00s
2026-10-07T13:35:52.1336526Z [  8/485] Upgrading glibc-0:2.43-9.fc44 100% | 102.0 MiB/s |   6.9 MiB |  00m00s
2026-10-07T13:35:52.1618873Z [  9/485] Upgrading glibc-common-0:2.43 100% |  36.6 MiB/s |   1.0 MiB |  00m00s
2026-10-07T13:35:52.1650019Z [ 10/485] Upgrading glibc-minimal-langp 100% | 121.1 KiB/s | 124.0   B |  00m00s
2026-10-07T13:35:52.1693535Z [ 11/485] Installing libpng-2:1.6.58-1. 100% |  81.7 MiB/s | 250.9 KiB |  00m00s
2026-10-07T13:35:52.1725381Z [ 12/485] Installing libjpeg-turbo-0:3. 100% | 200.2 MiB/s | 819.9 KiB |  00m00s
2026-10-07T13:35:52.1766081Z [ 13/485] Installing libwayland-client- 100% |  21.9 MiB/s |  67.2 KiB |  00m00s
2026-10-07T13:35:52.1935536Z [ 14/485] Installing expat-0:2.8.5-1.fc 100% |  21.0 MiB/s | 344.3 KiB |  00m00s
2026-10-07T13:35:52.1987927Z [ 15/485] Installing lcms2-0:2.16-7.fc4 100% | 109.2 MiB/s | 447.3 KiB |  00m00s
2026-10-07T13:35:52.2022837Z [ 16/485] Installing json-glib-0:1.10.8 100% |  99.0 MiB/s | 608.3 KiB |  00m00s
2026-10-07T13:35:52.2081573Z [ 17/485] Installing libogg-2:1.3.6-2.f 100% |  23.0 MiB/s |  47.1 KiB |  00m00s
2026-10-07T13:35:52.2347672Z [ 18/485] Installing libvorbis-1:1.3.7- 100% | 136.6 MiB/s | 839.6 KiB |  00m00s
2026-10-07T13:35:52.3180606Z [ 19/485] Installing libicu-0:77.1-3.fc 100% | 345.5 MiB/s |  36.6 MiB |  00m00s
2026-10-07T13:35:52.3213051Z [ 20/485] Installing libX11-xcb-0:1.8.1 100% |  11.4 MiB/s |  11.6 KiB |  00m00s
2026-10-07T13:35:52.3265004Z [ 21/485] Upgrading libselinux-0:3.11-2 100% |  50.4 MiB/s | 206.5 KiB |  00m00s
2026-10-07T13:35:52.3341032Z [ 22/485] Installing vulkan-loader-0:1. 100% | 113.3 MiB/s | 580.2 KiB |  00m00s
2026-10-07T13:35:52.3364366Z [ 23/485] Installing libwebp-0:1.6.0-3. 100% | 135.6 MiB/s | 972.1 KiB |  00m00s
2026-10-07T13:35:52.3418178Z [ 24/485] Installing nspr-0:4.39.0-5.fc 100% |  80.3 MiB/s | 328.9 KiB |  00m00s
2026-10-07T13:35:52.3451382Z [ 25/485] Installing libtalloc-0:2.4.4- 100% |  31.8 MiB/s |  65.0 KiB |  00m00s
2026-10-07T13:35:52.3502109Z [ 26/485] Installing libtevent-0:0.17.1 100% |  25.0 MiB/s | 102.5 KiB |  00m00s
2026-10-07T13:35:52.3669575Z [ 27/485] Installing fribidi-0:1.0.16-4 100% |  11.1 MiB/s | 192.5 KiB |  00m00s
2026-10-07T13:35:52.3707291Z [ 28/485] Installing libgudev-0:238-9.f 100% |  30.3 MiB/s |  93.2 KiB |  00m00s
2026-10-07T13:35:52.3754709Z [ 29/485] Installing dbus-libs-1:1.16.2 100% |  87.5 MiB/s | 358.5 KiB |  00m00s
2026-10-07T13:35:52.3805303Z [ 30/485] Installing avahi-libs-0:0.9~r 100% |  35.5 MiB/s | 181.8 KiB |  00m00s
2026-10-07T13:35:52.3837874Z [ 31/485] Installing opus-0:1.6-2.fc44. 100% | 114.5 MiB/s | 468.8 KiB |  00m00s
2026-10-07T13:35:52.3865878Z [ 32/485] Installing libwayland-egl-0:1 100% |   6.6 MiB/s |  13.4 KiB |  00m00s
2026-10-07T13:35:52.3919178Z [ 33/485] Installing libtdb-0:1.4.15-1. 100% |  35.6 MiB/s | 109.5 KiB |  00m00s
2026-10-07T13:35:52.3961842Z [ 34/485] Upgrading elfutils-libelf-0:0 100% | 240.5 MiB/s |   1.4 MiB |  00m00s
2026-10-07T13:35:52.3992739Z [ 35/485] Installing nss-util-0:3.129.0 100% |  69.6 MiB/s | 213.7 KiB |  00m00s
2026-10-07T13:35:52.4026083Z [ 36/485] Installing libwayland-cursor- 100% |  18.7 MiB/s |  38.3 KiB |  00m00s
2026-10-07T13:35:52.4078239Z [ 37/485] Installing graphene-0:1.10.8- 100% |  52.1 MiB/s | 160.0 KiB |  00m00s
2026-10-07T13:35:52.4191066Z [ 38/485] Installing libepoxy-0:1.5.10- 100% | 217.2 MiB/s |   1.1 MiB |  00m00s
2026-10-07T13:35:52.4442572Z [ 39/485] Installing shared-mime-info-0 100% |  78.7 MiB/s |   2.6 MiB |  00m00s
2026-10-07T13:35:52.4699006Z [ 40/485] Installing svt-av1-libs-0:3.1 100% | 295.3 MiB/s |   5.6 MiB |  00m00s
2026-10-07T13:35:52.4733952Z [ 41/485] Installing libdav1d-0:1.5.4-1 100% | 251.4 MiB/s |   1.8 MiB |  00m00s
2026-10-07T13:35:52.4783911Z [ 42/485] Installing libseccomp-0:2.6.1 100% |  72.9 MiB/s | 224.0 KiB |  00m00s
2026-10-07T13:35:52.4833154Z [ 43/485] Installing openjpeg-0:2.5.4-3 100% | 113.8 MiB/s | 466.1 KiB |  00m00s
2026-10-07T13:35:52.4859597Z [ 44/485] Installing libvpl-1:2.17.0-1. 100% |  85.9 MiB/s | 439.6 KiB |  00m00s
2026-10-07T13:35:52.4904870Z [ 45/485] Installing avahi-glib-0:0.9~r 100% |   9.9 MiB/s |  20.3 KiB |  00m00s
2026-10-07T13:35:52.5014887Z [ 46/485] Installing libtheora-1:1.1.1- 100% | 118.0 MiB/s | 483.3 KiB |  00m00s
2026-10-07T13:35:52.5054349Z [ 47/485] Installing rav1e-libs-0:0.8.1 100% | 280.3 MiB/s |   3.1 MiB |  00m00s
2026-10-07T13:35:52.5108806Z [ 48/485] Installing gsm-0:1.0.24-2.fc4 100% |  16.4 MiB/s |  67.3 KiB |  00m00s
2026-10-07T13:35:52.5176916Z [ 49/485] Installing lame-libs-0:3.100- 100% | 240.5 MiB/s |   1.2 MiB |  00m00s
2026-10-07T13:35:52.5239864Z [ 50/485] Installing mpg123-libs-0:1.32 100% | 115.6 MiB/s | 828.3 KiB |  00m00s
2026-10-07T13:35:52.5428759Z [ 51/485] Installing orc-0:0.4.41-3.fc4 100% |  35.4 MiB/s | 724.4 KiB |  00m00s
2026-10-07T13:35:52.5453368Z [ 52/485] Installing libglvnd-1:1.7.0-9 100% | 171.8 MiB/s | 527.8 KiB |  00m00s
2026-10-07T13:35:52.6284452Z [ 53/485] Installing libatomic-0:16.2.1 100% |  22.7 MiB/s |  46.6 KiB |  00m00s
2026-10-07T13:35:52.6451514Z [ 54/485] Installing javascriptcoregtk6 100% | 400.6 MiB/s |  33.6 MiB |  00m00s
2026-10-07T13:35:52.6615499Z [ 55/485] Installing alsa-lib-0:1.2.16. 100% |  50.3 MiB/s |   1.5 MiB |  00m00s
2026-10-07T13:35:52.6673884Z [ 56/485] Installing libmpc-0:1.4.1-1.f 100% |  55.5 MiB/s | 170.4 KiB |  00m00s
2026-10-07T13:35:52.6707827Z [ 57/485] Installing fdk-aac-free-0:2.0 100% | 153.8 MiB/s | 629.8 KiB |  00m00s
2026-10-07T13:35:52.6740854Z [ 58/485] Installing libdvdread-0:7.0.1 100% |  59.8 MiB/s | 183.7 KiB |  00m00s
2026-10-07T13:35:52.6770560Z [ 59/485] Installing liblc3-0:1.1.3-7.f 100% |  85.8 MiB/s | 175.7 KiB |  00m00s
2026-10-07T13:35:52.6821840Z [ 60/485] Installing speex-0:1.2.0-21.f 100% |  42.4 MiB/s | 130.3 KiB |  00m00s
2026-10-07T13:35:52.7058448Z [ 61/485] Installing gobject-introspect 100% |  78.4 MiB/s | 401.5 KiB |  00m00s
2026-10-07T13:35:52.7079937Z [ 62/485] Installing hwdata-0:0.412-1.f 100% | 438.9 MiB/s |  10.1 MiB |  00m00s
2026-10-07T13:35:52.7105063Z [ 63/485] Installing mesa-filesystem-0: 100% |   4.2 MiB/s |   4.3 KiB |  00m00s
2026-10-07T13:35:52.7159016Z [ 64/485] Installing libdvdnav-0:7.0.0- 100% |  41.2 MiB/s | 126.5 KiB |  00m00s
2026-10-07T13:35:52.7347229Z [ 65/485] Installing bubblewrap-0:0.12. 100% |   7.7 MiB/s | 142.1 KiB |  00m00s
2026-10-07T13:35:52.7401956Z [ 66/485] Installing flac-libs-0:1.5.0- 100% | 102.5 MiB/s | 630.1 KiB |  00m00s
2026-10-07T13:35:52.7438138Z [ 67/485] Installing libsndfile-0:1.2.2 100% | 135.6 MiB/s | 555.4 KiB |  00m00s
2026-10-07T13:35:52.7498796Z [ 68/485] Installing libdatrie-0:0.2.14 100% |  20.5 MiB/s |  62.8 KiB |  00m00s
2026-10-07T13:35:52.7553417Z [ 69/485] Installing libthai-0:0.1.30-2 100% | 156.8 MiB/s | 802.7 KiB |  00m00s
2026-10-07T13:35:52.7706249Z [ 70/485] Installing libxslt-0:1.1.43-6 100% |  24.4 MiB/s | 474.9 KiB |  00m00s
2026-10-07T13:35:52.7932652Z [ 71/485] Installing libXau-0:1.0.12-4. 100% |  36.3 MiB/s |  74.3 KiB |  00m00s
2026-10-07T13:35:52.7986855Z [ 72/485] Installing libxcb-0:1.17.0-7. 100% |  46.8 MiB/s |   1.1 MiB |  00m00s
2026-10-07T13:35:52.8037486Z [ 73/485] Installing lzo-0:2.10-16.fc44 100% |  57.4 MiB/s | 176.4 KiB |  00m00s
2026-10-07T13:35:52.8078312Z [ 74/485] Installing pixman-0:0.46.2-3. 100% | 140.5 MiB/s | 719.3 KiB |  00m00s
2026-10-07T13:35:52.8271247Z [ 75/485] Installing graphite2-0:1.3.14 100% |  11.8 MiB/s | 193.6 KiB |  00m00s
2026-10-07T13:35:52.8398156Z [ 76/485] Installing freetype-0:2.14.3- 100% | 149.7 MiB/s | 920.0 KiB |  00m00s
2026-10-07T13:35:52.8436229Z [ 77/485] Installing harfbuzz-0:14.1.0- 100% | 216.4 MiB/s |   2.8 MiB |  00m00s
2026-10-07T13:35:52.8472870Z [ 78/485] Installing harfbuzz-icu-0:14. 100% |   7.9 MiB/s |  16.1 KiB |  00m00s
2026-10-07T13:35:52.8508864Z [ 79/485] Installing libwayland-server- 100% |  21.4 MiB/s |  87.7 KiB |  00m00s
2026-10-07T13:35:52.8717434Z [ 80/485] Installing libxshmfence-0:1.3 100% |   6.6 MiB/s |  13.4 KiB |  00m00s
2026-10-07T13:35:52.8750419Z [ 81/485] Installing spirv-tools-libs-0 100% | 277.1 MiB/s |   6.1 MiB |  00m00s
2026-10-07T13:35:52.8848305Z [ 82/485] Installing libedit-0:3.1-59.2 100% |  61.0 MiB/s | 250.0 KiB |  00m00s
2026-10-07T13:35:52.9021528Z [ 83/485] Installing less-0:704-4.fc44. 100% |  22.5 MiB/s | 483.2 KiB |  00m00s
2026-10-07T13:35:52.9065849Z [ 84/485] Installing jansson-0:2.14-4.f 100% |  22.1 MiB/s |  90.3 KiB |  00m00s
2026-10-07T13:35:52.9182361Z [ 85/485] Installing libtextstyle-0:0.2 100% |  93.5 MiB/s | 382.8 KiB |  00m00s
2026-10-07T13:35:52.9252924Z [ 86/485] Installing gettext-libs-0:0.2 100% | 197.0 MiB/s |   2.4 MiB |  00m00s
2026-10-07T13:35:52.9292854Z [ 87/485] Installing openh264-0:2.6.0-3 100% | 186.0 MiB/s |   1.1 MiB |  00m00s
2026-10-07T13:35:52.9416582Z [ 88/485] Installing libsbc-0:2.1-2.fc4 100% |  30.7 MiB/s |  94.4 KiB |  00m00s
2026-10-07T13:35:52.9465020Z [ 89/485] Installing libvpx-0:1.15.0-5. 100% | 274.2 MiB/s |   3.3 MiB |  00m00s
2026-10-07T13:35:52.9500077Z [ 90/485] Installing opencore-amr-0:0.1 100% |  86.7 MiB/s | 355.1 KiB |  00m00s
2026-10-07T13:35:52.9538703Z [ 91/485] Installing twolame-libs-0:0.4 100% |  52.9 MiB/s | 162.5 KiB |  00m00s
2026-10-07T13:35:52.9635291Z [ 92/485] Installing fuse3-libs-0:3.18. 100% |  29.2 MiB/s | 298.9 KiB |  00m00s
2026-10-07T13:35:52.9679972Z [ 93/485] Installing libwbclient-2:4.24 100% |  23.4 MiB/s |  71.9 KiB |  00m00s
2026-10-07T13:35:52.9772239Z [ 94/485] Installing hunspell-en-US-0:0 100% | 123.9 MiB/s | 507.4 KiB |  00m00s
2026-10-07T13:35:52.9940201Z [ 95/485] Installing gsettings-desktop- 100% | 278.7 MiB/s |   6.1 MiB |  00m00s
2026-10-07T13:35:53.0514397Z [ 96/485] Installing xml-common-0:0.6.3 100% |  19.8 MiB/s |  81.1 KiB |  00m00s
2026-10-07T13:35:53.0784065Z [ 97/485] Installing hicolor-icon-theme 100% |   2.2 MiB/s | 179.7 KiB |  00m00s
2026-10-07T13:35:53.1300268Z [ 98/485] Installing iso-codes-0:4.20.1 100% | 450.6 MiB/s |  22.5 MiB |  00m00s
2026-10-07T13:35:53.1505957Z [ 99/485] Installing hunspell-0:1.7.4-2 100% |  64.3 MiB/s |   1.4 MiB |  00m00s
2026-10-07T13:35:53.1678118Z [100/485] Installing enchant2-0:2.8.21- 100% |  12.9 MiB/s | 250.1 KiB |  00m00s
2026-10-07T13:35:53.1713483Z [101/485] Installing harfbuzz-gpu-0:14. 100% |  28.8 MiB/s |  88.5 KiB |  00m00s
2026-10-07T13:35:53.1747068Z [102/485] Installing harfbuzz-raster-0: 100% |  68.6 MiB/s | 210.6 KiB |  00m00s
2026-10-07T13:35:53.1782161Z [103/485] Installing harfbuzz-vector-0: 100% |  33.1 MiB/s | 101.8 KiB |  00m00s
2026-10-07T13:35:53.1803334Z [104/485] Installing libpciaccess-0:0.1 100% |  16.2 MiB/s |  49.8 KiB |  00m00s
2026-10-07T13:35:53.2815071Z [105/485] Installing libdrm-0:2.4.134-1 100% |  40.0 MiB/s | 409.7 KiB |  00m00s
2026-10-07T13:35:53.3332180Z [106/485] Installing osinfo-db-0:202512 100% |  31.4 MiB/s |   4.4 MiB |  00m00s
2026-10-07T13:35:53.3369237Z [107/485] Installing upower-libs-0:1.91 100% |  58.6 MiB/s | 180.0 KiB |  00m00s
2026-10-07T13:35:53.3827946Z [108/485] Installing libshout-0:2.4.6-1 100% |  10.4 MiB/s | 180.7 KiB |  00m00s
2026-10-07T13:35:53.4838087Z [109/485] Installing cpp-0:16.2.1-2.fc4 100% | 330.2 MiB/s |  42.6 MiB |  00m00s
2026-10-07T13:35:53.4953005Z [110/485] Installing libopenmpt-0:0.8.9 100% | 233.7 MiB/s |   1.9 MiB |  00m00s
2026-10-07T13:35:53.5047779Z [111/485] Installing nss-softokn-freebl 100% | 152.9 MiB/s |   1.1 MiB |  00m00s
2026-10-07T13:35:53.5087212Z [112/485] Installing nss-softokn-0:3.12 100% | 229.1 MiB/s |   2.1 MiB |  00m00s
2026-10-07T13:35:53.5322474Z [113/485] Installing nss-sysinit-0:3.12 100% |   1.2 MiB/s |  19.1 KiB |  00m00s
2026-10-07T13:35:53.5457066Z [114/485] Installing nss-0:3.129.0-1.fc 100% | 116.6 MiB/s |   2.0 MiB |  00m00s
2026-10-07T13:35:53.5513984Z [115/485] Upgrading elfutils-libs-0:0.1 100% | 100.1 MiB/s | 717.2 KiB |  00m00s
2026-10-07T13:35:53.5848753Z [116/485] Installing elfutils-debuginfo 100% |   4.4 MiB/s |  86.2 KiB |  00m00s
2026-10-07T13:35:53.6557339Z [117/485] Installing binutils-0:2.46.1- 100% | 332.5 MiB/s |  28.3 MiB |  00m00s
2026-10-07T13:35:53.6625462Z [118/485] Installing libgusb-0:0.4.9-5. 100% |  39.0 MiB/s | 159.6 KiB |  00m00s
2026-10-07T13:35:53.6705066Z [119/485] Installing colord-libs-0:1.4. 100% | 135.7 MiB/s | 833.4 KiB |  00m00s
2026-10-07T13:35:53.6861216Z [120/485] Installing exempi-0:2.6.4-9.f 100% |  72.0 MiB/s |   1.4 MiB |  00m00s
2026-10-07T13:35:53.6963513Z [121/485] Installing libyuv-0:0-0.61.20 100% | 133.9 MiB/s | 685.3 KiB |  00m00s
2026-10-07T13:35:53.7007579Z [122/485] Installing libv4l-0:1.32.0-3. 100% |  45.1 MiB/s | 369.2 KiB |  00m00s
2026-10-07T13:35:53.7105967Z [123/485] Installing aribb24-0:1.0.3^20 100% |  27.5 MiB/s |  84.4 KiB |  00m00s
2026-10-07T13:35:53.7757388Z [124/485] Installing zvbi-0:0.2.44-3.fc 100% |  30.2 MiB/s |   1.2 MiB |  00m00s
2026-10-07T13:35:53.8057481Z [125/485] Installing groff-base-0:1.23. 100% |  62.8 MiB/s |   3.9 MiB |  00m00s
2026-10-07T13:35:53.8278243Z [126/485] Installing make-1:4.4.1-12.fc 100% |  90.0 MiB/s |   1.8 MiB |  00m00s
2026-10-07T13:35:53.8328746Z [127/485] Installing libpkgconf-0:2.5.1 100% |  29.7 MiB/s |  91.3 KiB |  00m00s
2026-10-07T13:35:53.8488531Z [128/485] Installing pkgconf-0:2.5.1-1. 100% |   5.5 MiB/s |  95.2 KiB |  00m00s
2026-10-07T13:35:53.8523535Z [129/485] Installing hyphen-0:2.8.8-28. 100% |  17.4 MiB/s |  53.4 KiB |  00m00s
2026-10-07T13:35:53.8559746Z [130/485] Installing hidapi-0:0.15.0-3. 100% |  36.7 MiB/s | 112.6 KiB |  00m00s
2026-10-07T13:35:53.8659805Z [131/485] Installing libasyncns-0:0.8-3 100% |  18.5 MiB/s |  56.8 KiB |  00m00s
2026-10-07T13:35:53.9070260Z [132/485] Installing pulseaudio-libs-0: 100% | 283.2 MiB/s |   3.4 MiB |  00m00s
2026-10-07T13:35:53.9514296Z [133/485] Installing flite-0:2.2-13.fc4 100% | 279.3 MiB/s |  21.5 MiB |  00m00s
2026-10-07T13:35:53.9678059Z [134/485] Installing ncurses-0:6.6-1.fc 100% |  31.8 MiB/s | 618.0 KiB |  00m00s
2026-10-07T13:35:53.9697482Z [135/485] Installing perl-Digest-0:1.20 100% |  18.1 MiB/s |  37.1 KiB |  00m00s
2026-10-07T13:35:53.9746118Z [136/485] Installing perl-FileHandle-0: 100% |   4.8 MiB/s |   9.8 KiB |  00m00s
2026-10-07T13:35:53.9783806Z [137/485] Installing perl-B-0:1.89-525. 100% |  98.5 MiB/s | 504.4 KiB |  00m00s
2026-10-07T13:35:53.9832354Z [138/485] Installing perl-Digest-MD5-0: 100% |  20.0 MiB/s |  61.5 KiB |  00m00s
2026-10-07T13:35:53.9871491Z [139/485] Installing perl-libnet-0:3.15 100% |  57.6 MiB/s | 294.7 KiB |  00m00s
2026-10-07T13:35:53.9919401Z [140/485] Installing perl-Data-Dumper-0 100% |  38.2 MiB/s | 117.4 KiB |  00m00s
2026-10-07T13:35:53.9952080Z [141/485] Installing perl-Unicode-Norma 100% | 119.2 MiB/s | 488.3 KiB |  00m00s
2026-10-07T13:35:54.0045858Z [142/485] Installing perl-MIME-Base32-0 100% |  15.7 MiB/s |  32.2 KiB |  00m00s
2026-10-07T13:35:54.0079664Z [143/485] Installing perl-URI-0:5.36-1. 100% |  28.3 MiB/s | 289.5 KiB |  00m00s
2026-10-07T13:35:54.0112473Z [144/485] Installing perl-IO-Socket-IP- 100% |  33.3 MiB/s | 102.2 KiB |  00m00s
2026-10-07T13:35:54.0152975Z [145/485] Installing perl-AutoLoader-0: 100% |  20.5 MiB/s |  21.0 KiB |  00m00s
2026-10-07T13:35:54.0177736Z [146/485] Installing perl-IO-Socket-SSL 100% | 177.6 MiB/s | 727.6 KiB |  00m00s
2026-10-07T13:35:54.0307182Z [147/485] Installing perl-locale-0:1.13 100% |   3.2 MiB/s |   6.5 KiB |  00m00s
2026-10-07T13:35:54.0350370Z [148/485] Installing perl-Net-SSLeay-0: 100% |  96.2 MiB/s |   1.3 MiB |  00m00s
2026-10-07T13:35:54.0385664Z [149/485] Installing perl-Time-Local-2: 100% |  34.5 MiB/s |  70.6 KiB |  00m00s
2026-10-07T13:35:54.0411990Z [150/485] Installing perl-Time-HiRes-4: 100% |  38.3 MiB/s | 117.7 KiB |  00m00s
2026-10-07T13:35:54.0533589Z [151/485] Installing perl-if-0:0.61.000 100% | 567.5 KiB/s |   6.2 KiB |  00m00s
2026-10-07T13:35:54.0552874Z [152/485] Installing perl-File-Path-0:2 100% |  31.5 MiB/s |  64.5 KiB |  00m00s
2026-10-07T13:35:54.0568754Z [153/485] Installing perl-Pod-Escapes-1 100% |  25.3 MiB/s |  25.9 KiB |  00m00s
2026-10-07T13:35:54.0590392Z [154/485] Installing perl-Text-Tabs+Wra 100% |  23.3 MiB/s |  23.9 KiB |  00m00s
2026-10-07T13:35:54.0609218Z [155/485] Installing perl-HTTP-Tiny-0:0 100% |  80.3 MiB/s | 164.5 KiB |  00m00s
2026-10-07T13:35:54.0624959Z [156/485] Installing perl-Class-Struct- 100% |  25.3 MiB/s |  25.9 KiB |  00m00s
2026-10-07T13:35:54.0644533Z [157/485] Installing perl-IPC-Open3-0:1 100% |  27.8 MiB/s |  28.5 KiB |  00m00s
2026-10-07T13:35:54.0672357Z [158/485] Installing perl-File-Temp-1:0 100% |  80.8 MiB/s | 165.5 KiB |  00m00s
2026-10-07T13:35:54.0733754Z [159/485] Installing perl-POSIX-0:2.23- 100% |  75.1 MiB/s | 230.6 KiB |  00m00s
2026-10-07T13:35:54.0762246Z [160/485] Installing perl-Pod-Simple-1: 100% |  93.6 MiB/s | 574.9 KiB |  00m00s
2026-10-07T13:35:54.0782908Z [161/485] Installing perl-Term-Cap-0:1. 100% |  14.9 MiB/s |  30.6 KiB |  00m00s
2026-10-07T13:35:54.0820806Z [162/485] Installing perl-Term-ANSIColo 100% |  48.4 MiB/s |  99.2 KiB |  00m00s
2026-10-07T13:35:54.0990467Z [163/485] Installing perl-Pod-Perldoc-0 100% |   9.7 MiB/s | 169.2 KiB |  00m00s
2026-10-07T13:35:54.1130436Z [164/485] Installing perl-podlators-1:6 100% |  19.6 MiB/s | 321.7 KiB |  00m00s
2026-10-07T13:35:54.1147572Z [165/485] Installing perl-File-stat-0:1 100% |  12.8 MiB/s |  13.1 KiB |  00m00s
2026-10-07T13:35:54.1176657Z [166/485] Installing perl-SelectSaver-0 100% |   2.6 MiB/s |   2.6 KiB |  00m00s
2026-10-07T13:35:54.1195060Z [167/485] Installing perl-Socket-4:2.04 100% |  40.3 MiB/s | 123.8 KiB |  00m00s
2026-10-07T13:35:54.1215157Z [168/485] Installing perl-Symbol-0:1.09 100% |   7.1 MiB/s |   7.3 KiB |  00m00s
2026-10-07T13:35:54.1375133Z [169/485] Installing perl-Pod-Usage-4:2 100% |   6.1 MiB/s |  87.9 KiB |  00m00s
2026-10-07T13:35:54.1398632Z [170/485] Installing perl-IO-0:1.55-525 100% |  37.0 MiB/s | 151.5 KiB |  00m00s
2026-10-07T13:35:54.1418538Z [171/485] Installing perl-overloading-0 100% |   5.4 MiB/s |   5.6 KiB |  00m00s
2026-10-07T13:35:54.1434547Z [172/485] Installing perl-mro-0:1.29-52 100% |  20.8 MiB/s |  42.5 KiB |  00m00s
2026-10-07T13:35:54.1453153Z [173/485] Installing perl-base-0:2.27-5 100% |  12.7 MiB/s |  13.0 KiB |  00m00s
2026-10-07T13:35:54.1466597Z [174/485] Installing perl-Fcntl-0:1.20- 100% |  48.6 MiB/s |  49.8 KiB |  00m00s
2026-10-07T13:35:54.1488665Z [175/485] Installing perl-Text-ParseWor 100% |  14.2 MiB/s |  14.6 KiB |  00m00s
2026-10-07T13:35:54.1516816Z [176/485] Installing perl-Getopt-Long-1 100% |  71.9 MiB/s | 147.2 KiB |  00m00s
2026-10-07T13:35:54.1534938Z [177/485] Installing perl-Storable-1:3. 100% | 115.6 MiB/s | 236.7 KiB |  00m00s
2026-10-07T13:35:54.1548876Z [178/485] Installing perl-overload-0:1. 100% |  70.3 MiB/s |  72.0 KiB |  00m00s
2026-10-07T13:35:54.1572001Z [179/485] Installing perl-Getopt-Std-0: 100% |  11.5 MiB/s |  11.8 KiB |  00m00s
2026-10-07T13:35:54.1590425Z [180/485] Installing perl-MIME-Base64-0 100% |  21.6 MiB/s |  44.2 KiB |  00m00s
2026-10-07T13:35:54.1603417Z [181/485] Installing perl-File-Basename 100% |  14.3 MiB/s |  14.6 KiB |  00m00s
2026-10-07T13:35:54.1615311Z [182/485] Installing perl-vars-0:1.05-5 100% |   4.2 MiB/s |   4.3 KiB |  00m00s
2026-10-07T13:35:54.1627664Z [183/485] Installing perl-Errno-0:1.38- 100% |   8.6 MiB/s |   8.8 KiB |  00m00s
2026-10-07T13:35:54.1665191Z [184/485] Installing perl-parent-1:0.24 100% |  10.7 MiB/s |  11.0 KiB |  00m00s
2026-10-07T13:35:54.1685531Z [185/485] Installing perl-Scalar-List-U 100% |  36.3 MiB/s | 148.5 KiB |  00m00s
2026-10-07T13:35:54.1888640Z [186/485] Installing perl-constant-0:1. 100% |  26.7 MiB/s |  27.4 KiB |  00m00s
2026-10-07T13:35:54.2045608Z [187/485] Installing perl-Encode-4:3.21 100% | 138.0 MiB/s |   4.7 MiB |  00m00s
2026-10-07T13:35:54.2079823Z [188/485] Installing perl-DynaLoader-0: 100% |  31.7 MiB/s |  32.5 KiB |  00m00s
2026-10-07T13:35:54.2104593Z [189/485] Installing perl-PathTools-0:3 100% |  45.0 MiB/s | 184.4 KiB |  00m00s
2026-10-07T13:35:54.2122823Z [190/485] Installing perl-Carp-0:1.54-5 100% |  46.6 MiB/s |  47.7 KiB |  00m00s
2026-10-07T13:35:54.2148691Z [191/485] Installing perl-Exporter-0:5. 100% |  18.1 MiB/s |  55.6 KiB |  00m00s
2026-10-07T13:35:54.3364004Z [192/485] Installing perl-libs-4:5.42.3 100% |  98.1 MiB/s |  11.7 MiB |  00m00s
2026-10-07T13:35:54.3519329Z [193/485] Installing perl-interpreter-4 100% |   7.8 MiB/s | 120.5 KiB |  00m00s
2026-10-07T13:35:54.3546092Z [194/485] Installing perl-TermReadKey-0 100% |  21.5 MiB/s |  66.1 KiB |  00m00s
2026-10-07T13:35:54.3564379Z [195/485] Installing perl-Error-1:0.170 100% |  39.0 MiB/s |  80.0 KiB |  00m00s
2026-10-07T13:35:54.3582758Z [196/485] Installing perl-lib-0:0.65-52 100% |   8.7 MiB/s |   8.9 KiB |  00m00s
2026-10-07T13:35:54.3613255Z [197/485] Installing libevdev-0:1.13.7- 100% |  44.4 MiB/s |  91.0 KiB |  00m00s
2026-10-07T13:35:54.3652624Z [198/485] Installing libmanette-0:0.2.1 100% | 180.1 MiB/s | 368.9 KiB |  00m00s
2026-10-07T13:35:54.3810358Z [199/485] Installing libvmaf-0:3.0.0-5. 100% | 207.1 MiB/s | 848.2 KiB |  00m00s
2026-10-07T13:35:54.3843063Z [200/485] Installing libaom-0:3.13.3-1. 100% | 339.3 MiB/s |   5.1 MiB |  00m00s
2026-10-07T13:35:54.3883731Z [201/485] Installing libavif-0:1.3.0-4. 100% |  86.9 MiB/s | 266.9 KiB |  00m00s
2026-10-07T13:35:54.3917946Z [202/485] Installing duktape-0:2.7.0-11 100% | 152.7 MiB/s | 625.6 KiB |  00m00s
2026-10-07T13:35:54.4071803Z [203/485] Installing libproxy-0:0.5.12- 100% |  34.0 MiB/s | 104.4 KiB |  00m00s
2026-10-07T13:35:54.4140998Z [204/485] Installing glib-networking-0: 100% |  46.7 MiB/s | 765.3 KiB |  00m00s
2026-10-07T13:35:54.4179716Z [205/485] Installing libsoup3-0:3.6.6-1 100% | 197.2 MiB/s |   1.2 MiB |  00m00s
2026-10-07T13:35:54.4215914Z [206/485] Installing gssdp-0:1.6.6-1.fc 100% |  49.8 MiB/s | 153.1 KiB |  00m00s
2026-10-07T13:35:54.4244998Z [207/485] Installing gupnp-0:1.6.10-1.f 100% | 102.1 MiB/s | 313.7 KiB |  00m00s
2026-10-07T13:35:54.4292510Z [208/485] Installing gupnp-igd-0:1.6.0- 100% |  33.4 MiB/s |  68.4 KiB |  00m00s
2026-10-07T13:35:54.4442685Z [209/485] Installing libnice-0:0.1.23-2 100% |  27.8 MiB/s | 512.8 KiB |  00m00s
2026-10-07T13:35:54.4650030Z [210/485] Installing osinfo-db-tools-0: 100% |  12.0 MiB/s | 196.5 KiB |  00m00s
2026-10-07T13:35:54.4815791Z [211/485] Installing libosinfo-0:1.12.0 100% |  63.5 MiB/s |   1.2 MiB |  00m00s
2026-10-07T13:35:54.4851963Z [212/485] Installing cdparanoia-libs-0: 100% |  37.3 MiB/s | 114.7 KiB |  00m00s
2026-10-07T13:35:54.5009992Z [213/485] Installing libvisual-1:0.4.2- 100% | 152.0 MiB/s | 467.0 KiB |  00m00s
2026-10-07T13:35:54.5155297Z [214/485] Installing highway-0:1.3.0-2. 100% | 345.9 MiB/s |   5.5 MiB |  00m00s
2026-10-07T13:35:54.5222886Z [215/485] Installing libjxl-1:0.11.2-1. 100% | 274.5 MiB/s |   4.1 MiB |  00m00s
2026-10-07T13:35:54.5400810Z [216/485] Installing libsecret-0:0.21.8 100% |  24.3 MiB/s | 498.7 KiB |  00m00s
2026-10-07T13:35:54.5426557Z [217/485] Installing lm_sensors-libs-0: 100% |  42.4 MiB/s |  86.8 KiB |  00m00s
2026-10-07T13:35:54.5570288Z [218/485] Installing xdg-dbus-proxy-0:0 100% |   6.3 MiB/s |  97.0 KiB |  00m00s
2026-10-07T13:35:54.5676543Z [219/485] Installing libkadm5-0:1.22.2- 100% |  71.5 MiB/s | 219.7 KiB |  00m00s
2026-10-07T13:35:54.5835185Z [220/485] Installing sqlite-0:3.51.2-2. 100% |  91.3 MiB/s |   1.9 MiB |  00m00s
2026-10-07T13:35:54.5996583Z [221/485] Installing brotli-0:1.2.0-3.f 100% |   2.2 MiB/s |  34.3 KiB |  00m00s
2026-10-07T13:35:54.6034239Z [222/485] Installing jbigkit-libs-0:2.1 100% |  38.8 MiB/s | 119.2 KiB |  00m00s
2026-10-07T13:35:54.6079391Z [223/485] Installing liblerc-0:4.0.0-10 100% | 158.5 MiB/s | 649.4 KiB |  00m00s
2026-10-07T13:35:54.6132417Z [224/485] Installing libtiff-0:4.7.2-1. 100% | 156.9 MiB/s | 642.6 KiB |  00m00s
2026-10-07T13:35:54.6172058Z [225/485] Installing spandsp-0:0.0.6-22 100% | 167.6 MiB/s | 858.4 KiB |  00m00s
2026-10-07T13:35:54.6237578Z [226/485] Installing libstemmer-0:3.0.1 100% | 209.2 MiB/s | 642.7 KiB |  00m00s
2026-10-07T13:35:54.6273605Z [227/485] Installing libtinysparql-0:3. 100% | 143.9 MiB/s |   1.0 MiB |  00m00s
2026-10-07T13:35:54.6323585Z [228/485] Installing mpdecimal-0:4.0.1- 100% | 106.8 MiB/s | 218.6 KiB |  00m00s
2026-10-07T13:35:54.6357915Z [229/485] Installing pcre2-utf16-0:10.4 100% | 160.2 MiB/s | 656.1 KiB |  00m00s
2026-10-07T13:35:54.6394241Z [230/485] Installing pcre2-utf32-0:10.4 100% | 203.1 MiB/s | 623.9 KiB |  00m00s
2026-10-07T13:35:54.6417616Z [231/485] Installing glfw-1:3.4-6.fc44. 100% | 126.1 MiB/s | 387.4 KiB |  00m00s
2026-10-07T13:35:54.6441322Z [232/485] Installing lzo-minilzo-0:2.10 100% |  18.5 MiB/s |  37.8 KiB |  00m00s
2026-10-07T13:35:54.6585689Z [233/485] Installing gettext-envsubst-0 100% |   5.8 MiB/s |  88.9 KiB |  00m00s
2026-10-07T13:35:54.7097289Z [234/485] Installing gettext-runtime-0: 100% |  38.5 MiB/s | 748.8 KiB |  00m00s
2026-10-07T13:35:54.7282535Z [235/485] Installing gettext-0:0.26-5.f 100% | 268.6 MiB/s |  12.9 MiB |  00m00s
2026-10-07T13:35:54.7414129Z [236/485] Installing libopenjph-0:0.25. 100% | 157.3 MiB/s | 483.3 KiB |  00m00s
2026-10-07T13:35:54.7458908Z [237/485] Installing libheif-0:1.23.5-3 100% | 183.8 MiB/s |   2.4 MiB |  00m00s
2026-10-07T13:35:54.7506380Z [238/485] Installing libfdisk-0:2.41.5- 100% | 126.8 MiB/s | 389.4 KiB |  00m00s
2026-10-07T13:35:54.7597473Z [239/485] Installing liblastlog2-0:2.41 100% |   3.6 MiB/s |  43.7 KiB |  00m00s
2026-10-07T13:35:54.8413976Z [240/485] Installing util-linux-0:2.41. 100% |  46.5 MiB/s |   3.6 MiB |  00m00s
2026-10-07T13:35:54.8608639Z [241/485] Installing openssh-0:10.2p1-1 100% |  71.6 MiB/s |   1.4 MiB |  00m00s
2026-10-07T13:35:54.9598646Z [242/485] Installing openssh-clients-0: 100% |  76.9 MiB/s |   2.7 MiB |  00m00s
2026-10-07T13:35:54.9797624Z [243/485] Installing git-core-0:2.56.0- 100% | 322.6 MiB/s |  27.7 MiB |  00m00s
2026-10-07T13:35:54.9997606Z [244/485] Installing git-core-doc-0:2.5 100% |   1.0 GiB/s |  19.3 MiB |  00m00s
2026-10-07T13:35:55.0017615Z [245/485] Installing git-0:2.56.0-1.fc4 100% |  28.8 MiB/s |  59.0 KiB |  00m00s
2026-10-07T13:35:55.0045188Z [246/485] Installing perl-Git-0:2.56.0- 100% |  31.9 MiB/s |  65.4 KiB |  00m00s
2026-10-07T13:35:55.0088655Z [247/485] Installing libdisplay-info-0: 100% | 111.3 MiB/s | 227.9 KiB |  00m00s
2026-10-07T13:35:55.0117071Z [248/485] Installing faad2-libs-1:2.11. 100% | 151.5 MiB/s | 620.4 KiB |  00m00s
2026-10-07T13:35:55.0218726Z [249/485] Installing libsrtp-0:2.8.0-1. 100% |  42.6 MiB/s | 130.9 KiB |  00m00s
2026-10-07T13:35:55.0402015Z [250/485] Installing openal-soft-0:1.24 100% |  70.5 MiB/s |   1.6 MiB |  00m00s
2026-10-07T13:35:55.0808618Z [251/485] Installing soundtouch-0:2.4.0 100% |  13.1 MiB/s | 227.2 KiB |  00m00s
2026-10-07T13:35:55.1123994Z [252/485] Installing abseil-cpp-0:20260 100% |  54.0 MiB/s |   2.6 MiB |  00m00s
2026-10-07T13:35:55.1184376Z [253/485] Installing webrtc-audio-proce 100% | 106.6 MiB/s |   1.1 MiB |  00m00s
2026-10-07T13:35:55.1389929Z [254/485] Installing wavpack-0:5.9.0-2. 100% |  30.3 MiB/s | 590.0 KiB |  00m00s
2026-10-07T13:35:55.1513144Z [255/485] Installing ModemManager-glib- 100% | 253.8 MiB/s |   1.5 MiB |  00m00s
2026-10-07T13:35:55.1545482Z [256/485] Installing fftw-libs-single-0 100% | 301.2 MiB/s |   3.6 MiB |  00m00s
2026-10-07T13:35:55.1575769Z [257/485] Installing libebur128-0:1.2.6 100% |  19.8 MiB/s |  40.6 KiB |  00m00s
2026-10-07T13:35:55.1605721Z [258/485] Installing libldac-0:2.0.2.3- 100% |  26.0 MiB/s |  80.0 KiB |  00m00s
2026-10-07T13:35:55.1818354Z [259/485] Installing bluez-libs-0:5.87+ 100% |  66.2 MiB/s | 203.4 KiB |  00m00s
2026-10-07T13:35:55.2314643Z [260/485] Installing pipewire-libs-0:1. 100% | 148.1 MiB/s |   9.8 MiB |  00m00s
2026-10-07T13:35:55.2351507Z [261/485] Installing ilbc-0:3.0.4-19.fc 100% |  22.7 MiB/s |  92.8 KiB |  00m00s
2026-10-07T13:35:55.2386059Z [262/485] Installing openapv-libs-0:0.2 100% |  41.2 MiB/s | 126.5 KiB |  00m00s
2026-10-07T13:35:55.2414876Z [263/485] Installing snappy-0:1.2.2-4.f 100% |  26.5 MiB/s |  81.6 KiB |  00m00s
2026-10-07T13:35:55.2451410Z [264/485] Installing vo-amrwbenc-0:0.1. 100% |  51.9 MiB/s | 159.3 KiB |  00m00s
2026-10-07T13:35:55.2497483Z [265/485] Installing xevd-libs-0:0.5.0- 100% | 124.0 MiB/s | 381.1 KiB |  00m00s
2026-10-07T13:35:55.2541531Z [266/485] Installing xeve-libs-0:0.5.1- 100% | 221.2 MiB/s | 905.9 KiB |  00m00s
2026-10-07T13:35:55.2576578Z [267/485] Installing xvidcore-0:1.3.7-1 100% | 214.8 MiB/s | 879.9 KiB |  00m00s
2026-10-07T13:35:55.2829633Z [268/485] Installing soxr-0:0.1.3-21.fc 100% |  62.9 MiB/s | 193.3 KiB |  00m00s
2026-10-07T13:35:55.3013612Z [269/485] Installing lpcnetfreedv-0:0.5 100% | 400.6 MiB/s |  14.8 MiB |  00m00s
2026-10-07T13:35:55.3046028Z [270/485] Installing codec2-0:1.2.0-9.f 100% | 227.5 MiB/s |   1.4 MiB |  00m00s
2026-10-07T13:35:55.3117128Z [271/485] Installing libcloudproviders- 100% |  61.5 MiB/s | 125.9 KiB |  00m00s
2026-10-07T13:35:55.3146975Z [272/485] Installing taglib-0:2.3-2.fc4 100% | 230.2 MiB/s |   1.6 MiB |  00m00s
2026-10-07T13:35:55.3173148Z [273/485] Installing libcue-0:2.3.0-14. 100% |  42.6 MiB/s |  87.2 KiB |  00m00s
2026-10-07T13:35:55.3203729Z [274/485] Installing libzip-0:1.11.4-3. 100% |  70.7 MiB/s | 144.9 KiB |  00m00s
2026-10-07T13:35:55.3238488Z [275/485] Installing game-music-emu-0:0 100% | 117.7 MiB/s | 361.5 KiB |  00m00s
2026-10-07T13:35:55.3265437Z [276/485] Installing libmodplug-1:0.8.9 100% | 120.1 MiB/s | 369.0 KiB |  00m00s
2026-10-07T13:35:55.3298247Z [277/485] Installing libudfread-0:1.2.0 100% |  31.0 MiB/s |  63.4 KiB |  00m00s
2026-10-07T13:35:55.3341790Z [278/485] Installing openpgm-0:5.3.128- 100% | 104.7 MiB/s | 321.7 KiB |  00m00s
2026-10-07T13:35:55.3376865Z [279/485] Installing oniguruma-0:6.9.10 100% | 251.6 MiB/s | 773.1 KiB |  00m00s
2026-10-07T13:35:55.3414707Z [280/485] Installing libsodium-0:1.0.22 100% | 157.1 MiB/s | 482.6 KiB |  00m00s
2026-10-07T13:35:55.3467234Z [281/485] Installing libunwind-0:1.8.3- 100% |  48.2 MiB/s | 197.3 KiB |  00m00s
2026-10-07T13:35:55.3658054Z [282/485] Installing zeromq-0:4.3.5-22. 100% |  46.6 MiB/s | 906.6 KiB |  00m00s
2026-10-07T13:35:55.3822731Z [283/485] Installing gpgme-0:2.0.1-5.fc 100% |  35.7 MiB/s | 620.8 KiB |  00m00s
2026-10-07T13:35:55.3839723Z [284/485] Installing gpgmepp-0:2.0.1-5. 100% | 144.1 MiB/s | 442.7 KiB |  00m00s
2026-10-07T13:35:55.3877763Z [285/485] Installing cjson-0:1.7.19-1.f 100% |  33.8 MiB/s |  69.2 KiB |  00m00s
2026-10-07T13:35:55.3904985Z [286/485] Installing librist-0:0.2.11-1 100% |  59.8 MiB/s | 183.6 KiB |  00m00s
2026-10-07T13:35:55.3937044Z [287/485] Installing giflib-0:6.1.3-2.f 100% |  60.4 MiB/s | 123.8 KiB |  00m00s
2026-10-07T13:35:55.4118501Z [288/485] Installing uchardet-0:0.0.8-1 100% |  16.9 MiB/s | 277.4 KiB |  00m00s
2026-10-07T13:35:55.4217765Z [289/485] Installing totem-pl-parser-0: 100% |  54.5 MiB/s | 334.7 KiB |  00m00s
2026-10-07T13:35:55.4234609Z [290/485] Installing inih-0:62-2.fc44.x 100% |   2.9 MiB/s |  23.5 KiB |  00m00s
2026-10-07T13:35:55.4339963Z [291/485] Installing inih-cpp-0:62-2.fc 100% |  19.9 MiB/s |  40.7 KiB |  00m00s
2026-10-07T13:35:55.4380301Z [292/485] Installing exiv2-libs-0:0.28. 100% | 291.9 MiB/s |   2.9 MiB |  00m00s
2026-10-07T13:35:55.4413685Z [293/485] Installing libgexiv2-0:0.16.2 100% |  65.9 MiB/s | 270.0 KiB |  00m00s
2026-10-07T13:35:55.4434356Z [294/485] Installing librabbitmq-0:0.18 100% |  44.2 MiB/s |  90.6 KiB |  00m00s
2026-10-07T13:35:55.4490945Z [295/485] Installing ngtcp2-crypto-gnut 100% |  43.3 MiB/s |  44.4 KiB |  00m00s
2026-10-07T13:35:55.4520950Z [296/485] Installing srt-libs-0:1.5.7-1 100% | 175.6 MiB/s |   1.1 MiB |  00m00s
2026-10-07T13:35:55.4552052Z [297/485] Installing llhttp-0:9.3.1-1.f 100% |  47.9 MiB/s |  98.0 KiB |  00m00s
2026-10-07T13:35:55.4926563Z [298/485] Installing systemd-standalone 100% |  10.9 MiB/s | 435.8 KiB |  00m00s
2026-10-07T13:35:55.4927552Z >>> Running sysusers scriptlet: samba-common-2:4.24.7-1.fc44.noarch
2026-10-07T13:35:55.4928044Z >>> Finished sysusers scriptlet: samba-common-2:4.24.7-1.fc44.noarch
2026-10-07T13:35:55.4928425Z >>> Scriptlet output:
2026-10-07T13:35:55.4928686Z >>> Creating group 'printadmin' with GID 999.
2026-10-07T13:35:55.4928984Z >>> 
2026-10-07T13:35:55.5260657Z [299/485] Installing samba-common-2:4.2 100% |   8.9 MiB/s | 226.6 KiB |  00m00s
2026-10-07T13:35:55.5478233Z [300/485] Installing samba-core-libs-2: 100% | 168.3 MiB/s |   1.7 MiB |  00m00s
2026-10-07T13:35:55.5524769Z [301/485] Installing samba-ndr-libs-2:4 100% | 212.8 MiB/s |   4.7 MiB |  00m00s
2026-10-07T13:35:55.5594885Z [302/485] Installing lmdb-libs-0:0.9.34 100% |  56.3 MiB/s | 115.3 KiB |  00m00s
2026-10-07T13:35:55.5937278Z [303/485] Installing libldb-2:4.24.7-1. 100% |  57.5 MiB/s | 471.3 KiB |  00m00s
2026-10-07T13:35:55.6163935Z [304/485] Installing samba-client-libs- 100% | 215.5 MiB/s |  11.2 MiB |  00m00s
2026-10-07T13:35:55.6202497Z [305/485] Installing libsmbclient-2:4.2 100% |  84.2 MiB/s | 172.5 KiB |  00m00s
2026-10-07T13:35:55.6266141Z [306/485] Installing libssh2-0:1.11.1-9 100% | 110.8 MiB/s | 340.2 KiB |  00m00s
2026-10-07T13:35:55.6301588Z [307/485] Installing libgit2-0:1.9.7-1. 100% | 233.3 MiB/s |   1.4 MiB |  00m00s
2026-10-07T13:35:55.6329108Z [308/485] Installing hunspell-en-AU-0:0 100% | 245.4 MiB/s | 502.5 KiB |  00m00s
2026-10-07T13:35:55.6358019Z [309/485] Installing hunspell-en-CA-0:0 100% | 244.2 MiB/s | 500.0 KiB |  00m00s
2026-10-07T13:35:55.6475370Z [310/485] Installing hunspell-en-GB-0:0 100% | 177.1 MiB/s | 543.9 KiB |  00m00s
2026-10-07T13:35:55.6552769Z [311/485] Installing abattis-cantarell- 100% |  17.3 MiB/s | 194.4 KiB |  00m00s
2026-10-07T13:35:55.6614584Z [312/485] Installing adobe-source-code- 100% | 201.7 MiB/s |   1.6 MiB |  00m00s
2026-10-07T13:35:55.6662807Z [313/485] Installing redhat-display-fon 100% | 189.1 MiB/s | 968.0 KiB |  00m00s
2026-10-07T13:35:55.6726028Z [314/485] Installing redhat-text-fonts- 100% | 193.2 MiB/s | 791.5 KiB |  00m00s
2026-10-07T13:35:55.6948116Z [315/485] Installing sound-theme-freede 100% |  30.4 MiB/s | 467.2 KiB |  00m00s
2026-10-07T13:35:55.7443068Z [316/485] Installing poppler-data-0:0.4 100% | 203.1 MiB/s |  12.4 MiB |  00m00s
2026-10-07T13:35:55.7468772Z [317/485] Installing fuse-common-0:3.18 100% | 285.2 KiB/s | 292.0   B |  00m00s
2026-10-07T13:35:55.7958186Z [318/485] Installing fuse3-0:3.18.3-1.f 100% |   7.3 MiB/s | 141.4 KiB |  00m00s
2026-10-07T13:35:55.8992418Z [319/485] Installing kernel-headers-0:7 100% |  53.3 MiB/s |   7.1 MiB |  00m00s
2026-10-07T13:35:56.0003523Z [320/485] Installing python-pip-wheel-0 100% | 135.9 MiB/s |   1.2 MiB |  00m00s
2026-10-07T13:35:56.2384917Z [321/485] Installing python3-libs-0:3.1 100% | 135.6 MiB/s |  44.5 MiB |  00m00s
2026-10-07T13:35:56.2765883Z [322/485] Installing python3-0:3.14.8-1 100% |   2.0 MiB/s |  30.4 KiB |  00m00s
2026-10-07T13:35:56.2962821Z [323/485] Installing gstreamer1-0:1.28. 100% | 140.3 MiB/s |   5.5 MiB |  00m00s
2026-10-07T13:35:56.3246958Z [324/485] Installing libcanberra-0:0.30 100% |  11.0 MiB/s | 270.5 KiB |  00m00s
2026-10-07T13:35:56.3273053Z [325/485] Installing python3-packaging- 100% |  67.3 MiB/s | 619.9 KiB |  00m00s
2026-10-07T13:35:56.4292025Z [326/485] Installing vulkan-headers-0:1 100% | 573.5 MiB/s |  36.1 MiB |  00m00s
2026-10-07T13:35:56.5694281Z [327/485] Installing libstdc++-devel-0: 100% | 233.5 MiB/s |  41.3 MiB |  00m00s
2026-10-07T13:35:56.5737547Z [328/485] Installing cups-filesystem-1: 100% | 890.6 KiB/s |   1.8 KiB |  00m00s
2026-10-07T13:35:56.5781879Z [329/485] Installing cups-libs-1:2.4.19 100% | 155.3 MiB/s | 636.2 KiB |  00m00s
2026-10-07T13:35:56.5799004Z [330/485] Installing publicsuffix-list- 100% | 111.7 MiB/s | 343.2 KiB |  00m00s
2026-10-07T13:35:56.6304545Z [331/485] Installing llvm-filesystem-0: 100% |   1.0 MiB/s |   1.1 KiB |  00m00s
2026-10-07T13:35:56.9337344Z [332/485] Installing llvm-libs-0:22.1.8 100% | 424.3 MiB/s | 140.5 MiB |  00m00s
2026-10-07T13:35:57.0445408Z [333/485] Installing mesa-dri-drivers-0 100% | 406.2 MiB/s |  53.2 MiB |  00m00s
2026-10-07T13:35:57.0794766Z [334/485] Installing mesa-libgbm-0:26.2 100% |   9.9 MiB/s |  20.4 KiB |  00m00s
2026-10-07T13:35:57.0865669Z [335/485] Installing libX11-common-0:1. 100% |  33.9 MiB/s |   1.2 MiB |  00m00s
2026-10-07T13:35:57.0892597Z [336/485] Installing libX11-0:1.8.13-3. 100% | 224.0 MiB/s |   1.3 MiB |  00m00s
2026-10-07T13:35:57.0911536Z [337/485] Installing libXext-0:1.3.6-5. 100% |  44.5 MiB/s |  91.1 KiB |  00m00s
2026-10-07T13:35:57.0930195Z [338/485] Installing libXfixes-0:6.0.1- 100% |  34.6 MiB/s |  35.4 KiB |  00m00s
2026-10-07T13:35:57.0949314Z [339/485] Installing libXi-0:1.8.3-1.fc 100% |  79.7 MiB/s |  81.6 KiB |  00m00s
2026-10-07T13:35:57.0966980Z [340/485] Installing libXrender-0:0.9.1 100% |  50.0 MiB/s |  51.2 KiB |  00m00s
2026-10-07T13:35:57.0989561Z [341/485] Installing libXdamage-0:1.1.6 100% |  40.1 MiB/s |  41.1 KiB |  00m00s
2026-10-07T13:35:57.1008219Z [342/485] Installing libXcursor-0:1.2.3 100% |  26.9 MiB/s |  55.0 KiB |  00m00s
2026-10-07T13:35:57.1026149Z [343/485] Installing libXrandr-0:1.5.4- 100% |  55.6 MiB/s |  56.9 KiB |  00m00s
2026-10-07T13:35:57.1044751Z [344/485] Installing libXinerama-0:1.1. 100% |  15.6 MiB/s |  15.9 KiB |  00m00s
2026-10-07T13:35:57.1078385Z [345/485] Installing libXtst-0:1.2.5-4. 100% |  16.8 MiB/s |  34.5 KiB |  00m00s
2026-10-07T13:35:57.1109849Z [346/485] Installing mesa-libEGL-0:26.2 100% | 130.0 MiB/s | 399.4 KiB |  00m00s
2026-10-07T13:35:57.1136840Z [347/485] Installing libglvnd-egl-1:1.7 100% |  22.9 MiB/s |  70.2 KiB |  00m00s
2026-10-07T13:35:57.1154889Z [348/485] Installing libglvnd-gles-1:1. 100% |  48.4 MiB/s |  99.1 KiB |  00m00s
2026-10-07T13:35:57.1176225Z [349/485] Installing libXv-0:1.0.13-4.f 100% |  26.5 MiB/s |  27.1 KiB |  00m00s
2026-10-07T13:35:57.1204952Z [350/485] Installing libXxf86vm-0:1.1.6 100% |  25.8 MiB/s |  26.4 KiB |  00m00s
2026-10-07T13:35:57.1248555Z [351/485] Installing mesa-libGL-0:26.2. 100% | 122.1 MiB/s | 375.1 KiB |  00m00s
2026-10-07T13:35:57.1298776Z [352/485] Installing libglvnd-glx-1:1.7 100% | 196.1 MiB/s | 602.4 KiB |  00m00s
2026-10-07T13:35:57.1344621Z [353/485] Installing libva-0:2.23.0-3.f 100% |  68.3 MiB/s | 349.6 KiB |  00m00s
2026-10-07T13:35:57.1510442Z [354/485] Installing libGLEW-0:2.2.0-12 100% |  39.1 MiB/s | 761.3 KiB |  00m00s
2026-10-07T13:35:57.1570577Z [355/485] Installing libvdpau-0:1.5-11. 100% |  10.9 MiB/s |  22.3 KiB |  00m00s
2026-10-07T13:35:57.1600973Z [356/485] Installing libavutil-free-0:8 100% | 190.7 MiB/s | 976.5 KiB |  00m00s
2026-10-07T13:35:57.1625929Z [357/485] Installing libswresample-free 100% |  76.4 MiB/s | 156.5 KiB |  00m00s
2026-10-07T13:35:57.1648789Z [358/485] Installing libchromaprint-0:1 100% |  34.5 MiB/s |  70.7 KiB |  00m00s
2026-10-07T13:35:57.1669567Z [359/485] Installing libXcomposite-0:0. 100% |  40.9 MiB/s |  41.9 KiB |  00m00s
2026-10-07T13:35:57.1905863Z [360/485] Installing xprop-0:1.2.8-5.fc 100% |   3.4 MiB/s |  55.9 KiB |  00m00s
2026-10-07T13:35:57.1956725Z [361/485] Installing at-spi2-core-0:2.6 100% | 145.5 MiB/s |   1.6 MiB |  00m00s
2026-10-07T13:35:57.1995578Z [362/485] Installing atk-0:2.60.7-1.fc4 100% |  82.7 MiB/s | 253.9 KiB |  00m00s
2026-10-07T13:35:57.2016384Z [363/485] Installing at-spi2-atk-0:2.60 100% |  69.9 MiB/s | 286.2 KiB |  00m00s
2026-10-07T13:35:57.2076783Z [364/485] Installing google-noto-fonts- 100% |  18.1 MiB/s |  18.5 KiB |  00m00s
2026-10-07T13:35:57.2124668Z [365/485] Installing google-noto-sans-v 100% | 231.9 MiB/s |   1.4 MiB |  00m00s
2026-10-07T13:35:57.2263732Z [366/485] Installing default-fonts-core 100% |   3.6 MiB/s |  18.2 KiB |  00m00s
2026-10-07T13:35:58.2815873Z [367/485] Installing fontconfig-0:2.17. 100% | 746.5 KiB/s | 795.8 KiB |  00m01s
2026-10-07T13:35:58.2913286Z [368/485] Installing cairo-0:1.18.6-1.f 100% | 203.1 MiB/s |   1.8 MiB |  00m00s
2026-10-07T13:35:58.2933607Z [369/485] Installing cairo-gobject-0:1. 100% |  31.1 MiB/s |  31.8 KiB |  00m00s
2026-10-07T13:35:58.3023639Z [370/485] Installing libXft-0:2.3.8-10. 100% |  82.9 MiB/s | 169.8 KiB |  00m00s
2026-10-07T13:35:58.3553004Z [371/485] Installing pango-0:1.57.1-1.f 100% |  44.2 MiB/s |   1.0 MiB |  00m00s
2026-10-07T13:35:58.3826992Z [372/485] Installing gstreamer1-plugins 100% | 183.9 MiB/s |   7.5 MiB |  00m00s
2026-10-07T13:35:58.3978161Z [373/485] Installing gstreamer1-plugins 100% | 145.0 MiB/s |   3.6 MiB |  00m00s
2026-10-07T13:35:58.4057203Z [374/485] Installing glycin-libs-0:2.1. 100% | 304.7 MiB/s |   4.3 MiB |  00m00s
2026-10-07T13:35:58.4358455Z [375/485] Installing gdk-pixbuf2-0:2.44 100% | 120.6 MiB/s |   2.5 MiB |  00m00s
2026-10-07T13:35:58.4715488Z [376/485] Installing librsvg2-0:2.62.4- 100% | 311.5 MiB/s |   5.0 MiB |  00m00s
2026-10-07T13:35:58.4747735Z [377/485] Installing glycin-loaders-0:2 100% | 395.7 MiB/s |  13.8 MiB |  00m00s
2026-10-07T13:35:58.4888139Z [378/485] Installing gtk-update-icon-ca 100% |   4.4 MiB/s |  63.2 KiB |  00m00s
2026-10-07T13:35:58.5327712Z [379/485] Installing libnotify-0:0.8.8- 100% |   3.2 MiB/s | 128.7 KiB |  00m00s
2026-10-07T13:35:58.5328634Z >>> Running sysusers scriptlet: geoclue2-0:2.8.2-1.fc44.x86_64
2026-10-07T13:35:58.5329377Z >>> Finished sysusers scriptlet: geoclue2-0:2.8.2-1.fc44.x86_64
2026-10-07T13:35:58.5330003Z >>> Scriptlet output:
2026-10-07T13:35:58.5330413Z >>> Creating group 'geoclue' with GID 998.
2026-10-07T13:35:58.5331029Z >>> Creating user 'geoclue' (n/a) with UID 998 and GID 998.
2026-10-07T13:35:58.5331564Z >>> 
2026-10-07T13:35:58.5563388Z [380/485] Installing geoclue2-0:2.8.2-1 100% |  29.1 MiB/s | 417.4 KiB |  00m00s
2026-10-07T13:35:58.5706395Z [381/485] Installing xdg-desktop-portal 100% |  80.4 MiB/s |   1.9 MiB |  00m00s
2026-10-07T13:35:58.5888704Z [382/485] Installing libgsf-0:1.14.60-1 100% |  46.7 MiB/s |   1.0 MiB |  00m00s
2026-10-07T13:35:58.5903930Z [383/485] Installing harfbuzz-cairo-0:1 100% |  25.8 MiB/s |  52.9 KiB |  00m00s
2026-10-07T13:35:58.5958353Z [384/485] Installing libgxps-0:0.3.2-12 100% |  63.2 MiB/s | 194.2 KiB |  00m00s
2026-10-07T13:35:58.6287809Z [385/485] Installing libaribcaption-0:1 100% |  85.1 MiB/s | 261.5 KiB |  00m00s
2026-10-07T13:35:58.6330275Z [386/485] Installing libavcodec-free-0: 100% | 313.0 MiB/s |  10.3 MiB |  00m00s
2026-10-07T13:35:58.6439454Z [387/485] Installing libbluray-0:1.4.0- 100% | 104.1 MiB/s | 319.9 KiB |  00m00s
2026-10-07T13:35:58.6575536Z [388/485] Installing libavformat-free-0 100% | 256.7 MiB/s |   2.8 MiB |  00m00s
2026-10-07T13:35:58.6624433Z [389/485] Installing poppler-0:26.01.0- 100% | 304.9 MiB/s |   4.0 MiB |  00m00s
2026-10-07T13:35:58.6915701Z [390/485] Installing poppler-glib-0:26. 100% |  92.1 MiB/s | 659.8 KiB |  00m00s
2026-10-07T13:35:58.8891987Z [391/485] Installing adwaita-icon-theme 100% |  12.2 MiB/s |   2.4 MiB |  00m00s
2026-10-07T13:35:58.8935240Z [392/485] Installing adwaita-cursor-the 100% | 423.3 MiB/s |  11.4 MiB |  00m00s
2026-10-07T13:35:58.9947256Z [393/485] Installing adwaita-icon-theme 100% |  14.6 MiB/s |   1.3 MiB |  00m00s
2026-10-07T13:35:59.0318186Z [394/485] Installing xkeyboard-config-0 100% | 132.0 MiB/s |   6.5 MiB |  00m00s
2026-10-07T13:35:59.0957524Z [395/485] Installing libxkbcommon-0:1.1 100% |  84.7 MiB/s | 433.9 KiB |  00m00s
2026-10-07T13:35:59.1815333Z [396/485] Installing gtk4-0:4.22.5-2.fc 100% | 324.1 MiB/s |  28.2 MiB |  00m00s
2026-10-07T13:35:59.1994018Z [397/485] Installing gtk3-0:3.24.52-2.f 100% | 296.0 MiB/s |  22.8 MiB |  00m00s
2026-10-07T13:35:59.4520187Z [398/485] Installing webkitgtk6.0-0:2.5 100% | 383.2 MiB/s |  96.2 MiB |  00m00s
2026-10-07T13:35:59.4536479Z [399/485] Installing pkgconf-m4-0:2.5.1 100% |  14.4 MiB/s |  14.7 KiB |  00m00s
2026-10-07T13:35:59.4687466Z [400/485] Installing pkgconf-pkg-config 100% | 126.7 KiB/s |   1.8 KiB |  00m00s
2026-10-07T13:35:59.4882196Z [401/485] Installing zlib-ng-compat-dev 100% |  35.3 MiB/s | 108.6 KiB |  00m00s
2026-10-07T13:35:59.4956572Z [402/485] Installing xorg-x11-proto-dev 100% |  89.8 MiB/s |   1.8 MiB |  00m00s
2026-10-07T13:35:59.5106476Z [403/485] Installing libpng-devel-2:1.6 100% |  46.8 MiB/s | 911.0 KiB |  00m00s
2026-10-07T13:35:59.5182437Z [404/485] Installing brotli-devel-0:1.2 100% |  22.3 MiB/s |  68.4 KiB |  00m00s
2026-10-07T13:35:59.5201944Z [405/485] Installing sysprof-capture-de 100% | 199.4 MiB/s | 816.6 KiB |  00m00s
2026-10-07T13:35:59.5252119Z [406/485] Installing libffi-devel-0:3.5 100% |  17.4 MiB/s |  35.6 KiB |  00m00s
2026-10-07T13:35:59.5415400Z [407/485] Installing pcre2-devel-0:10.4 100% | 117.7 MiB/s |   2.1 MiB |  00m00s
2026-10-07T13:35:59.5473728Z [408/485] Installing pixman-devel-0:0.4 100% |  27.8 MiB/s |  56.9 KiB |  00m00s
2026-10-07T13:35:59.5623476Z [409/485] Installing wayland-devel-0:1. 100% |  39.8 MiB/s | 733.3 KiB |  00m00s
2026-10-07T13:35:59.5843880Z [410/485] Installing libXau-devel-0:1.0 100% |   1.5 MiB/s |   9.1 KiB |  00m00s
2026-10-07T13:35:59.5985523Z [411/485] Installing libxcb-devel-0:1.1 100% | 120.7 MiB/s |   3.0 MiB |  00m00s
2026-10-07T13:35:59.6186071Z [412/485] Installing libX11-devel-0:1.8 100% |  46.1 MiB/s |   1.1 MiB |  00m00s
2026-10-07T13:35:59.6231070Z [413/485] Installing libXrender-devel-0 100% |  24.9 MiB/s |  51.0 KiB |  00m00s
2026-10-07T13:35:59.6270563Z [414/485] Installing libXext-devel-0:1. 100% |  26.8 MiB/s | 109.8 KiB |  00m00s
2026-10-07T13:35:59.6294276Z [415/485] Installing lzo-devel-0:2.10-1 100% |  70.1 MiB/s | 215.3 KiB |  00m00s
2026-10-07T13:35:59.6326275Z [416/485] Installing libnghttp2-devel-0 100% | 141.2 MiB/s | 289.1 KiB |  00m00s
2026-10-07T13:35:59.6343334Z [417/485] Installing sqlite-devel-0:3.5 100% | 226.1 MiB/s | 694.7 KiB |  00m00s
2026-10-07T13:35:59.6408420Z [418/485] Installing libpsl-devel-0:0.2 100% |  55.4 MiB/s | 113.5 KiB |  00m00s
2026-10-07T13:35:59.6450000Z [419/485] Installing libsepol-devel-0:3 100% |  17.9 MiB/s | 128.2 KiB |  00m00s
2026-10-07T13:35:59.6480153Z [420/485] Installing libselinux-devel-0 100% |  38.2 MiB/s | 156.6 KiB |  00m00s
2026-10-07T13:35:59.6504836Z [421/485] Installing keyutils-libs-deve 100% |  53.9 MiB/s |  55.2 KiB |  00m00s
2026-10-07T13:35:59.6648013Z [422/485] Installing libcom_err-devel-0 100% |   1.3 MiB/s |  18.3 KiB |  00m00s
2026-10-07T13:35:59.6737059Z [423/485] Installing libverto-devel-0:0 100% |  25.7 MiB/s |  26.4 KiB |  00m00s
2026-10-07T13:35:59.6891475Z [424/485] Installing krb5-devel-0:1.22. 100% |  31.9 MiB/s | 719.2 KiB |  00m00s
2026-10-07T13:35:59.6909550Z [425/485] Installing vulkan-loader-deve 100% |   4.4 MiB/s |   9.1 KiB |  00m00s
2026-10-07T13:35:59.7196062Z [426/485] Installing libxcrypt-devel-0: 100% |  10.8 MiB/s |  33.3 KiB |  00m00s
2026-10-07T13:35:59.8208206Z [427/485] Installing glibc-devel-0:2.43 100% |  36.7 MiB/s |   2.4 MiB |  00m00s
2026-10-07T13:36:00.0684733Z [428/485] Installing gcc-0:16.2.1-2.fc4 100% | 395.7 MiB/s | 121.9 MiB |  00m00s
2026-10-07T13:36:00.0720685Z [429/485] Installing bzip2-devel-0:1.0. 100% | 303.5 MiB/s | 310.7 KiB |  00m00s
2026-10-07T13:36:00.0754583Z [430/485] Installing fribidi-devel-0:1. 100% |  26.7 MiB/s |  81.9 KiB |  00m00s
2026-10-07T13:36:00.0933830Z [431/485] Installing libdatrie-devel-0: 100% |  32.8 MiB/s | 570.6 KiB |  00m00s
2026-10-07T13:36:00.0977463Z [432/485] Installing libthai-devel-0:0. 100% | 162.0 MiB/s | 663.6 KiB |  00m00s
2026-10-07T13:36:00.1076471Z [433/485] Installing xz-devel-1:5.8.2-2 100% |  64.1 MiB/s | 262.6 KiB |  00m00s
2026-10-07T13:36:00.1237438Z [434/485] Installing libxml2-devel-0:2. 100% | 148.5 MiB/s |   3.4 MiB |  00m00s
2026-10-07T13:36:00.1263413Z [435/485] Installing libblkid-devel-0:2 100% |  22.5 MiB/s |  46.0 KiB |  00m00s
2026-10-07T13:36:00.2018727Z [436/485] Installing libmount-devel-0:2 100% |  21.7 MiB/s |  66.5 KiB |  00m00s
2026-10-07T13:36:00.2223415Z [437/485] Installing glib2-devel-0:2.88 100% | 175.9 MiB/s |  15.8 MiB |  00m00s
2026-10-07T13:36:00.2246908Z [438/485] Installing javascriptcoregtk6 100% | 129.3 MiB/s | 662.2 KiB |  00m00s
2026-10-07T13:36:00.2378129Z [439/485] Installing libsoup3-devel-0:3 100% | 130.8 MiB/s |   1.0 MiB |  00m00s
2026-10-07T13:36:00.2742401Z [440/485] Installing graphene-devel-0:1 100% | 334.4 MiB/s |   2.3 MiB |  00m00s
2026-10-07T13:36:00.2920354Z [441/485] Installing libicu-devel-0:77. 100% | 101.7 MiB/s |   5.1 MiB |  00m00s
2026-10-07T13:36:00.3086745Z [442/485] Installing graphite2-devel-0: 100% |  16.5 MiB/s |  50.8 KiB |  00m00s
2026-10-07T13:36:00.3258539Z [443/485] Installing harfbuzz-devel-0:1 100% | 197.2 MiB/s |   6.1 MiB |  00m00s
2026-10-07T13:36:00.3570758Z [444/485] Installing freetype-devel-0:2 100% | 296.3 MiB/s |   8.6 MiB |  00m00s
2026-10-07T13:36:00.3637352Z [445/485] Installing fontconfig-devel-0 100% |  51.9 MiB/s | 159.4 KiB |  00m00s
2026-10-07T13:36:00.3664192Z [446/485] Installing cairo-devel-0:1.18 100% | 381.8 MiB/s |   2.3 MiB |  00m00s
2026-10-07T13:36:00.3687478Z [447/485] Installing cairo-gobject-deve 100% |   7.4 MiB/s |   7.6 KiB |  00m00s
2026-10-07T13:36:00.3781036Z [448/485] Installing libXft-devel-0:2.3 100% |  20.3 MiB/s |  41.6 KiB |  00m00s
2026-10-07T13:36:00.3809775Z [449/485] Installing pango-devel-0:1.57 100% | 169.3 MiB/s |   1.5 MiB |  00m00s
2026-10-07T13:36:00.3962647Z [450/485] Installing libseccomp-devel-0 100% |   8.0 MiB/s | 122.5 KiB |  00m00s
2026-10-07T13:36:00.3986402Z [451/485] Installing lcms2-devel-0:2.16 100% |  66.6 MiB/s | 136.4 KiB |  00m00s
2026-10-07T13:36:00.4049721Z [452/485] Installing glycin-devel-0:2.1 100% |  41.4 MiB/s | 127.3 KiB |  00m00s
2026-10-07T13:36:00.4268816Z [453/485] Installing gdk-pixbuf2-devel- 100% | 112.9 MiB/s |   2.3 MiB |  00m00s
2026-10-07T13:36:00.5368252Z [454/485] Installing gtk4-devel-0:4.22. 100% | 209.6 MiB/s |  24.1 MiB |  00m00s
2026-10-07T13:36:00.6378607Z [455/485] Installing webkitgtk6.0-devel 100% | 153.8 MiB/s |   2.3 MiB |  00m00s
2026-10-07T13:36:00.6947607Z [456/485] Installing gcc-c++-0:16.2.1-2 100% | 337.0 MiB/s |  46.8 MiB |  00m00s
2026-10-07T13:36:00.7389812Z [457/485] Installing xdg-desktop-portal 100% |  35.8 MiB/s | 477.1 KiB |  00m00s
2026-10-07T13:36:00.7981896Z [458/485] Installing gstreamer1-plugins 100% | 119.4 MiB/s |  10.3 MiB |  00m00s
2026-10-07T13:36:00.8383052Z [459/485] Installing libcanberra-gtk3-0 100% |   3.3 MiB/s |  73.7 KiB |  00m00s
2026-10-07T13:36:00.8628756Z [460/485] Installing localsearch-0:3.11 100% |  71.4 MiB/s |   3.5 MiB |  00m00s
2026-10-07T13:36:00.9058382Z [461/485] Installing libheif-ffmpeg-0:1 100% |  10.7 MiB/s |  32.8 KiB |  00m00s
2026-10-07T13:36:00.9610232Z [462/485] Installing gstreamer1-plugins 100% | 164.2 MiB/s |   7.6 MiB |  00m00s
2026-10-07T13:36:00.9640545Z [463/485] Installing intel-mediasdk-0:2 100% | 479.9 MiB/s |  24.5 MiB |  00m00s
2026-10-07T13:36:01.0653611Z [464/485] Installing intel-vpl-gpu-rt-0 100% | 353.1 MiB/s |  11.7 MiB |  00m00s
2026-10-07T13:36:01.3410509Z [465/485] Installing mesa-vulkan-driver 100% | 507.0 MiB/s | 173.9 MiB |  00m00s
2026-10-07T13:36:01.3606766Z [466/485] Installing python-unversioned 100% |  29.6 KiB/s | 424.0   B |  00m00s
2026-10-07T13:36:01.3753908Z [467/485] Installing python3-html2text- 100% |  15.3 MiB/s | 297.9 KiB |  00m00s
2026-10-07T13:36:01.3789551Z [468/485] Installing gi-docgen-fonts-0: 100% | 121.1 KiB/s | 124.0   B |  00m00s
2026-10-07T13:36:01.4011333Z [469/485] Installing hunspell-en-0:0.20 100% |   4.3 MiB/s |  13.3 KiB |  00m00s
2026-10-07T13:36:01.4323080Z [470/485] Installing bat-0:0.26.1-4.fc4 100% | 146.9 MiB/s |   5.3 MiB |  00m00s
2026-10-07T13:36:01.4552703Z [471/485] Installing exiv2-0:0.28.9-1.f 100% | 395.2 MiB/s |  12.2 MiB |  00m00s
2026-10-07T13:36:01.4788990Z [472/485] Installing tinysparql-0:3.11. 100% |  82.9 MiB/s |   2.6 MiB |  00m00s
2026-10-07T13:36:01.4817299Z [473/485] Installing perl-NDBM_File-0:1 100% |  14.4 MiB/s |  29.5 KiB |  00m00s
2026-10-07T13:36:01.5035610Z [474/485] Installing less-color-0:704-4 100% | 176.8 KiB/s |   2.7 KiB |  00m00s
2026-10-07T13:36:01.5291267Z [475/485] Installing dconf-0:0.49.0-5.f 100% |  10.5 MiB/s | 311.5 KiB |  00m00s
2026-10-07T13:36:01.5558643Z [476/485] Installing unzip-0:6.0-69.fc4 100% |  23.1 MiB/s | 449.3 KiB |  00m00s
2026-10-07T13:36:01.5801328Z [477/485] Installing 7zip-0:26.03-1.fc4 100% | 134.1 MiB/s |   3.4 MiB |  00m00s
2026-10-07T13:36:01.5933062Z [478/485] Installing adwaita-mono-fonts 100% | 372.9 MiB/s |   5.6 MiB |  00m00s
2026-10-07T13:36:01.5947446Z [479/485] Installing adwaita-sans-fonts 100% | 245.6 MiB/s |   1.7 MiB |  00m00s
2026-10-07T13:36:01.5974019Z [480/485] Removing elfutils-libs-0:0.19 100% |   5.9 KiB/s |  12.0   B |  00m00s
2026-10-07T13:36:01.6052097Z [481/485] Removing libselinux-0:3.11-1. 100% |   3.9 KiB/s |   8.0   B |  00m00s
2026-10-07T13:36:01.6177320Z [482/485] Removing elfutils-libelf-0:0. 100% |   1.0 KiB/s |  15.0   B |  00m00s
2026-10-07T13:36:01.6298960Z [483/485] Removing glibc-0:2.43-8.fc44. 100% |   7.3 KiB/s | 105.0   B |  00m00s
2026-10-07T13:36:01.6398329Z [484/485] Removing glibc-minimal-langpa 100% |  10.9 KiB/s | 100.0   B |  00m00s
2026-10-07T13:36:06.0174842Z [485/485] Removing glibc-common-0:2.43- 100% |  11.0   B/s |  52.0   B |  00m04s
2026-10-07T13:36:06.0180335Z Complete!
2026-10-07T13:36:06.0601961Z ##[group]Run actions/checkout@v4
2026-10-07T13:36:06.0602268Z with:
2026-10-07T13:36:06.0602490Z   repository: merely-made/wgpu-scry
2026-10-07T13:36:06.0605586Z   token: ***
2026-10-07T13:36:06.0605800Z   ssh-strict: true
2026-10-07T13:36:06.0606011Z   ssh-user: git
2026-10-07T13:36:06.0606413Z   persist-credentials: true
2026-10-07T13:36:06.0606664Z   clean: true
2026-10-07T13:36:06.0606882Z   sparse-checkout-cone-mode: true
2026-10-07T13:36:06.0607141Z   fetch-depth: 1
2026-10-07T13:36:06.0607344Z   fetch-tags: false
2026-10-07T13:36:06.0607550Z   show-progress: true
2026-10-07T13:36:06.0607757Z   lfs: false
2026-10-07T13:36:06.0607949Z   submodules: false
2026-10-07T13:36:06.0608168Z   set-safe-directory: true
2026-10-07T13:36:06.0608434Z   allow-unsafe-pr-checkout: false
2026-10-07T13:36:06.0608689Z env:
2026-10-07T13:36:06.0608881Z   CARGO_NET_GIT_FETCH_WITH_CLI: true
2026-10-07T13:36:06.0609139Z ##[endgroup]
2026-10-07T13:36:06.0662007Z ##[command]/usr/bin/docker exec  1c4f7c6a972636fd2c8eb63e7da0b5c6041f9c96a99685f7b589d339dc1ed76f sh -c "cat /etc/*release | grep ^ID"
2026-10-07T13:36:06.2693076Z Syncing repository: merely-made/wgpu-scry
2026-10-07T13:36:06.2694895Z ##[group]Getting Git version info
2026-10-07T13:36:06.2695268Z Working directory is '/__w/wgpu-scry/wgpu-scry'
2026-10-07T13:36:06.2695823Z [command]/usr/sbin/git version
2026-10-07T13:36:06.2696068Z git version 2.56.0
2026-10-07T13:36:06.2719363Z ##[endgroup]
2026-10-07T13:36:06.2738843Z Temporarily overriding HOME='/__w/_temp/4d6e2869-cef8-4015-83ae-43c8223fad96' before making global git config changes
2026-10-07T13:36:06.2741346Z Adding repository directory to the temporary git global config as a safe directory
2026-10-07T13:36:06.2744375Z [command]/usr/sbin/git config --global --add safe.directory /__w/wgpu-scry/wgpu-scry
2026-10-07T13:36:06.2782181Z Deleting the contents of '/__w/wgpu-scry/wgpu-scry'
2026-10-07T13:36:06.2786280Z ##[group]Initializing the repository
2026-10-07T13:36:06.2789896Z [command]/usr/sbin/git init /__w/wgpu-scry/wgpu-scry
2026-10-07T13:36:06.2845987Z hint: Using 'master' as the name for the initial branch. This default branch name
2026-10-07T13:36:06.2847276Z hint: will change to "main" in Git 3.0. To configure the initial branch name
2026-10-07T13:36:06.2849186Z hint: to use in all of your new repositories, which will suppress this warning,
2026-10-07T13:36:06.2850993Z hint: call:
2026-10-07T13:36:06.2852135Z hint:
2026-10-07T13:36:06.2852867Z hint: 	git config --global init.defaultBranch <name>
2026-10-07T13:36:06.2853412Z hint:
2026-10-07T13:36:06.2853902Z hint: Names commonly chosen instead of 'master' are 'main', 'trunk' and
2026-10-07T13:36:06.2854781Z hint: 'development'. The just-created branch can be renamed via this command:
2026-10-07T13:36:06.2855497Z hint:
2026-10-07T13:36:06.2855846Z hint: 	git branch -m <name>
2026-10-07T13:36:06.2856480Z hint:
2026-10-07T13:36:06.2857062Z hint: Disable this message with "git config set advice.defaultBranchName false"
2026-10-07T13:36:06.2858029Z Initialized empty Git repository in /__w/wgpu-scry/wgpu-scry/.git/
2026-10-07T13:36:06.2873895Z [command]/usr/sbin/git remote add origin https://github.com/merely-made/wgpu-scry
2026-10-07T13:36:06.2916081Z ##[endgroup]
2026-10-07T13:36:06.2917195Z ##[group]Disabling automatic garbage collection
2026-10-07T13:36:06.2921784Z [command]/usr/sbin/git config --local gc.auto 0
2026-10-07T13:36:06.2958887Z ##[endgroup]
2026-10-07T13:36:06.2959843Z ##[group]Setting up auth
2026-10-07T13:36:06.2967952Z [command]/usr/sbin/git config --local --name-only --get-regexp core\.sshCommand
2026-10-07T13:36:06.3004121Z [command]/usr/sbin/git submodule foreach --recursive sh -c "git config --local --name-only --get-regexp 'core\.sshCommand' && git config --local --unset-all 'core.sshCommand' || :"
2026-10-07T13:36:06.3293052Z [command]/usr/sbin/git config --local --name-only --get-regexp http\.https\:\/\/github\.com\/\.extraheader
2026-10-07T13:36:06.3327473Z [command]/usr/sbin/git submodule foreach --recursive sh -c "git config --local --name-only --get-regexp 'http\.https\:\/\/github\.com\/\.extraheader' && git config --local --unset-all 'http.https://github.com/.extraheader' || :"
2026-10-07T13:36:06.3616947Z [command]/usr/sbin/git config --local --name-only --get-regexp ^includeIf\.gitdir:
2026-10-07T13:36:06.3652541Z [command]/usr/sbin/git submodule foreach --recursive git config --local --show-origin --name-only --get-regexp remote.origin.url
2026-10-07T13:36:06.3904443Z [command]/usr/sbin/git config --local http.https://github.com/.extraheader AUTHORIZATION: basic ***
2026-10-07T13:36:06.3943282Z ##[endgroup]
2026-10-07T13:36:06.3943877Z ##[group]Fetching the repository
2026-10-07T13:36:06.3953806Z [command]/usr/sbin/git -c protocol.version=2 fetch --no-tags --prune --no-recurse-submodules --depth=1 origin +4d8d1d3f8dd450b712960c90b74263a45b46e35b:refs/remotes/origin/main
2026-10-07T13:36:06.9275791Z From https://github.com/merely-made/wgpu-scry
2026-10-07T13:36:06.9276724Z  * [new ref]         4d8d1d3f8dd450b712960c90b74263a45b46e35b -> origin/main
2026-10-07T13:36:06.9283629Z ##[endgroup]
2026-10-07T13:36:06.9284381Z ##[group]Determining the checkout info
2026-10-07T13:36:06.9285817Z ##[endgroup]
2026-10-07T13:36:06.9292259Z [command]/usr/sbin/git sparse-checkout disable
2026-10-07T13:36:06.9334699Z [command]/usr/sbin/git config --local --unset-all extensions.worktreeConfig
2026-10-07T13:36:06.9363989Z ##[group]Checking out the ref
2026-10-07T13:36:06.9370307Z [command]/usr/sbin/git checkout --progress --force -B main refs/remotes/origin/main
2026-10-07T13:36:06.9851140Z Switched to a new branch 'main'
2026-10-07T13:36:06.9852796Z branch 'main' set up to track 'origin/main'.
2026-10-07T13:36:06.9864545Z ##[endgroup]
2026-10-07T13:36:06.9908053Z [command]/usr/sbin/git log -1 --format=%H
2026-10-07T13:36:06.9933239Z 4d8d1d3f8dd450b712960c90b74263a45b46e35b
2026-10-07T13:36:07.0251043Z ##[group]Run dtolnay/rust-toolchain@1.92.0
2026-10-07T13:36:07.0251384Z with:
2026-10-07T13:36:07.0251568Z env:
2026-10-07T13:36:07.0251765Z   CARGO_NET_GIT_FETCH_WITH_CLI: true
2026-10-07T13:36:07.0252033Z ##[endgroup]
2026-10-07T13:36:07.0320022Z ##[start-action display=Parse toolchain version;id=__dtolnay_rust-toolchain.parse]
2026-10-07T13:36:07.0369100Z ##[group]Run if [[ -z $toolchain ]]; then
2026-10-07T13:36:07.0386501Z [36;1mif [[ -z $toolchain ]]; then[0m
2026-10-07T13:36:07.0387139Z [36;1m  # GitHub does not enforce `required: true` inputs itself. https://github.com/actions/runner/issues/1070[0m
2026-10-07T13:36:07.0387734Z [36;1m  echo "'toolchain' is a required input" >&2[0m
2026-10-07T13:36:07.0388047Z [36;1m  exit 1[0m
2026-10-07T13:36:07.0388398Z [36;1melif [[ $toolchain =~ ^stable' '[0-9]+' '(year|month|week|day)s?' 'ago$ ]]; then[0m
2026-10-07T13:36:07.0388852Z [36;1m  if [[ Linux == macOS ]]; then[0m
2026-10-07T13:36:07.0389462Z [36;1m    echo "toolchain=1.$((($(date -v-$(sed 's/stable \([0-9]*\) \(.\).*/\1\2/' <<< $toolchain) +%s)/60/60/24-16569)/7/6))" >> $GITHUB_OUTPUT[0m
2026-10-07T13:36:07.0390007Z [36;1m  else[0m
2026-10-07T13:36:07.0390438Z [36;1m    echo "toolchain=1.$((($(date --date "${toolchain#stable }" +%s)/60/60/24-16569)/7/6))" >> $GITHUB_OUTPUT[0m
2026-10-07T13:36:07.0390933Z [36;1m  fi[0m
2026-10-07T13:36:07.0391240Z [36;1melif [[ $toolchain =~ ^stable' 'minus' '[0-9]+' 'releases?$ ]]; then[0m
2026-10-07T13:36:07.0391806Z [36;1m  echo "toolchain=1.$((($(date +%s)/60/60/24-16569)/7/6-${toolchain//[^0-9]/}))" >> $GITHUB_OUTPUT[0m
2026-10-07T13:36:07.0392290Z [36;1melif [[ $toolchain =~ ^1\.[0-9]+$ ]]; then[0m
2026-10-07T13:36:07.0392835Z [36;1m  echo "toolchain=1.$((i=${toolchain#1.}, c=($(date +%s)/60/60/24-16569)/7/6, i+9*i*(10*i<=c)+90*i*(100*i<=c)))" >> $GITHUB_OUTPUT[0m
2026-10-07T13:36:07.0393352Z [36;1melse[0m
2026-10-07T13:36:07.0393610Z [36;1m  echo "toolchain=$toolchain" >> $GITHUB_OUTPUT[0m
2026-10-07T13:36:07.0393938Z [36;1mfi[0m
2026-10-07T13:36:07.0395526Z shell: bash --noprofile --norc -e -o pipefail {0}
2026-10-07T13:36:07.0395851Z env:
2026-10-07T13:36:07.0396066Z   CARGO_NET_GIT_FETCH_WITH_CLI: true
2026-10-07T13:36:07.0396728Z   toolchain: 1.92.0
2026-10-07T13:36:07.0396949Z ##[endgroup]
2026-10-07T13:36:07.1010206Z ##[end-action id=__dtolnay_rust-toolchain.parse;outcome=success;conclusion=success;duration_ms=68]
2026-10-07T13:36:07.1022868Z ##[start-action display=Construct rustup command line;id=__dtolnay_rust-toolchain.flags]
2026-10-07T13:36:07.1054349Z ##[group]Run echo "targets=$(for t in ${targets//,/ }; do echo -n ' --target' $t; done)" >> $GITHUB_OUTPUT
2026-10-07T13:36:07.1055026Z [36;1mecho "targets=$(for t in ${targets//,/ }; do echo -n ' --target' $t; done)" >> $GITHUB_OUTPUT[0m
2026-10-07T13:36:07.1055661Z [36;1mecho "components=$(for c in ${components//,/ }; do echo -n ' --component' $c; done)" >> $GITHUB_OUTPUT[0m
2026-10-07T13:36:07.1056593Z [36;1mecho "downgrade=" >> $GITHUB_OUTPUT[0m
2026-10-07T13:36:07.1057103Z shell: bash --noprofile --norc -e -o pipefail {0}
2026-10-07T13:36:07.1057401Z env:
2026-10-07T13:36:07.1057637Z   CARGO_NET_GIT_FETCH_WITH_CLI: true
2026-10-07T13:36:07.1057894Z   targets: 
2026-10-07T13:36:07.1058090Z   components: 
2026-10-07T13:36:07.1058282Z ##[endgroup]
2026-10-07T13:36:07.1651538Z ##[end-action id=__dtolnay_rust-toolchain.flags;outcome=success;conclusion=success;duration_ms=62]
2026-10-07T13:36:07.1655421Z ##[start-action display=Set $CARGO_HOME;id=__dtolnay_rust-toolchain.__run]
2026-10-07T13:36:07.1679441Z ##[group]Run echo CARGO_HOME=${CARGO_HOME:-"$HOME/.cargo"} >> $GITHUB_ENV
2026-10-07T13:36:07.1679924Z [36;1mecho CARGO_HOME=${CARGO_HOME:-"$HOME/.cargo"} >> $GITHUB_ENV[0m
2026-10-07T13:36:07.1680421Z shell: bash --noprofile --norc -e -o pipefail {0}
2026-10-07T13:36:07.1680726Z env:
2026-10-07T13:36:07.1680926Z   CARGO_NET_GIT_FETCH_WITH_CLI: true
2026-10-07T13:36:07.1681388Z ##[endgroup]
2026-10-07T13:36:07.2265121Z ##[end-action id=__dtolnay_rust-toolchain.__run;outcome=success;conclusion=success;duration_ms=60]
2026-10-07T13:36:07.2268325Z ##[start-action display=Install rustup if needed;id=__dtolnay_rust-toolchain.__run_2]
2026-10-07T13:36:07.2297638Z ##[group]Run if ! command -v rustup &>/dev/null; then
2026-10-07T13:36:07.2298049Z [36;1mif ! command -v rustup &>/dev/null; then[0m
2026-10-07T13:36:07.2298843Z [36;1m  curl --proto '=https' --tlsv1.2 --retry 10 --retry-connrefused --location --silent --show-error --fail https://sh.rustup.rs | sh -s -- --default-toolchain none -y[0m
2026-10-07T13:36:07.2299608Z [36;1m  echo "$CARGO_HOME/bin" >> $GITHUB_PATH[0m
2026-10-07T13:36:07.2299904Z [36;1mfi[0m
2026-10-07T13:36:07.2300269Z shell: bash --noprofile --norc -e -o pipefail {0}
2026-10-07T13:36:07.2300571Z env:
2026-10-07T13:36:07.2300773Z   CARGO_NET_GIT_FETCH_WITH_CLI: true
2026-10-07T13:36:07.2301046Z   CARGO_HOME: /github/home/.cargo
2026-10-07T13:36:07.2301309Z ##[endgroup]
2026-10-07T13:36:07.3698975Z info: downloading installer
2026-10-07T13:36:07.5247784Z error: $HOME differs from euid-obtained home directory: you may be using sudo
2026-10-07T13:36:07.5249017Z error: $HOME directory: /github/home
2026-10-07T13:36:07.5249933Z error: euid-obtained home directory: /root
2026-10-07T13:36:07.5348406Z info: profile set to default
2026-10-07T13:36:07.5348781Z 
2026-10-07T13:36:07.5349354Z info: default host tuple is x86_64-unknown-linux-gnu
2026-10-07T13:36:07.5349907Z info: skipping toolchain installation
2026-10-07T13:36:07.5352281Z 
2026-10-07T13:36:07.5353409Z Rust is installed now. Great!
2026-10-07T13:36:07.5353739Z 
2026-10-07T13:36:07.5354013Z To get started you may need to restart your current shell.
2026-10-07T13:36:07.5354491Z This would reload your PATH environment variable to include
2026-10-07T13:36:07.5354897Z Cargo's bin directory ($HOME/.cargo/bin).
2026-10-07T13:36:07.5355122Z 
2026-10-07T13:36:07.5355285Z To configure your current shell, you need to source the
2026-10-07T13:36:07.5355718Z corresponding env file under $HOME/.cargo.
2026-10-07T13:36:07.5355955Z 
2026-10-07T13:36:07.5356419Z Consider running the right command for your shell (note the leading DOT):
2026-10-07T13:36:07.5357183Z . "$HOME/.cargo/env" # For sh/ash/dash/pdksh
2026-10-07T13:36:07.5357752Z cargo:rerun-if-env-changed=CC_x86_64-unknown-linux-gnu
2026-10-07T13:36:07.5359562Z CC_x86_64-unknown-linux-gnu = None
2026-10-07T13:36:07.5360241Z cargo:rerun-if-env-changed=CC_x86_64_unknown_linux_gnu
2026-10-07T13:36:07.5360826Z CC_x86_64_unknown_linux_gnu = None
2026-10-07T13:36:07.5361293Z cargo:rerun-if-env-changed=HOST_CC
2026-10-07T13:36:07.5361738Z HOST_CC = None
2026-10-07T13:36:07.5362126Z cargo:rerun-if-env-changed=CC
2026-10-07T13:36:07.5362545Z CC = None
2026-10-07T13:36:07.5362946Z cargo:rerun-if-env-changed=CC_ENABLE_DEBUG_OUTPUT
2026-10-07T13:36:07.5458295Z cargo:rerun-if-env-changed=CRATE_CC_NO_DEFAULTS
2026-10-07T13:36:07.5459003Z CRATE_CC_NO_DEFAULTS = None
2026-10-07T13:36:07.5459531Z cargo:rerun-if-env-changed=CFLAGS
2026-10-07T13:36:07.5460039Z CFLAGS = None
2026-10-07T13:36:07.5460412Z cargo:rerun-if-env-changed=HOST_CFLAGS
2026-10-07T13:36:07.5460912Z HOST_CFLAGS = None
2026-10-07T13:36:07.5461429Z cargo:rerun-if-env-changed=CFLAGS_x86_64_unknown_linux_gnu
2026-10-07T13:36:07.5462081Z CFLAGS_x86_64_unknown_linux_gnu = None
2026-10-07T13:36:07.5462695Z cargo:rerun-if-env-changed=CFLAGS_x86_64-unknown-linux-gnu
2026-10-07T13:36:07.5463322Z CFLAGS_x86_64-unknown-linux-gnu = None
2026-10-07T13:36:07.5569757Z ##[end-action id=__dtolnay_rust-toolchain.__run_2;outcome=success;conclusion=success;duration_ms=330]
2026-10-07T13:36:07.5572846Z ##[start-action display=Install rustup if needed on windows;id=__dtolnay_rust-toolchain.__run_3]
2026-10-07T13:36:07.5580577Z ##[end-action id=__dtolnay_rust-toolchain.__run_3;outcome=skipped;conclusion=skipped;duration_ms=0]
2026-10-07T13:36:07.5592478Z ##[start-action display=rustup toolchain install 1.92.0;id=__dtolnay_rust-toolchain.__run_4]
2026-10-07T13:36:07.5612327Z ##[group]Run log=$(mktemp)
2026-10-07T13:36:07.5612905Z [36;1mlog=$(mktemp)[0m
2026-10-07T13:36:07.5613147Z [36;1mtrap 'rm -f "$log"' EXIT[0m
2026-10-07T13:36:07.5613415Z [36;1mfor attempt in 1 2 3 4 5; do[0m
2026-10-07T13:36:07.5613947Z [36;1m  if rustup toolchain install 1.92.0 --profile minimal --no-self-update --force-non-host 2>&1 | tee "$log"; then[0m
2026-10-07T13:36:07.5614476Z [36;1m    break[0m
2026-10-07T13:36:07.5614677Z [36;1m  else[0m
2026-10-07T13:36:07.5614876Z [36;1m    status=$?[0m
2026-10-07T13:36:07.5615144Z [36;1m  fi[0m
2026-10-07T13:36:07.5615441Z [36;1m  if [[ $attempt == 5 ]] || ! grep -Fq 'checksum failed for ' "$log" \[0m
2026-10-07T13:36:07.5616001Z [36;1m      || ! grep -Fq 'this is likely due to an ongoing update of the official release server' "$log"; then[0m
2026-10-07T13:36:07.5616795Z [36;1m    exit "$status"[0m
2026-10-07T13:36:07.5617023Z [36;1m  fi[0m
2026-10-07T13:36:07.5617399Z [36;1m  echo "Retrying rustup toolchain install in 30 seconds (retry $attempt of 4)" >&2[0m
2026-10-07T13:36:07.5617846Z [36;1m  sleep 30[0m
2026-10-07T13:36:07.5618053Z [36;1mdone[0m
2026-10-07T13:36:07.5618602Z shell: bash --noprofile --norc -e -o pipefail {0}
2026-10-07T13:36:07.5618910Z env:
2026-10-07T13:36:07.5619111Z   CARGO_NET_GIT_FETCH_WITH_CLI: true
2026-10-07T13:36:07.5619384Z   CARGO_HOME: /github/home/.cargo
2026-10-07T13:36:07.5619643Z   RUSTUP_PERMIT_COPY_RENAME: 1
2026-10-07T13:36:07.5619888Z ##[endgroup]
2026-10-07T13:36:07.6233854Z info: syncing channel updates for 1.92.0-x86_64-unknown-linux-gnu
2026-10-07T13:36:07.7281960Z info: latest update on 2025-12-11 for version 1.92.0 (ded5c06cf 2025-12-08)
2026-10-07T13:36:07.7283185Z info: downloading 3 components
2026-10-07T13:36:15.0231429Z 
2026-10-07T13:36:15.0309814Z   1.92.0-x86_64-unknown-linux-gnu installed - rustc 1.92.0 (ded5c06cf 2025-12-08)
2026-10-07T13:36:15.0310279Z 
2026-10-07T13:36:15.0315897Z info: default toolchain set to 1.92.0-x86_64-unknown-linux-gnu
2026-10-07T13:36:15.0437393Z ##[end-action id=__dtolnay_rust-toolchain.__run_4;outcome=success;conclusion=success;duration_ms=7484]
2026-10-07T13:36:15.0442895Z ##[start-action display=rustup default 1.92.0;id=__dtolnay_rust-toolchain.__run_5]
2026-10-07T13:36:15.0462992Z ##[group]Run rustup default 1.92.0 --force-non-host
2026-10-07T13:36:15.0463393Z [36;1mrustup default 1.92.0 --force-non-host[0m
2026-10-07T13:36:15.0463998Z shell: bash --noprofile --norc -e -o pipefail {0}
2026-10-07T13:36:15.0464296Z env:
2026-10-07T13:36:15.0464499Z   CARGO_NET_GIT_FETCH_WITH_CLI: true
2026-10-07T13:36:15.0464776Z   CARGO_HOME: /github/home/.cargo
2026-10-07T13:36:15.0465030Z ##[endgroup]
2026-10-07T13:36:15.1043778Z info: using existing install for 1.92.0-x86_64-unknown-linux-gnu
2026-10-07T13:36:15.1049769Z info: default toolchain set to 1.92.0-x86_64-unknown-linux-gnu
2026-10-07T13:36:15.1050104Z 
2026-10-07T13:36:15.1124984Z   1.92.0-x86_64-unknown-linux-gnu unchanged - rustc 1.92.0 (ded5c06cf 2025-12-08)
2026-10-07T13:36:15.1126857Z info: note that the toolchain '1.97.1-x86_64-unknown-linux-gnu' is currently in use (overridden by '/__w/wgpu-scry/wgpu-scry/rust-toolchain.toml')
2026-10-07T13:36:15.1128168Z 
2026-10-07T13:36:15.1177621Z ##[end-action id=__dtolnay_rust-toolchain.__run_5;outcome=success;conclusion=success;duration_ms=73]
2026-10-07T13:36:15.1180113Z ##[start-action display=Create cachekey;id=__dtolnay_rust-toolchain.rustc-version]
2026-10-07T13:36:15.1200393Z ##[group]Run DATE=$(rustc +1.92.0 --version --verbose | sed -ne 's/^commit-date: \(20[0-9][0-9]\)-\([01][0-9]\)-\([0-3][0-9]\)$/\1\2\3/p')
2026-10-07T13:36:15.1201245Z [36;1mDATE=$(rustc +1.92.0 --version --verbose | sed -ne 's/^commit-date: \(20[0-9][0-9]\)-\([01][0-9]\)-\([0-3][0-9]\)$/\1\2\3/p')[0m
2026-10-07T13:36:15.1201904Z [36;1mHASH=$(rustc +1.92.0 --version --verbose | sed -ne 's/^commit-hash: //p')[0m
2026-10-07T13:36:15.1202407Z [36;1mecho "cachekey=$(echo $DATE$HASH | head -c12)" >> $GITHUB_OUTPUT[0m
2026-10-07T13:36:15.1203093Z shell: bash --noprofile --norc -e -o pipefail {0}
2026-10-07T13:36:15.1203395Z env:
2026-10-07T13:36:15.1203743Z   CARGO_NET_GIT_FETCH_WITH_CLI: true
2026-10-07T13:36:15.1204031Z   CARGO_HOME: /github/home/.cargo
2026-10-07T13:36:15.1204277Z ##[endgroup]
2026-10-07T13:36:15.2045144Z ##[end-action id=__dtolnay_rust-toolchain.rustc-version;outcome=success;conclusion=success;duration_ms=86]
2026-10-07T13:36:15.2048140Z ##[start-action display=Disable incremental compilation;id=__dtolnay_rust-toolchain.__run_6]
2026-10-07T13:36:15.2067348Z ##[group]Run if [ -z "${CARGO_INCREMENTAL+set}" ]; then
2026-10-07T13:36:15.2067736Z [36;1mif [ -z "${CARGO_INCREMENTAL+set}" ]; then[0m
2026-10-07T13:36:15.2068067Z [36;1m  echo CARGO_INCREMENTAL=0 >> $GITHUB_ENV[0m
2026-10-07T13:36:15.2068354Z [36;1mfi[0m
2026-10-07T13:36:15.2068720Z shell: bash --noprofile --norc -e -o pipefail {0}
2026-10-07T13:36:15.2069023Z env:
2026-10-07T13:36:15.2069223Z   CARGO_NET_GIT_FETCH_WITH_CLI: true
2026-10-07T13:36:15.2069515Z   CARGO_HOME: /github/home/.cargo
2026-10-07T13:36:15.2069758Z ##[endgroup]
2026-10-07T13:36:15.2653451Z ##[end-action id=__dtolnay_rust-toolchain.__run_6;outcome=success;conclusion=success;duration_ms=60]
2026-10-07T13:36:15.2673258Z ##[start-action display=Enable colors in Cargo output;id=__dtolnay_rust-toolchain.__run_7]
2026-10-07T13:36:15.2694690Z ##[group]Run if [ -z "${CARGO_TERM_COLOR+set}" ]; then
2026-10-07T13:36:15.2695075Z [36;1mif [ -z "${CARGO_TERM_COLOR+set}" ]; then[0m
2026-10-07T13:36:15.2695416Z [36;1m  echo CARGO_TERM_COLOR=always >> $GITHUB_ENV[0m
2026-10-07T13:36:15.2695717Z [36;1mfi[0m
2026-10-07T13:36:15.2696102Z shell: bash --noprofile --norc -e -o pipefail {0}
2026-10-07T13:36:15.2696709Z env:
2026-10-07T13:36:15.2696910Z   CARGO_NET_GIT_FETCH_WITH_CLI: true
2026-10-07T13:36:15.2697181Z   CARGO_HOME: /github/home/.cargo
2026-10-07T13:36:15.2697434Z   CARGO_INCREMENTAL: 0
2026-10-07T13:36:15.2697653Z ##[endgroup]
2026-10-07T13:36:15.3374572Z ##[end-action id=__dtolnay_rust-toolchain.__run_7;outcome=success;conclusion=success;duration_ms=70]
2026-10-07T13:36:15.3378126Z ##[start-action display=Enable Cargo sparse registry;id=__dtolnay_rust-toolchain.__run_8]
2026-10-07T13:36:15.3399120Z ##[group]Run # implemented in 1.66, stabilized in 1.68, made default in 1.70
2026-10-07T13:36:15.3399649Z [36;1m# implemented in 1.66, stabilized in 1.68, made default in 1.70[0m
2026-10-07T13:36:15.3400422Z [36;1mif [ -z "${CARGO_REGISTRIES_CRATES_IO_PROTOCOL+set}" -o -f "/home/runner/work/_temp"/.implicit_cargo_registries_crates_io_protocol ]; then[0m
2026-10-07T13:36:15.3401159Z [36;1m  if rustc +1.92.0 --version --verbose | grep -q '^release: 1\.6[89]\.'; then[0m
2026-10-07T13:36:15.3401731Z [36;1m    touch "/home/runner/work/_temp"/.implicit_cargo_registries_crates_io_protocol || true[0m
2026-10-07T13:36:15.3402289Z [36;1m    echo CARGO_REGISTRIES_CRATES_IO_PROTOCOL=sparse >> $GITHUB_ENV[0m
2026-10-07T13:36:15.3402795Z [36;1m  elif rustc +1.92.0 --version --verbose | grep -q '^release: 1\.6[67]\.'; then[0m
2026-10-07T13:36:15.3403394Z [36;1m    touch "/home/runner/work/_temp"/.implicit_cargo_registries_crates_io_protocol || true[0m
2026-10-07T13:36:15.3403942Z [36;1m    echo CARGO_REGISTRIES_CRATES_IO_PROTOCOL=git >> $GITHUB_ENV[0m
2026-10-07T13:36:15.3404301Z [36;1m  fi[0m
2026-10-07T13:36:15.3404496Z [36;1mfi[0m
2026-10-07T13:36:15.3404880Z shell: bash --noprofile --norc -e -o pipefail {0}
2026-10-07T13:36:15.3405189Z env:
2026-10-07T13:36:15.3405384Z   CARGO_NET_GIT_FETCH_WITH_CLI: true
2026-10-07T13:36:15.3405655Z   CARGO_HOME: /github/home/.cargo
2026-10-07T13:36:15.3405907Z   CARGO_INCREMENTAL: 0
2026-10-07T13:36:15.3406130Z   CARGO_TERM_COLOR: always
2026-10-07T13:36:15.3406686Z ##[endgroup]
2026-10-07T13:36:15.4218840Z ##[end-action id=__dtolnay_rust-toolchain.__run_8;outcome=success;conclusion=success;duration_ms=83]
2026-10-07T13:36:15.4221524Z ##[start-action display=Work around spurious network errors in curl 8.0;id=__dtolnay_rust-toolchain.__run_9]
2026-10-07T13:36:15.4241638Z ##[group]Run # https://rust-lang.zulipchat.com/#narrow/stream/246057-t-cargo/topic/timeout.20investigation
2026-10-07T13:36:15.4242421Z [36;1m# https://rust-lang.zulipchat.com/#narrow/stream/246057-t-cargo/topic/timeout.20investigation[0m
2026-10-07T13:36:15.4243036Z [36;1mif rustc +1.92.0 --version --verbose | grep -q '^release: 1\.7[01]\.'; then[0m
2026-10-07T13:36:15.4243497Z [36;1m  echo CARGO_HTTP_MULTIPLEXING=false >> $GITHUB_ENV[0m
2026-10-07T13:36:15.4243819Z [36;1mfi[0m
2026-10-07T13:36:15.4244137Z shell: bash --noprofile --norc -e -o pipefail {0}
2026-10-07T13:36:15.4244434Z env:
2026-10-07T13:36:15.4244633Z   CARGO_NET_GIT_FETCH_WITH_CLI: true
2026-10-07T13:36:15.4244908Z   CARGO_HOME: /github/home/.cargo
2026-10-07T13:36:15.4245160Z   CARGO_INCREMENTAL: 0
2026-10-07T13:36:15.4245382Z   CARGO_TERM_COLOR: always
2026-10-07T13:36:15.4245616Z ##[endgroup]
2026-10-07T13:36:15.4988200Z ##[end-action id=__dtolnay_rust-toolchain.__run_9;outcome=success;conclusion=success;duration_ms=76]
2026-10-07T13:36:15.4992835Z ##[start-action display=rustc +1.92.0 --version --verbose;id=__dtolnay_rust-toolchain.__run_10]
2026-10-07T13:36:15.5018526Z ##[group]Run rustc +1.92.0 --version --verbose
2026-10-07T13:36:15.5019084Z [36;1mrustc +1.92.0 --version --verbose[0m
2026-10-07T13:36:15.5019773Z shell: bash --noprofile --norc -e -o pipefail {0}
2026-10-07T13:36:15.5020266Z env:
2026-10-07T13:36:15.5020575Z   CARGO_NET_GIT_FETCH_WITH_CLI: true
2026-10-07T13:36:15.5021023Z   CARGO_HOME: /github/home/.cargo
2026-10-07T13:36:15.5021435Z   CARGO_INCREMENTAL: 0
2026-10-07T13:36:15.5021793Z   CARGO_TERM_COLOR: always
2026-10-07T13:36:15.5022157Z ##[endgroup]
2026-10-07T13:36:15.5677189Z rustc 1.92.0 (ded5c06cf 2025-12-08)
2026-10-07T13:36:15.5677778Z binary: rustc
2026-10-07T13:36:15.5678310Z commit-hash: ded5c06cf21d2b93bffd5d884aa6e96934ee4234
2026-10-07T13:36:15.5678793Z commit-date: 2025-12-08
2026-10-07T13:36:15.5679056Z host: x86_64-unknown-linux-gnu
2026-10-07T13:36:15.5679323Z release: 1.92.0
2026-10-07T13:36:15.5679569Z LLVM version: 21.1.3
2026-10-07T13:36:15.5726729Z ##[end-action id=__dtolnay_rust-toolchain.__run_10;outcome=success;conclusion=success;duration_ms=73]
2026-10-07T13:36:15.5787068Z ##[group]Run cargo check --locked -p scrying --lib --no-default-features --features wgpu-30,webkit6
2026-10-07T13:36:15.5787921Z [36;1mcargo check --locked -p scrying --lib --no-default-features --features wgpu-30,webkit6[0m
2026-10-07T13:36:15.5788452Z shell: sh -e {0}
2026-10-07T13:36:15.5788655Z env:
2026-10-07T13:36:15.5788849Z   CARGO_NET_GIT_FETCH_WITH_CLI: true
2026-10-07T13:36:15.5789127Z   CARGO_HOME: /github/home/.cargo
2026-10-07T13:36:15.5789384Z   CARGO_INCREMENTAL: 0
2026-10-07T13:36:15.5789615Z   CARGO_TERM_COLOR: always
2026-10-07T13:36:15.5789844Z ##[endgroup]
2026-10-07T13:36:15.6388179Z info: syncing channel updates for 1.97.1-x86_64-unknown-linux-gnu
2026-10-07T13:36:15.7413211Z info: latest update on 2026-07-16 for version 1.97.1 (8bab26f4f 2026-07-14)
2026-10-07T13:36:15.7417868Z info: downloading 6 components
2026-10-07T13:36:30.5556015Z warn: the missing active toolchain `1.97.1-x86_64-unknown-linux-gnu` has been auto-installed
2026-10-07T13:36:30.5557866Z warn: this might cause rustup commands to take longer time to finish than expected
2026-10-07T13:36:30.5559305Z info: you may opt out with `RUSTUP_AUTO_INSTALL=0` or `rustup set auto-install disable`
2026-10-07T13:36:30.5987057Z [1m[92m    Updating[0m crates.io index
2026-10-07T13:36:31.2258539Z [1m[92m Downloading[0m crates ...
2026-10-07T13:36:31.2717474Z [1m[92m  Downloaded[0m adler2 v2.0.1
2026-10-07T13:36:31.2739133Z [1m[92m  Downloaded[0m naga-types v30.0.1
2026-10-07T13:36:31.2759548Z [1m[92m  Downloaded[0m new_debug_unreachable v1.0.6
2026-10-07T13:36:31.2778379Z [1m[92m  Downloaded[0m moxcms v0.8.1
2026-10-07T13:36:31.2918480Z [1m[92m  Downloaded[0m naga v30.0.1
2026-10-07T13:36:31.3239521Z [1m[92m  Downloaded[0m reborrow v0.5.5
2026-10-07T13:36:31.3257833Z [1m[92m  Downloaded[0m smallvec v1.15.2
2026-10-07T13:36:31.3279474Z [1m[92m  Downloaded[0m pkg-config v0.3.34
2026-10-07T13:36:31.3312330Z [1m[92m  Downloaded[0m rustc-hash v1.1.0
2026-10-07T13:36:31.3330529Z [1m[92m  Downloaded[0m loop9 v0.1.5
2026-10-07T13:36:31.3346858Z [1m[92m  Downloaded[0m javascriptcore6 v0.6.0
2026-10-07T13:36:31.3374906Z [1m[92m  Downloaded[0m profiling v1.0.18
2026-10-07T13:36:31.3397216Z [1m[92m  Downloaded[0m pulp v0.22.3
2026-10-07T13:36:31.3477531Z [1m[92m  Downloaded[0m wasm-bindgen v0.2.127
2026-10-07T13:36:31.3515608Z [1m[92m  Downloaded[0m wgpu v30.0.1
2026-10-07T13:36:31.3751342Z [1m[92m  Downloaded[0m num-complex v0.4.6
2026-10-07T13:36:31.3767459Z [1m[92m  Downloaded[0m proc-macro-crate v3.5.0
2026-10-07T13:36:31.3783819Z [1m[92m  Downloaded[0m wgpu-core-deps-windows-linux-android v30.0.1
2026-10-07T13:36:31.3794433Z [1m[92m  Downloaded[0m cfg-expr v0.20.9
2026-10-07T13:36:31.3829682Z [1m[92m  Downloaded[0m unicode-ident v1.0.24
2026-10-07T13:36:31.3862026Z [1m[92m  Downloaded[0m codespan-reporting v0.13.1
2026-10-07T13:36:31.3953979Z [1m[92m  Downloaded[0m dlib v0.5.3
2026-10-07T13:36:31.3965629Z [1m[92m  Downloaded[0m log v0.4.34
2026-10-07T13:36:31.3994364Z [1m[92m  Downloaded[0m rustc_version v0.4.1
2026-10-07T13:36:31.4009049Z [1m[92m  Downloaded[0m serde v1.0.229
2026-10-07T13:36:31.4048406Z [1m[92m  Downloaded[0m system-deps v7.0.8
2026-10-07T13:36:31.4080042Z [1m[92m  Downloaded[0m zune-inflate v0.2.54
2026-10-07T13:36:31.4103487Z [1m[92m  Downloaded[0m parking_lot v0.12.5
2026-10-07T13:36:31.4135638Z [1m[92m  Downloaded[0m wasm-bindgen-macro-support v0.2.127
2026-10-07T13:36:31.4162606Z [1m[92m  Downloaded[0m ravif v0.13.0
2026-10-07T13:36:31.4178271Z [1m[92m  Downloaded[0m version_check v0.9.5
2026-10-07T13:36:31.4195305Z [1m[92m  Downloaded[0m wasm-bindgen-shared v0.2.127
2026-10-07T13:36:31.4207203Z [1m[92m  Downloaded[0m either v1.18.0
2026-10-07T13:36:31.4224930Z [1m[92m  Downloaded[0m thiserror v2.0.20
2026-10-07T13:36:31.4303835Z [1m[92m  Downloaded[0m toml_datetime v1.1.1+spec-1.1.0
2026-10-07T13:36:31.4317837Z [1m[92m  Downloaded[0m palette_math v0.7.7
2026-10-07T13:36:31.4334352Z [1m[92m  Downloaded[0m pango v0.22.9
2026-10-07T13:36:31.4389190Z [1m[92m  Downloaded[0m png v0.18.1
2026-10-07T13:36:31.4435811Z [1m[92m  Downloaded[0m serde_core v1.0.229
2026-10-07T13:36:31.4467443Z [1m[92m  Downloaded[0m spirv v0.4.0+sdk-1.4.341.0
2026-10-07T13:36:31.4480926Z [1m[92m  Downloaded[0m slab v0.4.12
2026-10-07T13:36:31.4495886Z [1m[92m  Downloaded[0m toml_edit v0.25.13+spec-1.1.0
2026-10-07T13:36:31.4540723Z [1m[92m  Downloaded[0m weezl v0.1.12
2026-10-07T13:36:31.4568517Z [1m[92m  Downloaded[0m hashbrown v0.16.1
2026-10-07T13:36:31.4625642Z [1m[92m  Downloaded[0m webkit6 v0.6.1
2026-10-07T13:36:31.4699264Z [1m[92m  Downloaded[0m rgb v0.8.53
2026-10-07T13:36:31.4727817Z [1m[92m  Downloaded[0m soup3-sys v0.9.0
2026-10-07T13:36:31.4743773Z [1m[92m  Downloaded[0m syn v2.0.119
2026-10-07T13:36:31.4861287Z [1m[92m  Downloaded[0m tiff v0.11.3
2026-10-07T13:36:31.4910598Z [1m[92m  Downloaded[0m toml_parser v1.1.3+spec-1.1.0
2026-10-07T13:36:31.4935459Z [1m[92m  Downloaded[0m version-compare v0.2.1
2026-10-07T13:36:31.4950804Z [1m[92m  Downloaded[0m wgpu-types v30.0.1
2026-10-07T13:36:31.4996097Z [1m[92m  Downloaded[0m palette_derive v0.7.7
2026-10-07T13:36:31.5016896Z [1m[92m  Downloaded[0m pastey v0.1.1
2026-10-07T13:36:31.5037159Z [1m[92m  Downloaded[0m raw-window-handle v0.6.2
2026-10-07T13:36:31.5058284Z [1m[92m  Downloaded[0m simd_helpers v0.1.0
2026-10-07T13:36:31.5067519Z [1m[92m  Downloaded[0m unicode-width v0.2.2
2026-10-07T13:36:31.5125299Z [1m[92m  Downloaded[0m wgpu-naga-bridge v30.0.1
2026-10-07T13:36:31.5134683Z [1m[92m  Downloaded[0m num-integer v0.1.47
2026-10-07T13:36:31.5153433Z [1m[92m  Downloaded[0m quick-error v2.0.1
2026-10-07T13:36:31.5168767Z [1m[92m  Downloaded[0m stable_deref_trait v1.2.1
2026-10-07T13:36:31.5179090Z [1m[92m  Downloaded[0m glib v0.22.9
2026-10-07T13:36:31.5319640Z [1m[92m  Downloaded[0m xml-rs v0.8.29
2026-10-07T13:36:31.5353091Z [1m[92m  Downloaded[0m ash v0.38.0+1.3.281
2026-10-07T13:36:31.5527571Z [1m[92m  Downloaded[0m av1-grain v0.2.5
2026-10-07T13:36:31.5554288Z [1m[92m  Downloaded[0m image v0.25.10
2026-10-07T13:36:31.5659076Z [1m[92m  Downloaded[0m quote v1.0.47
2026-10-07T13:36:31.5691605Z [1m[92m  Downloaded[0m target-lexicon v0.13.5
2026-10-07T13:36:31.5708513Z [1m[92m  Downloaded[0m toml_writer v1.1.2+spec-1.1.0
2026-10-07T13:36:31.5723791Z [1m[92m  Downloaded[0m num-rational v0.4.2
2026-10-07T13:36:31.5737677Z [1m[92m  Downloaded[0m qoi v0.4.1
2026-10-07T13:36:31.5770757Z [1m[92m  Downloaded[0m static_assertions v1.1.0
2026-10-07T13:36:31.5787441Z [1m[92m  Downloaded[0m toml v1.1.4+spec-1.1.0
2026-10-07T13:36:31.5835505Z [1m[92m  Downloaded[0m noop_proc_macro v0.3.0
2026-10-07T13:36:31.5846826Z [1m[92m  Downloaded[0m serde_spanned v1.1.1
2026-10-07T13:36:31.5859220Z [1m[92m  Downloaded[0m wayland-sys v0.31.11
2026-10-07T13:36:31.5873675Z [1m[92m  Downloaded[0m num-derive v0.4.2
2026-10-07T13:36:31.5894066Z [1m[92m  Downloaded[0m ordered-float v5.5.0
2026-10-07T13:36:31.5913581Z [1m[92m  Downloaded[0m serde_derive v1.0.229
2026-10-07T13:36:31.5948330Z [1m[92m  Downloaded[0m zune-core v0.5.3
2026-10-07T13:36:31.5974402Z [1m[92m  Downloaded[0m arrayvec v0.7.8
2026-10-07T13:36:31.5998140Z [1m[92m  Downloaded[0m autocfg v1.5.1
2026-10-07T13:36:31.6019901Z [1m[92m  Downloaded[0m thiserror-impl v2.0.20
2026-10-07T13:36:31.6036282Z [1m[92m  Downloaded[0m v_frame v0.3.9
2026-10-07T13:36:31.6054458Z [1m[92m  Downloaded[0m memoffset v0.9.1
2026-10-07T13:36:31.6068700Z [1m[92m  Downloaded[0m paste v1.0.15
2026-10-07T13:36:31.6106365Z [1m[92m  Downloaded[0m pin-project-lite v0.2.17
2026-10-07T13:36:31.6176807Z [1m[92m  Downloaded[0m profiling-procmacros v1.0.18
2026-10-07T13:36:31.6184066Z [1m[92m  Downloaded[0m pulp-wasm-simd-flag v0.1.1
2026-10-07T13:36:31.6192527Z [1m[92m  Downloaded[0m by_address v1.2.1
2026-10-07T13:36:31.6202608Z [1m[92m  Downloaded[0m termcolor v1.4.1
2026-10-07T13:36:31.6216947Z [1m[92m  Downloaded[0m wasm-bindgen-macro v0.2.127
2026-10-07T13:36:31.6227070Z [1m[92m  Downloaded[0m built v0.8.1
2026-10-07T13:36:31.6249658Z [1m[92m  Downloaded[0m pango-sys v0.22.9
2026-10-07T13:36:31.6266422Z [1m[92m  Downloaded[0m aligned v0.4.3
2026-10-07T13:36:31.6279928Z [1m[92m  Downloaded[0m bit-set v0.10.0
2026-10-07T13:36:31.6295984Z [1m[92m  Downloaded[0m cairo-rs v0.22.9
2026-10-07T13:36:31.6335074Z [1m[92m  Downloaded[0m once_cell v1.21.4
2026-10-07T13:36:31.6364452Z [1m[92m  Downloaded[0m rayon-core v1.13.0
2026-10-07T13:36:31.6407217Z [1m[92m  Downloaded[0m simd-adler32 v0.3.10
2026-10-07T13:36:31.6428378Z [1m[92m  Downloaded[0m lebe v0.5.3
2026-10-07T13:36:31.6442283Z [1m[92m  Downloaded[0m litrs v1.0.0
2026-10-07T13:36:31.6476536Z [1m[92m  Downloaded[0m rustversion v1.0.23
2026-10-07T13:36:31.6509627Z [1m[92m  Downloaded[0m scopeguard v1.2.0
2026-10-07T13:36:31.6523228Z [1m[92m  Downloaded[0m khronos-egl v6.0.0
2026-10-07T13:36:31.6545260Z [1m[92m  Downloaded[0m no_std_io2 v0.9.4
2026-10-07T13:36:31.6567055Z [1m[92m  Downloaded[0m presser v0.3.1
2026-10-07T13:36:31.6587359Z [1m[92m  Downloaded[0m renderdoc-sys v1.1.0
2026-10-07T13:36:31.6598016Z [1m[92m  Downloaded[0m semver v1.0.28
2026-10-07T13:36:31.6624964Z [1m[92m  Downloaded[0m parking_lot_core v0.9.12
2026-10-07T13:36:31.6649429Z [1m[92m  Downloaded[0m webkit6-sys v0.6.0
2026-10-07T13:36:31.6668321Z [1m[92m  Downloaded[0m approx v0.5.1
2026-10-07T13:36:31.6689323Z [1m[92m  Downloaded[0m arg_enum_proc_macro v0.3.4
2026-10-07T13:36:31.6703495Z [1m[92m  Downloaded[0m libloading v0.8.9
2026-10-07T13:36:31.6730241Z [1m[92m  Downloaded[0m num-bigint v0.4.8
2026-10-07T13:36:31.6784097Z [1m[92m  Downloaded[0m num-traits v0.2.19
2026-10-07T13:36:31.6814288Z [1m[92m  Downloaded[0m proc-macro2 v1.0.107
2026-10-07T13:36:31.6848358Z [1m[92m  Downloaded[0m system-deps v9.0.0
2026-10-07T13:36:31.6885989Z [1m[92m  Downloaded[0m color_quant v1.1.0
2026-10-07T13:36:31.6898094Z [1m[92m  Downloaded[0m winnow v1.0.4
2026-10-07T13:36:31.7014358Z [1m[92m  Downloaded[0m cairo-sys-rs v0.22.9
2026-10-07T13:36:31.7025778Z [1m[92m  Downloaded[0m nom v8.0.0
2026-10-07T13:36:31.7086560Z [1m[92m  Downloaded[0m raw-cpuid v11.6.0
2026-10-07T13:36:31.7124417Z [1m[92m  Downloaded[0m itertools v0.14.0
2026-10-07T13:36:31.7205919Z [1m[92m  Downloaded[0m rayon v1.12.0
2026-10-07T13:36:31.7316783Z [1m[92m  Downloaded[0m zlib-rs v0.6.7
2026-10-07T13:36:31.7378403Z [1m[92m  Downloaded[0m palette v0.7.7
2026-10-07T13:36:31.7520748Z [1m[92m  Downloaded[0m bitstream-io v4.10.0
2026-10-07T13:36:31.7552778Z [1m[92m  Downloaded[0m syn v3.0.4
2026-10-07T13:36:31.7670667Z [1m[92m  Downloaded[0m wgpu-core v30.0.1
2026-10-07T13:36:31.7780523Z [1m[92m  Downloaded[0m bytemuck v1.25.2
2026-10-07T13:36:31.7816801Z [1m[92m  Downloaded[0m javascriptcore6-sys v0.6.0
2026-10-07T13:36:31.7830610Z [1m[92m  Downloaded[0m dpi v0.1.2
2026-10-07T13:36:31.7842693Z [1m[92m  Downloaded[0m wgpu-hal v30.0.1
2026-10-07T13:36:31.7968973Z [1m[92m  Downloaded[0m allocator-api2 v0.2.21
2026-10-07T13:36:31.7998319Z [1m[92m  Downloaded[0m zune-jpeg v0.5.15
2026-10-07T13:36:31.8037617Z [1m[92m  Downloaded[0m half v2.7.1
2026-10-07T13:36:31.8068075Z [1m[92m  Downloaded[0m lock_api v0.4.14
2026-10-07T13:36:31.8082912Z [1m[92m  Downloaded[0m bit-vec v0.9.1
2026-10-07T13:36:31.8101698Z [1m[92m  Downloaded[0m indexmap v2.14.1
2026-10-07T13:36:31.8150727Z [1m[92m  Downloaded[0m miniz_oxide v0.8.9
2026-10-07T13:36:31.8178832Z [1m[92m  Downloaded[0m byteorder-lite v0.1.0
2026-10-07T13:36:31.8191071Z [1m[92m  Downloaded[0m futures-io v0.3.34
2026-10-07T13:36:31.8201212Z [1m[92m  Downloaded[0m miniz_oxide v0.9.1
2026-10-07T13:36:31.8229948Z [1m[92m  Downloaded[0m gif v0.14.2
2026-10-07T13:36:31.8249849Z [1m[92m  Downloaded[0m graphene-sys v0.22.9
2026-10-07T13:36:31.8264423Z [1m[92m  Downloaded[0m document-features v0.2.12
2026-10-07T13:36:31.8280309Z [1m[92m  Downloaded[0m gdk-pixbuf v0.22.0
2026-10-07T13:36:31.8306955Z [1m[92m  Downloaded[0m gdk4 v0.11.4
2026-10-07T13:36:31.8405138Z [1m[92m  Downloaded[0m khronos_api v3.1.0
2026-10-07T13:36:31.8603058Z [1m[92m  Downloaded[0m exr v1.74.2
2026-10-07T13:36:31.8721032Z [1m[92m  Downloaded[0m image-webp v0.2.4
2026-10-07T13:36:31.8746685Z [1m[92m  Downloaded[0m zerocopy-derive v0.8.56
2026-10-07T13:36:31.8857287Z [1m[92m  Downloaded[0m pxfm v0.1.30
2026-10-07T13:36:31.9139319Z [1m[92m  Downloaded[0m gsk4-sys v0.11.4
2026-10-07T13:36:31.9155422Z [1m[92m  Downloaded[0m heck v0.5.0
2026-10-07T13:36:31.9171120Z [1m[92m  Downloaded[0m libc v0.2.189
2026-10-07T13:36:31.9675764Z [1m[92m  Downloaded[0m equivalent v1.0.2
2026-10-07T13:36:31.9685780Z [1m[92m  Downloaded[0m flate2 v1.1.10
2026-10-07T13:36:31.9743523Z [1m[92m  Downloaded[0m futures-core v0.3.34
2026-10-07T13:36:31.9759501Z [1m[92m  Downloaded[0m gobject-sys v0.22.9
2026-10-07T13:36:31.9775836Z [1m[92m  Downloaded[0m rav1e v0.8.1
2026-10-07T13:36:32.0138090Z [1m[92m  Downloaded[0m crossbeam-epoch v0.9.20
2026-10-07T13:36:32.0165492Z [1m[92m  Downloaded[0m gpu-allocator v0.28.0
2026-10-07T13:36:32.0198916Z [1m[92m  Downloaded[0m avif-serialize v0.8.9
2026-10-07T13:36:32.0211419Z [1m[92m  Downloaded[0m gtk4-sys v0.11.4
2026-10-07T13:36:32.0244634Z [1m[92m  Downloaded[0m imgref v1.12.3
2026-10-07T13:36:32.0257679Z [1m[92m  Downloaded[0m field-offset v0.3.6
2026-10-07T13:36:32.0271156Z [1m[92m  Downloaded[0m futures-executor v0.3.34
2026-10-07T13:36:32.0287515Z [1m[92m  Downloaded[0m futures-macro v0.3.34
2026-10-07T13:36:32.0300106Z [1m[92m  Downloaded[0m grafting v0.6.0
2026-10-07T13:36:32.0337137Z [1m[92m  Downloaded[0m gsk4 v0.11.4
2026-10-07T13:36:32.0422517Z [1m[92m  Downloaded[0m bumpalo v3.20.3
2026-10-07T13:36:32.0451432Z [1m[92m  Downloaded[0m hashbrown v0.17.1
2026-10-07T13:36:32.0510826Z [1m[92m  Downloaded[0m y4m v0.8.0
2026-10-07T13:36:32.0525350Z [1m[92m  Downloaded[0m cfg-if v1.0.4
2026-10-07T13:36:32.0540794Z [1m[92m  Downloaded[0m crossbeam-deque v0.8.7
2026-10-07T13:36:32.0558023Z [1m[92m  Downloaded[0m glib-macros v0.22.9
2026-10-07T13:36:32.0648167Z [1m[92m  Downloaded[0m gdk4-sys v0.11.4
2026-10-07T13:36:32.0672519Z [1m[92m  Downloaded[0m soup3 v0.9.0
2026-10-07T13:36:32.1305555Z [1m[92m  Downloaded[0m bytemuck_derive v1.12.0
2026-10-07T13:36:32.1320657Z [1m[92m  Downloaded[0m aligned-vec v0.6.4
2026-10-07T13:36:32.1332245Z [1m[92m  Downloaded[0m as-slice v0.2.1
2026-10-07T13:36:32.1344001Z [1m[92m  Downloaded[0m bit_field v0.10.3
2026-10-07T13:36:32.1358906Z [1m[92m  Downloaded[0m equator-macro v0.4.2
2026-10-07T13:36:32.1367986Z [1m[92m  Downloaded[0m fdeflate v0.3.7
2026-10-07T13:36:32.1386751Z [1m[92m  Downloaded[0m gio-sys v0.22.9
2026-10-07T13:36:32.1415964Z [1m[92m  Downloaded[0m gdk-pixbuf-sys v0.22.9
2026-10-07T13:36:32.1431921Z [1m[92m  Downloaded[0m glib-sys v0.22.9
2026-10-07T13:36:32.1455420Z [1m[92m  Downloaded[0m gtk4-macros v0.11.4
2026-10-07T13:36:32.1482003Z [1m[92m  Downloaded[0m zerocopy v0.8.56
2026-10-07T13:36:32.1734522Z [1m[92m  Downloaded[0m gtk4 v0.11.4
2026-10-07T13:36:32.2156903Z [1m[92m  Downloaded[0m libm v0.2.16
2026-10-07T13:36:32.2285684Z [1m[92m  Downloaded[0m foldhash v0.2.0
2026-10-07T13:36:32.2299436Z [1m[92m  Downloaded[0m gio v0.22.9
2026-10-07T13:36:32.2516085Z [1m[92m  Downloaded[0m crossbeam-utils v0.8.22
2026-10-07T13:36:32.2548262Z [1m[92m  Downloaded[0m crc32fast v1.5.1
2026-10-07T13:36:32.2572968Z [1m[92m  Downloaded[0m anyhow v1.0.104
2026-10-07T13:36:32.2619975Z [1m[92m  Downloaded[0m bitflags v2.13.1
2026-10-07T13:36:32.2673581Z [1m[92m  Downloaded[0m memchr v2.8.3
2026-10-07T13:36:32.2736971Z [1m[92m  Downloaded[0m futures-task v0.3.34
2026-10-07T13:36:32.2752489Z [1m[92m  Downloaded[0m cfg_aliases v0.2.2
2026-10-07T13:36:32.2763505Z [1m[92m  Downloaded[0m maybe-rayon v0.1.1
2026-10-07T13:36:32.2773455Z [1m[92m  Downloaded[0m av-scenechange v0.14.1
2026-10-07T13:36:32.2894798Z [1m[92m  Downloaded[0m gl_generator v0.14.0
2026-10-07T13:36:32.2914180Z [1m[92m  Downloaded[0m equator v0.4.2
2026-10-07T13:36:32.2930310Z [1m[92m  Downloaded[0m futures-channel v0.3.34
2026-10-07T13:36:32.2952345Z [1m[92m  Downloaded[0m fax v0.2.7
2026-10-07T13:36:32.2976128Z [1m[92m  Downloaded[0m graphene-rs v0.22.8
2026-10-07T13:36:32.3015379Z [1m[92m  Downloaded[0m glow v0.17.0
2026-10-07T13:36:32.3063999Z [1m[92m  Downloaded[0m futures-util v0.3.34
2026-10-07T13:36:32.3941643Z [1m[92m   Compiling[0m pkg-config v0.3.34
2026-10-07T13:36:32.3942699Z [1m[92m   Compiling[0m proc-macro2 v1.0.107
2026-10-07T13:36:32.3943642Z [1m[92m   Compiling[0m quote v1.0.47
2026-10-07T13:36:32.3944566Z [1m[92m   Compiling[0m unicode-ident v1.0.24
2026-10-07T13:36:32.4541701Z [1m[92m   Compiling[0m winnow v1.0.4
2026-10-07T13:36:32.5584611Z [1m[92m   Compiling[0m toml_datetime v1.1.1+spec-1.1.0
2026-10-07T13:36:32.7314203Z [1m[92m   Compiling[0m target-lexicon v0.13.5
2026-10-07T13:36:32.8696959Z [1m[92m   Compiling[0m serde_spanned v1.1.1
2026-10-07T13:36:32.9266585Z [1m[92m   Compiling[0m heck v0.5.0
2026-10-07T13:36:33.2723505Z [1m[92m   Compiling[0m smallvec v1.15.2
2026-10-07T13:36:33.3100705Z [1m[92m   Compiling[0m version-compare v0.2.1
2026-10-07T13:36:33.3907285Z [1m[92m   Compiling[0m system-deps v9.0.0
2026-10-07T13:36:33.4355240Z [1m[92m   Compiling[0m cfg-expr v0.20.9
2026-10-07T13:36:33.4846785Z [1m[92m   Compiling[0m syn v3.0.4
2026-10-07T13:36:33.4999192Z [1m[92m   Compiling[0m libc v0.2.189
2026-10-07T13:36:33.6785683Z [1m[92m   Compiling[0m toml_parser v1.1.3+spec-1.1.0
2026-10-07T13:36:33.9977936Z [1m[92m   Compiling[0m autocfg v1.5.1
2026-10-07T13:36:34.3108503Z [1m[92m   Compiling[0m toml v1.1.4+spec-1.1.0
2026-10-07T13:36:34.3225544Z [1m[92m   Compiling[0m syn v2.0.119
2026-10-07T13:36:34.7794288Z [1m[92m    Checking[0m bitflags v2.13.1
2026-10-07T13:36:34.8787374Z [1m[92m    Checking[0m cfg-if v1.0.4
2026-10-07T13:36:34.9082871Z [1m[92m   Compiling[0m libm v0.2.16
2026-10-07T13:36:35.1021371Z [1m[92m   Compiling[0m num-traits v0.2.19
2026-10-07T13:36:35.5406929Z [1m[92m   Compiling[0m glib-sys v0.22.9
2026-10-07T13:36:36.0128453Z [1m[92m   Compiling[0m system-deps v7.0.8
2026-10-07T13:36:36.7077470Z [1m[92m   Compiling[0m gobject-sys v0.22.9
2026-10-07T13:36:36.9397496Z [1m[92m   Compiling[0m gio-sys v0.22.9
2026-10-07T13:36:37.0421861Z [1m[92m    Checking[0m memchr v2.8.3
2026-10-07T13:36:37.4064263Z [1m[92m   Compiling[0m thiserror v2.0.20
2026-10-07T13:36:37.4671931Z [1m[92m   Compiling[0m thiserror-impl v2.0.20
2026-10-07T13:36:37.6503072Z [1m[92m    Checking[0m futures-core v0.3.34
2026-10-07T13:36:37.7178190Z [1m[92m    Checking[0m log v0.4.34
2026-10-07T13:36:37.7674241Z [1m[92m   Compiling[0m cfg_aliases v0.2.2
2026-10-07T13:36:37.8016834Z [1m[92m   Compiling[0m futures-macro v0.3.34
2026-10-07T13:36:37.8137399Z [1m[92m    Checking[0m futures-task v0.3.34
2026-10-07T13:36:37.9012772Z [1m[92m    Checking[0m pin-project-lite v0.2.17
2026-10-07T13:36:37.9386864Z [1m[92m    Checking[0m slab v0.4.12
2026-10-07T13:36:38.0507566Z [1m[92m   Compiling[0m bytemuck_derive v1.12.0
2026-10-07T13:36:38.4552314Z [1m[92m    Checking[0m futures-util v0.3.34
2026-10-07T13:36:38.6561597Z [1m[92m    Checking[0m foldhash v0.2.0
2026-10-07T13:36:38.7336409Z [1m[92m    Checking[0m arrayvec v0.7.8
2026-10-07T13:36:38.8909911Z [1m[92m   Compiling[0m zerocopy v0.8.56
2026-10-07T13:36:39.0212051Z [1m[92m   Compiling[0m zerocopy-derive v0.8.56
2026-10-07T13:36:39.1442791Z [1m[92m    Checking[0m bytemuck v1.25.2
2026-10-07T13:36:39.1876943Z [1m[92m    Checking[0m futures-channel v0.3.34
2026-10-07T13:36:39.3181455Z [1m[92m   Compiling[0m glib-macros v0.22.9
2026-10-07T13:36:39.3275849Z [1m[92m   Compiling[0m crossbeam-utils v0.8.22
2026-10-07T13:36:39.4952709Z [1m[92m    Checking[0m equivalent v1.0.2
2026-10-07T13:36:39.5387599Z [1m[92m   Compiling[0m cairo-sys-rs v0.22.9
2026-10-07T13:36:39.6678319Z [1m[92m   Compiling[0m gdk-pixbuf-sys v0.22.9
2026-10-07T13:36:39.7982568Z [1m[92m   Compiling[0m pango-sys v0.22.9
2026-10-07T13:36:39.9222568Z [1m[92m   Compiling[0m crossbeam-epoch v0.9.20
2026-10-07T13:36:40.1282806Z [1m[92m    Checking[0m futures-executor v0.3.34
2026-10-07T13:36:40.2495781Z [1m[92m    Checking[0m hashbrown v0.17.1
2026-10-07T13:36:40.5015088Z [1m[92m    Checking[0m libloading v0.8.9
2026-10-07T13:36:40.5806125Z [1m[92m   Compiling[0m crossbeam-deque v0.8.7
2026-10-07T13:36:40.7802414Z [1m[92m    Checking[0m indexmap v2.14.1
2026-10-07T13:36:41.2120461Z [1m[92m   Compiling[0m profiling-procmacros v1.0.18
2026-10-07T13:36:41.3330475Z [1m[92m   Compiling[0m gdk4-sys v0.11.4
2026-10-07T13:36:41.4152136Z [1m[92m   Compiling[0m graphene-sys v0.22.9
2026-10-07T13:36:41.4731745Z [1m[92m   Compiling[0m rayon-core v1.13.0
2026-10-07T13:36:41.5275457Z [1m[92m    Checking[0m rustc-hash v1.1.0
2026-10-07T13:36:41.5606439Z [1m[92m    Checking[0m simd-adler32 v0.3.10
2026-10-07T13:36:41.5757145Z [1m[92m    Checking[0m naga-types v30.0.1
2026-10-07T13:36:41.7098373Z [1m[92m    Checking[0m profiling v1.0.18
2026-10-07T13:36:41.7483153Z [1m[92m   Compiling[0m equator-macro v0.4.2
2026-10-07T13:36:41.8686489Z [1m[92m   Compiling[0m naga v30.0.1
2026-10-07T13:36:42.0626916Z [1m[92m   Compiling[0m parking_lot_core v0.9.12
2026-10-07T13:36:42.1970083Z [1m[92m    Checking[0m futures-io v0.3.34
2026-10-07T13:36:42.2386762Z [1m[92m    Checking[0m unicode-width v0.2.2
2026-10-07T13:36:42.2617485Z [1m[92m   Compiling[0m ash v0.38.0+1.3.281
2026-10-07T13:36:42.3609827Z [1m[92m    Checking[0m once_cell v1.21.4
2026-10-07T13:36:42.4045396Z [1m[92m    Checking[0m bit-vec v0.9.1
2026-10-07T13:36:42.4916918Z [1m[92m    Checking[0m codespan-reporting v0.13.1
2026-10-07T13:36:42.5489179Z [1m[92m    Checking[0m bit-set v0.10.0
2026-10-07T13:36:42.6493219Z [1m[92m    Checking[0m equator v0.4.2
2026-10-07T13:36:42.8077703Z [1m[92m    Checking[0m glib v0.22.9
2026-10-07T13:36:43.0785555Z [1m[92m   Compiling[0m gsk4-sys v0.11.4
2026-10-07T13:36:43.0868756Z [1m[92m    Checking[0m num-integer v0.1.47
2026-10-07T13:36:43.2765321Z [1m[92m    Checking[0m spirv v0.4.0+sdk-1.4.341.0
2026-10-07T13:36:43.2773420Z [1m[92m   Compiling[0m wayland-sys v0.31.11
2026-10-07T13:36:43.3940550Z [1m[92m    Checking[0m scopeguard v1.2.0
2026-10-07T13:36:43.4345134Z [1m[92m    Checking[0m allocator-api2 v0.2.21
2026-10-07T13:36:43.7130743Z [1m[92m    Checking[0m raw-window-handle v0.6.2
2026-10-07T13:36:43.8599879Z [1m[92m   Compiling[0m paste v1.0.15
2026-10-07T13:36:44.0148096Z [1m[92m   Compiling[0m anyhow v1.0.104
2026-10-07T13:36:44.1907646Z [1m[92m    Checking[0m static_assertions v1.1.0
2026-10-07T13:36:44.2797290Z [1m[92m   Compiling[0m khronos-egl v6.0.0
2026-10-07T13:36:44.3615793Z [1m[92m    Checking[0m adler2 v2.0.1
2026-10-07T13:36:44.3699985Z [1m[92m    Checking[0m either v1.18.0
2026-10-07T13:36:44.3765287Z [1m[92m    Checking[0m half v2.7.1
2026-10-07T13:36:44.4174792Z [1m[92m    Checking[0m wgpu-types v30.0.1
2026-10-07T13:36:44.6050115Z [1m[92m    Checking[0m hashbrown v0.16.1
2026-10-07T13:36:45.1118678Z [1m[92m    Checking[0m lock_api v0.4.14
2026-10-07T13:36:45.3387856Z [1m[92m    Checking[0m num-bigint v0.4.8
2026-10-07T13:36:46.3279808Z [1m[92m    Checking[0m aligned-vec v0.6.4
2026-10-07T13:36:46.5442597Z [1m[92m    Checking[0m dlib v0.5.3
2026-10-07T13:36:46.5865054Z [1m[92m   Compiling[0m wgpu-hal v30.0.1
2026-10-07T13:36:46.8543822Z [1m[92m   Compiling[0m gtk4-sys v0.11.4
2026-10-07T13:36:46.9946749Z [1m[92m   Compiling[0m khronos_api v3.1.0
2026-10-07T13:36:47.1262133Z [1m[92m   Compiling[0m semver v1.0.28
2026-10-07T13:36:47.4136789Z [1m[92m    Checking[0m presser v0.3.1
2026-10-07T13:36:47.4664907Z [1m[92m    Checking[0m stable_deref_trait v1.2.1
2026-10-07T13:36:47.4986640Z [1m[92m   Compiling[0m crc32fast v1.5.1
2026-10-07T13:36:48.4403671Z [1m[92m    Checking[0m gio v0.22.9
2026-10-07T13:36:48.8748630Z [1m[92m    Checking[0m as-slice v0.2.1
2026-10-07T13:36:48.9095741Z [1m[92m   Compiling[0m rustc_version v0.4.1
2026-10-07T13:36:49.2896446Z [1m[92m    Checking[0m parking_lot v0.12.5
2026-10-07T13:36:49.4284577Z [1m[92m    Checking[0m v_frame v0.3.9
2026-10-07T13:36:49.5777971Z [1m[92m    Checking[0m num-rational v0.4.2
2026-10-07T13:36:50.4819710Z [1m[92m    Checking[0m rayon v1.12.0
2026-10-07T13:36:52.1030907Z [1m[92m    Checking[0m wgpu-naga-bridge v30.0.1
2026-10-07T13:36:52.3473561Z [1m[92m   Compiling[0m javascriptcore6-sys v0.6.0
2026-10-07T13:36:52.4627882Z [1m[92m   Compiling[0m soup3-sys v0.9.0
2026-10-07T13:36:52.4760636Z [1m[92m    Checking[0m ordered-float v5.5.0
2026-10-07T13:36:52.5967754Z [1m[92m   Compiling[0m memoffset v0.9.1
2026-10-07T13:36:52.6937914Z [1m[92m   Compiling[0m version_check v0.9.5
2026-10-07T13:36:52.7038808Z [1m[92m   Compiling[0m built v0.8.1
2026-10-07T13:36:52.9312118Z [1m[92m    Checking[0m renderdoc-sys v1.1.0
2026-10-07T13:36:53.0005566Z [1m[92m    Checking[0m glow v0.17.0
2026-10-07T13:36:53.1783524Z [1m[92m   Compiling[0m av-scenechange v0.14.1
2026-10-07T13:36:53.3332973Z [1m[92m   Compiling[0m rav1e v0.8.1
2026-10-07T13:36:53.4597307Z [1m[92m   Compiling[0m pulp v0.22.3
2026-10-07T13:36:53.8894023Z [1m[92m   Compiling[0m field-offset v0.3.6
2026-10-07T13:36:54.0077284Z [1m[92m    Checking[0m aligned v0.4.3
2026-10-07T13:36:54.1677941Z [1m[92m   Compiling[0m toml_edit v0.25.13+spec-1.1.0
2026-10-07T13:36:54.4000578Z [1m[92m    Checking[0m cairo-rs v0.22.9
2026-10-07T13:36:55.0233934Z [1m[92m    Checking[0m miniz_oxide v0.9.1
2026-10-07T13:36:55.2819145Z [1m[92m   Compiling[0m arg_enum_proc_macro v0.3.4
2026-10-07T13:36:55.3496750Z [1m[92m   Compiling[0m wgpu-core v30.0.1
2026-10-07T13:36:55.5999456Z [1m[92m    Checking[0m nom v8.0.0
2026-10-07T13:36:55.6839976Z [1m[92m    Checking[0m no_std_io2 v0.9.4
2026-10-07T13:36:55.7185376Z [1m[92m   Compiling[0m litrs v1.0.0
2026-10-07T13:36:56.0127483Z [1m[92m    Checking[0m gpu-allocator v0.28.0
2026-10-07T13:36:56.2065683Z [1m[92m    Checking[0m y4m v0.8.0
2026-10-07T13:36:56.4229315Z [1m[92m   Compiling[0m pastey v0.1.1
2026-10-07T13:36:56.7918060Z [1m[92m    Checking[0m quick-error v2.0.1
2026-10-07T13:36:56.8372670Z [1m[92m   Compiling[0m xml-rs v0.8.29
2026-10-07T13:36:57.7576487Z [1m[92m   Compiling[0m gl_generator v0.14.0
2026-10-07T13:36:58.2176721Z [1m[92m    Checking[0m av1-grain v0.2.5
2026-10-07T13:36:58.6484485Z [1m[92m   Compiling[0m document-features v0.2.12
2026-10-07T13:36:58.8633712Z [1m[92m    Checking[0m bitstream-io v4.10.0
2026-10-07T13:36:58.9121356Z [1m[92m    Checking[0m wgpu-core-deps-windows-linux-android v30.0.1
2026-10-07T13:36:58.9533681Z [1m[92m    Checking[0m flate2 v1.1.10
2026-10-07T13:36:59.0675607Z [1m[92m   Compiling[0m proc-macro-crate v3.5.0
2026-10-07T13:36:59.4999497Z [1m[92m    Checking[0m maybe-rayon v0.1.1
2026-10-07T13:36:59.5110526Z [1m[92m    Checking[0m pango v0.22.9
2026-10-07T13:36:59.5119581Z [1m[92m    Checking[0m gdk-pixbuf v0.22.0
2026-10-07T13:36:59.5322082Z [1m[92m    Checking[0m graphene-rs v0.22.8
2026-10-07T13:37:00.0602121Z [1m[92m    Checking[0m itertools v0.14.0
2026-10-07T13:37:00.2636420Z [1m[92m    Checking[0m miniz_oxide v0.8.9
2026-10-07T13:37:00.3689309Z [1m[92m    Checking[0m num-complex v0.4.6
2026-10-07T13:37:00.6139106Z [1m[92m   Compiling[0m num-derive v0.4.2
2026-10-07T13:37:00.7563205Z [1m[92m   Compiling[0m wgpu v30.0.1
2026-10-07T13:37:01.1819799Z [1m[92m   Compiling[0m webkit6-sys v0.6.0
2026-10-07T13:37:01.2467670Z [1m[92m    Checking[0m gdk4 v0.11.4
2026-10-07T13:37:01.3028908Z [1m[92m    Checking[0m raw-cpuid v11.6.0
2026-10-07T13:37:01.3094658Z [1m[92m   Compiling[0m simd_helpers v0.1.0
2026-10-07T13:37:01.4127503Z [1m[92m    Checking[0m reborrow v0.5.5
2026-10-07T13:37:01.4476491Z [1m[92m    Checking[0m new_debug_unreachable v1.0.6
2026-10-07T13:37:01.4756496Z [1m[92m   Compiling[0m noop_proc_macro v0.3.0
2026-10-07T13:37:01.4835124Z [1m[92m    Checking[0m pulp-wasm-simd-flag v0.1.1
2026-10-07T13:37:01.5096445Z [1m[92m    Checking[0m weezl v0.1.12
2026-10-07T13:37:01.6158434Z [1m[92m    Checking[0m imgref v1.12.3
2026-10-07T13:37:01.7115475Z [1m[92m    Checking[0m zune-core v0.5.3
2026-10-07T13:37:01.7407683Z [1m[92m    Checking[0m loop9 v0.1.5
2026-10-07T13:37:01.8711160Z [1m[92m    Checking[0m zune-jpeg v0.5.15
2026-10-07T13:37:02.5006136Z [1m[92m   Compiling[0m gtk4-macros v0.11.4
2026-10-07T13:37:04.6301291Z [1m[92m    Checking[0m gsk4 v0.11.4
2026-10-07T13:37:05.9542791Z [1m[92m   Compiling[0m grafting v0.6.0
2026-10-07T13:37:05.9713634Z [1m[92m    Checking[0m fdeflate v0.3.7
2026-10-07T13:37:06.1303125Z [1m[92m    Checking[0m zune-inflate v0.2.54
2026-10-07T13:37:06.1865823Z [1m[92m    Checking[0m avif-serialize v0.8.9
2026-10-07T13:37:06.2746279Z [1m[92m    Checking[0m color_quant v1.1.0
2026-10-07T13:37:06.3429578Z [1m[92m    Checking[0m byteorder-lite v0.1.0
2026-10-07T13:37:06.3814482Z [1m[92m    Checking[0m pxfm v0.1.30
2026-10-07T13:37:06.5088101Z [1m[92m    Checking[0m rgb v0.8.53
2026-10-07T13:37:06.5515915Z [1m[92m   Compiling[0m by_address v1.2.1
2026-10-07T13:37:06.6127637Z [1m[92m    Checking[0m lebe v0.5.3
2026-10-07T13:37:06.7246647Z [1m[92m    Checking[0m fax v0.2.7
2026-10-07T13:37:06.7820275Z [1m[92m    Checking[0m bit_field v0.10.3
2026-10-07T13:37:06.8665245Z [1m[92m    Checking[0m exr v1.74.2
2026-10-07T13:37:06.9128094Z [1m[92m    Checking[0m tiff v0.11.3
2026-10-07T13:37:07.7721963Z [1m[92m    Checking[0m ravif v0.13.0
2026-10-07T13:37:07.9287481Z [1m[92m   Compiling[0m palette_derive v0.7.7
2026-10-07T13:37:08.4883066Z [1m[92m    Checking[0m moxcms v0.8.1
2026-10-07T13:37:08.7552135Z [1m[92m    Checking[0m image-webp v0.2.4
2026-10-07T13:37:09.3609497Z [1m[92m    Checking[0m gif v0.14.2
2026-10-07T13:37:09.5650836Z [1m[92m    Checking[0m png v0.18.1
2026-10-07T13:37:09.6068145Z [1m[92m    Checking[0m gtk4 v0.11.4
2026-10-07T13:37:09.9439412Z [1m[92m    Checking[0m soup3 v0.9.0
2026-10-07T13:37:10.2165900Z [1m[92m    Checking[0m javascriptcore6 v0.6.0
2026-10-07T13:37:10.5797832Z [1m[92m    Checking[0m qoi v0.4.1
2026-10-07T13:37:10.7209555Z [1m[92m   Compiling[0m scrying v0.7.2 (/__w/wgpu-scry/wgpu-scry/scrying)
2026-10-07T13:37:10.8387737Z [1m[92m    Checking[0m palette_math v0.7.7
2026-10-07T13:37:10.9178432Z [1m[92m    Checking[0m dpi v0.1.2
2026-10-07T13:37:11.3007475Z [1m[92m    Checking[0m palette v0.7.7
2026-10-07T13:37:11.7431374Z [1m[92m    Checking[0m image v0.25.10
2026-10-07T13:37:24.6687469Z [1m[92m    Checking[0m webkit6 v0.6.1
2026-10-07T13:37:27.2963745Z [1m[92m    Finished[0m `dev` profile [unoptimized + debuginfo] target(s) in 56.73s
2026-10-07T13:37:27.3843316Z Post job cleanup.
2026-10-07T13:37:27.3852204Z ##[command]/usr/bin/docker exec  1c4f7c6a972636fd2c8eb63e7da0b5c6041f9c96a99685f7b589d339dc1ed76f sh -c "cat /etc/*release | grep ^ID"
2026-10-07T13:37:27.5775790Z [command]/usr/sbin/git version
2026-10-07T13:37:27.5821647Z git version 2.56.0
2026-10-07T13:37:27.5871234Z Temporarily overriding HOME='/__w/_temp/e9e0a76a-126d-4fab-9622-fbaf0275d33a' before making global git config changes
2026-10-07T13:37:27.5872677Z Adding repository directory to the temporary git global config as a safe directory
2026-10-07T13:37:27.5878797Z [command]/usr/sbin/git config --global --add safe.directory /__w/wgpu-scry/wgpu-scry
2026-10-07T13:37:27.5919032Z [command]/usr/sbin/git config --local --name-only --get-regexp core\.sshCommand
2026-10-07T13:37:27.5958126Z [command]/usr/sbin/git submodule foreach --recursive sh -c "git config --local --name-only --get-regexp 'core\.sshCommand' && git config --local --unset-all 'core.sshCommand' || :"
2026-10-07T13:37:27.6243660Z [command]/usr/sbin/git config --local --name-only --get-regexp http\.https\:\/\/github\.com\/\.extraheader
2026-10-07T13:37:27.6278692Z http.https://github.com/.extraheader
2026-10-07T13:37:27.6289392Z [command]/usr/sbin/git config --local --unset-all http.https://github.com/.extraheader
2026-10-07T13:37:27.6326421Z [command]/usr/sbin/git submodule foreach --recursive sh -c "git config --local --name-only --get-regexp 'http\.https\:\/\/github\.com\/\.extraheader' && git config --local --unset-all 'http.https://github.com/.extraheader' || :"
2026-10-07T13:37:27.6641601Z [command]/usr/sbin/git config --local --name-only --get-regexp ^includeIf\.gitdir:
2026-10-07T13:37:27.6680387Z [command]/usr/sbin/git submodule foreach --recursive git config --local --show-origin --name-only --get-regexp remote.origin.url
2026-10-07T13:37:27.7135760Z Stop and remove container: b7cc5b19edb24b608ec00980eff3b74a_fedora44_52d0e5
2026-10-07T13:37:27.7140774Z ##[command]/usr/bin/docker rm --force 1c4f7c6a972636fd2c8eb63e7da0b5c6041f9c96a99685f7b589d339dc1ed76f
2026-10-07T13:37:30.1227956Z 1c4f7c6a972636fd2c8eb63e7da0b5c6041f9c96a99685f7b589d339dc1ed76f
2026-10-07T13:37:30.1260342Z Remove container network: github_network_e1f4e459aac84a59bc3f0d8e60bf4bb8
2026-10-07T13:37:30.1266072Z ##[command]/usr/bin/docker network rm github_network_e1f4e459aac84a59bc3f0d8e60bf4bb8
2026-10-07T13:37:30.2200825Z github_network_e1f4e459aac84a59bc3f0d8e60bf4bb8
2026-10-07T13:37:30.2275277Z Cleaning up orphan processes
2026-10-07T13:37:30.2796488Z ##[warning]Node.js 20 is deprecated. The following actions target Node.js 20 but are being forced to run on Node.js 24: actions/checkout@v4. For more information see: https://github.blog/changelog/2025-09-19-deprecation-of-node-20-on-github-actions-runners/
