2026-10-07T14:46:51.6691040Z Current runner version: '2.337.0'
2026-10-07T14:46:51.6698040Z Runner name: 'wgpu-imac-intel'
2026-10-07T14:46:51.6698670Z Runner group name: 'wgpu-hardware'
2026-10-07T14:46:51.6699500Z Machine name: 'Q-PC'
2026-10-07T14:46:51.6701930Z ##[group]GITHUB_TOKEN Permissions
2026-10-07T14:46:51.6704580Z Contents: read
2026-10-07T14:46:51.6705060Z Metadata: read
2026-10-07T14:46:51.6705540Z ##[endgroup]
2026-10-07T14:46:51.6707750Z Secret source: Actions
2026-10-07T14:46:51.6708520Z Cache mode: write
2026-10-07T14:46:51.6709090Z Prepare workflow directory
2026-10-07T14:46:51.7667650Z Prepare all required actions
2026-10-07T14:46:51.7726530Z Getting action download info
2026-10-07T14:46:52.1709380Z Download action repository 'actions/checkout@v4' (SHA:11d5960a326750d5838078e36cf38b85af677262)
2026-10-07T14:46:52.7575020Z Download action repository 'dtolnay/rust-toolchain@1.97.1' (SHA:9ca9f0b320e19763058bc9531663c225d20db487)
2026-10-07T14:46:53.0252810Z Download action repository 'astral-sh/setup-uv@20cfd1bf945f4377ade1205e4dbc17946fc9a30d' (SHA:20cfd1bf945f4377ade1205e4dbc17946fc9a30d)
2026-10-07T14:46:53.8137430Z Download action repository 'actions/upload-artifact@v4' (SHA:ea165f8d65b6e75b540449e92b4886f43607fa02)
2026-10-07T14:46:54.6746740Z Complete job name: Intel Scry-only registry original battery and separate activity diagnosis
2026-10-07T14:46:54.7733030Z ##[group]Run actions/checkout@v4
2026-10-07T14:46:54.7733930Z with:
2026-10-07T14:46:54.7734240Z   repository: merely-made/wgpu-graft
2026-10-07T14:46:54.7737580Z   token: ***
2026-10-07T14:46:54.7737900Z   ssh-strict: true
2026-10-07T14:46:54.7738170Z   ssh-user: git
2026-10-07T14:46:54.7738460Z   persist-credentials: true
2026-10-07T14:46:54.7738770Z   clean: true
2026-10-07T14:46:54.7739040Z   sparse-checkout-cone-mode: true
2026-10-07T14:46:54.7739370Z   fetch-depth: 1
2026-10-07T14:46:54.7739640Z   fetch-tags: false
2026-10-07T14:46:54.7739920Z   show-progress: true
2026-10-07T14:46:54.7740220Z   lfs: false
2026-10-07T14:46:54.7740470Z   submodules: false
2026-10-07T14:46:54.7740770Z   set-safe-directory: true
2026-10-07T14:46:54.7741090Z   allow-unsafe-pr-checkout: false
2026-10-07T14:46:54.7741890Z env:
2026-10-07T14:46:54.7742160Z   CARGO_NET_GIT_FETCH_WITH_CLI: true
2026-10-07T14:46:54.7742500Z   CARGO_BUILD_JOBS: 1
2026-10-07T14:46:54.7742800Z   RUSTFLAGS: -D warnings
2026-10-07T14:46:54.7743140Z   WGPU_BACKEND: metal
2026-10-07T14:46:54.7743520Z   GRAFTING_VERSION: 0.6.0
2026-10-07T14:46:54.7743800Z   SCRYING_VERSION: 0.7.2
2026-10-07T14:46:54.7744080Z   WELDING_VERSION: 0.14.1
2026-10-07T14:46:54.7744420Z   SCRY_SOURCE_REF: 4d8d1d3f8dd450b712960c90b74263a45b46e35b
2026-10-07T14:46:54.7744900Z   CARGO_TARGET_DIR: /Users/markik/Code/targets/wgpu-scry-hardware
2026-10-07T14:46:54.7745530Z   SCRY_MAC_APP: /Users/markik/Code/targets/wgpu-scry-hardware/debug/scry-demo-mac-hardware.app
2026-10-07T14:46:54.7746090Z   CAPTURE: 1
2026-10-07T14:46:54.7746320Z   TIMEOUT: 90
2026-10-07T14:46:54.7746560Z   VISIBLE: 1
2026-10-07T14:46:54.7746790Z ##[endgroup]
2026-10-07T14:46:54.9311480Z Syncing repository: merely-made/wgpu-graft
2026-10-07T14:46:54.9313750Z ##[group]Getting Git version info
2026-10-07T14:46:54.9314650Z Working directory is '/Users/markik/actions-runner-wgpu/_work/wgpu-graft/wgpu-graft'
2026-10-07T14:46:54.9315680Z [command]/usr/bin/git version
2026-10-07T14:46:54.9451020Z git version 2.39.5 (Apple Git-154)
2026-10-07T14:46:54.9469380Z ##[endgroup]
2026-10-07T14:46:54.9478690Z Copying '/Users/markik/.gitconfig' to '/Users/markik/actions-runner-wgpu/_work/_temp/193067d9-413d-4325-b84a-1fd518fdc867/.gitconfig'
2026-10-07T14:46:54.9488340Z Temporarily overriding HOME='/Users/markik/actions-runner-wgpu/_work/_temp/193067d9-413d-4325-b84a-1fd518fdc867' before making global git config changes
2026-10-07T14:46:54.9489450Z Adding repository directory to the temporary git global config as a safe directory
2026-10-07T14:46:54.9493500Z [command]/usr/bin/git config --global --add safe.directory /Users/markik/actions-runner-wgpu/_work/wgpu-graft/wgpu-graft
2026-10-07T14:46:54.9724850Z [command]/usr/bin/git config --local --get remote.origin.url
2026-10-07T14:46:54.9920980Z https://github.com/merely-made/wgpu-graft
2026-10-07T14:46:54.9934810Z ##[group]Removing previously created refs, to avoid conflicts
2026-10-07T14:46:54.9939550Z [command]/usr/bin/git rev-parse --symbolic-full-name --verify --quiet HEAD
2026-10-07T14:46:55.0142360Z refs/heads/main
2026-10-07T14:46:55.0152700Z [command]/usr/bin/git checkout --detach
2026-10-07T14:46:55.0458820Z HEAD is now at d6c119f Add focused Intel registry Scry capture diagnosis
2026-10-07T14:46:55.0705280Z [command]/usr/bin/git branch --delete --force main
2026-10-07T14:46:55.0935560Z Deleted branch main (was d6c119f).
2026-10-07T14:46:55.1172850Z ##[endgroup]
2026-10-07T14:46:55.1175820Z [command]/usr/bin/git submodule status
2026-10-07T14:46:55.2543840Z ##[group]Cleaning the repository
2026-10-07T14:46:55.2549090Z [command]/usr/bin/git clean -ffdx
2026-10-07T14:46:55.4409590Z Removing .registry-proof-helper/
2026-10-07T14:46:55.4410110Z Removing .registry-proof-source/
2026-10-07T14:46:55.4423450Z [command]/usr/bin/git reset --hard HEAD
2026-10-07T14:46:55.4789160Z HEAD is now at d6c119f Add focused Intel registry Scry capture diagnosis
2026-10-07T14:46:55.4795850Z ##[endgroup]
2026-10-07T14:46:55.4799550Z ##[group]Disabling automatic garbage collection
2026-10-07T14:46:55.4802740Z [command]/usr/bin/git config --local gc.auto 0
2026-10-07T14:46:55.5030900Z ##[endgroup]
2026-10-07T14:46:55.5031590Z ##[group]Setting up auth
2026-10-07T14:46:55.5039160Z [command]/usr/bin/git config --local --name-only --get-regexp core\.sshCommand
2026-10-07T14:46:55.5271250Z [command]/usr/bin/git submodule foreach --recursive sh -c "git config --local --name-only --get-regexp 'core\.sshCommand' && git config --local --unset-all 'core.sshCommand' || :"
2026-10-07T14:46:55.6661170Z [command]/usr/bin/git config --local --name-only --get-regexp http\.https\:\/\/github\.com\/\.extraheader
2026-10-07T14:46:55.6871160Z [command]/usr/bin/git submodule foreach --recursive sh -c "git config --local --name-only --get-regexp 'http\.https\:\/\/github\.com\/\.extraheader' && git config --local --unset-all 'http.https://github.com/.extraheader' || :"
2026-10-07T14:46:55.8394210Z [command]/usr/bin/git config --local --name-only --get-regexp ^includeIf\.gitdir:
2026-10-07T14:46:55.8641830Z [command]/usr/bin/git submodule foreach --recursive git config --local --show-origin --name-only --get-regexp remote.origin.url
2026-10-07T14:46:55.9966420Z [command]/usr/bin/git config --local http.https://github.com/.extraheader AUTHORIZATION: basic ***
2026-10-07T14:46:56.0189660Z ##[endgroup]
2026-10-07T14:46:56.0190220Z ##[group]Fetching the repository
2026-10-07T14:46:56.0196660Z [command]/usr/bin/git -c protocol.version=2 fetch --no-tags --prune --no-recurse-submodules --depth=1 origin +0e491151d6943d04959fe0ad31477602806ed9df:refs/remotes/origin/main
2026-10-07T14:46:56.5234220Z From https://github.com/merely-made/wgpu-graft
2026-10-07T14:46:56.5235060Z  + d6c119f...0e49115 0e491151d6943d04959fe0ad31477602806ed9df -> origin/main  (forced update)
2026-10-07T14:46:56.5321370Z ##[endgroup]
2026-10-07T14:46:56.5322180Z ##[group]Determining the checkout info
2026-10-07T14:46:56.5322720Z ##[endgroup]
2026-10-07T14:46:56.5327760Z [command]/usr/bin/git sparse-checkout disable
2026-10-07T14:46:56.5571800Z [command]/usr/bin/git config --local --unset-all extensions.worktreeConfig
2026-10-07T14:46:56.5791970Z ##[group]Checking out the ref
2026-10-07T14:46:56.5792610Z [command]/usr/bin/git checkout --progress --force -B main refs/remotes/origin/main
2026-10-07T14:46:56.6105620Z Warning: you are leaving 1 commit behind, not connected to
2026-10-07T14:46:56.6106220Z any of your branches:
2026-10-07T14:46:56.6106440Z 
2026-10-07T14:46:56.6106640Z   d6c119f Add focused Intel registry Scry capture diagnosis
2026-10-07T14:46:56.6106980Z 
2026-10-07T14:46:56.6107230Z If you want to keep it by creating a new branch, this may be a good time
2026-10-07T14:46:56.6107780Z to do so with:
2026-10-07T14:46:56.6108550Z 
2026-10-07T14:46:56.6108740Z  git branch <new-branch-name> d6c119f
2026-10-07T14:46:56.6109030Z 
2026-10-07T14:46:56.6130530Z Switched to a new branch 'main'
2026-10-07T14:46:56.6131020Z branch 'main' set up to track 'origin/main'.
2026-10-07T14:46:56.6140570Z ##[endgroup]
2026-10-07T14:46:56.6378680Z [command]/usr/bin/git log -1 --format=%H
2026-10-07T14:46:56.6607330Z 0e491151d6943d04959fe0ad31477602806ed9df
2026-10-07T14:46:56.6851840Z ##[group]Run ./.github/actions/host-hardware-lock
2026-10-07T14:46:56.6852230Z with:
2026-10-07T14:46:56.6852440Z   timeout_seconds: 7200
2026-10-07T14:46:56.6852680Z   stale_seconds: 14400
2026-10-07T14:46:56.6852920Z   poll_seconds: 5
2026-10-07T14:46:56.6853160Z env:
2026-10-07T14:46:56.6853380Z   CARGO_NET_GIT_FETCH_WITH_CLI: true
2026-10-07T14:46:56.6853700Z   CARGO_BUILD_JOBS: 1
2026-10-07T14:46:56.6854000Z   RUSTFLAGS: -D warnings
2026-10-07T14:46:56.6854260Z   WGPU_BACKEND: metal
2026-10-07T14:46:56.6854520Z   GRAFTING_VERSION: 0.6.0
2026-10-07T14:46:56.6854790Z   SCRYING_VERSION: 0.7.2
2026-10-07T14:46:56.6855040Z   WELDING_VERSION: 0.14.1
2026-10-07T14:46:56.6855360Z   SCRY_SOURCE_REF: 4d8d1d3f8dd450b712960c90b74263a45b46e35b
2026-10-07T14:46:56.6855820Z   CARGO_TARGET_DIR: /Users/markik/Code/targets/wgpu-scry-hardware
2026-10-07T14:46:56.6856420Z   SCRY_MAC_APP: /Users/markik/Code/targets/wgpu-scry-hardware/debug/scry-demo-mac-hardware.app
2026-10-07T14:46:56.6856970Z   CAPTURE: 1
2026-10-07T14:46:56.6857180Z   TIMEOUT: 90
2026-10-07T14:46:56.6857490Z   VISIBLE: 1
2026-10-07T14:46:56.6857690Z ##[endgroup]
2026-10-07T14:46:56.7678310Z Acquired host hardware lock at /var/folders/nt/xlxwlg695b399ck_h55sfwtc0000gn/T/merely-wgpu-hardware-lock/host.lock
2026-10-07T14:46:56.7934690Z ##[group]Run dtolnay/rust-toolchain@1.97.1
2026-10-07T14:46:56.7935270Z with:
2026-10-07T14:46:56.7935570Z env:
2026-10-07T14:46:56.7935870Z   CARGO_NET_GIT_FETCH_WITH_CLI: true
2026-10-07T14:46:56.7936290Z   CARGO_BUILD_JOBS: 1
2026-10-07T14:46:56.7954460Z   RUSTFLAGS: -D warnings
2026-10-07T14:46:56.7954900Z   WGPU_BACKEND: metal
2026-10-07T14:46:56.7955240Z   GRAFTING_VERSION: 0.6.0
2026-10-07T14:46:56.7955630Z   SCRYING_VERSION: 0.7.2
2026-10-07T14:46:56.7955950Z   WELDING_VERSION: 0.14.1
2026-10-07T14:46:56.7956260Z   SCRY_SOURCE_REF: 4d8d1d3f8dd450b712960c90b74263a45b46e35b
2026-10-07T14:46:56.7956720Z   CARGO_TARGET_DIR: /Users/markik/Code/targets/wgpu-scry-hardware
2026-10-07T14:46:56.7957330Z   SCRY_MAC_APP: /Users/markik/Code/targets/wgpu-scry-hardware/debug/scry-demo-mac-hardware.app
2026-10-07T14:46:56.7957930Z   CAPTURE: 1
2026-10-07T14:46:56.7958220Z   TIMEOUT: 90
2026-10-07T14:46:56.7958520Z   VISIBLE: 1
2026-10-07T14:46:56.7958790Z ##[endgroup]
2026-10-07T14:46:56.8046000Z ##[start-action display=Parse toolchain version;id=__dtolnay_rust-toolchain.parse]
2026-10-07T14:46:56.8153150Z ##[group]Run if [[ -z $toolchain ]]; then
2026-10-07T14:46:56.8153790Z [36;1mif [[ -z $toolchain ]]; then[0m
2026-10-07T14:46:56.8154470Z [36;1m  # GitHub does not enforce `required: true` inputs itself. https://github.com/actions/runner/issues/1070[0m
2026-10-07T14:46:56.8155200Z [36;1m  echo "'toolchain' is a required input" >&2[0m
2026-10-07T14:46:56.8155600Z [36;1m  exit 1[0m
2026-10-07T14:46:56.8156010Z [36;1melif [[ $toolchain =~ ^stable' '[0-9]+' '(year|month|week|day)s?' 'ago$ ]]; then[0m
2026-10-07T14:46:56.8156550Z [36;1m  if [[ macOS == macOS ]]; then[0m
2026-10-07T14:46:56.8157220Z [36;1m    echo "toolchain=1.$((($(date -v-$(sed 's/stable \([0-9]*\) \(.\).*/\1\2/' <<< $toolchain) +%s)/60/60/24-16569)/7/6))" >> $GITHUB_OUTPUT[0m
2026-10-07T14:46:56.8157910Z [36;1m  else[0m
2026-10-07T14:46:56.8158420Z [36;1m    echo "toolchain=1.$((($(date --date "${toolchain#stable }" +%s)/60/60/24-16569)/7/6))" >> $GITHUB_OUTPUT[0m
2026-10-07T14:46:56.8159030Z [36;1m  fi[0m
2026-10-07T14:46:56.8159430Z [36;1melif [[ $toolchain =~ ^stable' 'minus' '[0-9]+' 'releases?$ ]]; then[0m
2026-10-07T14:46:56.8160100Z [36;1m  echo "toolchain=1.$((($(date +%s)/60/60/24-16569)/7/6-${toolchain//[^0-9]/}))" >> $GITHUB_OUTPUT[0m
2026-10-07T14:46:56.8161290Z [36;1melif [[ $toolchain =~ ^1\.[0-9]+$ ]]; then[0m
2026-10-07T14:46:56.8161980Z [36;1m  echo "toolchain=1.$((i=${toolchain#1.}, c=($(date +%s)/60/60/24-16569)/7/6, i+9*i*(10*i<=c)+90*i*(100*i<=c)))" >> $GITHUB_OUTPUT[0m
2026-10-07T14:46:56.8162670Z [36;1melse[0m
2026-10-07T14:46:56.8163040Z [36;1m  echo "toolchain=$toolchain" >> $GITHUB_OUTPUT[0m
2026-10-07T14:46:56.8163440Z [36;1mfi[0m
2026-10-07T14:46:56.8185850Z shell: /bin/bash --noprofile --norc -e -o pipefail {0}
2026-10-07T14:46:56.8186290Z env:
2026-10-07T14:46:56.8186610Z   CARGO_NET_GIT_FETCH_WITH_CLI: true
2026-10-07T14:46:56.8187020Z   CARGO_BUILD_JOBS: 1
2026-10-07T14:46:56.8187320Z   RUSTFLAGS: -D warnings
2026-10-07T14:46:56.8187640Z   WGPU_BACKEND: metal
2026-10-07T14:46:56.8187950Z   GRAFTING_VERSION: 0.6.0
2026-10-07T14:46:56.8188290Z   SCRYING_VERSION: 0.7.2
2026-10-07T14:46:56.8188630Z   WELDING_VERSION: 0.14.1
2026-10-07T14:46:56.8189020Z   SCRY_SOURCE_REF: 4d8d1d3f8dd450b712960c90b74263a45b46e35b
2026-10-07T14:46:56.8189540Z   CARGO_TARGET_DIR: /Users/markik/Code/targets/wgpu-scry-hardware
2026-10-07T14:46:56.8190210Z   SCRY_MAC_APP: /Users/markik/Code/targets/wgpu-scry-hardware/debug/scry-demo-mac-hardware.app
2026-10-07T14:46:56.8190800Z   CAPTURE: 1
2026-10-07T14:46:56.8191090Z   TIMEOUT: 90
2026-10-07T14:46:56.8191350Z   VISIBLE: 1
2026-10-07T14:46:56.8191620Z   toolchain: 1.97.1
2026-10-07T14:46:56.8191900Z ##[endgroup]
2026-10-07T14:46:56.8417120Z ##[end-action id=__dtolnay_rust-toolchain.parse;outcome=success;conclusion=success;duration_ms=36]
2026-10-07T14:46:56.8443390Z ##[start-action display=Construct rustup command line;id=__dtolnay_rust-toolchain.flags]
2026-10-07T14:46:56.8503340Z ##[group]Run echo "targets=$(for t in ${targets//,/ }; do echo -n ' --target' $t; done)" >> $GITHUB_OUTPUT
2026-10-07T14:46:56.8504230Z [36;1mecho "targets=$(for t in ${targets//,/ }; do echo -n ' --target' $t; done)" >> $GITHUB_OUTPUT[0m
2026-10-07T14:46:56.8505080Z [36;1mecho "components=$(for c in ${components//,/ }; do echo -n ' --component' $c; done)" >> $GITHUB_OUTPUT[0m
2026-10-07T14:46:56.8505810Z [36;1mecho "downgrade=" >> $GITHUB_OUTPUT[0m
2026-10-07T14:46:56.8534690Z shell: /bin/bash --noprofile --norc -e -o pipefail {0}
2026-10-07T14:46:56.8535180Z env:
2026-10-07T14:46:56.8535480Z   CARGO_NET_GIT_FETCH_WITH_CLI: true
2026-10-07T14:46:56.8535850Z   CARGO_BUILD_JOBS: 1
2026-10-07T14:46:56.8536160Z   RUSTFLAGS: -D warnings
2026-10-07T14:46:56.8536540Z   WGPU_BACKEND: metal
2026-10-07T14:46:56.8537180Z   GRAFTING_VERSION: 0.6.0
2026-10-07T14:46:56.8537650Z   SCRYING_VERSION: 0.7.2
2026-10-07T14:46:56.8538170Z   WELDING_VERSION: 0.14.1
2026-10-07T14:46:56.8538860Z   SCRY_SOURCE_REF: 4d8d1d3f8dd450b712960c90b74263a45b46e35b
2026-10-07T14:46:56.8539650Z   CARGO_TARGET_DIR: /Users/markik/Code/targets/wgpu-scry-hardware
2026-10-07T14:46:56.8540700Z   SCRY_MAC_APP: /Users/markik/Code/targets/wgpu-scry-hardware/debug/scry-demo-mac-hardware.app
2026-10-07T14:46:56.8541580Z   CAPTURE: 1
2026-10-07T14:46:56.8542040Z   TIMEOUT: 90
2026-10-07T14:46:56.8542480Z   VISIBLE: 1
2026-10-07T14:46:56.8542950Z   targets: 
2026-10-07T14:46:56.8543390Z   components: 
2026-10-07T14:46:56.8543840Z ##[endgroup]
2026-10-07T14:46:56.8759650Z ##[end-action id=__dtolnay_rust-toolchain.flags;outcome=success;conclusion=success;duration_ms=31]
2026-10-07T14:46:56.8835810Z ##[start-action display=Set $CARGO_HOME;id=__dtolnay_rust-toolchain.__run]
2026-10-07T14:46:56.8868700Z ##[group]Run echo CARGO_HOME=${CARGO_HOME:-"$HOME/.cargo"} >> $GITHUB_ENV
2026-10-07T14:46:56.8869380Z [36;1mecho CARGO_HOME=${CARGO_HOME:-"$HOME/.cargo"} >> $GITHUB_ENV[0m
2026-10-07T14:46:56.8888430Z shell: /bin/bash --noprofile --norc -e -o pipefail {0}
2026-10-07T14:46:56.8888890Z env:
2026-10-07T14:46:56.8889180Z   CARGO_NET_GIT_FETCH_WITH_CLI: true
2026-10-07T14:46:56.8889530Z   CARGO_BUILD_JOBS: 1
2026-10-07T14:46:56.8889830Z   RUSTFLAGS: -D warnings
2026-10-07T14:46:56.8890160Z   WGPU_BACKEND: metal
2026-10-07T14:46:56.8891060Z   GRAFTING_VERSION: 0.6.0
2026-10-07T14:46:56.8891360Z   SCRYING_VERSION: 0.7.2
2026-10-07T14:46:56.8891660Z   WELDING_VERSION: 0.14.1
2026-10-07T14:46:56.8892000Z   SCRY_SOURCE_REF: 4d8d1d3f8dd450b712960c90b74263a45b46e35b
2026-10-07T14:46:56.8892520Z   CARGO_TARGET_DIR: /Users/markik/Code/targets/wgpu-scry-hardware
2026-10-07T14:46:56.8893340Z   SCRY_MAC_APP: /Users/markik/Code/targets/wgpu-scry-hardware/debug/scry-demo-mac-hardware.app
2026-10-07T14:46:56.8893950Z   CAPTURE: 1
2026-10-07T14:46:56.8894210Z   TIMEOUT: 90
2026-10-07T14:46:56.8894440Z   VISIBLE: 1
2026-10-07T14:46:56.8894710Z ##[endgroup]
2026-10-07T14:46:56.9082460Z ##[end-action id=__dtolnay_rust-toolchain.__run;outcome=success;conclusion=success;duration_ms=24]
2026-10-07T14:46:56.9087980Z ##[start-action display=Install rustup if needed;id=__dtolnay_rust-toolchain.__run_2]
2026-10-07T14:46:56.9143060Z ##[group]Run if ! command -v rustup &>/dev/null; then
2026-10-07T14:46:56.9143570Z [36;1mif ! command -v rustup &>/dev/null; then[0m
2026-10-07T14:46:56.9144580Z [36;1m  curl --proto '=https' --tlsv1.2 --retry 10 --retry-connrefused --location --silent --show-error --fail https://sh.rustup.rs | sh -s -- --default-toolchain none -y[0m
2026-10-07T14:46:56.9145550Z [36;1m  echo "$CARGO_HOME/bin" >> $GITHUB_PATH[0m
2026-10-07T14:46:56.9145940Z [36;1mfi[0m
2026-10-07T14:46:56.9162730Z shell: /bin/bash --noprofile --norc -e -o pipefail {0}
2026-10-07T14:46:56.9163150Z env:
2026-10-07T14:46:56.9163450Z   CARGO_NET_GIT_FETCH_WITH_CLI: true
2026-10-07T14:46:56.9163780Z   CARGO_BUILD_JOBS: 1
2026-10-07T14:46:56.9164090Z   RUSTFLAGS: -D warnings
2026-10-07T14:46:56.9164380Z   WGPU_BACKEND: metal
2026-10-07T14:46:56.9165080Z   GRAFTING_VERSION: 0.6.0
2026-10-07T14:46:56.9165390Z   SCRYING_VERSION: 0.7.2
2026-10-07T14:46:56.9165680Z   WELDING_VERSION: 0.14.1
2026-10-07T14:46:56.9166050Z   SCRY_SOURCE_REF: 4d8d1d3f8dd450b712960c90b74263a45b46e35b
2026-10-07T14:46:56.9166560Z   CARGO_TARGET_DIR: /Users/markik/Code/targets/wgpu-scry-hardware
2026-10-07T14:46:56.9167200Z   SCRY_MAC_APP: /Users/markik/Code/targets/wgpu-scry-hardware/debug/scry-demo-mac-hardware.app
2026-10-07T14:46:56.9167780Z   CAPTURE: 1
2026-10-07T14:46:56.9168040Z   TIMEOUT: 90
2026-10-07T14:46:56.9168550Z   VISIBLE: 1
2026-10-07T14:46:56.9168830Z   CARGO_HOME: /Users/markik/.cargo
2026-10-07T14:46:56.9169170Z ##[endgroup]
2026-10-07T14:46:57.1311130Z info: downloading installer
2026-10-07T14:46:58.4626550Z warn: it looks like you have an existing rustup settings file at:
2026-10-07T14:46:58.4627150Z warn: /Users/markik/.rustup/settings.toml
2026-10-07T14:46:58.4627710Z warn: rustup will install the default toolchain as specified in the settings file,
2026-10-07T14:46:58.4628410Z warn: instead of the one inferred from the default host tuple.
2026-10-07T14:46:58.5324580Z info: profile set to default
2026-10-07T14:46:58.5325030Z info: default host tuple is x86_64-apple-darwin
2026-10-07T14:46:58.5325490Z info: skipping toolchain installation
2026-10-07T14:46:58.5325760Z 
2026-10-07T14:46:58.5327010Z 
2026-10-07T14:46:58.5327570Z Rust is installed now. Great!
2026-10-07T14:46:58.5328070Z 
2026-10-07T14:46:58.5328270Z To get started you may need to restart your current shell.
2026-10-07T14:46:58.5328800Z This would reload your PATH environment variable to include
2026-10-07T14:46:58.5329310Z Cargo's bin directory ($HOME/.cargo/bin).
2026-10-07T14:46:58.5329550Z 
2026-10-07T14:46:58.5329750Z To configure your current shell, you need to source the
2026-10-07T14:46:58.5330200Z corresponding env file under $HOME/.cargo.
2026-10-07T14:46:58.5330440Z 
2026-10-07T14:46:58.5330720Z Consider running the right command for your shell (note the leading DOT):
2026-10-07T14:46:58.5331310Z . "$HOME/.cargo/env"           # For sh/ash/dash/pdksh/zsh
2026-10-07T14:46:58.5331740Z source "$HOME/.cargo/env.tcsh" # For tcsh
2026-10-07T14:46:58.5332170Z cargo:rerun-if-env-changed=CC_x86_64-apple-darwin
2026-10-07T14:46:58.5332590Z CC_x86_64-apple-darwin = None
2026-10-07T14:46:58.5333000Z cargo:rerun-if-env-changed=CC_x86_64_apple_darwin
2026-10-07T14:46:58.5342660Z CC_x86_64_apple_darwin = None
2026-10-07T14:46:58.5343030Z cargo:rerun-if-env-changed=HOST_CC
2026-10-07T14:46:58.5343380Z HOST_CC = None
2026-10-07T14:46:58.5343720Z cargo:rerun-if-env-changed=CC
2026-10-07T14:46:58.5344050Z CC = None
2026-10-07T14:46:58.5517760Z cargo:rerun-if-env-changed=CC_ENABLE_DEBUG_OUTPUT
2026-10-07T14:46:58.6385860Z cargo:rerun-if-env-changed=CRATE_CC_NO_DEFAULTS
2026-10-07T14:46:58.6386340Z CRATE_CC_NO_DEFAULTS = None
2026-10-07T14:46:58.6386880Z cargo:rerun-if-env-changed=MACOSX_DEPLOYMENT_TARGET
2026-10-07T14:46:58.6387420Z MACOSX_DEPLOYMENT_TARGET = None
2026-10-07T14:46:58.6495380Z cargo:rerun-if-env-changed=CFLAGS
2026-10-07T14:46:58.6495810Z CFLAGS = None
2026-10-07T14:46:58.6496130Z cargo:rerun-if-env-changed=HOST_CFLAGS
2026-10-07T14:46:58.6496500Z HOST_CFLAGS = None
2026-10-07T14:46:58.6496880Z cargo:rerun-if-env-changed=CFLAGS_x86_64_apple_darwin
2026-10-07T14:46:58.6497320Z CFLAGS_x86_64_apple_darwin = None
2026-10-07T14:46:58.6497750Z cargo:rerun-if-env-changed=CFLAGS_x86_64-apple-darwin
2026-10-07T14:46:58.6498180Z CFLAGS_x86_64-apple-darwin = None
2026-10-07T14:46:58.6624650Z ##[end-action id=__dtolnay_rust-toolchain.__run_2;outcome=success;conclusion=success;duration_ms=1753]
2026-10-07T14:46:58.6628310Z ##[start-action display=Install rustup if needed on windows;id=__dtolnay_rust-toolchain.__run_3]
2026-10-07T14:46:58.6638570Z ##[end-action id=__dtolnay_rust-toolchain.__run_3;outcome=skipped;conclusion=skipped;duration_ms=0]
2026-10-07T14:46:58.6654370Z ##[start-action display=rustup toolchain install 1.97.1;id=__dtolnay_rust-toolchain.__run_4]
2026-10-07T14:46:58.6684790Z ##[group]Run log=$(mktemp)
2026-10-07T14:46:58.6685490Z [36;1mlog=$(mktemp)[0m
2026-10-07T14:46:58.6685820Z [36;1mtrap 'rm -f "$log"' EXIT[0m
2026-10-07T14:46:58.6686260Z [36;1mfor attempt in 1 2 3 4 5; do[0m
2026-10-07T14:46:58.6686910Z [36;1m  if rustup toolchain install 1.97.1 --profile minimal --no-self-update --force-non-host 2>&1 | tee "$log"; then[0m
2026-10-07T14:46:58.6687530Z [36;1m    break[0m
2026-10-07T14:46:58.6687780Z [36;1m  else[0m
2026-10-07T14:46:58.6688030Z [36;1m    status=$?[0m
2026-10-07T14:46:58.6688300Z [36;1m  fi[0m
2026-10-07T14:46:58.6688670Z [36;1m  if [[ $attempt == 5 ]] || ! grep -Fq 'checksum failed for ' "$log" \[0m
2026-10-07T14:46:58.6689320Z [36;1m      || ! grep -Fq 'this is likely due to an ongoing update of the official release server' "$log"; then[0m
2026-10-07T14:46:58.6689890Z [36;1m    exit "$status"[0m
2026-10-07T14:46:58.6690190Z [36;1m  fi[0m
2026-10-07T14:46:58.6690650Z [36;1m  echo "Retrying rustup toolchain install in 30 seconds (retry $attempt of 4)" >&2[0m
2026-10-07T14:46:58.6691170Z [36;1m  sleep 30[0m
2026-10-07T14:46:58.6691440Z [36;1mdone[0m
2026-10-07T14:46:58.6711490Z shell: /bin/bash --noprofile --norc -e -o pipefail {0}
2026-10-07T14:46:58.6711890Z env:
2026-10-07T14:46:58.6712150Z   CARGO_NET_GIT_FETCH_WITH_CLI: true
2026-10-07T14:46:58.6712520Z   CARGO_BUILD_JOBS: 1
2026-10-07T14:46:58.6712810Z   RUSTFLAGS: -D warnings
2026-10-07T14:46:58.6713100Z   WGPU_BACKEND: metal
2026-10-07T14:46:58.6713380Z   GRAFTING_VERSION: 0.6.0
2026-10-07T14:46:58.6713670Z   SCRYING_VERSION: 0.7.2
2026-10-07T14:46:58.6713970Z   WELDING_VERSION: 0.14.1
2026-10-07T14:46:58.6714320Z   SCRY_SOURCE_REF: 4d8d1d3f8dd450b712960c90b74263a45b46e35b
2026-10-07T14:46:58.6714800Z   CARGO_TARGET_DIR: /Users/markik/Code/targets/wgpu-scry-hardware
2026-10-07T14:46:58.6715410Z   SCRY_MAC_APP: /Users/markik/Code/targets/wgpu-scry-hardware/debug/scry-demo-mac-hardware.app
2026-10-07T14:46:58.6715960Z   CAPTURE: 1
2026-10-07T14:46:58.6716230Z   TIMEOUT: 90
2026-10-07T14:46:58.6716480Z   VISIBLE: 1
2026-10-07T14:46:58.6716710Z   CARGO_HOME: /Users/markik/.cargo
2026-10-07T14:46:58.6717040Z   RUSTUP_PERMIT_COPY_RENAME: 1
2026-10-07T14:46:58.6717340Z ##[endgroup]
2026-10-07T14:46:59.1452710Z info: syncing channel updates for 1.97.1-x86_64-apple-darwin
2026-10-07T14:46:59.3066680Z 
2026-10-07T14:46:59.3279240Z   1.97.1-x86_64-apple-darwin unchanged - rustc 1.97.1 (8bab26f4f 2026-07-14)
2026-10-07T14:46:59.3280590Z 
2026-10-07T14:46:59.3374610Z ##[end-action id=__dtolnay_rust-toolchain.__run_4;outcome=success;conclusion=success;duration_ms=671]
2026-10-07T14:46:59.3382960Z ##[start-action display=rustup default 1.97.1;id=__dtolnay_rust-toolchain.__run_5]
2026-10-07T14:46:59.3425030Z ##[group]Run rustup default 1.97.1 --force-non-host
2026-10-07T14:46:59.3425900Z [36;1mrustup default 1.97.1 --force-non-host[0m
2026-10-07T14:46:59.3454660Z shell: /bin/bash --noprofile --norc -e -o pipefail {0}
2026-10-07T14:46:59.3455280Z env:
2026-10-07T14:46:59.3455700Z   CARGO_NET_GIT_FETCH_WITH_CLI: true
2026-10-07T14:46:59.3456270Z   CARGO_BUILD_JOBS: 1
2026-10-07T14:46:59.3456690Z   RUSTFLAGS: -D warnings
2026-10-07T14:46:59.3457130Z   WGPU_BACKEND: metal
2026-10-07T14:46:59.3457600Z   GRAFTING_VERSION: 0.6.0
2026-10-07T14:46:59.3458070Z   SCRYING_VERSION: 0.7.2
2026-10-07T14:46:59.3458530Z   WELDING_VERSION: 0.14.1
2026-10-07T14:46:59.3459080Z   SCRY_SOURCE_REF: 4d8d1d3f8dd450b712960c90b74263a45b46e35b
2026-10-07T14:46:59.3459800Z   CARGO_TARGET_DIR: /Users/markik/Code/targets/wgpu-scry-hardware
2026-10-07T14:46:59.3460920Z   SCRY_MAC_APP: /Users/markik/Code/targets/wgpu-scry-hardware/debug/scry-demo-mac-hardware.app
2026-10-07T14:46:59.3461920Z   CAPTURE: 1
2026-10-07T14:46:59.3462320Z   TIMEOUT: 90
2026-10-07T14:46:59.3462690Z   VISIBLE: 1
2026-10-07T14:46:59.3463120Z   CARGO_HOME: /Users/markik/.cargo
2026-10-07T14:46:59.3463600Z ##[endgroup]
2026-10-07T14:46:59.3796240Z info: using existing install for 1.97.1-x86_64-apple-darwin
2026-10-07T14:46:59.3995780Z info: default toolchain set to 1.97.1-x86_64-apple-darwin
2026-10-07T14:46:59.3996900Z 
2026-10-07T14:46:59.4204510Z   1.97.1-x86_64-apple-darwin unchanged - rustc 1.97.1 (8bab26f4f 2026-07-14)
2026-10-07T14:46:59.4204940Z 
2026-10-07T14:46:59.4206620Z info: note that the toolchain '1.97.1-x86_64-apple-darwin' is currently in use (overridden by '/Users/markik/actions-runner-wgpu/_work/wgpu-graft/wgpu-graft/rust-toolchain.toml')
2026-10-07T14:46:59.4225830Z ##[end-action id=__dtolnay_rust-toolchain.__run_5;outcome=success;conclusion=success;duration_ms=84]
2026-10-07T14:46:59.4229330Z ##[start-action display=Create cachekey;id=__dtolnay_rust-toolchain.rustc-version]
2026-10-07T14:46:59.4272020Z ##[group]Run DATE=$(rustc +1.97.1 --version --verbose | sed -ne 's/^commit-date: \(20[0-9][0-9]\)-\([01][0-9]\)-\([0-3][0-9]\)$/\1\2\3/p')
2026-10-07T14:46:59.4273050Z [36;1mDATE=$(rustc +1.97.1 --version --verbose | sed -ne 's/^commit-date: \(20[0-9][0-9]\)-\([01][0-9]\)-\([0-3][0-9]\)$/\1\2\3/p')[0m
2026-10-07T14:46:59.4273870Z [36;1mHASH=$(rustc +1.97.1 --version --verbose | sed -ne 's/^commit-hash: //p')[0m
2026-10-07T14:46:59.4274500Z [36;1mecho "cachekey=$(echo $DATE$HASH | head -c12)" >> $GITHUB_OUTPUT[0m
2026-10-07T14:46:59.4292680Z shell: /bin/bash --noprofile --norc -e -o pipefail {0}
2026-10-07T14:46:59.4293070Z env:
2026-10-07T14:46:59.4293340Z   CARGO_NET_GIT_FETCH_WITH_CLI: true
2026-10-07T14:46:59.4293680Z   CARGO_BUILD_JOBS: 1
2026-10-07T14:46:59.4293960Z   RUSTFLAGS: -D warnings
2026-10-07T14:46:59.4294250Z   WGPU_BACKEND: metal
2026-10-07T14:46:59.4294520Z   GRAFTING_VERSION: 0.6.0
2026-10-07T14:46:59.4294790Z   SCRYING_VERSION: 0.7.2
2026-10-07T14:46:59.4295060Z   WELDING_VERSION: 0.14.1
2026-10-07T14:46:59.4295440Z   SCRY_SOURCE_REF: 4d8d1d3f8dd450b712960c90b74263a45b46e35b
2026-10-07T14:46:59.4295930Z   CARGO_TARGET_DIR: /Users/markik/Code/targets/wgpu-scry-hardware
2026-10-07T14:46:59.4296550Z   SCRY_MAC_APP: /Users/markik/Code/targets/wgpu-scry-hardware/debug/scry-demo-mac-hardware.app
2026-10-07T14:46:59.4297100Z   CAPTURE: 1
2026-10-07T14:46:59.4297360Z   TIMEOUT: 90
2026-10-07T14:46:59.4297610Z   VISIBLE: 1
2026-10-07T14:46:59.4297880Z   CARGO_HOME: /Users/markik/.cargo
2026-10-07T14:46:59.4298190Z ##[endgroup]
2026-10-07T14:46:59.5311600Z ##[end-action id=__dtolnay_rust-toolchain.rustc-version;outcome=success;conclusion=success;duration_ms=108]
2026-10-07T14:46:59.5315490Z ##[start-action display=Disable incremental compilation;id=__dtolnay_rust-toolchain.__run_6]
2026-10-07T14:46:59.5342380Z ##[group]Run if [ -z "${CARGO_INCREMENTAL+set}" ]; then
2026-10-07T14:46:59.5342900Z [36;1mif [ -z "${CARGO_INCREMENTAL+set}" ]; then[0m
2026-10-07T14:46:59.5343370Z [36;1m  echo CARGO_INCREMENTAL=0 >> $GITHUB_ENV[0m
2026-10-07T14:46:59.5343760Z [36;1mfi[0m
2026-10-07T14:46:59.5361690Z shell: /bin/bash --noprofile --norc -e -o pipefail {0}
2026-10-07T14:46:59.5362090Z env:
2026-10-07T14:46:59.5362350Z   CARGO_NET_GIT_FETCH_WITH_CLI: true
2026-10-07T14:46:59.5362710Z   CARGO_BUILD_JOBS: 1
2026-10-07T14:46:59.5362990Z   RUSTFLAGS: -D warnings
2026-10-07T14:46:59.5363360Z   WGPU_BACKEND: metal
2026-10-07T14:46:59.5363650Z   GRAFTING_VERSION: 0.6.0
2026-10-07T14:46:59.5363940Z   SCRYING_VERSION: 0.7.2
2026-10-07T14:46:59.5364230Z   WELDING_VERSION: 0.14.1
2026-10-07T14:46:59.5364580Z   SCRY_SOURCE_REF: 4d8d1d3f8dd450b712960c90b74263a45b46e35b
2026-10-07T14:46:59.5365060Z   CARGO_TARGET_DIR: /Users/markik/Code/targets/wgpu-scry-hardware
2026-10-07T14:46:59.5365700Z   SCRY_MAC_APP: /Users/markik/Code/targets/wgpu-scry-hardware/debug/scry-demo-mac-hardware.app
2026-10-07T14:46:59.5366230Z   CAPTURE: 1
2026-10-07T14:46:59.5366490Z   TIMEOUT: 90
2026-10-07T14:46:59.5366780Z   VISIBLE: 1
2026-10-07T14:46:59.5367040Z   CARGO_HOME: /Users/markik/.cargo
2026-10-07T14:46:59.5367360Z ##[endgroup]
2026-10-07T14:46:59.5537030Z ##[end-action id=__dtolnay_rust-toolchain.__run_6;outcome=success;conclusion=success;duration_ms=22]
2026-10-07T14:46:59.5540500Z ##[start-action display=Enable colors in Cargo output;id=__dtolnay_rust-toolchain.__run_7]
2026-10-07T14:46:59.5567610Z ##[group]Run if [ -z "${CARGO_TERM_COLOR+set}" ]; then
2026-10-07T14:46:59.5568110Z [36;1mif [ -z "${CARGO_TERM_COLOR+set}" ]; then[0m
2026-10-07T14:46:59.5568570Z [36;1m  echo CARGO_TERM_COLOR=always >> $GITHUB_ENV[0m
2026-10-07T14:46:59.5569000Z [36;1mfi[0m
2026-10-07T14:46:59.5587750Z shell: /bin/bash --noprofile --norc -e -o pipefail {0}
2026-10-07T14:46:59.5588230Z env:
2026-10-07T14:46:59.5588510Z   CARGO_NET_GIT_FETCH_WITH_CLI: true
2026-10-07T14:46:59.5588860Z   CARGO_BUILD_JOBS: 1
2026-10-07T14:46:59.5589180Z   RUSTFLAGS: -D warnings
2026-10-07T14:46:59.5589490Z   WGPU_BACKEND: metal
2026-10-07T14:46:59.5589840Z   GRAFTING_VERSION: 0.6.0
2026-10-07T14:46:59.5590150Z   SCRYING_VERSION: 0.7.2
2026-10-07T14:46:59.5590470Z   WELDING_VERSION: 0.14.1
2026-10-07T14:46:59.5590850Z   SCRY_SOURCE_REF: 4d8d1d3f8dd450b712960c90b74263a45b46e35b
2026-10-07T14:46:59.5591370Z   CARGO_TARGET_DIR: /Users/markik/Code/targets/wgpu-scry-hardware
2026-10-07T14:46:59.5592060Z   SCRY_MAC_APP: /Users/markik/Code/targets/wgpu-scry-hardware/debug/scry-demo-mac-hardware.app
2026-10-07T14:46:59.5592730Z   CAPTURE: 1
2026-10-07T14:46:59.5593040Z   TIMEOUT: 90
2026-10-07T14:46:59.5593310Z   VISIBLE: 1
2026-10-07T14:46:59.5593620Z   CARGO_HOME: /Users/markik/.cargo
2026-10-07T14:46:59.5593960Z   CARGO_INCREMENTAL: 0
2026-10-07T14:46:59.5594260Z ##[endgroup]
2026-10-07T14:46:59.5759720Z ##[end-action id=__dtolnay_rust-toolchain.__run_7;outcome=success;conclusion=success;duration_ms=21]
2026-10-07T14:46:59.5763140Z ##[start-action display=Enable Cargo sparse registry;id=__dtolnay_rust-toolchain.__run_8]
2026-10-07T14:46:59.5808120Z ##[group]Run # implemented in 1.66, stabilized in 1.68, made default in 1.70
2026-10-07T14:46:59.5808830Z [36;1m# implemented in 1.66, stabilized in 1.68, made default in 1.70[0m
2026-10-07T14:46:59.5809820Z [36;1mif [ -z "${CARGO_REGISTRIES_CRATES_IO_PROTOCOL+set}" -o -f "/Users/markik/actions-runner-wgpu/_work/_temp"/.implicit_cargo_registries_crates_io_protocol ]; then[0m
2026-10-07T14:46:59.5810870Z [36;1m  if rustc +1.97.1 --version --verbose | grep -q '^release: 1\.6[89]\.'; then[0m
2026-10-07T14:46:59.5811720Z [36;1m    touch "/Users/markik/actions-runner-wgpu/_work/_temp"/.implicit_cargo_registries_crates_io_protocol || true[0m
2026-10-07T14:46:59.5812530Z [36;1m    echo CARGO_REGISTRIES_CRATES_IO_PROTOCOL=sparse >> $GITHUB_ENV[0m
2026-10-07T14:46:59.5813620Z [36;1m  elif rustc +1.97.1 --version --verbose | grep -q '^release: 1\.6[67]\.'; then[0m
2026-10-07T14:46:59.5814460Z [36;1m    touch "/Users/markik/actions-runner-wgpu/_work/_temp"/.implicit_cargo_registries_crates_io_protocol || true[0m
2026-10-07T14:46:59.5815250Z [36;1m    echo CARGO_REGISTRIES_CRATES_IO_PROTOCOL=git >> $GITHUB_ENV[0m
2026-10-07T14:46:59.5815710Z [36;1m  fi[0m
2026-10-07T14:46:59.5815960Z [36;1mfi[0m
2026-10-07T14:46:59.5833770Z shell: /bin/bash --noprofile --norc -e -o pipefail {0}
2026-10-07T14:46:59.5834160Z env:
2026-10-07T14:46:59.5834420Z   CARGO_NET_GIT_FETCH_WITH_CLI: true
2026-10-07T14:46:59.5834760Z   CARGO_BUILD_JOBS: 1
2026-10-07T14:46:59.5835050Z   RUSTFLAGS: -D warnings
2026-10-07T14:46:59.5835350Z   WGPU_BACKEND: metal
2026-10-07T14:46:59.5835630Z   GRAFTING_VERSION: 0.6.0
2026-10-07T14:46:59.5835940Z   SCRYING_VERSION: 0.7.2
2026-10-07T14:46:59.5836220Z   WELDING_VERSION: 0.14.1
2026-10-07T14:46:59.5836550Z   SCRY_SOURCE_REF: 4d8d1d3f8dd450b712960c90b74263a45b46e35b
2026-10-07T14:46:59.5837040Z   CARGO_TARGET_DIR: /Users/markik/Code/targets/wgpu-scry-hardware
2026-10-07T14:46:59.5837650Z   SCRY_MAC_APP: /Users/markik/Code/targets/wgpu-scry-hardware/debug/scry-demo-mac-hardware.app
2026-10-07T14:46:59.5838360Z   CAPTURE: 1
2026-10-07T14:46:59.5838610Z   TIMEOUT: 90
2026-10-07T14:46:59.5838850Z   VISIBLE: 1
2026-10-07T14:46:59.5839120Z   CARGO_HOME: /Users/markik/.cargo
2026-10-07T14:46:59.5839480Z   CARGO_INCREMENTAL: 0
2026-10-07T14:46:59.5839780Z   CARGO_TERM_COLOR: always
2026-10-07T14:46:59.5840070Z ##[endgroup]
2026-10-07T14:46:59.6811320Z ##[end-action id=__dtolnay_rust-toolchain.__run_8;outcome=success;conclusion=success;duration_ms=104]
2026-10-07T14:46:59.6816840Z ##[start-action display=Work around spurious network errors in curl 8.0;id=__dtolnay_rust-toolchain.__run_9]
2026-10-07T14:46:59.6855570Z ##[group]Run # https://rust-lang.zulipchat.com/#narrow/stream/246057-t-cargo/topic/timeout.20investigation
2026-10-07T14:46:59.6856570Z [36;1m# https://rust-lang.zulipchat.com/#narrow/stream/246057-t-cargo/topic/timeout.20investigation[0m
2026-10-07T14:46:59.6857340Z [36;1mif rustc +1.97.1 --version --verbose | grep -q '^release: 1\.7[01]\.'; then[0m
2026-10-07T14:46:59.6857960Z [36;1m  echo CARGO_HTTP_MULTIPLEXING=false >> $GITHUB_ENV[0m
2026-10-07T14:46:59.6858390Z [36;1mfi[0m
2026-10-07T14:46:59.6878300Z shell: /bin/bash --noprofile --norc -e -o pipefail {0}
2026-10-07T14:46:59.6878950Z env:
2026-10-07T14:46:59.6879280Z   CARGO_NET_GIT_FETCH_WITH_CLI: true
2026-10-07T14:46:59.6879650Z   CARGO_BUILD_JOBS: 1
2026-10-07T14:46:59.6879960Z   RUSTFLAGS: -D warnings
2026-10-07T14:46:59.6880330Z   WGPU_BACKEND: metal
2026-10-07T14:46:59.6880720Z   GRAFTING_VERSION: 0.6.0
2026-10-07T14:46:59.6881130Z   SCRYING_VERSION: 0.7.2
2026-10-07T14:46:59.6881460Z   WELDING_VERSION: 0.14.1
2026-10-07T14:46:59.6881850Z   SCRY_SOURCE_REF: 4d8d1d3f8dd450b712960c90b74263a45b46e35b
2026-10-07T14:46:59.6882380Z   CARGO_TARGET_DIR: /Users/markik/Code/targets/wgpu-scry-hardware
2026-10-07T14:46:59.6883090Z   SCRY_MAC_APP: /Users/markik/Code/targets/wgpu-scry-hardware/debug/scry-demo-mac-hardware.app
2026-10-07T14:46:59.6883680Z   CAPTURE: 1
2026-10-07T14:46:59.6883960Z   TIMEOUT: 90
2026-10-07T14:46:59.6884270Z   VISIBLE: 1
2026-10-07T14:46:59.6884560Z   CARGO_HOME: /Users/markik/.cargo
2026-10-07T14:46:59.6884910Z   CARGO_INCREMENTAL: 0
2026-10-07T14:46:59.6885230Z   CARGO_TERM_COLOR: always
2026-10-07T14:46:59.6885560Z ##[endgroup]
2026-10-07T14:46:59.7439940Z ##[end-action id=__dtolnay_rust-toolchain.__run_9;outcome=success;conclusion=success;duration_ms=62]
2026-10-07T14:46:59.7445200Z ##[start-action display=rustc +1.97.1 --version --verbose;id=__dtolnay_rust-toolchain.__run_10]
2026-10-07T14:46:59.7473080Z ##[group]Run rustc +1.97.1 --version --verbose
2026-10-07T14:46:59.7473840Z [36;1mrustc +1.97.1 --version --verbose[0m
2026-10-07T14:46:59.7497560Z shell: /bin/bash --noprofile --norc -e -o pipefail {0}
2026-10-07T14:46:59.7498530Z env:
2026-10-07T14:46:59.7498820Z   CARGO_NET_GIT_FETCH_WITH_CLI: true
2026-10-07T14:46:59.7499170Z   CARGO_BUILD_JOBS: 1
2026-10-07T14:46:59.7499490Z   RUSTFLAGS: -D warnings
2026-10-07T14:46:59.7499830Z   WGPU_BACKEND: metal
2026-10-07T14:46:59.7500130Z   GRAFTING_VERSION: 0.6.0
2026-10-07T14:46:59.7500440Z   SCRYING_VERSION: 0.7.2
2026-10-07T14:46:59.7500750Z   WELDING_VERSION: 0.14.1
2026-10-07T14:46:59.7501130Z   SCRY_SOURCE_REF: 4d8d1d3f8dd450b712960c90b74263a45b46e35b
2026-10-07T14:46:59.7501660Z   CARGO_TARGET_DIR: /Users/markik/Code/targets/wgpu-scry-hardware
2026-10-07T14:46:59.7502340Z   SCRY_MAC_APP: /Users/markik/Code/targets/wgpu-scry-hardware/debug/scry-demo-mac-hardware.app
2026-10-07T14:46:59.7502940Z   CAPTURE: 1
2026-10-07T14:46:59.7503200Z   TIMEOUT: 90
2026-10-07T14:46:59.7503480Z   VISIBLE: 1
2026-10-07T14:46:59.7503790Z   CARGO_HOME: /Users/markik/.cargo
2026-10-07T14:46:59.7504140Z   CARGO_INCREMENTAL: 0
2026-10-07T14:46:59.7504440Z   CARGO_TERM_COLOR: always
2026-10-07T14:46:59.7504750Z ##[endgroup]
2026-10-07T14:46:59.8017020Z rustc 1.97.1 (8bab26f4f 2026-07-14)
2026-10-07T14:46:59.8017520Z binary: rustc
2026-10-07T14:46:59.8017910Z commit-hash: 8bab26f4f68e0e26f0bb7960be334d5b520ea452
2026-10-07T14:46:59.8018350Z commit-date: 2026-07-14
2026-10-07T14:46:59.8018690Z host: x86_64-apple-darwin
2026-10-07T14:46:59.8019010Z release: 1.97.1
2026-10-07T14:46:59.8037080Z LLVM version: 22.1.6
2026-10-07T14:46:59.8080980Z ##[end-action id=__dtolnay_rust-toolchain.__run_10;outcome=success;conclusion=success;duration_ms=63]
2026-10-07T14:46:59.8482300Z ##[group]Run astral-sh/setup-uv@20cfd1bf945f4377ade1205e4dbc17946fc9a30d
2026-10-07T14:46:59.8483170Z with:
2026-10-07T14:46:59.8483480Z   version: 0.12.8
2026-10-07T14:46:59.8483770Z   enable-cache: false
2026-10-07T14:46:59.8484090Z   activate-environment: false
2026-10-07T14:46:59.8484420Z   no-project: false
2026-10-07T14:46:59.8484890Z   working-directory: /Users/markik/actions-runner-wgpu/_work/wgpu-graft/wgpu-graft
2026-10-07T14:46:59.8488470Z   github-token: ***
2026-10-07T14:46:59.8489200Z   cache-dependency-glob: **/*requirements*.txt
**/*requirements*.in
**/*constraints*.txt
**/*constraints*.in
**/pyproject.toml
**/uv.lock
**/*.py.lock

2026-10-07T14:46:59.8490000Z   restore-cache: true
2026-10-07T14:46:59.8490310Z   save-cache: true
2026-10-07T14:46:59.8490600Z   prune-cache: false
2026-10-07T14:46:59.8490910Z   cache-python: false
2026-10-07T14:46:59.8491220Z   ignore-nothing-to-cache: false
2026-10-07T14:46:59.8491570Z   ignore-empty-workdir: false
2026-10-07T14:46:59.8492060Z   download-from-astral-mirror: true
2026-10-07T14:46:59.8492430Z   add-problem-matchers: true
2026-10-07T14:46:59.8492740Z   quiet: false
2026-10-07T14:46:59.8493030Z   resolution-strategy: highest
2026-10-07T14:46:59.8493380Z env:
2026-10-07T14:46:59.8493660Z   CARGO_NET_GIT_FETCH_WITH_CLI: true
2026-10-07T14:46:59.8494010Z   CARGO_BUILD_JOBS: 1
2026-10-07T14:46:59.8494420Z   RUSTFLAGS: -D warnings
2026-10-07T14:46:59.8494710Z   WGPU_BACKEND: metal
2026-10-07T14:46:59.8495000Z   GRAFTING_VERSION: 0.6.0
2026-10-07T14:46:59.8495300Z   SCRYING_VERSION: 0.7.2
2026-10-07T14:46:59.8495600Z   WELDING_VERSION: 0.14.1
2026-10-07T14:46:59.8495950Z   SCRY_SOURCE_REF: 4d8d1d3f8dd450b712960c90b74263a45b46e35b
2026-10-07T14:46:59.8496440Z   CARGO_TARGET_DIR: /Users/markik/Code/targets/wgpu-scry-hardware
2026-10-07T14:46:59.8497090Z   SCRY_MAC_APP: /Users/markik/Code/targets/wgpu-scry-hardware/debug/scry-demo-mac-hardware.app
2026-10-07T14:46:59.8497620Z   CAPTURE: 1
2026-10-07T14:46:59.8497860Z   TIMEOUT: 90
2026-10-07T14:46:59.8498120Z   VISIBLE: 1
2026-10-07T14:46:59.8498400Z   CARGO_HOME: /Users/markik/.cargo
2026-10-07T14:46:59.8498750Z   CARGO_INCREMENTAL: 0
2026-10-07T14:46:59.8499060Z   CARGO_TERM_COLOR: always
2026-10-07T14:46:59.8499500Z   RUNNER_TOOL_CACHE: /Users/markik/actions-runner-wgpu/_work/_temp/uv-tool-cache
2026-10-07T14:46:59.8500000Z ##[endgroup]
2026-10-07T14:47:00.0776710Z Found uv in tool-cache for 0.12.8
2026-10-07T14:47:00.0780230Z Added /Users/markik/.local/bin to the path
2026-10-07T14:47:00.0788360Z Added /Users/markik/actions-runner-wgpu/_work/_tool/uv/0.12.8/x86_64 to the path
2026-10-07T14:47:00.0790250Z Set UV_PYTHON_INSTALL_DIR to /Users/markik/.local/share/uv/python
2026-10-07T14:47:00.0790940Z Added /Users/markik/.local/share/uv/python to the path
2026-10-07T14:47:00.0813730Z Successfully installed uv version 0.12.8
2026-10-07T14:47:00.2314570Z ##[group]Run uv python install --no-bin 3.13
2026-10-07T14:47:00.2315100Z [36;1muv python install --no-bin 3.13[0m
2026-10-07T14:47:00.2315490Z [36;1mpython_bin="$(uv python find 3.13)"[0m
2026-10-07T14:47:00.2315910Z [36;1mmkdir -p "$RUNNER_TEMP/python-bin"[0m
2026-10-07T14:47:00.2316420Z [36;1mln -sf "$python_bin" "$RUNNER_TEMP/python-bin/python"[0m
2026-10-07T14:47:00.2316960Z [36;1mln -sf "$python_bin" "$RUNNER_TEMP/python-bin/python3"[0m
2026-10-07T14:47:00.2317460Z [36;1mecho "$RUNNER_TEMP/python-bin" >> "$GITHUB_PATH"[0m
2026-10-07T14:47:00.2353150Z shell: /bin/bash -e {0}
2026-10-07T14:47:00.2353710Z env:
2026-10-07T14:47:00.2354180Z   CARGO_NET_GIT_FETCH_WITH_CLI: true
2026-10-07T14:47:00.2354820Z   CARGO_BUILD_JOBS: 1
2026-10-07T14:47:00.2355350Z   RUSTFLAGS: -D warnings
2026-10-07T14:47:00.2355900Z   WGPU_BACKEND: metal
2026-10-07T14:47:00.2356410Z   GRAFTING_VERSION: 0.6.0
2026-10-07T14:47:00.2356950Z   SCRYING_VERSION: 0.7.2
2026-10-07T14:47:00.2357640Z   WELDING_VERSION: 0.14.1
2026-10-07T14:47:00.2358310Z   SCRY_SOURCE_REF: 4d8d1d3f8dd450b712960c90b74263a45b46e35b
2026-10-07T14:47:00.2359260Z   CARGO_TARGET_DIR: /Users/markik/Code/targets/wgpu-scry-hardware
2026-10-07T14:47:00.2360470Z   SCRY_MAC_APP: /Users/markik/Code/targets/wgpu-scry-hardware/debug/scry-demo-mac-hardware.app
2026-10-07T14:47:00.2361500Z   CAPTURE: 1
2026-10-07T14:47:00.2361930Z   TIMEOUT: 90
2026-10-07T14:47:00.2362370Z   VISIBLE: 1
2026-10-07T14:47:00.2362860Z   CARGO_HOME: /Users/markik/.cargo
2026-10-07T14:47:00.2363470Z   CARGO_INCREMENTAL: 0
2026-10-07T14:47:00.2363980Z   CARGO_TERM_COLOR: always
2026-10-07T14:47:00.2364740Z   UV_PYTHON_INSTALL_DIR: /Users/markik/actions-runner-wgpu/_work/_temp/uv-python
2026-10-07T14:47:00.2365860Z   UV_CACHE_DIR: /Users/markik/actions-runner-wgpu/_work/_temp/uv-cache
2026-10-07T14:47:00.2366710Z ##[endgroup]
2026-10-07T14:47:00.5590680Z Downloading cpython-3.13.15-macos-x86_64-none (download) (23.8MiB)
2026-10-07T14:47:01.5886150Z  Downloaded cpython-3.13.15-macos-x86_64-none (download)
2026-10-07T14:47:01.6768540Z Installed Python 3.13.15 in 1.40s
2026-10-07T14:47:01.6769110Z  + cpython-3.13.15-macos-x86_64-none
2026-10-07T14:47:02.3093030Z ##[group]Run actions/checkout@v4
2026-10-07T14:47:02.3093420Z with:
2026-10-07T14:47:02.3107960Z   repository: merely-made/wgpu-graft
2026-10-07T14:47:02.3108440Z   ref: e8ffee2d6b680154cae645d54a340116f08acb5d
2026-10-07T14:47:02.3108850Z   path: .registry-proof-helper
2026-10-07T14:47:02.3111940Z   token: ***
2026-10-07T14:47:02.3112220Z   ssh-strict: true
2026-10-07T14:47:02.3112460Z   ssh-user: git
2026-10-07T14:47:02.3112740Z   persist-credentials: true
2026-10-07T14:47:02.3113130Z   clean: true
2026-10-07T14:47:02.3113420Z   sparse-checkout-cone-mode: true
2026-10-07T14:47:02.3113760Z   fetch-depth: 1
2026-10-07T14:47:02.3114040Z   fetch-tags: false
2026-10-07T14:47:02.3114320Z   show-progress: true
2026-10-07T14:47:02.3114590Z   lfs: false
2026-10-07T14:47:02.3114890Z   submodules: false
2026-10-07T14:47:02.3115190Z   set-safe-directory: true
2026-10-07T14:47:02.3115510Z   allow-unsafe-pr-checkout: false
2026-10-07T14:47:02.3115850Z env:
2026-10-07T14:47:02.3116370Z   CARGO_NET_GIT_FETCH_WITH_CLI: true
2026-10-07T14:47:02.3116750Z   CARGO_BUILD_JOBS: 1
2026-10-07T14:47:02.3117050Z   RUSTFLAGS: -D warnings
2026-10-07T14:47:02.3117330Z   WGPU_BACKEND: metal
2026-10-07T14:47:02.3117650Z   GRAFTING_VERSION: 0.6.0
2026-10-07T14:47:02.3118000Z   SCRYING_VERSION: 0.7.2
2026-10-07T14:47:02.3118300Z   WELDING_VERSION: 0.14.1
2026-10-07T14:47:02.3118660Z   SCRY_SOURCE_REF: 4d8d1d3f8dd450b712960c90b74263a45b46e35b
2026-10-07T14:47:02.3119190Z   CARGO_TARGET_DIR: /Users/markik/Code/targets/wgpu-scry-hardware
2026-10-07T14:47:02.3120590Z   SCRY_MAC_APP: /Users/markik/Code/targets/wgpu-scry-hardware/debug/scry-demo-mac-hardware.app
2026-10-07T14:47:02.3121180Z   CAPTURE: 1
2026-10-07T14:47:02.3121440Z   TIMEOUT: 90
2026-10-07T14:47:02.3121690Z   VISIBLE: 1
2026-10-07T14:47:02.3121980Z   CARGO_HOME: /Users/markik/.cargo
2026-10-07T14:47:02.3122330Z   CARGO_INCREMENTAL: 0
2026-10-07T14:47:02.3122650Z   CARGO_TERM_COLOR: always
2026-10-07T14:47:02.3123030Z   UV_PYTHON_INSTALL_DIR: /Users/markik/.local/share/uv/python
2026-10-07T14:47:02.3123460Z ##[endgroup]
2026-10-07T14:47:02.4608770Z Syncing repository: merely-made/wgpu-graft
2026-10-07T14:47:02.4609710Z ##[group]Getting Git version info
2026-10-07T14:47:02.4610610Z Working directory is '/Users/markik/actions-runner-wgpu/_work/wgpu-graft/wgpu-graft/.registry-proof-helper'
2026-10-07T14:47:02.4621250Z [command]/usr/bin/git version
2026-10-07T14:47:02.4848190Z git version 2.39.5 (Apple Git-154)
2026-10-07T14:47:02.4866190Z ##[endgroup]
2026-10-07T14:47:02.4875370Z Copying '/Users/markik/.gitconfig' to '/Users/markik/actions-runner-wgpu/_work/_temp/5a7beb55-e194-4b87-8575-2b0e215b07fe/.gitconfig'
2026-10-07T14:47:02.4885810Z Temporarily overriding HOME='/Users/markik/actions-runner-wgpu/_work/_temp/5a7beb55-e194-4b87-8575-2b0e215b07fe' before making global git config changes
2026-10-07T14:47:02.4886860Z Adding repository directory to the temporary git global config as a safe directory
2026-10-07T14:47:02.4891290Z [command]/usr/bin/git config --global --add safe.directory /Users/markik/actions-runner-wgpu/_work/wgpu-graft/wgpu-graft/.registry-proof-helper
2026-10-07T14:47:02.5148680Z ##[group]Initializing the repository
2026-10-07T14:47:02.5154400Z [command]/usr/bin/git init /Users/markik/actions-runner-wgpu/_work/wgpu-graft/wgpu-graft/.registry-proof-helper
2026-10-07T14:47:02.5460940Z Initialized empty Git repository in /Users/markik/actions-runner-wgpu/_work/wgpu-graft/wgpu-graft/.registry-proof-helper/.git/
2026-10-07T14:47:02.5495740Z [command]/usr/bin/git remote add origin https://github.com/merely-made/wgpu-graft
2026-10-07T14:47:02.5767730Z ##[endgroup]
2026-10-07T14:47:02.5768280Z ##[group]Disabling automatic garbage collection
2026-10-07T14:47:02.5771730Z [command]/usr/bin/git config --local gc.auto 0
2026-10-07T14:47:02.6090230Z ##[endgroup]
2026-10-07T14:47:02.6097420Z ##[group]Setting up auth
2026-10-07T14:47:02.6100110Z [command]/usr/bin/git config --local --name-only --get-regexp core\.sshCommand
2026-10-07T14:47:02.6312180Z [command]/usr/bin/git submodule foreach --recursive sh -c "git config --local --name-only --get-regexp 'core\.sshCommand' && git config --local --unset-all 'core.sshCommand' || :"
2026-10-07T14:47:02.7947790Z [command]/usr/bin/git config --local --name-only --get-regexp http\.https\:\/\/github\.com\/\.extraheader
2026-10-07T14:47:02.8173840Z [command]/usr/bin/git submodule foreach --recursive sh -c "git config --local --name-only --get-regexp 'http\.https\:\/\/github\.com\/\.extraheader' && git config --local --unset-all 'http.https://github.com/.extraheader' || :"
2026-10-07T14:47:02.9476430Z [command]/usr/bin/git config --local --name-only --get-regexp ^includeIf\.gitdir:
2026-10-07T14:47:02.9727260Z [command]/usr/bin/git submodule foreach --recursive git config --local --show-origin --name-only --get-regexp remote.origin.url
2026-10-07T14:47:03.1065670Z [command]/usr/bin/git config --local http.https://github.com/.extraheader AUTHORIZATION: basic ***
2026-10-07T14:47:03.1295170Z ##[endgroup]
2026-10-07T14:47:03.1295790Z ##[group]Fetching the repository
2026-10-07T14:47:03.1302450Z [command]/usr/bin/git -c protocol.version=2 fetch --no-tags --prune --no-recurse-submodules --depth=1 origin e8ffee2d6b680154cae645d54a340116f08acb5d
2026-10-07T14:47:04.5162610Z From https://github.com/merely-made/wgpu-graft
2026-10-07T14:47:04.5163270Z  * branch            e8ffee2d6b680154cae645d54a340116f08acb5d -> FETCH_HEAD
2026-10-07T14:47:04.5248080Z ##[endgroup]
2026-10-07T14:47:04.5248580Z ##[group]Determining the checkout info
2026-10-07T14:47:04.5250320Z ##[endgroup]
2026-10-07T14:47:04.5255040Z [command]/usr/bin/git sparse-checkout disable
2026-10-07T14:47:04.5549470Z [command]/usr/bin/git config --local --unset-all extensions.worktreeConfig
2026-10-07T14:47:04.5797330Z ##[group]Checking out the ref
2026-10-07T14:47:04.5801300Z [command]/usr/bin/git checkout --progress --force e8ffee2d6b680154cae645d54a340116f08acb5d
2026-10-07T14:47:04.8435800Z Note: switching to 'e8ffee2d6b680154cae645d54a340116f08acb5d'.
2026-10-07T14:47:04.8481510Z 
2026-10-07T14:47:04.8483850Z You are in 'detached HEAD' state. You can look around, make experimental
2026-10-07T14:47:04.8505750Z changes and commit them, and you can discard any commits you make in this
2026-10-07T14:47:04.8506890Z state without impacting any branches by switching back to a branch.
2026-10-07T14:47:04.8507530Z 
2026-10-07T14:47:04.8507970Z If you want to create a new branch to retain commits you create, you may
2026-10-07T14:47:04.8508820Z do so (now or later) by using -c with the switch command. Example:
2026-10-07T14:47:04.8509490Z 
2026-10-07T14:47:04.8509730Z   git switch -c <new-branch-name>
2026-10-07T14:47:04.8510110Z 
2026-10-07T14:47:04.8510320Z Or undo this operation with:
2026-10-07T14:47:04.8510670Z 
2026-10-07T14:47:04.8510900Z   git switch -
2026-10-07T14:47:04.8511130Z 
2026-10-07T14:47:04.8511570Z Turn off this advice by setting config variable advice.detachedHead to false
2026-10-07T14:47:04.8512170Z 
2026-10-07T14:47:04.8512620Z HEAD is now at e8ffee2 Pin Servo registry proof fixture to qualified PKCS1 prerelease
2026-10-07T14:47:04.8513940Z ##[endgroup]
2026-10-07T14:47:04.8767530Z [command]/usr/bin/git log -1 --format=%H
2026-10-07T14:47:04.9008280Z e8ffee2d6b680154cae645d54a340116f08acb5d
2026-10-07T14:47:04.9240720Z ##[group]Run actions/checkout@v4
2026-10-07T14:47:04.9241100Z with:
2026-10-07T14:47:04.9241390Z   repository: merely-made/wgpu-scry
2026-10-07T14:47:04.9241780Z   ref: 4d8d1d3f8dd450b712960c90b74263a45b46e35b
2026-10-07T14:47:04.9242150Z   path: .registry-proof-source/scry
2026-10-07T14:47:04.9245250Z   token: ***
2026-10-07T14:47:04.9245470Z   ssh-strict: true
2026-10-07T14:47:04.9245680Z   ssh-user: git
2026-10-07T14:47:04.9245910Z   persist-credentials: true
2026-10-07T14:47:04.9246170Z   clean: true
2026-10-07T14:47:04.9246400Z   sparse-checkout-cone-mode: true
2026-10-07T14:47:04.9246670Z   fetch-depth: 1
2026-10-07T14:47:04.9246890Z   fetch-tags: false
2026-10-07T14:47:04.9247120Z   show-progress: true
2026-10-07T14:47:04.9247340Z   lfs: false
2026-10-07T14:47:04.9247550Z   submodules: false
2026-10-07T14:47:04.9247780Z   set-safe-directory: true
2026-10-07T14:47:04.9248050Z   allow-unsafe-pr-checkout: false
2026-10-07T14:47:04.9248320Z env:
2026-10-07T14:47:04.9248580Z   CARGO_NET_GIT_FETCH_WITH_CLI: true
2026-10-07T14:47:04.9248870Z   CARGO_BUILD_JOBS: 1
2026-10-07T14:47:04.9249100Z   RUSTFLAGS: -D warnings
2026-10-07T14:47:04.9249350Z   WGPU_BACKEND: metal
2026-10-07T14:47:04.9249580Z   GRAFTING_VERSION: 0.6.0
2026-10-07T14:47:04.9249830Z   SCRYING_VERSION: 0.7.2
2026-10-07T14:47:04.9250080Z   WELDING_VERSION: 0.14.1
2026-10-07T14:47:04.9250390Z   SCRY_SOURCE_REF: 4d8d1d3f8dd450b712960c90b74263a45b46e35b
2026-10-07T14:47:04.9250840Z   CARGO_TARGET_DIR: /Users/markik/Code/targets/wgpu-scry-hardware
2026-10-07T14:47:04.9251440Z   SCRY_MAC_APP: /Users/markik/Code/targets/wgpu-scry-hardware/debug/scry-demo-mac-hardware.app
2026-10-07T14:47:04.9251960Z   CAPTURE: 1
2026-10-07T14:47:04.9252160Z   TIMEOUT: 90
2026-10-07T14:47:04.9252360Z   VISIBLE: 1
2026-10-07T14:47:04.9252570Z   CARGO_HOME: /Users/markik/.cargo
2026-10-07T14:47:04.9252850Z   CARGO_INCREMENTAL: 0
2026-10-07T14:47:04.9253090Z   CARGO_TERM_COLOR: always
2026-10-07T14:47:04.9253460Z   UV_PYTHON_INSTALL_DIR: /Users/markik/.local/share/uv/python
2026-10-07T14:47:04.9253820Z ##[endgroup]
2026-10-07T14:47:05.0712420Z Syncing repository: merely-made/wgpu-scry
2026-10-07T14:47:05.0719130Z ##[group]Getting Git version info
2026-10-07T14:47:05.0720120Z Working directory is '/Users/markik/actions-runner-wgpu/_work/wgpu-graft/wgpu-graft/.registry-proof-source/scry'
2026-10-07T14:47:05.0748180Z [command]/usr/bin/git version
2026-10-07T14:47:05.1015420Z git version 2.39.5 (Apple Git-154)
2026-10-07T14:47:05.1034790Z ##[endgroup]
2026-10-07T14:47:05.1044930Z Copying '/Users/markik/.gitconfig' to '/Users/markik/actions-runner-wgpu/_work/_temp/00fdf4aa-7632-4522-908e-d45ce9d36f45/.gitconfig'
2026-10-07T14:47:05.1057590Z Temporarily overriding HOME='/Users/markik/actions-runner-wgpu/_work/_temp/00fdf4aa-7632-4522-908e-d45ce9d36f45' before making global git config changes
2026-10-07T14:47:05.1058660Z Adding repository directory to the temporary git global config as a safe directory
2026-10-07T14:47:05.1064390Z [command]/usr/bin/git config --global --add safe.directory /Users/markik/actions-runner-wgpu/_work/wgpu-graft/wgpu-graft/.registry-proof-source/scry
2026-10-07T14:47:05.1287690Z ##[group]Initializing the repository
2026-10-07T14:47:05.1292400Z [command]/usr/bin/git init /Users/markik/actions-runner-wgpu/_work/wgpu-graft/wgpu-graft/.registry-proof-source/scry
2026-10-07T14:47:05.1649060Z Initialized empty Git repository in /Users/markik/actions-runner-wgpu/_work/wgpu-graft/wgpu-graft/.registry-proof-source/scry/.git/
2026-10-07T14:47:05.1659590Z [command]/usr/bin/git remote add origin https://github.com/merely-made/wgpu-scry
2026-10-07T14:47:05.1892880Z ##[endgroup]
2026-10-07T14:47:05.1926750Z ##[group]Disabling automatic garbage collection
2026-10-07T14:47:05.1927650Z [command]/usr/bin/git config --local gc.auto 0
2026-10-07T14:47:05.2200290Z ##[endgroup]
2026-10-07T14:47:05.2200860Z ##[group]Setting up auth
2026-10-07T14:47:05.2206800Z [command]/usr/bin/git config --local --name-only --get-regexp core\.sshCommand
2026-10-07T14:47:05.2429540Z [command]/usr/bin/git submodule foreach --recursive sh -c "git config --local --name-only --get-regexp 'core\.sshCommand' && git config --local --unset-all 'core.sshCommand' || :"
2026-10-07T14:47:05.3811960Z [command]/usr/bin/git config --local --name-only --get-regexp http\.https\:\/\/github\.com\/\.extraheader
2026-10-07T14:47:05.4017940Z [command]/usr/bin/git submodule foreach --recursive sh -c "git config --local --name-only --get-regexp 'http\.https\:\/\/github\.com\/\.extraheader' && git config --local --unset-all 'http.https://github.com/.extraheader' || :"
2026-10-07T14:47:05.5359050Z [command]/usr/bin/git config --local --name-only --get-regexp ^includeIf\.gitdir:
2026-10-07T14:47:05.5623430Z [command]/usr/bin/git submodule foreach --recursive git config --local --show-origin --name-only --get-regexp remote.origin.url
2026-10-07T14:47:05.7249940Z [command]/usr/bin/git config --local http.https://github.com/.extraheader AUTHORIZATION: basic ***
2026-10-07T14:47:05.7534180Z ##[endgroup]
2026-10-07T14:47:05.7535120Z ##[group]Fetching the repository
2026-10-07T14:47:05.7542820Z [command]/usr/bin/git -c protocol.version=2 fetch --no-tags --prune --no-recurse-submodules --depth=1 origin 4d8d1d3f8dd450b712960c90b74263a45b46e35b
2026-10-07T14:47:06.6865060Z From https://github.com/merely-made/wgpu-scry
2026-10-07T14:47:06.6865750Z  * branch            4d8d1d3f8dd450b712960c90b74263a45b46e35b -> FETCH_HEAD
2026-10-07T14:47:06.7125010Z ##[endgroup]
2026-10-07T14:47:06.7125840Z ##[group]Determining the checkout info
2026-10-07T14:47:06.7126700Z ##[endgroup]
2026-10-07T14:47:06.7127260Z [command]/usr/bin/git sparse-checkout disable
2026-10-07T14:47:06.7293550Z [command]/usr/bin/git config --local --unset-all extensions.worktreeConfig
2026-10-07T14:47:06.7604660Z ##[group]Checking out the ref
2026-10-07T14:47:06.7609760Z [command]/usr/bin/git checkout --progress --force 4d8d1d3f8dd450b712960c90b74263a45b46e35b
2026-10-07T14:47:06.8993980Z Note: switching to '4d8d1d3f8dd450b712960c90b74263a45b46e35b'.
2026-10-07T14:47:06.8995060Z 
2026-10-07T14:47:06.8995750Z You are in 'detached HEAD' state. You can look around, make experimental
2026-10-07T14:47:06.8996820Z changes and commit them, and you can discard any commits you make in this
2026-10-07T14:47:06.9000580Z state without impacting any branches by switching back to a branch.
2026-10-07T14:47:06.9001150Z 
2026-10-07T14:47:06.9001580Z If you want to create a new branch to retain commits you create, you may
2026-10-07T14:47:06.9002580Z do so (now or later) by using -c with the switch command. Example:
2026-10-07T14:47:06.9003130Z 
2026-10-07T14:47:06.9020910Z   git switch -c <new-branch-name>
2026-10-07T14:47:06.9021420Z 
2026-10-07T14:47:06.9021580Z Or undo this operation with:
2026-10-07T14:47:06.9021790Z 
2026-10-07T14:47:06.9021950Z   git switch -
2026-10-07T14:47:06.9022090Z 
2026-10-07T14:47:06.9022370Z Turn off this advice by setting config variable advice.detachedHead to false
2026-10-07T14:47:06.9022760Z 
2026-10-07T14:47:06.9023190Z HEAD is now at 4d8d1d3 Release scrying 0.7.2 with explicit paint waits and native pixel qualification
2026-10-07T14:47:06.9030740Z ##[endgroup]
2026-10-07T14:47:06.9289200Z [command]/usr/bin/git log -1 --format=%H
2026-10-07T14:47:06.9566690Z 4d8d1d3f8dd450b712960c90b74263a45b46e35b
2026-10-07T14:47:06.9709790Z ##[group]Run proof="$RUNNER_TEMP/scry-registry-intel-diagnostic"
2026-10-07T14:47:06.9710420Z [36;1mproof="$RUNNER_TEMP/scry-registry-intel-diagnostic"[0m
2026-10-07T14:47:06.9710840Z [36;1mmkdir -p "$proof"[0m
2026-10-07T14:47:06.9711490Z [36;1mbusy="$(ps -axo pid=,comm= | awk '$2 ~ /(^|\/)(cargo|rustc|clang|clang\+\+|demo-mac|demo-weld-mac|demo-servo-winit)$/ { print $1, $2 }')"[0m
2026-10-07T14:47:06.9712170Z [36;1mif [ -n "$busy" ]; then[0m
2026-10-07T14:47:06.9712550Z [36;1m  printf '%s\n' "$busy" > "$proof/live-owners.txt"[0m
2026-10-07T14:47:06.9713020Z [36;1m  echo "Shared compiler/native slot is occupied" >&2[0m
2026-10-07T14:47:06.9713440Z [36;1m  exit 1[0m
2026-10-07T14:47:06.9713710Z [36;1mfi[0m
2026-10-07T14:47:06.9714020Z [36;1mtest "$(git rev-parse HEAD)" = "$GITHUB_SHA"[0m
2026-10-07T14:47:06.9714630Z [36;1mtest "$(git -C .registry-proof-helper rev-parse HEAD)" = e8ffee2d6b680154cae645d54a340116f08acb5d[0m
2026-10-07T14:47:06.9715490Z [36;1mtest "$(git -C .registry-proof-source/scry rev-parse HEAD)" = "$SCRY_SOURCE_REF"[0m
2026-10-07T14:47:06.9716010Z [36;1m{[0m
2026-10-07T14:47:06.9716590Z [36;1m  printf 'workflow=%s\nhelper=%s\nscry_fixture=%s\n' "$GITHUB_SHA" e8ffee2d6b680154cae645d54a340116f08acb5d "$SCRY_SOURCE_REF"[0m
2026-10-07T14:47:06.9717260Z [36;1m  rustc --version[0m
2026-10-07T14:47:06.9717560Z [36;1m  cargo --version[0m
2026-10-07T14:47:06.9718240Z [36;1m  shasum -a 256 .registry-proof-helper/scripts/stage_registry_triplet.py .registry-proof-helper/scripts/verify_registry_triplet.py[0m
2026-10-07T14:47:06.9719050Z [36;1m} > "$proof/checkout-and-helper-identity.txt"[0m
2026-10-07T14:47:06.9738240Z shell: /bin/bash -e {0}
2026-10-07T14:47:06.9738560Z env:
2026-10-07T14:47:06.9738810Z   CARGO_NET_GIT_FETCH_WITH_CLI: true
2026-10-07T14:47:06.9739150Z   CARGO_BUILD_JOBS: 1
2026-10-07T14:47:06.9739440Z   RUSTFLAGS: -D warnings
2026-10-07T14:47:06.9739740Z   WGPU_BACKEND: metal
2026-10-07T14:47:06.9740040Z   GRAFTING_VERSION: 0.6.0
2026-10-07T14:47:06.9740340Z   SCRYING_VERSION: 0.7.2
2026-10-07T14:47:06.9740650Z   WELDING_VERSION: 0.14.1
2026-10-07T14:47:06.9741010Z   SCRY_SOURCE_REF: 4d8d1d3f8dd450b712960c90b74263a45b46e35b
2026-10-07T14:47:06.9741490Z   CARGO_TARGET_DIR: /Users/markik/Code/targets/wgpu-scry-hardware
2026-10-07T14:47:06.9742150Z   SCRY_MAC_APP: /Users/markik/Code/targets/wgpu-scry-hardware/debug/scry-demo-mac-hardware.app
2026-10-07T14:47:06.9742690Z   CAPTURE: 1
2026-10-07T14:47:06.9742940Z   TIMEOUT: 90
2026-10-07T14:47:06.9743190Z   VISIBLE: 1
2026-10-07T14:47:06.9743460Z   CARGO_HOME: /Users/markik/.cargo
2026-10-07T14:47:06.9743780Z   CARGO_INCREMENTAL: 0
2026-10-07T14:47:06.9744070Z   CARGO_TERM_COLOR: always
2026-10-07T14:47:06.9744430Z   UV_PYTHON_INSTALL_DIR: /Users/markik/.local/share/uv/python
2026-10-07T14:47:06.9744840Z ##[endgroup]
2026-10-07T14:47:07.2267750Z ##[group]Run proof="$RUNNER_TEMP/scry-registry-intel-diagnostic"
2026-10-07T14:47:07.2268410Z [36;1mproof="$RUNNER_TEMP/scry-registry-intel-diagnostic"[0m
2026-10-07T14:47:07.2270280Z [36;1mpython3 .registry-proof-helper/scripts/stage_registry_triplet.py --kind scry-mac --source .registry-proof-source/scry --destination "$proof/consumer" --grafting-version "$GRAFTING_VERSION" --scrying-version "$SCRYING_VERSION" --welding-version "$WELDING_VERSION"[0m
2026-10-07T14:47:07.2272470Z [36;1mpython3 .registry-proof-helper/scripts/verify_registry_triplet.py --consumer "$proof/consumer" --receipt-dir "$proof/registry" --grafting-version "$GRAFTING_VERSION" --scrying-version "$SCRYING_VERSION" --welding-version "$WELDING_VERSION"[0m
2026-10-07T14:47:07.2292210Z shell: /bin/bash -e {0}
2026-10-07T14:47:07.2292530Z env:
2026-10-07T14:47:07.2292810Z   CARGO_NET_GIT_FETCH_WITH_CLI: true
2026-10-07T14:47:07.2293160Z   CARGO_BUILD_JOBS: 1
2026-10-07T14:47:07.2293570Z   RUSTFLAGS: -D warnings
2026-10-07T14:47:07.2293920Z   WGPU_BACKEND: metal
2026-10-07T14:47:07.2294220Z   GRAFTING_VERSION: 0.6.0
2026-10-07T14:47:07.2294630Z   SCRYING_VERSION: 0.7.2
2026-10-07T14:47:07.2294940Z   WELDING_VERSION: 0.14.1
2026-10-07T14:47:07.2295290Z   SCRY_SOURCE_REF: 4d8d1d3f8dd450b712960c90b74263a45b46e35b
2026-10-07T14:47:07.2295780Z   CARGO_TARGET_DIR: /Users/markik/Code/targets/wgpu-scry-hardware
2026-10-07T14:47:07.2296420Z   SCRY_MAC_APP: /Users/markik/Code/targets/wgpu-scry-hardware/debug/scry-demo-mac-hardware.app
2026-10-07T14:47:07.2296960Z   CAPTURE: 1
2026-10-07T14:47:07.2297220Z   TIMEOUT: 90
2026-10-07T14:47:07.2297500Z   VISIBLE: 1
2026-10-07T14:47:07.2297770Z   CARGO_HOME: /Users/markik/.cargo
2026-10-07T14:47:07.2298100Z   CARGO_INCREMENTAL: 0
2026-10-07T14:47:07.2298390Z   CARGO_TERM_COLOR: always
2026-10-07T14:47:07.2298750Z   UV_PYTHON_INSTALL_DIR: /Users/markik/.local/share/uv/python
2026-10-07T14:47:07.2299150Z ##[endgroup]
2026-10-07T14:47:07.5073530Z staged scry-mac registry consumer: /Users/markik/actions-runner-wgpu/_work/_temp/scry-registry-intel-diagnostic/consumer
2026-10-07T14:47:07.6040050Z [1m[92m    Updating[0m crates.io index
2026-10-07T14:47:09.6881140Z [1m[92m     Locking[0m 366 packages to latest Rust 1.97.1 compatible versions
2026-10-07T14:47:09.7335280Z [1m[92m      Adding[0m objc2 v0.6.3 [1m[33m(available: v0.6.5)[0m
2026-10-07T14:47:09.7563220Z [1m[92m      Adding[0m pollster v0.4.0 [1m[33m(available: v1.0.1)[0m
2026-10-07T14:47:10.6947440Z registry proof: grafting 0.6.0 <- registry+https://github.com/rust-lang/crates.io-index
2026-10-07T14:47:10.6948440Z registry proof: scrying 0.7.2 <- registry+https://github.com/rust-lang/crates.io-index
2026-10-07T14:47:10.6949270Z registry proof: welding 0.14.1 <- registry+https://github.com/rust-lang/crates.io-index
2026-10-07T14:47:10.6950140Z registry proof: PASS (/Users/markik/actions-runner-wgpu/_work/_temp/scry-registry-intel-diagnostic/consumer)
2026-10-07T14:47:10.7082320Z ##[group]Run proof="$RUNNER_TEMP/scry-registry-intel-diagnostic"
2026-10-07T14:47:10.7083110Z [36;1mproof="$RUNNER_TEMP/scry-registry-intel-diagnostic"[0m
2026-10-07T14:47:10.7083570Z [36;1mcd "$proof/consumer"[0m
2026-10-07T14:47:10.7083960Z [36;1mnice -n 10 cargo build --locked -j 1[0m
2026-10-07T14:47:10.7084590Z [36;1mshasum -a 256 "$CARGO_TARGET_DIR/debug/demo-mac" > "$proof/pre-battery-executable.sha256"[0m
2026-10-07T14:47:10.7085220Z [36;1mpython3 - "$proof" <<'PY'[0m
2026-10-07T14:47:10.7085580Z [36;1mimport hashlib, json, pathlib, sys[0m
2026-10-07T14:47:10.7086000Z [36;1mproof = pathlib.Path(sys.argv[1])[0m
2026-10-07T14:47:10.7086520Z [36;1mmetadata = json.loads((proof / "registry/metadata.json").read_text())[0m
2026-10-07T14:47:10.7087030Z [36;1mfacts = [][0m
2026-10-07T14:47:10.7087390Z [36;1mfor name in ("grafting", "scrying", "welding"):[0m
2026-10-07T14:47:10.7088030Z [36;1m    packages = [p for p in metadata["packages"] if p["name"] == name][0m
2026-10-07T14:47:10.7088560Z [36;1m    if len(packages) != 1:[0m
2026-10-07T14:47:10.7089050Z [36;1m        raise SystemExit(f"expected one registry package for {name}")[0m
2026-10-07T14:47:10.7089560Z [36;1m    package = packages[0][0m
2026-10-07T14:47:10.7090420Z [36;1m    manifest = pathlib.Path(package["manifest_path"])[0m
2026-10-07T14:47:10.7090930Z [36;1m    vcs = manifest.parent / ".cargo_vcs_info.json"[0m
2026-10-07T14:47:10.7091560Z [36;1m    facts.append({"name": name, "version": package["version"], "source": package["source"],[0m
2026-10-07T14:47:10.7092290Z [36;1m                  "manifest_sha256": hashlib.sha256(manifest.read_bytes()).hexdigest(),[0m
2026-10-07T14:47:10.7093040Z [36;1m                  "cargo_vcs_info": json.loads(vcs.read_text()) if vcs.is_file() else None})[0m
2026-10-07T14:47:10.7093680Z [36;1mscry = next(p for p in facts if p["name"] == "scrying")[0m
2026-10-07T14:47:10.7094410Z [36;1mif not scry["cargo_vcs_info"] or scry["cargo_vcs_info"]["git"]["sha1"] != "4d8d1d3f8dd450b712960c90b74263a45b46e35b":[0m
2026-10-07T14:47:10.7095270Z [36;1m    raise SystemExit("registry Scry package does not bind the selected release source")[0m
2026-10-07T14:47:10.7096070Z [36;1m(proof / "registry-package-identity.json").write_text(json.dumps(facts, indent=2) + "\n")[0m
2026-10-07T14:47:10.7096670Z [36;1mPY[0m
2026-10-07T14:47:10.7115410Z shell: /bin/bash -e {0}
2026-10-07T14:47:10.7115710Z env:
2026-10-07T14:47:10.7115980Z   CARGO_NET_GIT_FETCH_WITH_CLI: true
2026-10-07T14:47:10.7116320Z   CARGO_BUILD_JOBS: 1
2026-10-07T14:47:10.7116650Z   RUSTFLAGS: -D warnings
2026-10-07T14:47:10.7116950Z   WGPU_BACKEND: metal
2026-10-07T14:47:10.7117230Z   GRAFTING_VERSION: 0.6.0
2026-10-07T14:47:10.7117520Z   SCRYING_VERSION: 0.7.2
2026-10-07T14:47:10.7117820Z   WELDING_VERSION: 0.14.1
2026-10-07T14:47:10.7118180Z   SCRY_SOURCE_REF: 4d8d1d3f8dd450b712960c90b74263a45b46e35b
2026-10-07T14:47:10.7118670Z   CARGO_TARGET_DIR: /Users/markik/Code/targets/wgpu-scry-hardware
2026-10-07T14:47:10.7119320Z   SCRY_MAC_APP: /Users/markik/Code/targets/wgpu-scry-hardware/debug/scry-demo-mac-hardware.app
2026-10-07T14:47:10.7119860Z   CAPTURE: 1
2026-10-07T14:47:10.7120130Z   TIMEOUT: 90
2026-10-07T14:47:10.7120410Z   VISIBLE: 1
2026-10-07T14:47:10.7120670Z   CARGO_HOME: /Users/markik/.cargo
2026-10-07T14:47:10.7120990Z   CARGO_INCREMENTAL: 0
2026-10-07T14:47:10.7121280Z   CARGO_TERM_COLOR: always
2026-10-07T14:47:10.7121660Z   UV_PYTHON_INSTALL_DIR: /Users/markik/.local/share/uv/python
2026-10-07T14:47:10.7122060Z ##[endgroup]
2026-10-07T14:47:11.0201060Z [1m[92m   Compiling[0m registry-triplet-scry-mac v0.1.0 (/Users/markik/actions-runner-wgpu/_work/_temp/scry-registry-intel-diagnostic/consumer)
2026-10-07T14:47:16.4390270Z [1m[92m    Finished[0m `dev` profile [unoptimized + debuginfo] target(s) in 5.67s
2026-10-07T14:47:16.8577490Z ##[group]Run proof="$RUNNER_TEMP/scry-registry-intel-diagnostic"
2026-10-07T14:47:16.8578120Z [36;1mproof="$RUNNER_TEMP/scry-registry-intel-diagnostic"[0m
2026-10-07T14:47:16.8578570Z [36;1mcaffeinate -u -t 5 &[0m
2026-10-07T14:47:16.8578900Z [36;1msleep 2[0m
2026-10-07T14:47:16.8579190Z [36;1mset -o pipefail[0m
2026-10-07T14:47:16.8579590Z [36;1mstatus=0[0m
2026-10-07T14:47:16.8580260Z [36;1mnice -n 10 caffeinate -dims bash "$proof/consumer/scripts/test-mac.sh" 2>&1 | tee "$proof/ordinary.log" || status=$?[0m
2026-10-07T14:47:16.8581030Z [36;1mprintf '%s\n' "$status" > "$proof/ordinary-exit-code.txt"[0m
2026-10-07T14:47:16.8581680Z [36;1mshasum -a 256 "$CARGO_TARGET_DIR/debug/demo-mac" > "$proof/ordinary-executable.sha256"[0m
2026-10-07T14:47:16.8582480Z [36;1mshasum -a 256 "$SCRY_MAC_APP/Contents/MacOS/demo-mac" > "$proof/ordinary-app-executable.sha256"[0m
2026-10-07T14:47:16.8583340Z [36;1mcodesign -d -r- "$SCRY_MAC_APP" > "$proof/ordinary-signing.txt" 2>&1[0m
2026-10-07T14:47:16.8584030Z [36;1mcmp "$proof/pre-battery-executable.sha256" "$proof/ordinary-executable.sha256"[0m
2026-10-07T14:47:16.8584590Z [36;1mexit "$status"[0m
2026-10-07T14:47:16.8604470Z shell: /bin/bash -e {0}
2026-10-07T14:47:16.8604800Z env:
2026-10-07T14:47:16.8605080Z   CARGO_NET_GIT_FETCH_WITH_CLI: true
2026-10-07T14:47:16.8605470Z   CARGO_BUILD_JOBS: 1
2026-10-07T14:47:16.8606160Z   RUSTFLAGS: -D warnings
2026-10-07T14:47:16.8606590Z   WGPU_BACKEND: metal
2026-10-07T14:47:16.8606880Z   GRAFTING_VERSION: 0.6.0
2026-10-07T14:47:16.8607190Z   SCRYING_VERSION: 0.7.2
2026-10-07T14:47:16.8607480Z   WELDING_VERSION: 0.14.1
2026-10-07T14:47:16.8607990Z   SCRY_SOURCE_REF: 4d8d1d3f8dd450b712960c90b74263a45b46e35b
2026-10-07T14:47:16.8608540Z   CARGO_TARGET_DIR: /Users/markik/Code/targets/wgpu-scry-hardware
2026-10-07T14:47:16.8609370Z   SCRY_MAC_APP: /Users/markik/Code/targets/wgpu-scry-hardware/debug/scry-demo-mac-hardware.app
2026-10-07T14:47:16.8609990Z   CAPTURE: 1
2026-10-07T14:47:16.8610260Z   TIMEOUT: 90
2026-10-07T14:47:16.8610540Z   VISIBLE: 1
2026-10-07T14:47:16.8610830Z   CARGO_HOME: /Users/markik/.cargo
2026-10-07T14:47:16.8611190Z   CARGO_INCREMENTAL: 0
2026-10-07T14:47:16.8611490Z   CARGO_TERM_COLOR: always
2026-10-07T14:47:16.8611890Z   UV_PYTHON_INSTALL_DIR: /Users/markik/.local/share/uv/python
2026-10-07T14:47:16.8612330Z   CAPTURE_ACTIVITY: 0
2026-10-07T14:47:16.8612630Z ##[endgroup]
2026-10-07T14:47:20.9139830Z ==> ScreenCaptureKit display-awake hold active
2026-10-07T14:47:20.9140570Z ==> building demo-mac
2026-10-07T14:47:21.8712940Z ==> code-signing identity: -
2026-10-07T14:47:21.8845510Z Executable=/Users/markik/Code/targets/wgpu-scry-hardware/debug/scry-demo-mac-hardware.app/Contents/MacOS/demo-mac
2026-10-07T14:47:21.8846440Z designated => identifier "org.merely.scry.hardware-demo"
2026-10-07T14:47:21.8849350Z ==> LaunchServices app: /Users/markik/Code/targets/wgpu-scry-hardware/debug/scry-demo-mac-hardware.app
2026-10-07T14:47:21.8852620Z 
2026-10-07T14:47:21.8853070Z ==> --scripted
2026-10-07T14:47:27.3268590Z demo-mac: nav event: Starting { url: "about:blank" }
2026-10-07T14:47:27.3269140Z demo-mac: nav event: SourceChanged { url: "about:blank" }
2026-10-07T14:47:27.3269590Z demo-mac: js->host: ready
2026-10-07T14:47:27.3269950Z demo-mac: scripted: page ready
2026-10-07T14:47:27.3270420Z demo-mac: nav event: Completed { url: "about:blank", success: true }
2026-10-07T14:47:27.3271090Z demo-mac: nav event: TitleChanged { title: "scrying-test" }
2026-10-07T14:47:27.3271570Z demo-mac: js->host: echo:ping-from-host
2026-10-07T14:47:27.3271970Z demo-mac: scripted: JS echoed host message
2026-10-07T14:47:27.3272470Z demo-mac: scripted: 6 ScrollWheel events dispatched without error
2026-10-07T14:47:27.3273000Z demo-mac: cursor change: Default
2026-10-07T14:47:27.3273460Z demo-mac: scripted: 3 KeyDown/KeyUp pairs dispatched without error
2026-10-07T14:47:27.3274430Z demo-mac: scripted: PASS — slices E + G + I + cursor handler verified at runtime
2026-10-07T14:47:27.3275870Z   - cursor handler fired 1 time(s) over the run
2026-10-07T14:47:27.3304920Z   -> PASS
2026-10-07T14:47:27.3336540Z 
2026-10-07T14:47:27.3336820Z ==> --browser-test
2026-10-07T14:47:28.7190350Z demo-mac: nav event: Starting { url: "scrying-test://history-1" }
2026-10-07T14:47:28.7191020Z demo-mac: nav event: SourceChanged { url: "scrying-test://history-1" }
2026-10-07T14:47:28.7191560Z demo-mac: js->host: loaded:history-1
2026-10-07T14:47:28.7191990Z demo-mac: browser-test: history-1 loaded
2026-10-07T14:47:28.7192540Z demo-mac: nav event: Completed { url: "scrying-test://history-1", success: true }
2026-10-07T14:47:28.7193230Z demo-mac: nav event: Starting { url: "scrying-test://history-2" }
2026-10-07T14:47:28.7193860Z demo-mac: nav event: SourceChanged { url: "scrying-test://history-2" }
2026-10-07T14:47:28.7194370Z demo-mac: js->host: loaded:history-2
2026-10-07T14:47:28.7194770Z demo-mac: browser-test: history-2 loaded
2026-10-07T14:47:28.7195320Z demo-mac: nav event: Completed { url: "scrying-test://history-2", success: true }
2026-10-07T14:47:28.7195960Z demo-mac: nav event: Starting { url: "scrying-test://history-1" }
2026-10-07T14:47:28.7196550Z demo-mac: nav event: SourceChanged { url: "scrying-test://history-1" }
2026-10-07T14:47:28.7197210Z demo-mac: nav event: Completed { url: "scrying-test://history-1", success: true }
2026-10-07T14:47:28.7197810Z demo-mac: browser-test: go_back navigated to history-1
2026-10-07T14:47:28.7199720Z demo-mac: nav event: Starting { url: "scrying-test://history-2" }
2026-10-07T14:47:28.7200380Z demo-mac: nav event: SourceChanged { url: "scrying-test://history-2" }
2026-10-07T14:47:28.7201140Z demo-mac: nav event: Completed { url: "scrying-test://history-2", success: true }
2026-10-07T14:47:28.7201740Z demo-mac: browser-test: go_forward navigated to history-2
2026-10-07T14:47:28.7202200Z demo-mac: browser-test: apply_settings ok
2026-10-07T14:47:28.7202710Z demo-mac: nav event: Starting { url: "scrying-test://find-target" }
2026-10-07T14:47:28.7203320Z demo-mac: nav event: SourceChanged { url: "scrying-test://find-target" }
2026-10-07T14:47:28.7203840Z demo-mac: js->host: loaded:find-target
2026-10-07T14:47:28.7204370Z demo-mac: nav event: Completed { url: "scrying-test://find-target", success: true }
2026-10-07T14:47:28.7204980Z demo-mac: browser-test: find_in_page matched
2026-10-07T14:47:28.7205420Z demo-mac: browser-test: PDF rendered (12150 bytes)
2026-10-07T14:47:28.7206140Z demo-mac: browser-test: PASS — items 1, 3, 4, 9 verified at runtime
2026-10-07T14:47:28.7206740Z   - history controls (go_back/go_forward observed via SourceChanged events)
2026-10-07T14:47:28.7207270Z   - settings (apply_settings returned Ok)
2026-10-07T14:47:28.7207730Z   - URL schemes (scrying-test:// served 3 pages successfully)
2026-10-07T14:47:28.7208290Z   - find_in_page → Some(true), request_pdf → 12150 bytes
2026-10-07T14:47:28.7227250Z   -> PASS
2026-10-07T14:47:28.7262060Z 
2026-10-07T14:47:28.7262570Z ==> --interaction-state-test
2026-10-07T14:47:30.4244070Z demo-mac: nav event: Starting { url: "scrying-test://history-1" }
2026-10-07T14:47:30.4244750Z demo-mac: nav event: SourceChanged { url: "scrying-test://history-1" }
2026-10-07T14:47:30.4245420Z demo-mac: nav event: Completed { url: "scrying-test://history-1", success: true }
2026-10-07T14:47:30.4245990Z demo-mac: js->host: loaded:history-1
2026-10-07T14:47:30.4246460Z demo-mac: nav event: Starting { url: "scrying-test://history-2" }
2026-10-07T14:47:30.4247100Z demo-mac: nav event: SourceChanged { url: "scrying-test://history-2" }
2026-10-07T14:47:30.4247660Z demo-mac: js->host: loaded:history-2
2026-10-07T14:47:30.4248610Z demo-mac: nav event: Completed { url: "scrying-test://history-2", success: true }
2026-10-07T14:47:30.4249310Z demo-mac: nav event: Starting { url: "scrying-test://find-target" }
2026-10-07T14:47:30.4249950Z demo-mac: nav event: SourceChanged { url: "scrying-test://find-target" }
2026-10-07T14:47:30.4250500Z demo-mac: js->host: loaded:find-target
2026-10-07T14:47:30.4251920Z demo-mac: nav event: Completed { url: "scrying-test://find-target", success: true }
2026-10-07T14:47:30.4252620Z demo-mac: interaction-state-test: serialized 1024 bytes at C
2026-10-07T14:47:30.4253190Z demo-mac: nav event: Starting { url: "scrying-test://history-2" }
2026-10-07T14:47:30.4253850Z demo-mac: nav event: SourceChanged { url: "scrying-test://history-2" }
2026-10-07T14:47:30.4254510Z demo-mac: nav event: Completed { url: "scrying-test://history-2", success: true }
2026-10-07T14:47:30.4255190Z demo-mac: nav event: Starting { url: "scrying-test://history-1" }
2026-10-07T14:47:30.4256180Z demo-mac: nav event: SourceChanged { url: "scrying-test://history-1" }
2026-10-07T14:47:30.4257200Z demo-mac: nav event: Completed { url: "scrying-test://history-1", success: true }
2026-10-07T14:47:30.4258190Z demo-mac: interaction-state-test: restore_interaction_state ok
2026-10-07T14:47:30.4259140Z demo-mac: nav event: Starting { url: "scrying-test://find-target" }
2026-10-07T14:47:30.4260520Z demo-mac: nav event: SourceChanged { url: "scrying-test://find-target" }
2026-10-07T14:47:30.4261500Z demo-mac: js->host: loaded:find-target
2026-10-07T14:47:30.4262410Z demo-mac: nav event: Completed { url: "scrying-test://find-target", success: true }
2026-10-07T14:47:30.4263380Z demo-mac: interaction-state-test: restored to C
2026-10-07T14:47:30.4264970Z demo-mac: interaction-state-test: PASS — serialize/restore round-trip verified
2026-10-07T14:47:30.4266070Z   - serialized at C (1024 bytes), navigated back to A, restore landed on C
2026-10-07T14:47:30.4267900Z   - post-restore can_go_back == true, can_go_forward == false
2026-10-07T14:47:30.4327460Z   -> PASS
2026-10-07T14:47:30.4369630Z 
2026-10-07T14:47:30.4370300Z ==> --pointer-input-test
2026-10-07T14:47:31.8482860Z demo-mac: nav event: Starting { url: "scrying-test://pointer" }
2026-10-07T14:47:31.8483540Z demo-mac: nav event: SourceChanged { url: "scrying-test://pointer" }
2026-10-07T14:47:31.8484220Z demo-mac: nav event: Completed { url: "scrying-test://pointer", success: true }
2026-10-07T14:47:31.8484800Z demo-mac: js->host: ready
2026-10-07T14:47:31.8485160Z demo-mac: pointer-input-test: page ready
2026-10-07T14:47:31.8485590Z demo-mac: js->host: ptr:down:50,718:mouse
2026-10-07T14:47:31.8485970Z demo-mac: cursor change: Default
2026-10-07T14:47:31.8486340Z demo-mac: js->host: ptr:move:75,693:mouse
2026-10-07T14:47:31.8486720Z demo-mac: js->host: ptr:up:75,693:mouse
2026-10-07T14:47:31.8487520Z demo-mac: pointer-input-test: PASS — Down/Update/Up reached JS pointer listeners
2026-10-07T14:47:31.8488180Z   - JS observed: down=true move=true up=true leave=false
2026-10-07T14:47:31.8488790Z   - WebKit reported pointerType = Some("mouse") (macOS collapses every device to mouse)
2026-10-07T14:47:31.8520470Z   -> PASS
2026-10-07T14:47:31.8553940Z 
2026-10-07T14:47:31.8554510Z ==> --incognito-test
2026-10-07T14:47:32.6326670Z demo-mac: --incognito-test: spun up persistent comparison producer
2026-10-07T14:47:32.6327490Z demo-mac: incognito-test: set_cookie 'scrying-incognito-94294' on incognito producer
2026-10-07T14:47:32.6328160Z demo-mac: incognito-test: incognito store reports 1 cookie(s)
2026-10-07T14:47:32.6328720Z demo-mac: incognito-test: persistent store reports 0 cookie(s)
2026-10-07T14:47:32.6329660Z demo-mac: incognito-test: PASS — non_persistent stores stay isolated from persistent ones
2026-10-07T14:47:32.6330430Z   - set_cookie on incognito producer was visible to its own request_all_cookies
2026-10-07T14:47:32.6331090Z   - same cookie was absent from a separate persistent producer's store
2026-10-07T14:47:32.6363290Z   -> PASS
2026-10-07T14:47:32.6397110Z 
2026-10-07T14:47:40.2428320Z ==> --download-test
2026-10-07T14:47:40.2429010Z demo-mac: download-test: serving payload at http://127.0.0.1:56596/download
2026-10-07T14:47:40.2429800Z demo-mac: download-test: auth-required payload at http://127.0.0.1:56596/download-auth
2026-10-07T14:47:40.2430500Z demo-mac: nav event: Starting { url: "http://127.0.0.1:56596/download" }
2026-10-07T14:47:40.2432750Z demo-mac: nav event: DownloadStarted { id: DownloadId(1), url: "http://127.0.0.1:56596/download", suggested_filename: "scrying-download.bin", destination_path: "/Users/markik/Code/targets/wgpu-scry-hardware/demo-mac-download-test-94312/download-output/scrying-download.bin", total_bytes_expected: Some(262144) }
2026-10-07T14:47:40.2434390Z demo-mac: nav event: Completed { url: "", success: false }
2026-10-07T14:47:40.2435120Z demo-mac: nav event: DownloadProgress { id: DownloadId(1), bytes_written: 262144, total_bytes_expected: Some(262144) }
2026-10-07T14:47:40.2436510Z demo-mac: nav event: DownloadFinished { id: DownloadId(1), destination_path: "/Users/markik/Code/targets/wgpu-scry-hardware/demo-mac-download-test-94312/download-output/scrying-download.bin", error: None }
2026-10-07T14:47:40.2438230Z demo-mac: download-test: phase A: 262144 bytes landed at /Users/markik/Code/targets/wgpu-scry-hardware/demo-mac-download-test-94312/download-output/scrying-download.bin (matches served payload)
2026-10-07T14:47:40.2439400Z demo-mac: nav event: Starting { url: "http://127.0.0.1:56596/download" }
2026-10-07T14:47:40.2439950Z demo-mac: nav event: Completed { url: "", success: false }
2026-10-07T14:47:40.2440740Z demo-mac: nav event: DownloadCancelled { id: DownloadId(2), destination_path: "", resume_data: None }
2026-10-07T14:47:40.2441540Z demo-mac: download-test: phase B: DownloadCancelled fired for id 2 after host Cancel decision
2026-10-07T14:47:40.2442280Z demo-mac: download-test: phase C: cancel_download(unknown) returned Ok(false) as expected
2026-10-07T14:47:40.2443370Z demo-mac: download-test: auth challenge for host '127.0.0.1' method 'NSURLAuthenticationMethodHTTPBasic'
2026-10-07T14:47:40.2444480Z demo-mac: nav event: AuthChallenged { url: "http://127.0.0.1:56596/download-auth", host: "127.0.0.1", auth_method: "NSURLAuthenticationMethodHTTPBasic", source: Download }
2026-10-07T14:47:40.2446480Z demo-mac: nav event: DownloadStarted { id: DownloadId(3), url: "http://127.0.0.1:56596/download-auth", suggested_filename: "scrying-download.bin", destination_path: "/Users/markik/Code/targets/wgpu-scry-hardware/demo-mac-download-test-94312/download-output/scrying-download-1.bin", total_bytes_expected: Some(262144) }
2026-10-07T14:47:40.2448250Z demo-mac: nav event: DownloadProgress { id: DownloadId(3), bytes_written: 262144, total_bytes_expected: Some(262144) }
2026-10-07T14:47:40.2449580Z demo-mac: nav event: DownloadFinished { id: DownloadId(3), destination_path: "/Users/markik/Code/targets/wgpu-scry-hardware/demo-mac-download-test-94312/download-output/scrying-download-1.bin", error: None }
2026-10-07T14:47:40.2450910Z demo-mac: download-test: phase D: auth-protected download succeeded with 262144 bytes after credentials supplied
2026-10-07T14:47:40.2451690Z demo-mac: nav event: Starting { url: "http://127.0.0.1:56596/download-slow" }
2026-10-07T14:47:40.2452500Z demo-mac: nav event: Completed { url: "", success: false }
2026-10-07T14:47:40.2454220Z demo-mac: nav event: DownloadStarted { id: DownloadId(4), url: "http://127.0.0.1:56596/download-slow", suggested_filename: "scrying-download.bin", destination_path: "/Users/markik/Code/targets/wgpu-scry-hardware/demo-mac-download-test-94312/download-output/scrying-download-2.bin", total_bytes_expected: Some(262144) }
2026-10-07T14:47:40.2455850Z demo-mac: download-test: phase E: cancel_download(4) -> Ok(true), awaiting resume_data
2026-10-07T14:47:40.2577340Z demo-mac: nav event: DownloadCancelled { id: DownloadId(4), destination_path: "/Users/markik/Code/targets/wgpu-scry-hardware/demo-mac-download-test-94312/download-output/scrying-download-2.bin", resume_data: Some([98, 112, 108, 105, 115, 116, 48, 48, 212, 1, 2, 3, 4, 5, 6, 7, 10, 88, 36, 118, 101, 114, 115, 105, 111, 110, 89, 36, 97, 114, 99, 104, 105, 118, 101, 114, 84, 36, 116, 111, 112, 88, 36, 111, 98, 106, 101, 99, 116, 115, 18, 0, 1, 134, 160, 95, 16, 15, 78, 83, 75, 101, 121, 101, 100, 65, 114, 99, 104, 105, 118, 101, 114, 209, 8, 9, 95, 16, 27, 78, 83, 75, 101, 121, 101, 100, 65, 114, 99, 104, 105, 118, 101, 82, 111, 111, 116, 79, 98, 106, 101, 99, 116, 75, 101, 121, 128, 1, 175, 16, 24, 11, 12, 39, 40, 41, 42, 43, 44, 45, 46, 47, 48, 49, 50, 54, 61, 64, 67, 68, 69, 70, 71, 72, 73, 85, 36, 110, 117, 108, 108, 211, 13, 14, 15, 16, 27, 38, 87, 78, 83, 46, 107, 101, 121, 115, 90, 78, 83, 46, 111, 98, 106, 101, 99, 116, 115, 86, 36, 99, 108, 97, 115, 115, 170, 17, 18, 19, 20, 21, 22, 23, 24, 25, 26, 128, 2, 128, 3, 128, 4, 128, 5, 128, 6, 128, 7, 128, 8, 128, 9, 128, 10, 128, 11, 170, 28, 29, 30, 31, 32, 33, 34, 35, 36, 37, 128, 12, 128, 13, 128, 15, 128, 16, 128, 17, 128, 18, 128, 19, 128, 20, 128, 21, 128, 22, 128, 23, 95, 16, 31, 78, 83, 85, 82, 76, 83, 101, 115, 115, 105, 111, 110, 82, 101, 115, 117, 109, 101, 73, 110, 102, 111, 76, 111, 99, 97, 108, 80, 97, 116, 104, 95, 16, 26, 78, 83, 85, 82, 76, 83, 101, 115, 115, 105, 111, 110, 82, 101, 115, 117, 109, 101, 82, 101, 115, 112, 111, 110, 115, 101, 95, 16, 32, 78, 83, 85, 82, 76, 83, 101, 115, 115, 105, 111, 110, 82, 101, 115, 117, 109, 101, 67, 117, 114, 114, 101, 110, 116, 82, 101, 113, 117, 101, 115, 116, 95, 16, 33, 78, 83, 85, 82, 76, 83, 101, 115, 115, 105, 111, 110, 82, 101, 115, 117, 109, 101, 79, 114, 105, 103, 105, 110, 97, 108, 82, 101, 113, 117, 101, 115, 116, 95, 16, 23, 78, 83, 85, 82, 76, 83, 101, 115, 115, 105, 111, 110, 68, 111, 119, 110, 108, 111, 97, 100, 85, 82, 76, 95, 16, 34, 78, 83, 85, 82, 76, 83, 101, 115, 115, 105, 111, 110, 82, 101, 115, 117, 109, 101, 73, 110, 102, 111, 84, 101, 109, 112, 70, 105, 108, 101, 78, 97, 109, 101, 95, 16, 31, 78, 83, 85, 82, 76, 83, 101, 115, 115, 105, 111, 110, 82, 101, 115, 117, 109, 101, 66, 121, 116, 101, 115, 82, 101, 99, 101, 105, 118, 101, 100, 95, 16, 27, 78, 83, 85, 82, 76, 83, 101, 115, 115, 105, 111, 110, 82, 101, 115, 117, 109, 101, 69, 110, 116, 105, 116, 121, 84, 97, 103, 95, 16, 29, 78, 83, 85, 82, 76, 83, 101, 115, 115, 105, 111, 110, 82, 101, 115, 117, 109, 101, 73, 110, 102, 111, 86, 101, 114, 115, 105, 111, 110, 95, 16, 36, 78, 83, 85, 82, 76, 83, 101, 115, 115, 105, 111, 110, 82, 101, 115, 117, 109, 101, 83, 101, 114, 118, 101, 114, 68, 111, 119, 110, 108, 111, 97, 100, 68, 97, 116, 101, 95, 16, 113, 47, 85, 115, 101, 114, 115, 47, 109, 97, 114, 107, 105, 107, 47, 67, 111, 100, 101, 47, 116, 97, 114, 103, 101, 116, 115, 47, 119, 103, 112, 117, 45, 115, 99, 114, 121, 45, 104, 97, 114, 100, 119, 97, 114, 101, 47, 100, 101, 109, 111, 45, 109, 97, 99, 45, 100, 111, 119, 110, 108, 111, 97, 100, 45, 116, 101, 115, 116, 45, 57, 52, 51, 49, 50, 47, 100, 111, 119, 110, 108, 111, 97, 100, 45, 111, 117, 116, 112, 117, 116, 47, 115, 99, 114, 121, 105, 110, 103, 45, 100, 111, 119, 110, 108, 111, 97, 100, 45, 50, 46, 98, 105, 110, 210, 51, 15, 52, 53, 87, 78, 83, 46, 100, 97, 116, 97, 79, 17, 7, 36, 98, 112, 108, 105, 115, 116, 48, 48, 212, 1, 2, 3, 4, 5, 6, 7, 10, 88, 36, 118, 101, 114, 115, 105, 111, 110, 89, 36, 97, 114, 99, 104, 105, 118, 101, 114, 84, 36, 116, 111, 112, 88, 36, 111, 98, 106, 101, 99, 116, 115, 18, 0, 1, 134, 160, 95, 16, 15, 78, 83, 75, 101, 121, 101, 100, 65, 114, 99, 104, 105, 118, 101, 114, 209, 8, 9, 84, 114, 111, 111, 116, 128, 1, 175, 16, 29, 11, 12, 39, 45, 46, 52, 53, 54, 55, 77, 78, 79, 80, 81, 82, 83, 84, 85, 86, 87, 88, 89, 90, 91, 92, 93, 97, 101, 105, 85, 36, 110, 117, 108, 108, 221, 13, 14, 15, 16, 17, 18, 19, 20, 21, 22, 23, 24, 25, 26, 27, 28, 29, 30, 31, 32, 33, 34, 35, 36, 37, 38, 95, 16, 31, 95, 95, 110, 115, 117, 114, 108, 114, 101, 113, 117, 101, 115, 116, 95, 112, 114, 111, 116, 111, 95, 112, 114, 111, 112, 95, 111, 98, 106, 95, 54, 95, 16, 31, 95, 95, 110, 115, 117, 114, 108, 114, 101, 113, 117, 101, 115, 116, 95, 112, 114, 111, 116, 111, 95, 112, 114, 111, 112, 95, 111, 98, 106, 95, 51, 82, 36, 50, 95, 16, 31, 95, 95, 110, 115, 117, 114, 108, 114, 101, 113, 117, 101, 115, 116, 95, 112, 114, 111, 116, 111, 95, 112, 114, 111, 112, 95, 111, 98, 106, 95, 48, 82, 36, 51, 95, 16, 31, 95, 95, 110, 115, 117, 114, 108, 114, 101, 113, 117, 101, 115, 116, 95, 112, 114, 111, 116, 111, 95, 112, 114, 111, 112, 95, 111, 98, 106, 95, 52, 86, 36, 99, 108, 97, 115, 115, 95, 16, 31, 95, 95, 110, 115, 117, 114, 108, 114, 101, 113, 117, 101, 115, 116, 95, 112, 114, 111, 116, 111, 95, 112, 114, 111, 112, 95, 111, 98, 106, 95, 49, 82, 36, 52, 82, 36, 48, 95, 16, 31, 95, 95, 110, 115, 117, 114, 108, 114, 101, 113, 117, 101, 115, 116, 95, 112, 114, 111, 116, 111, 95, 112, 114, 111, 112, 95, 111, 98, 106, 95, 53, 95, 16, 31, 95, 95, 110, 115, 117, 114, 108, 114, 101, 113, 117, 101, 115, 116, 95, 112, 114, 111, 116, 111, 95, 112, 114, 111, 112, 95, 111, 98, 106, 95, 50, 82, 36, 49, 128, 26, 128, 7, 16, 7, 128, 2, 16, 9, 128, 8, 128, 28, 128, 5, 8, 16, 8, 128, 0, 128, 6, 16, 1, 211, 40, 19, 41, 36, 43, 44, 87, 78, 83, 46, 98, 97, 115, 101, 91, 78, 83, 46, 114, 101, 108, 97, 116, 105, 118, 101, 128, 0, 128, 4, 128, 3, 95, 16, 36, 104, 116, 116, 112, 58, 47, 47, 49, 50, 55, 46, 48, 46, 48, 46, 49, 58, 53, 54, 53, 57, 54, 47, 100, 111, 119, 110, 108, 111, 97, 100, 45, 115, 108, 111, 119, 210, 47, 48, 49, 50, 90, 36, 99, 108, 97, 115, 115, 110, 97, 109, 101, 88, 36, 99, 108, 97, 115, 115, 101, 115, 85, 78, 83, 85, 82, 76, 162, 49, 51, 88, 78, 83, 79, 98, 106, 101, 99, 116, 35, 65, 200, 59, 73, 130, 223, 49, 135, 16, 0, 16, 200, 211, 56, 57, 19, 58, 67, 76, 87, 78, 83, 46, 107, 101, 121, 115, 90, 78, 83, 46, 111, 98, 106, 101, 99, 116, 115, 168, 59, 60, 61, 62, 63, 64, 65, 66, 128, 9, 128, 10, 128, 11, 128, 12, 128, 13, 128, 14, 128, 15, 128, 16, 168, 68, 69, 70, 71, 72, 73, 74, 75, 128, 17, 128, 18, 128, 19, 128, 20, 128, 21, 128, 22, 128, 23, 128, 24, 128, 25, 84, 69, 116, 97, 103, 92, 67, 111, 110, 116, 101, 110, 116, 45, 84, 121, 112, 101, 88, 95, 95, 104, 104, 97, 97, 95, 95, 93, 76, 97, 115, 116, 45, 77, 111, 100, 105, 102, 105, 101, 100, 93, 65, 99, 99, 101, 112, 116, 45, 82, 97, 110, 103, 101, 115, 95, 16, 19, 67, 111, 110, 116, 101, 110, 116, 45, 68, 105, 115, 112, 111, 115, 105, 116, 105, 111, 110, 94, 67, 111, 110, 116, 101, 110, 116, 45, 76, 101, 110, 103, 116, 104, 90, 67, 111, 110, 110, 101, 99, 116, 105, 111, 110, 95, 16, 28, 34, 115, 99, 114, 121, 105, 110, 103, 45, 116, 101, 115, 116, 45, 101, 116, 97, 103, 45, 100, 101, 97, 100, 98, 101, 101, 102, 34, 95, 16, 24, 97, 112, 112, 108, 105, 99, 97, 116, 105, 111, 110, 47, 111, 99, 116, 101, 116, 45, 115, 116, 114, 101, 97, 109, 95, 17, 1, 232, 13, 10, 13, 10, 89, 110, 66, 115, 97, 88, 78, 48, 77, 68, 68, 88, 65, 81, 73, 68, 66, 65, 85, 71, 66, 119, 103, 75, 68, 65, 52, 81, 69, 104, 82, 97, 81, 50, 57, 117, 98, 109, 86, 106, 100, 71, 108, 118, 98, 108, 120, 68, 98, 50, 53, 48, 90, 87, 53, 48, 76, 86, 82, 53, 99, 71, 86, 100, 84, 71, 70, 122, 100, 67, 49, 78, 98, 50, 82, 112, 90, 109, 108, 108, 90, 70, 49, 66, 89, 50, 78, 108, 99, 72, 81, 116, 85, 109, 70, 117, 90, 50, 86, 122, 88, 120, 65, 84, 81, 50, 57, 117, 100, 71, 86, 117, 100, 67, 49, 69, 97, 88, 78, 119, 98, 51, 78, 112, 100, 71, 108, 118, 98, 108, 53, 68, 98, 50, 53, 48, 90, 87, 53, 48, 76, 85, 120, 108, 98, 109, 100, 48, 97, 70, 82, 70, 100, 71, 70, 110, 111, 81, 108, 86, 89, 50, 120, 118, 99, 50, 87, 104, 67, 49, 56, 81, 71, 71, 70, 119, 99, 71, 120, 112, 89, 50, 70, 48, 97, 87, 57, 117, 76, 50, 57, 106, 100, 71, 86, 48, 76, 88, 78, 48, 99, 109, 86, 104, 98, 97, 69, 78, 88, 120, 65, 100, 84, 87, 57, 117, 76, 67, 65, 119, 77, 83, 66, 75, 89, 87, 52, 103, 77, 106, 65, 121, 78, 67, 65, 119, 77, 68, 111, 119, 77, 68, 111, 119, 77, 67, 66, 72, 84, 86, 83, 104, 68, 49, 86, 105, 101, 88, 82, 108, 99, 54, 69, 82, 88, 120, 65, 114, 89, 88, 82, 48, 89, 87, 78, 111, 98, 87, 86, 117, 100, 68, 115, 103, 90, 109, 108, 115, 90, 87, 53, 104, 98, 87, 85, 57, 73, 110, 78, 106, 99, 110, 108, 112, 98, 109, 99, 116, 90, 71, 57, 51, 98, 109, 120, 118, 89, 87, 81, 117, 89, 109, 108, 117, 73, 113, 69, 84, 86, 106, 73, 50, 77, 106, 69, 48, 78, 75, 69, 86, 88, 120, 65, 99, 73, 110, 78, 106, 99, 110, 108, 112, 98, 109, 99, 116, 100, 71, 86, 122, 100, 67, 49, 108, 100, 71, 70, 110, 76, 87, 82, 108, 89, 87, 82, 105, 90, 87, 86, 109, 73, 103, 65, 73, 65, 66, 99, 65, 73, 103, 65, 118, 65, 68, 48, 65, 83, 119, 66, 104, 65, 72, 65, 65, 100, 81, 66, 51, 65, 72, 48, 65, 102, 119, 67, 97, 65, 74, 119, 65, 118, 65, 67, 43, 65, 77, 81, 65, 120, 103, 68, 48, 65, 80, 89, 65, 47, 81, 68, 47, 65, 65, 65, 65, 65, 65, 65, 65, 65, 103, 69, 65, 65, 65, 65, 65, 65, 65, 65, 65, 70, 103, 65, 65, 65, 65, 65, 65, 65, 65, 65, 65, 65, 65, 65, 65, 65, 65, 65, 65, 65, 82, 52, 61, 95, 16, 29, 77, 111, 110, 44, 32, 48, 49, 32, 74, 97, 110, 32, 50, 48, 50, 52, 32, 48, 48, 58, 48, 48, 58, 48, 48, 32, 71, 77, 84, 85, 98, 121, 116, 101, 115, 95, 16, 43, 97, 116, 116, 97, 99, 104, 109, 101, 110, 116, 59, 32, 102, 105, 108, 101, 110, 97, 109, 101, 61, 34, 115, 99, 114, 121, 105, 110, 103, 45, 100, 111, 119, 110, 108, 111, 97, 100, 46, 98, 105, 110, 34, 86, 50, 54, 50, 49, 52, 52, 85, 99, 108, 111, 115, 101, 210, 47, 48, 94, 95, 95, 16, 19, 78, 83, 77, 117, 116, 97, 98, 108, 101, 68, 105, 99, 116, 105, 111, 110, 97, 114, 121, 163, 94, 96, 51, 92, 78, 83, 68, 105, 99, 116, 105, 111, 110, 97, 114, 121, 210, 19, 98, 99, 100, 89, 78, 83, 46, 115, 116, 114, 105, 110, 103, 128, 27, 95, 16, 24, 97, 112, 112, 108, 105, 99, 97, 116, 105, 111, 110, 47, 111, 99, 116, 101, 116, 45, 115, 116, 114, 101, 97, 109, 210, 47, 48, 102, 103, 95, 16, 15, 78, 83, 77, 117, 116, 97, 98, 108, 101, 83, 116, 114, 105, 110, 103, 163, 102, 104, 51, 88, 78, 83, 83, 116, 114, 105, 110, 103, 210, 47, 48, 106, 107, 95, 16, 17, 78, 83, 72, 84, 84, 80, 85, 82, 76, 82, 101, 115, 112, 111, 110, 115, 101, 163, 108, 109, 51, 95, 16, 17, 78, 83, 72, 84, 84, 80, 85, 82, 76, 82, 101, 115, 112, 111, 110, 115, 101, 93, 78, 83, 85, 82, 76, 82, 101, 115, 112, 111, 110, 115, 101, 0, 8, 0, 17, 0, 26, 0, 36, 0, 41, 0, 50, 0, 55, 0, 73, 0, 76, 0, 81, 0, 83, 0, 115, 0, 121, 0, 148, 0, 182, 0, 216, 0, 219, 0, 253, 1, 0, 1, 34, 1, 41, 1, 75, 1, 78, 1, 81, 1, 115, 1, 149, 1, 152, 1, 154, 1, 156, 1, 158, 1, 160, 1, 162, 1, 164, 1, 166, 1, 168, 1, 169, 1, 171, 1, 173, 1, 175, 1, 177, 1, 184, 1, 192, 1, 204, 1, 206, 1, 208, 1, 210, 1, 249, 1, 254, 2, 9, 2, 18, 2, 24, 2, 27, 2, 36, 2, 45, 2, 47, 2, 49, 2, 56, 2, 64, 2, 75, 2, 84, 2, 86, 2, 88, 2, 90, 2, 92, 2, 94, 2, 96, 2, 98, 2, 100, 2, 109, 2, 111, 2, 113, 2, 115, 2, 117, 2, 119, 2, 121, 2, 123, 2, 125, 2, 127, 2, 132, 2, 145, 2, 154, 2, 168, 2, 182, 2, 204, 2, 219, 2, 230, 3, 5, 3, 32, 5, 12, 5, 44, 5, 50, 5, 96, 5, 103, 5, 109, 5, 114, 5, 136, 5, 140, 5, 153, 5, 158, 5, 168, 5, 170, 5, 197, 5, 202, 5, 220, 5, 224, 5, 233, 5, 238, 6, 2, 6, 6, 6, 26, 0, 0, 0, 0, 0, 0, 2, 1, 0, 0, 0, 0, 0, 0, 0, 110, 0, 0, 0, 0, 0, 0, 0, 0, 0, 0, 0, 0, 0, 0, 6, 40, 128, 14, 210, 55, 56, 57, 58, 90, 36, 99, 108, 97, 115, 115, 110, 97, 109, 101, 88, 36, 99, 108, 97, 115, 115, 101, 115, 93, 78, 83, 77, 117, 116, 97, 98, 108, 101, 68, 97, 116, 97, 163, 57, 59, 60, 86, 78, 83, 68, 97, 116, 97, 88, 78, 83, 79, 98, 106, 101, 99, 116, 210, 51, 15, 62, 53, 79, 17, 15, 254, 98, 112, 108, 105, 115, 116, 48, 48, 212, 1, 2, 3, 4, 5, 6, 7, 10, 88, 36, 118, 101, 114, 115, 105, 111, 110, 89, 36, 97, 114, 99, 104, 105, 118, 101, 114, 84, 36, 116, 111, 112, 88, 36, 111, 98, 106, 101, 99, 116, 115, 18, 0, 1, 134, 160, 95, 16, 15, 78, 83, 75, 101, 121, 101, 100, 65, 114, 99, 104, 105, 118, 101, 114, 209, 8, 9, 95, 16, 27, 78, 83, 75, 101, 121, 101, 100, 65, 114, 99, 104, 105, 118, 101, 82, 111, 111, 116, 79, 98, 106, 101, 99, 116, 75, 101, 121, 128, 1, 175, 16, 50, 11, 12, 70, 121, 127, 128, 134, 76, 135, 139, 89, 141, 94, 142, 110, 143, 144, 168, 169, 170, 171, 172, 173, 174, 175, 176, 177, 178, 179, 180, 181, 182, 183, 184, 185, 186, 190, 204, 205, 206, 207, 208, 209, 210, 211, 212, 218, 219, 220, 223, 85, 36, 110, 117, 108, 108, 223, 16, 56, 13, 14, 15, 16, 17, 18, 19, 20, 21, 22, 23, 24, 25, 26, 27, 28, 29, 30, 31, 32, 33, 34, 35, 36, 37, 38, 39, 40, 41, 42, 43, 44, 45, 46, 47, 48, 49, 50, 51, 52, 53, 54, 55, 56, 57, 58, 59, 60, 61, 62, 63, 64, 65, 66, 67, 68, 69, 70, 71, 69, 70, 69, 70, 74, 75, 76, 77, 78, 79, 78, 77, 75, 83, 78, 85, 86, 70, 88, 89, 70, 74, 70, 70, 94, 95, 96, 97, 78, 69, 70, 75, 89, 70, 103, 104, 78, 69, 71, 94, 70, 108, 78, 110, 70, 70, 70, 114, 70, 78, 117, 70, 78, 95, 16, 24, 114, 101, 113, 117, 105, 114, 101, 115, 68, 78, 83, 83, 69, 67, 86, 97, 108, 105, 100, 97, 116, 105, 111, 110, 95, 16, 18, 105, 115, 87, 101, 98, 83, 101, 97, 114, 99, 104, 67, 111, 110, 116, 101, 110, 116, 95, 16, 31, 95, 95, 110, 115, 117, 114, 108, 114, 101, 113, 117, 101, 115, 116, 95, 112, 114, 111, 116, 111, 95, 112, 114, 111, 112, 95, 111, 98, 106, 95, 57, 95, 16, 20, 97, 108, 108, 111, 119, 101, 100, 80, 114, 111, 116, 111, 99, 111, 108, 84, 121, 112, 101, 115, 93, 98, 108, 111, 99, 107, 84, 114, 97, 99, 107, 101, 114, 115, 95, 16, 30, 97, 108, 108, 111, 119, 115, 67, 111, 110, 115, 116, 114, 97, 105, 110, 101, 100, 78, 101, 116, 119, 111, 114, 107, 65, 99, 99, 101, 115, 115, 95, 16, 19, 97, 115, 115, 117, 109, 101, 115, 72, 84, 84, 80, 51, 67, 97, 112, 97, 98, 108, 101, 95, 16, 32, 95, 95, 110, 115, 117, 114, 108, 114, 101, 113, 117, 101, 115, 116, 95, 112, 114, 111, 116, 111, 95, 112, 114, 111, 112, 95, 111, 98, 106, 95, 49, 48, 95, 16, 32, 95, 95, 110, 115, 117, 114, 108, 114, 101, 113, 117, 101, 115, 116, 95, 112, 114, 111, 116, 111, 95, 112, 114, 111, 112, 95, 111, 98, 106, 95, 49, 49, 91, 97, 116, 116, 114, 105, 98, 117, 116, 105, 111, 110, 95, 16, 32, 95, 95, 110, 115, 117, 114, 108, 114, 101, 113, 117, 101, 115, 116, 95, 112, 114, 111, 116, 111, 95, 112, 114, 111, 112, 95, 111, 98, 106, 95, 49, 50, 95, 16, 32, 95, 95, 110, 115, 117, 114, 108, 114, 101, 113, 117, 101, 115, 116, 95, 112, 114, 111, 116, 111, 95, 112, 114, 111, 112, 95, 111, 98, 106, 95, 50, 48, 95, 16, 26, 95, 95, 110, 115, 117, 114, 108, 114, 101, 113, 117, 101, 115, 116, 95, 112, 114, 111, 116, 111, 95, 112, 114, 111, 112, 115, 95, 16, 32, 95, 95, 110, 115, 117, 114, 108, 114, 101, 113, 117, 101, 115, 116, 95, 112, 114, 111, 116, 111, 95, 112, 114, 111, 112, 95, 111, 98, 106, 95, 50, 49, 95, 16, 32, 95, 95, 110, 115, 117, 114, 108, 114, 101, 113, 117, 101, 115, 116, 95, 112, 114, 111, 116, 111, 95, 112, 114, 111, 112, 95, 111, 98, 106, 95, 49, 51, 95, 16, 32, 95, 95, 110, 115, 117, 114, 108, 114, 101, 113, 117, 101, 115, 116, 95, 112, 114, 111, 116, 111, 95, 112, 114, 111, 112, 95, 111, 98, 106, 95, 49, 52, 95, 16, 32, 95, 95, 110, 115, 117, 114, 108, 114, 101, 113, 117, 101, 115, 116, 95, 112, 114, 111, 116, 111, 95, 112, 114, 111, 112, 95, 111, 98, 106, 95, 49, 53, 95, 16, 32, 95, 95, 110, 115, 117, 114, 108, 114, 101, 113, 117, 101, 115, 116, 95, 112, 114, 111, 116, 111, 95, 112, 114, 111, 112, 95, 111, 98, 106, 95, 49, 54, 95, 16, 32, 95, 95, 110, 115, 117, 114, 108, 114, 101, 113, 117, 101, 115, 116, 95, 112, 114, 111, 116, 111, 95, 112, 114, 111, 112, 95, 111, 98, 106, 95, 49, 55, 95, 16, 32, 95, 95, 110, 115, 117, 114, 108, 114, 101, 113, 117, 101, 115, 116, 95, 112, 114, 111, 116, 111, 95, 112, 114, 111, 112, 95, 111, 98, 106, 95, 49, 56, 95, 16, 22, 117, 115, 101, 69, 110, 104, 97, 110, 99, 101, 100, 80, 114, 105, 118, 97, 99, 121, 77, 111, 100, 101, 95, 16, 32, 95, 95, 110, 115, 117, 114, 108, 114, 101, 113, 117, 101, 115, 116, 95, 112, 114, 111, 116, 111, 95, 112, 114, 111, 112, 95, 111, 98, 106, 95, 49, 57, 95, 16, 37, 97, 108, 108, 111, 119, 80, 114, 105, 118, 97, 116, 101, 65, 99, 99, 101, 115, 115, 84, 111, 107, 101, 110, 115, 70, 111, 114, 84, 104, 105, 114, 100, 80, 97, 114, 116, 121, 95, 16, 19, 97, 108, 108, 111, 119, 115, 80, 101, 114, 115, 105, 115, 116, 101, 110, 116, 68, 78, 83, 95, 16, 31, 95, 95, 110, 115, 117, 114, 108, 114, 101, 113, 117, 101, 115, 116, 95, 112, 114, 111, 116, 111, 95, 112, 114, 111, 112, 95, 111, 98, 106, 95, 48, 95, 16, 30, 114, 101, 113, 117, 105, 114, 101, 115, 83, 104, 111, 114, 116, 67, 111, 110, 110, 101, 99, 116, 105, 111, 110, 84, 105, 109, 101, 111, 117, 116, 95, 16, 22, 112, 114, 105, 118, 97, 99, 121, 80, 114, 111, 120, 121, 70, 97, 105, 108, 67, 108, 111, 115, 101, 100, 95, 16, 26, 112, 97, 121, 108, 111, 97, 100, 84, 114, 97, 110, 115, 109, 105, 115, 115, 105, 111, 110, 84, 105, 109, 101, 111, 117, 116, 95, 16, 31, 95, 95, 110, 115, 117, 114, 108, 114, 101, 113, 117, 101, 115, 116, 95, 112, 114, 111, 116, 111, 95, 112, 114, 111, 112, 95, 111, 98, 106, 95, 49, 95, 16, 39, 99, 111, 110, 116, 101, 110, 116, 68, 105, 115, 112, 111, 115, 105, 116, 105, 111, 110, 69, 110, 99, 111, 100, 105, 110, 103, 70, 97, 108, 108, 98, 97, 99, 107, 65, 114, 114, 97, 121, 95, 16, 31, 95, 95, 110, 115, 117, 114, 108, 114, 101, 113, 117, 101, 115, 116, 95, 112, 114, 111, 116, 111, 95, 112, 114, 111, 112, 95, 111, 98, 106, 95, 50, 94, 116, 114, 97, 99, 107, 101, 114, 67, 111, 110, 116, 101, 120, 116, 89, 97, 108, 108, 111, 119, 115, 85, 67, 65, 95, 16, 20, 112, 114, 111, 104, 105, 98, 105, 116, 80, 114, 105, 118, 97, 99, 121, 80, 114, 111, 120, 121, 95, 16, 31, 95, 95, 110, 115, 117, 114, 108, 114, 101, 113, 117, 101, 115, 116, 95, 112, 114, 111, 116, 111, 95, 112, 114, 111, 112, 95, 111, 98, 106, 95, 51, 95, 16, 48, 112, 114, 105, 118, 97, 99, 121, 80, 114, 111, 120, 121, 70, 97, 105, 108, 67, 108, 111, 115, 101, 100, 70, 111, 114, 85, 110, 114, 101, 97, 99, 104, 97, 98, 108, 101, 78, 111, 110, 77, 97, 105, 110, 72, 111, 115, 116, 115, 95, 16, 41, 112, 114, 105, 118, 97, 99, 121, 80, 114, 111, 120, 121, 70, 97, 105, 108, 67, 108, 111, 115, 101, 100, 70, 111, 114, 85, 110, 114, 101, 97, 99, 104, 97, 98, 108, 101, 72, 111, 115, 116, 115, 86, 36, 99, 108, 97, 115, 115, 95, 16, 31, 95, 95, 110, 115, 117, 114, 108, 114, 101, 113, 117, 101, 115, 116, 95, 112, 114, 111, 116, 111, 95, 112, 114, 111, 112, 95, 111, 98, 106, 95, 52, 95, 16, 24, 98, 111, 117, 110, 100, 73, 110, 116, 101, 114, 102, 97, 99, 101, 73, 100, 101, 110, 116, 105, 102, 105, 101, 114, 95, 16, 28, 97, 108, 108, 111, 119, 115, 69, 120, 112, 101, 110, 115, 105, 118, 101, 78, 101, 116, 119, 111, 114, 107, 65, 99, 99, 101, 115, 115, 95, 16, 31, 95, 95, 110, 115, 117, 114, 108, 114, 101, 113, 117, 101, 115, 116, 95, 112, 114, 111, 116, 111, 95, 112, 114, 111, 112, 95, 111, 98, 106, 95, 53, 95, 16, 16, 115, 116, 97, 114, 116, 84, 105, 109, 101, 111, 117, 116, 84, 105, 109, 101, 95, 16, 18, 112, 114, 101, 118, 101, 110, 116, 72, 83, 84, 83, 83, 116, 111, 114, 97, 103, 101, 95, 16, 31, 95, 95, 110, 115, 117, 114, 108, 114, 101, 113, 117, 101, 115, 116, 95, 112, 114, 111, 116, 111, 95, 112, 114, 111, 112, 95, 111, 98, 106, 95, 54, 95, 16, 25, 99, 111, 111, 107, 105, 101, 80, 97, 114, 116, 105, 116, 105, 111, 110, 73, 100, 101, 110, 116, 105, 102, 105, 101, 114, 82, 36, 48, 95, 16, 34, 102, 97, 105, 108, 73, 110, 115, 101, 99, 117, 114, 101, 76, 111, 97, 100, 87, 105, 116, 104, 72, 84, 84, 80, 83, 68, 78, 83, 82, 101, 99, 111, 114, 100, 92, 107, 110, 111, 119, 110, 84, 114, 97, 99, 107, 101, 114, 90, 105, 103, 110, 111, 114, 101, 72, 83, 84, 83, 82, 36, 49, 95, 16, 27, 97, 108, 108, 111, 119, 79, 110, 108, 121, 80, 97, 114, 116, 105, 116, 105, 111, 110, 101, 100, 67, 111, 111, 107, 105, 101, 115, 95, 16, 31, 95, 95, 110, 115, 117, 114, 108, 114, 101, 113, 117, 101, 115, 116, 95, 112, 114, 111, 116, 111, 95, 112, 114, 111, 112, 95, 111, 98, 106, 95, 55, 82, 36, 50, 95, 16, 33, 115, 99, 104, 101, 109, 101, 87, 97, 115, 85, 112, 103, 114, 97, 100, 101, 100, 68, 117, 101, 84, 111, 68, 121, 110, 97, 109, 105, 99, 72, 83, 84, 83, 95, 16, 31, 95, 95, 110, 115, 117, 114, 108, 114, 101, 113, 117, 101, 115, 116, 95, 112, 114, 111, 116, 111, 95, 112, 114, 111, 112, 95, 111, 98, 106, 95, 56, 16, 0, 8, 128, 10, 8, 8, 128, 2, 128, 7, 16, 0, 128, 12, 128, 0, 128, 36, 128, 0, 128, 12, 128, 7, 128, 13, 128, 0, 128, 14, 128, 15, 8, 128, 16, 9, 8, 128, 2, 8, 8, 35, 0, 0, 0, 0, 0, 0, 0, 0, 128, 3, 128, 45, 128, 6, 128, 0, 8, 128, 7, 9, 8, 128, 49, 128, 8, 128, 0, 128, 10, 8, 128, 11, 128, 0, 16, 2, 8, 8, 8, 16, 9, 8, 128, 0, 16, 22, 8, 128, 0, 8, 211, 122, 50, 123, 78, 125, 126, 87, 78, 83, 46, 98, 97, 115, 101, 91, 78, 83, 46, 114, 101, 108, 97, 116, 105, 118, 101, 128, 0, 128, 5, 128, 4, 95, 16, 36, 104, 116, 116, 112, 58, 47, 47, 49, 50, 55, 46, 48, 46, 48, 46, 49, 58, 53, 54, 53, 57, 54, 47, 100, 111, 119, 110, 108, 111, 97, 100, 45, 115, 108, 111, 119, 210, 129, 130, 131, 132, 90, 36, 99, 108, 97, 115, 115, 110, 97, 109, 101, 88, 36, 99, 108, 97, 115, 115, 101, 115, 85, 78, 83, 85, 82, 76, 162, 131, 133, 88, 78, 83, 79, 98, 106, 101, 99, 116, 35, 64, 78, 0, 0, 0, 0, 0, 0, 211, 122, 50, 123, 78, 125, 138, 128, 0, 128, 5, 128, 9, 95, 16, 36, 104, 116, 116, 112, 58, 47, 47, 49, 50, 55, 46, 48, 46, 48, 46, 49, 58, 53, 54, 53, 57, 54, 47, 100, 111, 119, 110, 108, 111, 97, 100, 45, 115, 108, 111, 119, 9, 17, 1, 134, 16, 4, 83, 71, 69, 84, 211, 145, 146, 50, 147, 157, 167, 87, 78, 83, 46, 107, 101, 121, 115, 90, 78, 83, 46, 111, 98, 106, 101, 99, 116, 115, 169, 148, 149, 150, 151, 152, 153, 154, 155, 156, 128, 17, 128, 18, 128, 19, 128, 20, 128, 21, 128, 22, 128, 23, 128, 24, 128, 25, 169, 158, 159, 160, 161, 162, 163, 164, 165, 166, 128, 26, 128, 27, 128, 28, 128, 29, 128, 30, 128, 31, 128, 32, 128, 33, 128, 34, 128, 35, 86, 65, 99, 99, 101, 112, 116, 94, 83, 101, 99, 45, 70, 101, 116, 99, 104, 45, 83, 105, 116, 101, 88, 95, 95, 104, 104, 97, 97, 95, 95, 95, 16, 25, 85, 112, 103, 114, 97, 100, 101, 45, 73, 110, 115, 101, 99, 117, 114, 101, 45, 82, 101, 113, 117, 101, 115, 116, 115, 94, 83, 101, 99, 45, 70, 101, 116, 99, 104, 45, 77, 111, 100, 101, 90, 85, 115, 101, 114, 45, 65, 103, 101, 110, 116, 95, 16, 15, 65, 99, 99, 101, 112, 116, 45, 76, 97, 110, 103, 117, 97, 103, 101, 94, 83, 101, 99, 45, 70, 101, 116, 99, 104, 45, 68, 101, 115, 116, 95, 16, 15, 65, 99, 99, 101, 112, 116, 45, 69, 110, 99, 111, 100, 105, 110, 103, 95, 16, 63, 116, 101, 120, 116, 47, 104, 116, 109, 108, 44, 97, 112, 112, 108, 105, 99, 97, 116, 105, 111, 110, 47, 120, 104, 116, 109, 108, 43, 120, 109, 108, 44, 97, 112, 112, 108, 105, 99, 97, 116, 105, 111, 110, 47, 120, 109, 108, 59, 113, 61, 48, 46, 57, 44, 42, 47, 42, 59, 113, 61, 48, 46, 56, 84, 110, 111, 110, 101, 95, 17, 2, 108, 13, 10, 13, 10, 89, 110, 66, 115, 97, 88, 78, 48, 77, 68, 68, 89, 65, 81, 73, 68, 66, 65, 85, 71, 66, 119, 103, 74, 67, 119, 48, 80, 69, 82, 77, 86, 70, 49, 90, 66, 89, 50, 78, 108, 99, 72, 82, 101, 85, 50, 86, 106, 76, 85, 90, 108, 100, 71, 78, 111, 76, 86, 78, 112, 100, 71, 86, 102, 69, 66, 108, 86, 99, 71, 100, 121, 89, 87, 82, 108, 76, 85, 108, 117, 99, 50, 86, 106, 100, 88, 74, 108, 76, 86, 74, 108, 99, 88, 86, 108, 99, 51, 82, 122, 88, 108, 78, 108, 89, 121, 49, 71, 90, 88, 82, 106, 97, 67, 49, 78, 98, 50, 82, 108, 87, 108, 86, 122, 90, 88, 73, 116, 81, 87, 100, 108, 98, 110, 82, 102, 69, 65, 57, 66, 89, 50, 78, 108, 99, 72, 81, 116, 84, 71, 70, 117, 90, 51, 86, 104, 90, 50, 86, 101, 85, 50, 86, 106, 76, 85, 90, 108, 100, 71, 78, 111, 76, 85, 82, 108, 99, 51, 82, 102, 69, 65, 57, 66, 89, 50, 78, 108, 99, 72, 81, 116, 82, 87, 53, 106, 98, 50, 82, 112, 98, 109, 101, 104, 67, 108, 56, 81, 80, 51, 82, 108, 101, 72, 81, 118, 97, 72, 82, 116, 98, 67, 120, 104, 99, 72, 66, 115, 97, 87, 78, 104, 100, 71, 108, 118, 98, 105, 57, 52, 97, 72, 82, 116, 98, 67, 116, 52, 98, 87, 119, 115, 89, 88, 66, 119, 98, 71, 108, 106, 89, 88, 82, 112, 98, 50, 52, 118, 101, 71, 49, 115, 79, 51, 69, 57, 77, 67, 52, 53, 76, 67, 111, 118, 75, 106, 116, 120, 80, 84, 65, 117, 79, 75, 69, 77, 86, 71, 53, 118, 98, 109, 87, 104, 68, 108, 69, 120, 111, 82, 66, 89, 98, 109, 70, 50, 97, 87, 100, 104, 100, 71, 87, 104, 69, 108, 56, 81, 87, 69, 49, 118, 101, 109, 108, 115, 98, 71, 69, 118, 78, 83, 52, 119, 73, 67, 104, 78, 89, 87, 78, 112, 98, 110, 82, 118, 99, 50, 103, 55, 73, 69, 108, 117, 100, 71, 86, 115, 73, 69, 49, 104, 89, 121, 66, 80, 85, 121, 66, 89, 73, 68, 69, 119, 88, 122, 69, 49, 88, 122, 99, 112, 73, 69, 70, 119, 99, 71, 120, 108, 86, 50, 86, 105, 83, 50, 108, 48, 76, 122, 89, 119, 78, 83, 52, 120, 76, 106, 69, 49, 73, 67, 104, 76, 83, 70, 82, 78, 84, 67, 119, 103, 98, 71, 108, 114, 90, 83, 66, 72, 90, 87, 78, 114, 98, 121, 109, 104, 70, 70, 53, 108, 98, 105, 49, 86, 85, 121, 120, 108, 98, 106, 116, 120, 80, 84, 65, 117, 79, 97, 69, 87, 87, 71, 82, 118, 89, 51, 86, 116, 90, 87, 53, 48, 111, 82, 104, 100, 90, 51, 112, 112, 99, 67, 119, 103, 90, 71, 86, 109, 98, 71, 70, 48, 90, 81, 65, 73, 65, 66, 107, 65, 73, 65, 65, 118, 65, 69, 115, 65, 87, 103, 66, 108, 65, 72, 99, 65, 104, 103, 67, 89, 65, 74, 111, 65, 51, 65, 68, 101, 65, 79, 77, 65, 53, 81, 68, 110, 65, 79, 107, 65, 56, 103, 68, 48, 65, 85, 56, 66, 85, 81, 70, 103, 65, 87, 73, 66, 97, 119, 70, 116, 65, 65, 65, 65, 65, 65, 65, 65, 65, 103, 69, 65, 65, 65, 65, 65, 65, 65, 65, 65, 71, 81, 65, 65, 65, 65, 65, 65, 65, 65, 65, 65, 65, 65, 65, 65, 65, 65, 65, 65, 65, 88, 115, 61, 81, 49, 88, 110, 97, 118, 105, 103, 97, 116, 101, 95, 16, 88, 77, 111, 122, 105, 108, 108, 97, 47, 53, 46, 48, 32, 40, 77, 97, 99, 105, 110, 116, 111, 115, 104, 59, 32, 73, 110, 116, 101, 108, 32, 77, 97, 99, 32, 79, 83, 32, 88, 32, 49, 48, 95, 49, 53, 95, 55, 41, 32, 65, 112, 112, 108, 101, 87, 101, 98, 75, 105, 116, 47, 54, 48, 53, 46, 49, 46, 49, 53, 32, 40, 75, 72, 84, 77, 76, 44, 32, 108, 105, 107, 101, 32, 71, 101, 99, 107, 111, 41, 94, 101, 110, 45, 85, 83, 44, 101, 110, 59, 113, 61, 48, 46, 57, 88, 100, 111, 99, 117, 109, 101, 110, 116, 93, 103, 122, 105, 112, 44, 32, 100, 101, 102, 108, 97, 116, 101, 210, 129, 130, 187, 188, 95, 16, 19, 78, 83, 77, 117, 116, 97, 98, 108, 101, 68, 105, 99, 116, 105, 111, 110, 97, 114, 121, 163, 187, 189, 133, 92, 78, 83, 68, 105, 99, 116, 105, 111, 110, 97, 114, 121, 211, 145, 146, 50, 191, 197, 167, 165, 192, 193, 194, 195, 196, 128, 37, 128, 38, 128, 39, 128, 40, 128, 41, 165, 198, 199, 199, 201, 199, 128, 42, 128, 43, 128, 43, 128, 44, 128, 43, 128, 35, 95, 16, 42, 95, 107, 67, 70, 72, 84, 84, 80, 67, 111, 111, 107, 105, 101, 80, 111, 108, 105, 99, 121, 80, 114, 111, 112, 101, 114, 116, 121, 83, 105, 116, 101, 70, 111, 114, 67, 111, 111, 107, 105, 101, 115, 95, 16, 48, 95, 107, 67, 70, 72, 84, 84, 80, 67, 111, 111, 107, 105, 101, 80, 111, 108, 105, 99, 121, 80, 114, 111, 112, 101, 114, 116, 121, 73, 115, 84, 111, 112, 76, 101, 118, 101, 108, 78, 97, 118, 105, 103, 97, 116, 105, 111, 110, 95, 16, 21, 87, 75, 86, 101, 114, 121, 76, 111, 119, 76, 111, 97, 100, 80, 114, 105, 111, 114, 105, 116, 121, 95, 16, 24, 95, 107, 67, 70, 85, 82, 76, 67, 97, 99, 104, 101, 80, 97, 114, 116, 105, 116, 105, 111, 110, 75, 101, 121, 95, 16, 32, 107, 67, 70, 85, 82, 76, 82, 101, 113, 117, 101, 115, 116, 65, 108, 108, 111, 119, 65, 108, 108, 80, 79, 83, 84, 67, 97, 99, 104, 105, 110, 103, 95, 16, 36, 104, 116, 116, 112, 58, 47, 47, 49, 50, 55, 46, 48, 46, 48, 46, 49, 58, 53, 54, 53, 57, 54, 47, 100, 111, 119, 110, 108, 111, 97, 100, 45, 115, 108, 111, 119, 16, 1, 89, 49, 50, 55, 46, 48, 46, 48, 46, 49, 210, 146, 50, 213, 217, 163, 83, 215, 216, 128, 13, 128, 46, 128, 47, 128, 48, 16, 12, 16, 5, 210, 129, 130, 221, 222, 87, 78, 83, 65, 114, 114, 97, 121, 162, 221, 133, 210, 129, 130, 224, 225, 95, 16, 19, 78, 83, 77, 117, 116, 97, 98, 108, 101, 85, 82, 76, 82, 101, 113, 117, 101, 115, 116, 163, 226, 227, 133, 95, 16, 19, 78, 83, 77, 117, 116, 97, 98, 108, 101, 85, 82, 76, 82, 101, 113, 117, 101, 115, 116, 92, 78, 83, 85, 82, 76, 82, 101, 113, 117, 101, 115, 116, 0, 8, 0, 17, 0, 26, 0, 36, 0, 41, 0, 50, 0, 55, 0, 73, 0, 76, 0, 106, 0, 108, 0, 161, 0, 167, 1, 26, 1, 53, 1, 74, 1, 108, 1, 131, 1, 145, 1, 178, 1, 200, 1, 235, 2, 14, 2, 26, 2, 61, 2, 96, 2, 125, 2, 160, 2, 195, 2, 230, 3, 9, 3, 44, 3, 79, 3, 114, 3, 139, 3, 174, 3, 214, 3, 236, 4, 14, 4, 47, 4, 72, 4, 101, 4, 135, 4, 177, 4, 211, 4, 226, 4, 236, 5, 3, 5, 37, 5, 88, 5, 132, 5, 139, 5, 173, 5, 200, 5, 231, 6, 9, 6, 28, 6, 49, 6, 83, 6, 111, 6, 114, 6, 151, 6, 164, 6, 175, 6, 178, 6, 208, 6, 242, 6, 245, 7, 25, 7, 59, 7, 61, 7, 62, 7, 64, 7, 65, 7, 66, 7, 68, 7, 70, 7, 72, 7, 74, 7, 76, 7, 78, 7, 80, 7, 82, 7, 84, 7, 86, 7, 88, 7, 90, 7, 92, 7, 93, 7, 95, 7, 96, 7, 97, 7, 99, 7, 100, 7, 101, 7, 110, 7, 112, 7, 114, 7, 116, 7, 118, 7, 119, 7, 121, 7, 122, 7, 123, 7, 125, 7, 127, 7, 129, 7, 131, 7, 132, 7, 134, 7, 136, 7, 138, 7, 139, 7, 140, 7, 141, 7, 143, 7, 144, 7, 146, 7, 148, 7, 149, 7, 151, 7, 152, 7, 159, 7, 167, 7, 179, 7, 181, 7, 183, 7, 185, 7, 224, 7, 229, 7, 240, 7, 249, 7, 255, 8, 2, 8, 11, 8, 20, 8, 27, 8, 29, 8, 31, 8, 33, 8, 72, 8, 73, 8, 76, 8, 78, 8, 82, 8, 89, 8, 97, 8, 108, 8, 118, 8, 120, 8, 122, 8, 124, 8, 126, 8, 128, 8, 130, 8, 132, 8, 134, 8, 136, 8, 146, 8, 148, 8, 150, 8, 152, 8, 154, 8, 156, 8, 158, 8, 160, 8, 162, 8, 164, 8, 166, 8, 173, 8, 188, 8, 197, 8, 225, 8, 240, 8, 251, 9, 13, 9, 28, 9, 46, 9, 112, 9, 117, 11, 229, 11, 231, 11, 240, 12, 75, 12, 90, 12, 99, 12, 113, 12, 118, 12, 140, 12, 144, 12, 157, 12, 164, 12, 170, 12, 172, 12, 174, 12, 176, 12, 178, 12, 180, 12, 186, 12, 188, 12, 190, 12, 192, 12, 194, 12, 196, 12, 198, 12, 243, 13, 38, 13, 62, 13, 89, 13, 124, 13, 163, 13, 165, 13, 175, 13, 180, 13, 184, 13, 186, 13, 188, 13, 190, 13, 192, 13, 194, 13, 196, 13, 201, 13, 209, 13, 212, 13, 217, 13, 239, 13, 243, 14, 9, 0, 0, 0, 0, 0, 0, 2, 1, 0, 0, 0, 0, 0, 0, 0, 228, 0, 0, 0, 0, 0, 0, 0, 0, 0, 0, 0, 0, 0, 0, 14, 22, 128, 14, 210, 51, 15, 65, 53, 79, 17, 15, 45, 98, 112, 108, 105, 115, 116, 48, 48, 212, 1, 2, 3, 4, 5, 6, 7, 10, 88, 36, 118, 101, 114, 115, 105, 111, 110, 89, 36, 97, 114, 99, 104, 105, 118, 101, 114, 84, 36, 116, 111, 112, 88, 36, 111, 98, 106, 101, 99, 116, 115, 18, 0, 1, 134, 160, 95, 16, 15, 78, 83, 75, 101, 121, 101, 100, 65, 114, 99, 104, 105, 118, 101, 114, 209, 8, 9, 95, 16, 27, 78, 83, 75, 101, 121, 101, 100, 65, 114, 99, 104, 105, 118, 101, 82, 111, 111, 116, 79, 98, 106, 101, 99, 116, 75, 101, 121, 128, 1, 175, 16, 46, 11, 12, 70, 121, 127, 128, 134, 76, 135, 139, 89, 141, 94, 142, 110, 143, 144, 164, 165, 166, 167, 168, 169, 170, 171, 172, 173, 174, 175, 176, 177, 178, 182, 196, 197, 198, 199, 200, 201, 202, 203, 204, 210, 211, 212, 215, 85, 36, 110, 117, 108, 108, 223, 16, 56, 13, 14, 15, 16, 17, 18, 19, 20, 21, 22, 23, 24, 25, 26, 27, 28, 29, 30, 31, 32, 33, 34, 35, 36, 37, 38, 39, 40, 41, 42, 43, 44, 45, 46, 47, 48, 49, 50, 51, 52, 53, 54, 55, 56, 57, 58, 59, 60, 61, 62, 63, 64, 65, 66, 67, 68, 69, 70, 71, 69, 70, 69, 70, 74, 75, 76, 77, 78, 79, 78, 77, 75, 83, 78, 85, 86, 70, 88, 89, 70, 74, 70, 70, 94, 95, 96, 97, 78, 69, 70, 75, 89, 70, 103, 104, 78, 69, 71, 94, 70, 108, 78, 110, 70, 70, 70, 114, 70, 78, 117, 70, 78, 95, 16, 24, 114, 101, 113, 117, 105, 114, 101, 115, 68, 78, 83, 83, 69, 67, 86, 97, 108, 105, 100, 97, 116, 105, 111, 110, 95, 16, 18, 105, 115, 87, 101, 98, 83, 101, 97, 114, 99, 104, 67, 111, 110, 116, 101, 110, 116, 95, 16, 31, 95, 95, 110, 115, 117, 114, 108, 114, 101, 113, 117, 101, 115, 116, 95, 112, 114, 111, 116, 111, 95, 112, 114, 111, 112, 95, 111, 98, 106, 95, 57, 95, 16, 20, 97, 108, 108, 111, 119, 101, 100, 80, 114, 111, 116, 111, 99, 111, 108, 84, 121, 112, 101, 115, 93, 98, 108, 111, 99, 107, 84, 114, 97, 99, 107, 101, 114, 115, 95, 16, 30, 97, 108, 108, 111, 119, 115, 67, 111, 110, 115, 116, 114, 97, 105, 110, 101, 100, 78, 101, 116, 119, 111, 114, 107, 65, 99, 99, 101, 115, 115, 95, 16, 19, 97, 115, 115, 117, 109, 101, 115, 72, 84, 84, 80, 51, 67, 97, 112, 97, 98, 108, 101, 95, 16, 32, 95, 95, 110, 115, 117, 114, 108, 114, 101, 113, 117, 101, 115, 116, 95, 112, 114, 111, 116, 111, 95, 112, 114, 111, 112, 95, 111, 98, 106, 95, 49, 48, 95, 16, 32, 95, 95, 110, 115, 117, 114, 108, 114, 101, 113, 117, 101, 115, 116, 95, 112, 114, 111, 116, 111, 95, 112, 114, 111, 112, 95, 111, 98, 106, 95, 49, 49, 91, 97, 116, 116, 114, 105, 98, 117, 116, 105, 111, 110, 95, 16, 32, 95, 95, 110, 115, 117, 114, 108, 114, 101, 113, 117, 101, 115, 116, 95, 112, 114, 111, 116, 111, 95, 112, 114, 111, 112, 95, 111, 98, 106, 95, 49, 50, 95, 16, 32, 95, 95, 110, 115, 117, 114, 108, 114, 101, 113, 117, 101, 115, 116, 95, 112, 114, 111, 116, 111, 95, 112, 114, 111, 112, 95, 111, 98, 106, 95, 50, 48, 95, 16, 26, 95, 95, 110, 115, 117, 114, 108, 114, 101, 113, 117, 101, 115, 116, 95, 112, 114, 111, 116, 111, 95, 112, 114, 111, 112, 115, 95, 16, 32, 95, 95, 110, 115, 117, 114, 108, 114, 101, 113, 117, 101, 115, 116, 95, 112, 114, 111, 116, 111, 95, 112, 114, 111, 112, 95, 111, 98, 106, 95, 50, 49, 95, 16, 32, 95, 95, 110, 115, 117, 114, 108, 114, 101, 113, 117, 101, 115, 116, 95, 112, 114, 111, 116, 111, 95, 112, 114, 111, 112, 95, 111, 98, 106, 95, 49, 51, 95, 16, 32, 95, 95, 110, 115, 117, 114, 108, 114, 101, 113, 117, 101, 115, 116, 95, 112, 114, 111, 116, 111, 95, 112, 114, 111, 112, 95, 111, 98, 106, 95, 49, 52, 95, 16, 32, 95, 95, 110, 115, 117, 114, 108, 114, 101, 113, 117, 101, 115, 116, 95, 112, 114, 111, 116, 111, 95, 112, 114, 111, 112, 95, 111, 98, 106, 95, 49, 53, 95, 16, 32, 95, 95, 110, 115, 117, 114, 108, 114, 101, 113, 117, 101, 115, 116, 95, 112, 114, 111, 116, 111, 95, 112, 114, 111, 112, 95, 111, 98, 106, 95, 49, 54, 95, 16, 32, 95, 95, 110, 115, 117, 114, 108, 114, 101, 113, 117, 101, 115, 116, 95, 112, 114, 111, 116, 111, 95, 112, 114, 111, 112, 95, 111, 98, 106, 95, 49, 55, 95, 16, 32, 95, 95, 110, 115, 117, 114, 108, 114, 101, 113, 117, 101, 115, 116, 95, 112, 114, 111, 116, 111, 95, 112, 114, 111, 112, 95, 111, 98, 106, 95, 49, 56, 95, 16, 22, 117, 115, 101, 69, 110, 104, 97, 110, 99, 101, 100, 80, 114, 105, 118, 97, 99, 121, 77, 111, 100, 101, 95, 16, 32, 95, 95, 110, 115, 117, 114, 108, 114, 101, 113, 117, 101, 115, 116, 95, 112, 114, 111, 116, 111, 95, 112, 114, 111, 112, 95, 111, 98, 106, 95, 49, 57, 95, 16, 37, 97, 108, 108, 111, 119, 80, 114, 105, 118, 97, 116, 101, 65, 99, 99, 101, 115, 115, 84, 111, 107, 101, 110, 115, 70, 111, 114, 84, 104, 105, 114, 100, 80, 97, 114, 116, 121, 95, 16, 19, 97, 108, 108, 111, 119, 115, 80, 101, 114, 115, 105, 115, 116, 101, 110, 116, 68, 78, 83, 95, 16, 31, 95, 95, 110, 115, 117, 114, 108, 114, 101, 113, 117, 101, 115, 116, 95, 112, 114, 111, 116, 111, 95, 112, 114, 111, 112, 95, 111, 98, 106, 95, 48, 95, 16, 30, 114, 101, 113, 117, 105, 114, 101, 115, 83, 104, 111, 114, 116, 67, 111, 110, 110, 101, 99, 116, 105, 111, 110, 84, 105, 109, 101, 111, 117, 116, 95, 16, 22, 112, 114, 105, 118, 97, 99, 121, 80, 114, 111, 120, 121, 70, 97, 105, 108, 67, 108, 111, 115, 101, 100, 95, 16, 26, 112, 97, 121, 108, 111, 97, 100, 84, 114, 97, 110, 115, 109, 105, 115, 115, 105, 111, 110, 84, 105, 109, 101, 111, 117, 116, 95, 16, 31, 95, 95, 110, 115, 117, 114, 108, 114, 101, 113, 117, 101, 115, 116, 95, 112, 114, 111, 116, 111, 95, 112, 114, 111, 112, 95, 111, 98, 106, 95, 49, 95, 16, 39, 99, 111, 110, 116, 101, 110, 116, 68, 105, 115, 112, 111, 115, 105, 116, 105, 111, 110, 69, 110, 99, 111, 100, 105, 110, 103, 70, 97, 108, 108, 98, 97, 99, 107, 65, 114, 114, 97, 121, 95, 16, 31, 95, 95, 110, 115, 117, 114, 108, 114, 101, 113, 117, 101, 115, 116, 95, 112, 114, 111, 116, 111, 95, 112, 114, 111, 112, 95, 111, 98, 106, 95, 50, 94, 116, 114, 97, 99, 107, 101, 114, 67, 111, 110, 116, 101, 120, 116, 89, 97, 108, 108, 111, 119, 115, 85, 67, 65, 95, 16, 20, 112, 114, 111, 104, 105, 98, 105, 116, 80, 114, 105, 118, 97, 99, 121, 80, 114, 111, 120, 121, 95, 16, 31, 95, 95, 110, 115, 117, 114, 108, 114, 101, 113, 117, 101, 115, 116, 95, 112, 114, 111, 116, 111, 95, 112, 114, 111, 112, 95, 111, 98, 106, 95, 51, 95, 16, 48, 112, 114, 105, 118, 97, 99, 121, 80, 114, 111, 120, 121, 70, 97, 105, 108, 67, 108, 111, 115, 101, 100, 70, 111, 114, 85, 110, 114, 101, 97, 99, 104, 97, 98, 108, 101, 78, 111, 110, 77, 97, 105, 110, 72, 111, 115, 116, 115, 95, 16, 41, 112, 114, 105, 118, 97, 99, 121, 80, 114, 111, 120, 121, 70, 97, 105, 108, 67, 108, 111, 115, 101, 100, 70, 111, 114, 85, 110, 114, 101, 97, 99, 104, 97, 98, 108, 101, 72, 111, 115, 116, 115, 86, 36, 99, 108, 97, 115, 115, 95, 16, 31, 95, 95, 110, 115, 117, 114, 108, 114, 101, 113, 117, 101, 115, 116, 95, 112, 114, 111, 116, 111, 95, 112, 114, 111, 112, 95, 111, 98, 106, 95, 52, 95, 16, 24, 98, 111, 117, 110, 100, 73, 110, 116, 101, 114, 102, 97, 99, 101, 73, 100, 101, 110, 116, 105, 102, 105, 101, 114, 95, 16, 28, 97, 108, 108, 111, 119, 115, 69, 120, 112, 101, 110, 115, 105, 118, 101, 78, 101, 116, 119, 111, 114, 107, 65, 99, 99, 101, 115, 115, 95, 16, 31, 95, 95, 110, 115, 117, 114, 108, 114, 101, 113, 117, 101, 115, 116, 95, 112, 114, 111, 116, 111, 95, 112, 114, 111, 112, 95, 111, 98, 106, 95, 53, 95, 16, 16, 115, 116, 97, 114, 116, 84, 105, 109, 101, 111, 117, 116, 84, 105, 109, 101, 95, 16, 18, 112, 114, 101, 118, 101, 110, 116, 72, 83, 84, 83, 83, 116, 111, 114, 97, 103, 101, 95, 16, 31, 95, 95, 110, 115, 117, 114, 108, 114, 101, 113, 117, 101, 115, 116, 95, 112, 114, 111, 116, 111, 95, 112, 114, 111, 112, 95, 111, 98, 106, 95, 54, 95, 16, 25, 99, 111, 111, 107, 105, 101, 80, 97, 114, 116, 105, 116, 105, 111, 110, 73, 100, 101, 110, 116, 105, 102, 105, 101, 114, 82, 36, 48, 95, 16, 34, 102, 97, 105, 108, 73, 110, 115, 101, 99, 117, 114, 101, 76, 111, 97, 100, 87, 105, 116, 104, 72, 84, 84, 80, 83, 68, 78, 83, 82, 101, 99, 111, 114, 100, 92, 107, 110, 111, 119, 110, 84, 114, 97, 99, 107, 101, 114, 90, 105, 103, 110, 111, 114, 101, 72, 83, 84, 83, 82, 36, 49, 95, 16, 27, 97, 108, 108, 111, 119, 79, 110, 108, 121, 80, 97, 114, 116, 105, 116, 105, 111, 110, 101, 100, 67, 111, 111, 107, 105, 101, 115, 95, 16, 31, 95, 95, 110, 115, 117, 114, 108, 114, 101, 113, 117, 101, 115, 116, 95, 112, 114, 111, 116, 111, 95, 112, 114, 111, 112, 95, 111, 98, 106, 95, 55, 82, 36, 50, 95, 16, 33, 115, 99, 104, 101, 109, 101, 87, 97, 115, 85, 112, 103, 114, 97, 100, 101, 100, 68, 117, 101, 84, 111, 68, 121, 110, 97, 109, 105, 99, 72, 83, 84, 83, 95, 16, 31, 95, 95, 110, 115, 117, 114, 108, 114, 101, 113, 117, 101, 115, 116, 95, 112, 114, 111, 116, 111, 95, 112, 114, 111, 112, 95, 111, 98, 106, 95, 56, 16, 0, 8, 128, 10, 8, 8, 128, 2, 128, 7, 16, 0, 128, 12, 128, 0, 128, 32, 128, 0, 128, 12, 128, 7, 128, 13, 128, 0, 128, 14, 128, 15, 8, 128, 16, 9, 8, 128, 2, 8, 8, 35, 0, 0, 0, 0, 0, 0, 0, 0, 128, 3, 128, 41, 128, 6, 128, 0, 8, 128, 7, 9, 8, 128, 45, 128, 8, 128, 0, 128, 10, 8, 128, 11, 128, 0, 16, 2, 8, 8, 8, 16, 9, 8, 128, 0, 16, 22, 8, 128, 0, 8, 211, 122, 50, 123, 78, 125, 126, 87, 78, 83, 46, 98, 97, 115, 101, 91, 78, 83, 46, 114, 101, 108, 97, 116, 105, 118, 101, 128, 0, 128, 5, 128, 4, 95, 16, 36, 104, 116, 116, 112, 58, 47, 47, 49, 50, 55, 46, 48, 46, 48, 46, 49, 58, 53, 54, 53, 57, 54, 47, 100, 111, 119, 110, 108, 111, 97, 100, 45, 115, 108, 111, 119, 210, 129, 130, 131, 132, 90, 36, 99, 108, 97, 115, 115, 110, 97, 109, 101, 88, 36, 99, 108, 97, 115, 115, 101, 115, 85, 78, 83, 85, 82, 76, 162, 131, 133, 88, 78, 83, 79, 98, 106, 101, 99, 116, 35, 64, 78, 0, 0, 0, 0, 0, 0, 211, 122, 50, 123, 78, 125, 138, 128, 0, 128, 5, 128, 9, 95, 16, 36, 104, 116, 116, 112, 58, 47, 47, 49, 50, 55, 46, 48, 46, 48, 46, 49, 58, 53, 54, 53, 57, 54, 47, 100, 111, 119, 110, 108, 111, 97, 100, 45, 115, 108, 111, 119, 9, 17, 1, 134, 16, 4, 83, 71, 69, 84, 211, 145, 146, 50, 147, 155, 163, 87, 78, 83, 46, 107, 101, 121, 115, 90, 78, 83, 46, 111, 98, 106, 101, 99, 116, 115, 167, 148, 149, 150, 151, 152, 153, 154, 128, 17, 128, 18, 128, 19, 128, 20, 128, 21, 128, 22, 128, 23, 167, 156, 157, 158, 159, 160, 161, 162, 128, 24, 128, 25, 128, 26, 128, 27, 128, 28, 128, 29, 128, 30, 128, 31, 86, 65, 99, 99, 101, 112, 116, 94, 83, 101, 99, 45, 70, 101, 116, 99, 104, 45, 83, 105, 116, 101, 88, 95, 95, 104, 104, 97, 97, 95, 95, 95, 16, 25, 85, 112, 103, 114, 97, 100, 101, 45, 73, 110, 115, 101, 99, 117, 114, 101, 45, 82, 101, 113, 117, 101, 115, 116, 115, 94, 83, 101, 99, 45, 70, 101, 116, 99, 104, 45, 77, 111, 100, 101, 90, 85, 115, 101, 114, 45, 65, 103, 101, 110, 116, 94, 83, 101, 99, 45, 70, 101, 116, 99, 104, 45, 68, 101, 115, 116, 95, 16, 63, 116, 101, 120, 116, 47, 104, 116, 109, 108, 44, 97, 112, 112, 108, 105, 99, 97, 116, 105, 111, 110, 47, 120, 104, 116, 109, 108, 43, 120, 109, 108, 44, 97, 112, 112, 108, 105, 99, 97, 116, 105, 111, 110, 47, 120, 109, 108, 59, 113, 61, 48, 46, 57, 44, 42, 47, 42, 59, 113, 61, 48, 46, 56, 84, 110, 111, 110, 101, 95, 17, 1, 252, 13, 10, 13, 10, 89, 110, 66, 115, 97, 88, 78, 48, 77, 68, 68, 87, 65, 81, 73, 68, 66, 65, 85, 71, 66, 119, 107, 76, 68, 81, 56, 82, 88, 108, 78, 108, 89, 121, 49, 71, 90, 88, 82, 106, 97, 67, 49, 69, 90, 88, 78, 48, 87, 108, 86, 122, 90, 88, 73, 116, 81, 87, 100, 108, 98, 110, 82, 102, 69, 66, 108, 86, 99, 71, 100, 121, 89, 87, 82, 108, 76, 85, 108, 117, 99, 50, 86, 106, 100, 88, 74, 108, 76, 86, 74, 108, 99, 88, 86, 108, 99, 51, 82, 122, 86, 107, 70, 106, 89, 50, 86, 119, 100, 70, 53, 84, 90, 87, 77, 116, 82, 109, 86, 48, 89, 50, 103, 116, 85, 50, 108, 48, 90, 86, 53, 84, 90, 87, 77, 116, 82, 109, 86, 48, 89, 50, 103, 116, 84, 87, 57, 107, 90, 97, 69, 73, 87, 71, 82, 118, 89, 51, 86, 116, 90, 87, 53, 48, 111, 81, 112, 102, 69, 70, 104, 78, 98, 51, 112, 112, 98, 71, 120, 104, 76, 122, 85, 117, 77, 67, 65, 111, 84, 87, 70, 106, 97, 87, 53, 48, 98, 51, 78, 111, 79, 121, 66, 74, 98, 110, 82, 108, 98, 67, 66, 78, 89, 87, 77, 103, 84, 49, 77, 103, 87, 67, 65, 120, 77, 70, 56, 120, 78, 86, 56, 51, 75, 83, 66, 66, 99, 72, 66, 115, 90, 86, 100, 108, 89, 107, 116, 112, 100, 67, 56, 50, 77, 68, 85, 117, 77, 83, 52, 120, 78, 83, 65, 111, 83, 48, 104, 85, 84, 85, 119, 115, 73, 71, 120, 112, 97, 50, 85, 103, 82, 50, 86, 106, 97, 50, 56, 112, 111, 81, 120, 82, 77, 97, 69, 79, 88, 120, 65, 47, 100, 71, 86, 52, 100, 67, 57, 111, 100, 71, 49, 115, 76, 71, 70, 119, 99, 71, 120, 112, 89, 50, 70, 48, 97, 87, 57, 117, 76, 51, 104, 111, 100, 71, 49, 115, 75, 51, 104, 116, 98, 67, 120, 104, 99, 72, 66, 115, 97, 87, 78, 104, 100, 71, 108, 118, 98, 105, 57, 52, 98, 87, 119, 55, 99, 84, 48, 119, 76, 106, 107, 115, 75, 105, 56, 113, 79, 51, 69, 57, 77, 67, 52, 52, 111, 82, 66, 85, 98, 109, 57, 117, 90, 97, 69, 83, 87, 71, 53, 104, 100, 109, 108, 110, 89, 88, 82, 108, 65, 65, 103, 65, 70, 81, 65, 107, 65, 67, 56, 65, 83, 119, 66, 83, 65, 71, 69, 65, 99, 65, 66, 121, 65, 72, 115, 65, 102, 81, 68, 89, 65, 78, 111, 65, 51, 65, 68, 101, 65, 83, 65, 66, 73, 103, 69, 110, 65, 83, 107, 65, 65, 65, 65, 65, 65, 65, 65, 67, 65, 81, 65, 65, 65, 65, 65, 65, 65, 65, 65, 84, 65, 65, 65, 65, 65, 65, 65, 65, 65, 65, 65, 65, 65, 65, 65, 65, 65, 65, 65, 66, 77, 103, 61, 61, 81, 49, 88, 110, 97, 118, 105, 103, 97, 116, 101, 95, 16, 88, 77, 111, 122, 105, 108, 108, 97, 47, 53, 46, 48, 32, 40, 77, 97, 99, 105, 110, 116, 111, 115, 104, 59, 32, 73, 110, 116, 101, 108, 32, 77, 97, 99, 32, 79, 83, 32, 88, 32, 49, 48, 95, 49, 53, 95, 55, 41, 32, 65, 112, 112, 108, 101, 87, 101, 98, 75, 105, 116, 47, 54, 48, 53, 46, 49, 46, 49, 53, 32, 40, 75, 72, 84, 77, 76, 44, 32, 108, 105, 107, 101, 32, 71, 101, 99, 107, 111, 41, 88, 100, 111, 99, 117, 109, 101, 110, 116, 210, 129, 130, 179, 180, 95, 16, 19, 78, 83, 77, 117, 116, 97, 98, 108, 101, 68, 105, 99, 116, 105, 111, 110, 97, 114, 121, 163, 179, 181, 133, 92, 78, 83, 68, 105, 99, 116, 105, 111, 110, 97, 114, 121, 211, 145, 146, 50, 183, 189, 163, 165, 184, 185, 186, 187, 188, 128, 33, 128, 34, 128, 35, 128, 36, 128, 37, 165, 190, 191, 191, 193, 191, 128, 38, 128, 39, 128, 39, 128, 40, 128, 39, 128, 31, 95, 16, 42, 95, 107, 67, 70, 72, 84, 84, 80, 67, 111, 111, 107, 105, 101, 80, 111, 108, 105, 99, 121, 80, 114, 111, 112, 101, 114, 116, 121, 83, 105, 116, 101, 70, 111, 114, 67, 111, 111, 107, 105, 101, 115, 95, 16, 48, 95, 107, 67, 70, 72, 84, 84, 80, 67, 111, 111, 107, 105, 101, 80, 111, 108, 105, 99, 121, 80, 114, 111, 112, 101, 114, 116, 121, 73, 115, 84, 111, 112, 76, 101, 118, 101, 108, 78, 97, 118, 105, 103, 97, 116, 105, 111, 110, 95, 16, 21, 87, 75, 86, 101, 114, 121, 76, 111, 119, 76, 111, 97, 100, 80, 114, 105, 111, 114, 105, 116, 121, 95, 16, 24, 95, 107, 67, 70, 85, 82, 76, 67, 97, 99, 104, 101, 80, 97, 114, 116, 105, 116, 105, 111, 110, 75, 101, 121, 95, 16, 32, 107, 67, 70, 85, 82, 76, 82, 101, 113, 117, 101, 115, 116, 65, 108, 108, 111, 119, 65, 108, 108, 80, 79, 83, 84, 67, 97, 99, 104, 105, 110, 103, 95, 16, 36, 104, 116, 116, 112, 58, 47, 47, 49, 50, 55, 46, 48, 46, 48, 46, 49, 58, 53, 54, 53, 57, 54, 47, 100, 111, 119, 110, 108, 111, 97, 100, 45, 115, 108, 111, 119, 16, 1, 89, 49, 50, 55, 46, 48, 46, 48, 46, 49, 210, 146, 50, 205, 209, 163, 83, 207, 208, 128, 13, 128, 42, 128, 43, 128, 44, 16, 12, 16, 5, 210, 129, 130, 213, 214, 87, 78, 83, 65, 114, 114, 97, 121, 162, 213, 133, 210, 129, 130, 216, 217, 95, 16, 19, 78, 83, 77, 117, 116, 97, 98, 108, 101, 85, 82, 76, 82, 101, 113, 117, 101, 115, 116, 163, 218, 219, 133, 95, 16, 19, 78, 83, 77, 117, 116, 97, 98, 108, 101, 85, 82, 76, 82, 101, 113, 117, 101, 115, 116, 92, 78, 83, 85, 82, 76, 82, 101, 113, 117, 101, 115, 116, 0, 8, 0, 17, 0, 26, 0, 36, 0, 41, 0, 50, 0, 55, 0, 73, 0, 76, 0, 106, 0, 108, 0, 157, 0, 163, 1, 22, 1, 49, 1, 70, 1, 104, 1, 127, 1, 141, 1, 174, 1, 196, 1, 231, 2, 10, 2, 22, 2, 57, 2, 92, 2, 121, 2, 156, 2, 191, 2, 226, 3, 5, 3, 40, 3, 75, 3, 110, 3, 135, 3, 170, 3, 210, 3, 232, 4, 10, 4, 43, 4, 68, 4, 97, 4, 131, 4, 173, 4, 207, 4, 222, 4, 232, 4, 255, 5, 33, 5, 84, 5, 128, 5, 135, 5, 169, 5, 196, 5, 227, 6, 5, 6, 24, 6, 45, 6, 79, 6, 107, 6, 110, 6, 147, 6, 160, 6, 171, 6, 174, 6, 204, 6, 238, 6, 241, 7, 21, 7, 55, 7, 57, 7, 58, 7, 60, 7, 61, 7, 62, 7, 64, 7, 66, 7, 68, 7, 70, 7, 72, 7, 74, 7, 76, 7, 78, 7, 80, 7, 82, 7, 84, 7, 86, 7, 88, 7, 89, 7, 91, 7, 92, 7, 93, 7, 95, 7, 96, 7, 97, 7, 106, 7, 108, 7, 110, 7, 112, 7, 114, 7, 115, 7, 117, 7, 118, 7, 119, 7, 121, 7, 123, 7, 125, 7, 127, 7, 128, 7, 130, 7, 132, 7, 134, 7, 135, 7, 136, 7, 137, 7, 139, 7, 140, 7, 142, 7, 144, 7, 145, 7, 147, 7, 148, 7, 155, 7, 163, 7, 175, 7, 177, 7, 179, 7, 181, 7, 220, 7, 225, 7, 236, 7, 245, 7, 251, 7, 254, 8, 7, 8, 16, 8, 23, 8, 25, 8, 27, 8, 29, 8, 68, 8, 69, 8, 72, 8, 74, 8, 78, 8, 85, 8, 93, 8, 104, 8, 112, 8, 114, 8, 116, 8, 118, 8, 120, 8, 122, 8, 124, 8, 126, 8, 134, 8, 136, 8, 138, 8, 140, 8, 142, 8, 144, 8, 146, 8, 148, 8, 150, 8, 157, 8, 172, 8, 181, 8, 209, 8, 224, 8, 235, 8, 250, 9, 60, 9, 65, 11, 65, 11, 67, 11, 76, 11, 167, 11, 176, 11, 181, 11, 203, 11, 207, 11, 220, 11, 227, 11, 233, 11, 235, 11, 237, 11, 239, 11, 241, 11, 243, 11, 249, 11, 251, 11, 253, 11, 255, 12, 1, 12, 3, 12, 5, 12, 50, 12, 101, 12, 125, 12, 152, 12, 187, 12, 226, 12, 228, 12, 238, 12, 243, 12, 247, 12, 249, 12, 251, 12, 253, 12, 255, 13, 1, 13, 3, 13, 8, 13, 16, 13, 19, 13, 24, 13, 46, 13, 50, 13, 72, 0, 0, 0, 0, 0, 0, 2, 1, 0, 0, 0, 0, 0, 0, 0, 220, 0, 0, 0, 0, 0, 0, 0, 0, 0, 0, 0, 0, 0, 0, 13, 85, 128, 14, 95, 16, 36, 104, 116, 116, 112, 58, 47, 47, 49, 50, 55, 46, 48, 46, 48, 46, 49, 58, 53, 54, 53, 57, 54, 47, 100, 111, 119, 110, 108, 111, 97, 100, 45, 115, 108, 111, 119, 95, 16, 22, 115, 99, 114, 121, 105, 110, 103, 45, 100, 111, 119, 110, 108, 111, 97, 100, 45, 50, 46, 98, 105, 110, 18, 0, 1, 0, 0, 95, 16, 28, 34, 115, 99, 114, 121, 105, 110, 103, 45, 116, 101, 115, 116, 45, 101, 116, 97, 103, 45, 100, 101, 97, 100, 98, 101, 101, 102, 34, 16, 6, 95, 16, 29, 77, 111, 110, 44, 32, 48, 49, 32, 74, 97, 110, 32, 50, 48, 50, 52, 32, 48, 48, 58, 48, 48, 58, 48, 48, 32, 71, 77, 84, 210, 55, 56, 74, 75, 95, 16, 19, 78, 83, 77, 117, 116, 97, 98, 108, 101, 68, 105, 99, 116, 105, 111, 110, 97, 114, 121, 163, 74, 76, 60, 92, 78, 83, 68, 105, 99, 116, 105, 111, 110, 97, 114, 121, 0, 8, 0, 17, 0, 26, 0, 36, 0, 41, 0, 50, 0, 55, 0, 73, 0, 76, 0, 106, 0, 108, 0, 135, 0, 141, 0, 148, 0, 156, 0, 167, 0, 174, 0, 185, 0, 187, 0, 189, 0, 191, 0, 193, 0, 195, 0, 197, 0, 199, 0, 201, 0, 203, 0, 205, 0, 216, 0, 218, 0, 220, 0, 222, 0, 224, 0, 226, 0, 228, 0, 230, 0, 232, 0, 234, 0, 236, 0, 238, 1, 16, 1, 45, 1, 80, 1, 116, 1, 142, 1, 179, 1, 213, 1, 243, 2, 19, 2, 58, 2, 174, 2, 179, 2, 187, 9, 227, 9, 229, 9, 234, 9, 245, 9, 254, 10, 12, 10, 16, 10, 23, 10, 32, 10, 37, 26, 39, 26, 41, 26, 46, 41, 95, 41, 97, 41, 136, 41, 161, 41, 166, 41, 197, 41, 199, 41, 231, 41, 236, 42, 2, 42, 6, 0, 0, 0, 0, 0, 0, 2, 1, 0, 0, 0, 0, 0, 0, 0, 77, 0, 0, 0, 0, 0, 0, 0, 0, 0, 0, 0, 0, 0, 0, 42, 19]) }
2026-10-07T14:47:40.2693690Z demo-mac: download-test: phase E: DownloadCancelled with 10957 bytes of resume_data
2026-10-07T14:47:40.2694350Z demo-mac: download-test: phase E: resume_download issued, resumed id = 5
2026-10-07T14:47:40.2695840Z demo-mac: nav event: DownloadStarted { id: DownloadId(5), url: "", suggested_filename: "scrying-download-2.bin", destination_path: "/Users/markik/Code/targets/wgpu-scry-hardware/demo-mac-download-test-94312/download-output/scrying-download-2.bin", total_bytes_expected: None }
2026-10-07T14:47:40.2697480Z demo-mac: nav event: DownloadProgress { id: DownloadId(5), bytes_written: 262144, total_bytes_expected: None }
2026-10-07T14:47:40.2698790Z demo-mac: nav event: DownloadFinished { id: DownloadId(5), destination_path: "/Users/markik/Code/targets/wgpu-scry-hardware/demo-mac-download-test-94312/download-output/scrying-download-2.bin", error: None }
2026-10-07T14:47:40.2700120Z demo-mac: download-test: phase E: resumed download produced 262144 bytes matching the expected payload
2026-10-07T14:47:40.2701070Z demo-mac: download-test: PASS — item 8 download pipeline verified
2026-10-07T14:47:40.2701780Z   - basic: DownloadStarted/Progress/Finished events landed with id 1 and bytes match served payload
2026-10-07T14:47:40.2702570Z   - host Cancel decision: DownloadCancelled fired (no Started, no Finished) for id 2
2026-10-07T14:47:40.2703230Z   - cancel_download(unknown_id): returned Ok(false) as expected
2026-10-07T14:47:40.2704600Z   - basic-auth download via start_download: shared auth handler supplied credentials, download succeeded (download-level auth callback fired = true)
2026-10-07T14:47:40.2705640Z   - resume: cancelled mid-stream (id 4), resume_download produced complete bytes (resumed id 5)
2026-10-07T14:47:40.2706230Z   -> PASS
2026-10-07T14:47:40.2706520Z 
2026-10-07T14:47:40.2706640Z ==> --profile-test
2026-10-07T14:47:41.0535390Z demo-mac: --profile-test: spun up persistent counterpart at same data_dir
2026-10-07T14:47:41.0536110Z demo-mac: profile-test: set_cookie 'scrying-profile-94419' on producer #1
2026-10-07T14:47:41.0536720Z demo-mac: profile-test: producer #1 store reports 1 cookie(s)
2026-10-07T14:47:41.0537260Z demo-mac: profile-test: producer #2 store reports 1 cookie(s)
2026-10-07T14:47:41.0538130Z demo-mac: profile-test: PASS — persistent stores at the same data_dir share cookies
2026-10-07T14:47:41.0538800Z   - set_cookie on producer #1 was visible to its own request_all_cookies
2026-10-07T14:47:41.0539460Z   - same cookie was visible to a separate persistent producer at the same data_dir
2026-10-07T14:47:41.0574000Z   -> PASS
2026-10-07T14:47:41.0609490Z 
2026-10-07T14:47:41.0609950Z ==> --two-tabs
2026-10-07T14:47:49.8764900Z demo-mac: --two-tabs: spun up second producer
2026-10-07T14:47:49.8765570Z demo-mac: nav event: Starting { url: "scrying-test://history-1" }
2026-10-07T14:47:49.8766810Z demo-mac: [tab2] nav event: Starting { url: "scrying-test://history-2" }
2026-10-07T14:47:49.8767440Z demo-mac: nav event: SourceChanged { url: "scrying-test://history-1" }
2026-10-07T14:47:49.8768090Z demo-mac: [tab2] nav event: SourceChanged { url: "scrying-test://history-2" }
2026-10-07T14:47:49.8768780Z demo-mac: nav event: Completed { url: "scrying-test://history-1", success: true }
2026-10-07T14:47:49.8769340Z demo-mac: js->host: loaded:history-1
2026-10-07T14:47:49.8769880Z demo-mac: [tab2] nav event: Completed { url: "scrying-test://history-2", success: true }
2026-10-07T14:47:49.8770470Z demo-mac: [tab2] js->host: loaded:history-2
2026-10-07T14:47:49.8771450Z demo-mac: two-tabs: PASS — multi-instance independence verified (3 tab-1 urls, 3 tab-2 urls, no cross-talk)
2026-10-07T14:47:49.8805940Z   -> PASS
2026-10-07T14:47:49.8841640Z 
2026-10-07T14:47:49.8842300Z ==> --capture-test
2026-10-07T14:48:23.7159210Z demo-mac: started loading scrying-test://capture
2026-10-07T14:48:23.7159870Z demo-mac: nav event: Starting { url: "scrying-test://capture" }
2026-10-07T14:48:23.7160440Z demo-mac: nav event: SourceChanged { url: "scrying-test://capture" }
2026-10-07T14:48:23.7161020Z demo-mac: nav event: Completed { url: "scrying-test://capture", success: true }
2026-10-07T14:48:23.7161510Z demo-mac: start_capture_async kicked off
2026-10-07T14:48:23.7162130Z demo-mac: capture activity at 0.00s: frames=0, complete=1, idle=0, visible=Some(true), minimized=Some(false), focused=false
2026-10-07T14:48:23.7163050Z demo-mac: capture activity at 1.00s: frames=3, complete=3, idle=55, visible=Some(true), minimized=Some(false), focused=false
2026-10-07T14:48:23.7163970Z demo-mac: capture activity at 2.00s: frames=3, complete=3, idle=113, visible=Some(true), minimized=Some(false), focused=false
2026-10-07T14:48:23.7164880Z demo-mac: capture activity at 3.00s: frames=3, complete=3, idle=171, visible=Some(true), minimized=Some(false), focused=false
2026-10-07T14:48:23.7165810Z demo-mac: capture activity at 4.00s: frames=3, complete=3, idle=229, visible=Some(true), minimized=Some(false), focused=false
2026-10-07T14:48:23.7166730Z demo-mac: capture activity at 5.00s: frames=3, complete=3, idle=287, visible=Some(true), minimized=Some(false), focused=false
2026-10-07T14:48:23.7167640Z demo-mac: capture activity at 6.00s: frames=3, complete=3, idle=345, visible=Some(true), minimized=Some(false), focused=false
2026-10-07T14:48:23.7168550Z demo-mac: capture activity at 7.00s: frames=3, complete=3, idle=403, visible=Some(true), minimized=Some(false), focused=false
2026-10-07T14:48:23.7170150Z demo-mac: capture activity at 8.00s: frames=3, complete=3, idle=461, visible=Some(true), minimized=Some(false), focused=false
2026-10-07T14:48:23.7171080Z demo-mac: capture activity at 9.00s: frames=3, complete=3, idle=519, visible=Some(true), minimized=Some(false), focused=false
2026-10-07T14:48:23.7171990Z demo-mac: capture activity at 10.00s: frames=3, complete=3, idle=577, visible=Some(true), minimized=Some(false), focused=false
2026-10-07T14:48:23.7173010Z demo-mac: capture activity at 11.00s: frames=3, complete=3, idle=635, visible=Some(true), minimized=Some(false), focused=false
2026-10-07T14:48:23.7173900Z demo-mac: capture activity at 12.00s: frames=3, complete=3, idle=694, visible=Some(true), minimized=Some(false), focused=false
2026-10-07T14:48:23.7174800Z demo-mac: capture activity at 13.00s: frames=3, complete=3, idle=752, visible=Some(true), minimized=Some(false), focused=false
2026-10-07T14:48:23.7175770Z demo-mac: capture activity at 14.00s: frames=3, complete=3, idle=810, visible=Some(true), minimized=Some(false), focused=false
2026-10-07T14:48:23.7176620Z demo-mac: capture activity at 15.00s: frames=3, complete=3, idle=868, visible=Some(true), minimized=Some(false), focused=false
2026-10-07T14:48:23.7177470Z demo-mac: capture activity at 16.00s: frames=3, complete=3, idle=926, visible=Some(true), minimized=Some(false), focused=false
2026-10-07T14:48:23.7178580Z demo-mac: capture activity at 17.00s: frames=3, complete=3, idle=984, visible=Some(true), minimized=Some(false), focused=false
2026-10-07T14:48:23.7179940Z demo-mac: capture activity at 18.00s: frames=3, complete=3, idle=1042, visible=Some(true), minimized=Some(false), focused=false
2026-10-07T14:48:23.7180870Z demo-mac: capture activity at 19.00s: frames=3, complete=3, idle=1100, visible=Some(true), minimized=Some(false), focused=false
2026-10-07T14:48:23.7181800Z demo-mac: capture activity at 20.00s: frames=3, complete=3, idle=1158, visible=Some(true), minimized=Some(false), focused=false
2026-10-07T14:48:23.7182730Z demo-mac: capture activity at 21.00s: frames=3, complete=3, idle=1216, visible=Some(true), minimized=Some(false), focused=false
2026-10-07T14:48:23.7183640Z demo-mac: capture activity at 22.00s: frames=3, complete=3, idle=1274, visible=Some(true), minimized=Some(false), focused=false
2026-10-07T14:48:23.7184560Z demo-mac: capture activity at 23.00s: frames=3, complete=3, idle=1333, visible=Some(true), minimized=Some(false), focused=false
2026-10-07T14:48:23.7185490Z demo-mac: capture activity at 24.00s: frames=3, complete=3, idle=1391, visible=Some(true), minimized=Some(false), focused=false
2026-10-07T14:48:23.7186420Z demo-mac: capture activity at 25.00s: frames=3, complete=3, idle=1449, visible=Some(true), minimized=Some(false), focused=false
2026-10-07T14:48:23.7187350Z demo-mac: capture activity at 26.00s: frames=3, complete=3, idle=1507, visible=Some(true), minimized=Some(false), focused=false
2026-10-07T14:48:23.7188280Z demo-mac: capture activity at 27.00s: frames=3, complete=3, idle=1565, visible=Some(true), minimized=Some(false), focused=false
2026-10-07T14:48:23.7189220Z demo-mac: capture activity at 28.00s: frames=3, complete=3, idle=1623, visible=Some(true), minimized=Some(false), focused=false
2026-10-07T14:48:23.7190150Z demo-mac: capture activity at 29.00s: frames=3, complete=3, idle=1682, visible=Some(true), minimized=Some(false), focused=false
2026-10-07T14:48:23.7190780Z demo-mac: capture-test: FAIL
2026-10-07T14:48:23.7191230Z   - captured 3 frame(s) within 30s without observing 5 frame(s) at every expected size
2026-10-07T14:48:23.7191770Z   - observed 3 frame(s) at 1024x1536, expected at least 5
2026-10-07T14:48:23.7192590Z   - pre-import frame diagnostics: no-latest-sample=568187, no-image-payload=1740, config-revision-pending=0, source-dimension-mismatch=0, empty-crop=0
2026-10-07T14:48:23.7193670Z   - SCK frame statuses: missing=0, complete=3, idle=1740, blank=0, suspended=0, started=0, stopped=0, unknown=0, last=Some(1)
2026-10-07T14:48:23.7195020Z   - capture revisions: requested=0, applied=0; last source dimensions=Some(PhysicalSize { width: 2048, height: 1592 }), expected host dimensions=Some(PhysicalSize { width: 2048, height: 1592 })
2026-10-07T14:48:23.7195980Z   -> FAIL (PASS receipt absent)
2026-10-07T14:48:23.7223600Z 
2026-10-07T14:48:23.7223900Z ==> --capture-test+resize
2026-10-07T14:48:41.5291270Z demo-mac: started loading scrying-test://capture
2026-10-07T14:48:41.5291830Z demo-mac: nav event: Starting { url: "scrying-test://capture" }
2026-10-07T14:48:41.5292420Z demo-mac: nav event: SourceChanged { url: "scrying-test://capture" }
2026-10-07T14:48:41.5293000Z demo-mac: nav event: Completed { url: "scrying-test://capture", success: true }
2026-10-07T14:48:41.5293500Z demo-mac: start_capture_async kicked off
2026-10-07T14:48:41.5294130Z demo-mac: capture activity at 0.00s: frames=0, complete=1, idle=0, visible=Some(true), minimized=Some(false), focused=false
2026-10-07T14:48:41.5295060Z demo-mac: capture activity at 1.00s: frames=3, complete=3, idle=56, visible=Some(true), minimized=Some(false), focused=false
2026-10-07T14:48:41.5295990Z demo-mac: capture activity at 2.00s: frames=3, complete=3, idle=115, visible=Some(true), minimized=Some(false), focused=false
2026-10-07T14:48:41.5296900Z demo-mac: capture activity at 3.00s: frames=3, complete=3, idle=173, visible=Some(true), minimized=Some(false), focused=false
2026-10-07T14:48:41.5297940Z demo-mac: capture activity at 4.00s: frames=3, complete=3, idle=231, visible=Some(true), minimized=Some(false), focused=false
2026-10-07T14:48:41.5299370Z demo-mac: capture activity at 5.00s: frames=3, complete=3, idle=289, visible=Some(true), minimized=Some(false), focused=false
2026-10-07T14:48:41.5300400Z demo-mac: resize-test step 0 → request logical inner_size = 1280x800
2026-10-07T14:48:41.5301120Z demo-mac: capture activity at 6.00s: frames=3, complete=3, idle=347, visible=Some(true), minimized=Some(false), focused=false
2026-10-07T14:48:41.5302030Z demo-mac: capture activity at 7.00s: frames=7, complete=7, idle=401, visible=Some(true), minimized=Some(false), focused=false
2026-10-07T14:48:41.5302940Z demo-mac: capture activity at 8.00s: frames=7, complete=7, idle=459, visible=Some(true), minimized=Some(false), focused=false
2026-10-07T14:48:41.5303850Z demo-mac: capture activity at 9.00s: frames=7, complete=7, idle=518, visible=Some(true), minimized=Some(false), focused=false
2026-10-07T14:48:41.5304620Z demo-mac: resize-test step 1 → request logical inner_size = 768x600
2026-10-07T14:48:41.5305340Z demo-mac: capture activity at 10.01s: frames=7, complete=7, idle=576, visible=Some(true), minimized=Some(false), focused=false
2026-10-07T14:48:41.5306270Z demo-mac: capture activity at 11.01s: frames=11, complete=11, idle=631, visible=Some(true), minimized=Some(false), focused=false
2026-10-07T14:48:41.5307190Z demo-mac: capture activity at 12.01s: frames=11, complete=11, idle=689, visible=Some(true), minimized=Some(false), focused=false
2026-10-07T14:48:41.5308110Z demo-mac: capture activity at 13.01s: frames=11, complete=11, idle=747, visible=Some(true), minimized=Some(false), focused=false
2026-10-07T14:48:41.5308900Z demo-mac: resize-test step 2 → request logical inner_size = 1024x700
2026-10-07T14:48:41.5309620Z demo-mac: capture activity at 14.01s: frames=11, complete=11, idle=805, visible=Some(true), minimized=Some(false), focused=false
2026-10-07T14:48:41.5310610Z demo-mac: capture-test: PASS — SCK pipeline delivered 14 frames across [768x1200, 1024x1400, 1024x1536, 1280x1600]
2026-10-07T14:48:41.5332370Z   -> PASS
2026-10-07T14:48:41.5368650Z 
2026-10-07T14:48:41.5369090Z ==> summary
2026-10-07T14:48:41.5369330Z   passed: 9 / 10
2026-10-07T14:48:41.5369570Z   failed: 1
2026-10-07T14:48:41.5369780Z     - --capture-test
2026-10-07T14:48:42.3070160Z ##[error]Process completed with exit code 1.
2026-10-07T14:48:42.3142250Z ##[group]Run proof="$RUNNER_TEMP/scry-registry-intel-diagnostic"
2026-10-07T14:48:42.3142820Z [36;1mproof="$RUNNER_TEMP/scry-registry-intel-diagnostic"[0m
2026-10-07T14:48:42.3143240Z [36;1mcaffeinate -u -t 5 &[0m
2026-10-07T14:48:42.3143610Z [36;1msleep 2[0m
2026-10-07T14:48:42.3143860Z [36;1mset -o pipefail[0m
2026-10-07T14:48:42.3144100Z [36;1mstatus=0[0m
2026-10-07T14:48:42.3144640Z [36;1mnice -n 10 caffeinate -dims bash "$proof/consumer/scripts/test-mac.sh" 2>&1 | tee "$proof/activity.log" || status=$?[0m
2026-10-07T14:48:42.3145340Z [36;1mprintf '%s\n' "$status" > "$proof/activity-exit-code.txt"[0m
2026-10-07T14:48:42.3145930Z [36;1mshasum -a 256 "$CARGO_TARGET_DIR/debug/demo-mac" > "$proof/activity-executable.sha256"[0m
2026-10-07T14:48:42.3146690Z [36;1mshasum -a 256 "$SCRY_MAC_APP/Contents/MacOS/demo-mac" > "$proof/activity-app-executable.sha256"[0m
2026-10-07T14:48:42.3147410Z [36;1mcodesign -d -r- "$SCRY_MAC_APP" > "$proof/activity-signing.txt" 2>&1[0m
2026-10-07T14:48:42.3148040Z [36;1mcmp "$proof/pre-battery-executable.sha256" "$proof/activity-executable.sha256"[0m
2026-10-07T14:48:42.3148540Z [36;1mexit "$status"[0m
2026-10-07T14:48:42.3167760Z shell: /bin/bash -e {0}
2026-10-07T14:48:42.3168000Z env:
2026-10-07T14:48:42.3168200Z   CARGO_NET_GIT_FETCH_WITH_CLI: true
2026-10-07T14:48:42.3168470Z   CARGO_BUILD_JOBS: 1
2026-10-07T14:48:42.3168700Z   RUSTFLAGS: -D warnings
2026-10-07T14:48:42.3168940Z   WGPU_BACKEND: metal
2026-10-07T14:48:42.3169160Z   GRAFTING_VERSION: 0.6.0
2026-10-07T14:48:42.3169390Z   SCRYING_VERSION: 0.7.2
2026-10-07T14:48:42.3169620Z   WELDING_VERSION: 0.14.1
2026-10-07T14:48:42.3169920Z   SCRY_SOURCE_REF: 4d8d1d3f8dd450b712960c90b74263a45b46e35b
2026-10-07T14:48:42.3170780Z   CARGO_TARGET_DIR: /Users/markik/Code/targets/wgpu-scry-hardware
2026-10-07T14:48:42.3171370Z   SCRY_MAC_APP: /Users/markik/Code/targets/wgpu-scry-hardware/debug/scry-demo-mac-hardware.app
2026-10-07T14:48:42.3171880Z   CAPTURE: 1
2026-10-07T14:48:42.3172080Z   TIMEOUT: 90
2026-10-07T14:48:42.3172280Z   VISIBLE: 1
2026-10-07T14:48:42.3172500Z   CARGO_HOME: /Users/markik/.cargo
2026-10-07T14:48:42.3172770Z   CARGO_INCREMENTAL: 0
2026-10-07T14:48:42.3173010Z   CARGO_TERM_COLOR: always
2026-10-07T14:48:42.3173330Z   UV_PYTHON_INSTALL_DIR: /Users/markik/.local/share/uv/python
2026-10-07T14:48:42.3173690Z   CAPTURE_ACTIVITY: 1
2026-10-07T14:48:42.3173920Z ##[endgroup]
2026-10-07T14:48:46.3667690Z ==> ScreenCaptureKit display-awake hold active
2026-10-07T14:48:46.3687380Z ==> building demo-mac
2026-10-07T14:48:47.3224710Z ==> code-signing identity: -
2026-10-07T14:48:47.3363700Z Executable=/Users/markik/Code/targets/wgpu-scry-hardware/debug/scry-demo-mac-hardware.app/Contents/MacOS/demo-mac
2026-10-07T14:48:47.3364710Z designated => identifier "org.merely.scry.hardware-demo"
2026-10-07T14:48:47.3368490Z ==> LaunchServices app: /Users/markik/Code/targets/wgpu-scry-hardware/debug/scry-demo-mac-hardware.app
2026-10-07T14:48:47.3371180Z 
2026-10-07T14:48:47.3371450Z ==> --capture-test
2026-10-07T14:49:21.8111030Z demo-mac: started loading scrying-test://capture?activity=1
2026-10-07T14:49:21.8111690Z demo-mac: nav event: Starting { url: "scrying-test://capture?activity=1" }
2026-10-07T14:49:21.8112370Z demo-mac: nav event: SourceChanged { url: "scrying-test://capture?activity=1" }
2026-10-07T14:49:21.8113140Z demo-mac: nav event: Completed { url: "scrying-test://capture?activity=1", success: true }
2026-10-07T14:49:21.8114480Z demo-mac: js->host: capture-activity:{"kind":"ready","elapsedMs":3,"visibility":"hidden","focused":false,"viewport":[512,768,2],"animationFrames":0,"timerTicks":0,"background":"rgb(23, 97, 181)","animations":[{"state":"running","currentTime":0}]}
2026-10-07T14:49:21.8116420Z demo-mac: js->host: capture-activity:{"kind":"timer","elapsedMs":1004,"visibility":"hidden","focused":false,"viewport":[512,768,2],"animationFrames":0,"timerTicks":1,"background":"rgb(23, 97, 181)","animations":[{"state":"running","currentTime":0}]}
2026-10-07T14:49:21.8118910Z demo-mac: js->host: capture-activity:{"kind":"timer","elapsedMs":2005,"visibility":"hidden","focused":false,"viewport":[512,768,2],"animationFrames":0,"timerTicks":2,"background":"rgb(23, 97, 181)","animations":[{"state":"running","currentTime":0}]}
2026-10-07T14:49:21.8120060Z demo-mac: start_capture_async kicked off
2026-10-07T14:49:21.8121240Z demo-mac: js->host: capture-activity:{"kind":"timer","elapsedMs":3005,"visibility":"hidden","focused":false,"viewport":[512,768,2],"animationFrames":0,"timerTicks":3,"background":"rgb(23, 97, 181)","animations":[{"state":"running","currentTime":0}]}
2026-10-07T14:49:21.8122680Z demo-mac: capture activity at 0.00s: frames=0, complete=1, idle=0, visible=Some(true), minimized=Some(false), focused=false
2026-10-07T14:49:21.8123770Z demo-mac: capture activity at 1.00s: frames=3, complete=3, idle=55, visible=Some(true), minimized=Some(false), focused=false
2026-10-07T14:49:21.8125480Z demo-mac: js->host: capture-activity:{"kind":"timer","elapsedMs":4051,"visibility":"hidden","focused":false,"viewport":[512,768,2],"animationFrames":0,"timerTicks":4,"background":"rgb(23, 97, 181)","animations":[{"state":"running","currentTime":0}]}
2026-10-07T14:49:21.8126880Z demo-mac: capture activity at 2.00s: frames=3, complete=3, idle=113, visible=Some(true), minimized=Some(false), focused=false
2026-10-07T14:49:21.8128500Z demo-mac: js->host: capture-activity:{"kind":"timer","elapsedMs":5067,"visibility":"hidden","focused":false,"viewport":[512,768,2],"animationFrames":0,"timerTicks":5,"background":"rgb(23, 97, 181)","animations":[{"state":"running","currentTime":0}]}
2026-10-07T14:49:21.8129940Z demo-mac: capture activity at 3.00s: frames=3, complete=3, idle=171, visible=Some(true), minimized=Some(false), focused=false
2026-10-07T14:49:21.8131880Z demo-mac: js->host: capture-activity:{"kind":"timer","elapsedMs":6147,"visibility":"hidden","focused":false,"viewport":[512,768,2],"animationFrames":0,"timerTicks":6,"background":"rgb(23, 97, 181)","animations":[{"state":"running","currentTime":0}]}
2026-10-07T14:49:21.8133300Z demo-mac: capture activity at 4.00s: frames=3, complete=3, idle=230, visible=Some(true), minimized=Some(false), focused=false
2026-10-07T14:49:21.8134290Z demo-mac: capture activity at 5.00s: frames=3, complete=3, idle=288, visible=Some(true), minimized=Some(false), focused=false
2026-10-07T14:49:21.8135300Z demo-mac: capture activity at 6.00s: frames=3, complete=3, idle=346, visible=Some(true), minimized=Some(false), focused=false
2026-10-07T14:49:21.8136270Z demo-mac: capture activity at 7.00s: frames=3, complete=3, idle=404, visible=Some(true), minimized=Some(false), focused=false
2026-10-07T14:49:21.8137260Z demo-mac: capture activity at 8.00s: frames=3, complete=3, idle=462, visible=Some(true), minimized=Some(false), focused=false
2026-10-07T14:49:21.8138250Z demo-mac: capture activity at 9.00s: frames=3, complete=3, idle=520, visible=Some(true), minimized=Some(false), focused=false
2026-10-07T14:49:21.8139240Z demo-mac: capture activity at 10.00s: frames=3, complete=3, idle=578, visible=Some(true), minimized=Some(false), focused=false
2026-10-07T14:49:21.8140230Z demo-mac: capture activity at 11.00s: frames=3, complete=3, idle=636, visible=Some(true), minimized=Some(false), focused=false
2026-10-07T14:49:21.8141340Z demo-mac: capture activity at 12.00s: frames=3, complete=3, idle=694, visible=Some(true), minimized=Some(false), focused=false
2026-10-07T14:49:21.8142320Z demo-mac: capture activity at 13.00s: frames=3, complete=3, idle=753, visible=Some(true), minimized=Some(false), focused=false
2026-10-07T14:49:21.8143270Z demo-mac: capture activity at 14.00s: frames=3, complete=3, idle=811, visible=Some(true), minimized=Some(false), focused=false
2026-10-07T14:49:21.8144250Z demo-mac: capture activity at 15.00s: frames=3, complete=3, idle=869, visible=Some(true), minimized=Some(false), focused=false
2026-10-07T14:49:21.8145220Z demo-mac: capture activity at 16.00s: frames=3, complete=3, idle=927, visible=Some(true), minimized=Some(false), focused=false
2026-10-07T14:49:21.8146480Z demo-mac: capture activity at 17.00s: frames=3, complete=3, idle=985, visible=Some(true), minimized=Some(false), focused=false
2026-10-07T14:49:21.8147480Z demo-mac: capture activity at 18.00s: frames=3, complete=3, idle=1043, visible=Some(true), minimized=Some(false), focused=false
2026-10-07T14:49:21.8148530Z demo-mac: capture activity at 19.00s: frames=3, complete=3, idle=1102, visible=Some(true), minimized=Some(false), focused=false
2026-10-07T14:49:21.8149720Z demo-mac: capture activity at 20.00s: frames=3, complete=3, idle=1160, visible=Some(true), minimized=Some(false), focused=false
2026-10-07T14:49:21.8150860Z demo-mac: capture activity at 21.00s: frames=3, complete=3, idle=1218, visible=Some(true), minimized=Some(false), focused=false
2026-10-07T14:49:21.8151870Z demo-mac: capture activity at 22.00s: frames=3, complete=3, idle=1277, visible=Some(true), minimized=Some(false), focused=false
2026-10-07T14:49:21.8152970Z demo-mac: capture activity at 23.00s: frames=3, complete=3, idle=1335, visible=Some(true), minimized=Some(false), focused=false
2026-10-07T14:49:21.8154020Z demo-mac: capture activity at 24.00s: frames=3, complete=3, idle=1393, visible=Some(true), minimized=Some(false), focused=false
2026-10-07T14:49:21.8155020Z demo-mac: capture activity at 25.00s: frames=3, complete=3, idle=1451, visible=Some(true), minimized=Some(false), focused=false
2026-10-07T14:49:21.8156010Z demo-mac: capture activity at 26.00s: frames=3, complete=3, idle=1509, visible=Some(true), minimized=Some(false), focused=false
2026-10-07T14:49:21.8157000Z demo-mac: capture activity at 27.00s: frames=3, complete=3, idle=1567, visible=Some(true), minimized=Some(false), focused=false
2026-10-07T14:49:21.8158000Z demo-mac: capture activity at 28.00s: frames=3, complete=3, idle=1625, visible=Some(true), minimized=Some(false), focused=false
2026-10-07T14:49:21.8159200Z demo-mac: capture activity at 29.00s: frames=3, complete=3, idle=1683, visible=Some(true), minimized=Some(false), focused=false
2026-10-07T14:49:21.8159920Z demo-mac: capture-test: FAIL
2026-10-07T14:49:21.8160410Z   - captured 3 frame(s) within 30s without observing 5 frame(s) at every expected size
2026-10-07T14:49:21.8161000Z   - observed 3 frame(s) at 1024x1536, expected at least 5
2026-10-07T14:49:21.8161900Z   - pre-import frame diagnostics: no-latest-sample=554728, no-image-payload=1741, config-revision-pending=0, source-dimension-mismatch=0, empty-crop=0
2026-10-07T14:49:21.8163140Z   - SCK frame statuses: missing=0, complete=3, idle=1741, blank=0, suspended=0, started=0, stopped=0, unknown=0, last=Some(1)
2026-10-07T14:49:21.8164380Z   - capture revisions: requested=0, applied=0; last source dimensions=Some(PhysicalSize { width: 2048, height: 1592 }), expected host dimensions=Some(PhysicalSize { width: 2048, height: 1592 })
2026-10-07T14:49:21.8165370Z   -> FAIL (PASS receipt absent)
2026-10-07T14:49:21.8186290Z 
2026-10-07T14:49:21.8186600Z ==> --capture-test+resize
2026-10-07T14:49:39.5438300Z demo-mac: started loading scrying-test://capture?activity=1
2026-10-07T14:49:39.5439010Z demo-mac: nav event: Starting { url: "scrying-test://capture?activity=1" }
2026-10-07T14:49:39.5439700Z demo-mac: nav event: SourceChanged { url: "scrying-test://capture?activity=1" }
2026-10-07T14:49:39.5440430Z demo-mac: nav event: Completed { url: "scrying-test://capture?activity=1", success: true }
2026-10-07T14:49:39.5441770Z demo-mac: js->host: capture-activity:{"kind":"ready","elapsedMs":3,"visibility":"hidden","focused":false,"viewport":[512,768,2],"animationFrames":0,"timerTicks":0,"background":"rgb(23, 97, 181)","animations":[{"state":"running","currentTime":0}]}
2026-10-07T14:49:39.5443680Z demo-mac: js->host: capture-activity:{"kind":"timer","elapsedMs":1004,"visibility":"hidden","focused":false,"viewport":[512,768,2],"animationFrames":0,"timerTicks":1,"background":"rgb(23, 97, 181)","animations":[{"state":"running","currentTime":0}]}
2026-10-07T14:49:39.5446090Z demo-mac: js->host: capture-activity:{"kind":"timer","elapsedMs":2014,"visibility":"hidden","focused":false,"viewport":[512,768,2],"animationFrames":0,"timerTicks":2,"background":"rgb(23, 97, 181)","animations":[{"state":"running","currentTime":0}]}
2026-10-07T14:49:39.5447260Z demo-mac: start_capture_async kicked off
2026-10-07T14:49:39.5448400Z demo-mac: js->host: capture-activity:{"kind":"timer","elapsedMs":3014,"visibility":"hidden","focused":false,"viewport":[512,768,2],"animationFrames":0,"timerTicks":3,"background":"rgb(23, 97, 181)","animations":[{"state":"running","currentTime":0}]}
2026-10-07T14:49:39.5449830Z demo-mac: capture activity at 0.00s: frames=0, complete=1, idle=0, visible=Some(true), minimized=Some(false), focused=false
2026-10-07T14:49:39.5450840Z demo-mac: capture activity at 1.00s: frames=3, complete=3, idle=54, visible=Some(true), minimized=Some(false), focused=false
2026-10-07T14:49:39.5452310Z demo-mac: js->host: capture-activity:{"kind":"timer","elapsedMs":4087,"visibility":"hidden","focused":false,"viewport":[512,768,2],"animationFrames":0,"timerTicks":4,"background":"rgb(23, 97, 181)","animations":[{"state":"running","currentTime":0}]}
2026-10-07T14:49:39.5453730Z demo-mac: capture activity at 2.00s: frames=3, complete=3, idle=112, visible=Some(true), minimized=Some(false), focused=false
2026-10-07T14:49:39.5455250Z demo-mac: js->host: capture-activity:{"kind":"timer","elapsedMs":5170,"visibility":"hidden","focused":false,"viewport":[512,768,2],"animationFrames":0,"timerTicks":5,"background":"rgb(23, 97, 181)","animations":[{"state":"running","currentTime":0}]}
2026-10-07T14:49:39.5456650Z demo-mac: capture activity at 3.00s: frames=3, complete=3, idle=170, visible=Some(true), minimized=Some(false), focused=false
2026-10-07T14:49:39.5458050Z demo-mac: js->host: capture-activity:{"kind":"timer","elapsedMs":6266,"visibility":"hidden","focused":false,"viewport":[512,768,2],"animationFrames":0,"timerTicks":6,"background":"rgb(23, 97, 181)","animations":[{"state":"running","currentTime":0}]}
2026-10-07T14:49:39.5459750Z demo-mac: capture activity at 4.00s: frames=3, complete=3, idle=228, visible=Some(true), minimized=Some(false), focused=false
2026-10-07T14:49:39.5460670Z demo-mac: capture activity at 5.00s: frames=3, complete=3, idle=286, visible=Some(true), minimized=Some(false), focused=false
2026-10-07T14:49:39.5461720Z demo-mac: resize-test step 0 → request logical inner_size = 1280x800
2026-10-07T14:49:39.5462470Z demo-mac: capture activity at 6.00s: frames=3, complete=3, idle=344, visible=Some(true), minimized=Some(false), focused=false
2026-10-07T14:49:39.5463870Z demo-mac: js->host: capture-activity:{"kind":"timer","elapsedMs":9064,"visibility":"hidden","focused":false,"viewport":[512,768,2],"animationFrames":0,"timerTicks":7,"background":"rgb(23, 97, 181)","animations":[{"state":"running","currentTime":0}]}
2026-10-07T14:49:39.5465810Z demo-mac: js->host: capture-activity:{"kind":"resize","elapsedMs":9064,"visibility":"hidden","focused":false,"viewport":[640,800,2],"animationFrames":0,"timerTicks":7,"background":"rgb(23, 97, 181)","animations":[{"state":"running","currentTime":0}]}
2026-10-07T14:49:39.5467130Z demo-mac: capture activity at 7.00s: frames=6, complete=6, idle=399, visible=Some(true), minimized=Some(false), focused=false
2026-10-07T14:49:39.5468480Z demo-mac: js->host: capture-activity:{"kind":"timer","elapsedMs":10714,"visibility":"hidden","focused":false,"viewport":[640,800,2],"animationFrames":0,"timerTicks":8,"background":"rgb(23, 97, 181)","animations":[{"state":"running","currentTime":0}]}
2026-10-07T14:49:39.5469820Z demo-mac: capture activity at 8.00s: frames=6, complete=6, idle=457, visible=Some(true), minimized=Some(false), focused=false
2026-10-07T14:49:39.5470720Z demo-mac: capture activity at 9.00s: frames=6, complete=6, idle=515, visible=Some(true), minimized=Some(false), focused=false
2026-10-07T14:49:39.5472070Z demo-mac: js->host: capture-activity:{"kind":"timer","elapsedMs":12672,"visibility":"hidden","focused":false,"viewport":[640,800,2],"animationFrames":0,"timerTicks":9,"background":"rgb(23, 97, 181)","animations":[{"state":"running","currentTime":0}]}
2026-10-07T14:49:39.5473680Z demo-mac: resize-test step 1 → request logical inner_size = 768x600
2026-10-07T14:49:39.5474420Z demo-mac: capture activity at 10.00s: frames=6, complete=6, idle=573, visible=Some(true), minimized=Some(false), focused=false
2026-10-07T14:49:39.5476050Z demo-mac: js->host: capture-activity:{"kind":"resize","elapsedMs":13064,"visibility":"hidden","focused":false,"viewport":[384,600,2],"animationFrames":0,"timerTicks":9,"background":"rgb(23, 97, 181)","animations":[{"state":"running","currentTime":0}]}
2026-10-07T14:49:39.5477640Z demo-mac: capture activity at 11.00s: frames=9, complete=9, idle=628, visible=Some(true), minimized=Some(false), focused=false
2026-10-07T14:49:39.5479110Z demo-mac: js->host: capture-activity:{"kind":"timer","elapsedMs":14673,"visibility":"hidden","focused":false,"viewport":[384,600,2],"animationFrames":0,"timerTicks":10,"background":"rgb(23, 97, 181)","animations":[{"state":"running","currentTime":0}]}
2026-10-07T14:49:39.5480580Z demo-mac: capture activity at 12.00s: frames=9, complete=9, idle=686, visible=Some(true), minimized=Some(false), focused=false
2026-10-07T14:49:39.5481570Z demo-mac: capture activity at 13.00s: frames=9, complete=9, idle=745, visible=Some(true), minimized=Some(false), focused=false
2026-10-07T14:49:39.5483010Z demo-mac: js->host: capture-activity:{"kind":"timer","elapsedMs":16714,"visibility":"hidden","focused":false,"viewport":[384,600,2],"animationFrames":0,"timerTicks":11,"background":"rgb(23, 97, 181)","animations":[{"state":"running","currentTime":0}]}
2026-10-07T14:49:39.5484340Z demo-mac: resize-test step 2 → request logical inner_size = 1024x700
2026-10-07T14:49:39.5485130Z demo-mac: capture activity at 14.00s: frames=9, complete=9, idle=803, visible=Some(true), minimized=Some(false), focused=false
2026-10-07T14:49:39.5486440Z demo-mac: capture-test: PASS — SCK pipeline delivered 12 frames across [768x1200, 1024x1400, 1024x1536, 1280x1600]
2026-10-07T14:49:39.5487190Z   -> PASS
2026-10-07T14:49:39.5509490Z 
2026-10-07T14:49:39.5509930Z ==> summary
2026-10-07T14:49:39.5510330Z   passed: 1 / 2
2026-10-07T14:49:39.5510630Z   failed: 1
2026-10-07T14:49:39.5510930Z     - --capture-test
2026-10-07T14:49:40.3185660Z ##[error]Process completed with exit code 1.
2026-10-07T14:49:40.3237410Z ##[group]Run proof="$RUNNER_TEMP/scry-registry-intel-diagnostic"
2026-10-07T14:49:40.3238310Z [36;1mproof="$RUNNER_TEMP/scry-registry-intel-diagnostic"[0m
2026-10-07T14:49:40.3238750Z [36;1mpython3 - "$proof" <<'PY'[0m
2026-10-07T14:49:40.3239130Z [36;1mimport difflib, hashlib, json, pathlib, sys[0m
2026-10-07T14:49:40.3239510Z [36;1m[0m
2026-10-07T14:49:40.3239760Z [36;1mdef foreground_script(text):[0m
2026-10-07T14:49:40.3240110Z [36;1m    reset = "    saw_process=0\n"[0m
2026-10-07T14:49:40.3240580Z [36;1m    observe = "        if demo_app_running; then\n            saw_process=1\n"[0m
2026-10-07T14:49:40.3241110Z [36;1m    if text.count(reset) != 1 or text.count(observe) != 1:[0m
2026-10-07T14:49:40.3241760Z [36;1m        raise ValueError("expected exactly one activation reset and owned-bundle observation branch")[0m
2026-10-07T14:49:40.3242460Z [36;1m    text = text.replace(reset, reset + "    foreground_control_attempted=0\n")[0m
2026-10-07T14:49:40.3243040Z [36;1m    activation = "\n".join([[0m
2026-10-07T14:49:40.3243460Z [36;1m        '            if [[ "$foreground_control_attempted" -eq 0 ]]; then',[0m
2026-10-07T14:49:40.3243940Z [36;1m        '                foreground_control_attempted=1',[0m
2026-10-07T14:49:40.3244380Z [36;1m        '                if kill -0 "$_pid" 2>/dev/null; then',[0m
2026-10-07T14:49:40.3244980Z [36;1m        '                    echo "foreground-control: attempt owned-bundle pid=$_pid app=$DEMO_APP"',[0m
2026-10-07T14:49:40.3245530Z [36;1m        '                    open -a "$DEMO_APP"',[0m
2026-10-07T14:49:40.3245890Z [36;1m        '                    activation_rc=$?',[0m
2026-10-07T14:49:40.3246370Z [36;1m        '                    echo "foreground-control: activation exit=$activation_rc pid=$_pid"',[0m
2026-10-07T14:49:40.3246890Z [36;1m        '                    if [[ $activation_rc -ne 0 ]]; then',[0m
2026-10-07T14:49:40.3247280Z [36;1m        '                        return "$activation_rc"',[0m
2026-10-07T14:49:40.3247600Z [36;1m        '                    fi',[0m
2026-10-07T14:49:40.3247890Z [36;1m        '                else',[0m
2026-10-07T14:49:40.3248450Z [36;1m        '                    echo "foreground-control: owned-bundle pid=$_pid exited before activation; skipped"',[0m
2026-10-07T14:49:40.3248980Z [36;1m        '                fi',[0m
2026-10-07T14:49:40.3249240Z [36;1m        '            fi',[0m
2026-10-07T14:49:40.3249490Z [36;1m    ]) + "\n"[0m
2026-10-07T14:49:40.3249790Z [36;1m    return text.replace(observe, observe + activation)[0m
2026-10-07T14:49:40.3250130Z [36;1m[0m
2026-10-07T14:49:40.3250330Z [36;1mif __name__ == "__main__":[0m
2026-10-07T14:49:40.3250620Z [36;1m    proof = pathlib.Path(sys.argv[1])[0m
2026-10-07T14:49:40.3251000Z [36;1m    original = proof / "consumer/scripts/test-mac.sh"[0m
2026-10-07T14:49:40.3251460Z [36;1m    target = original.with_name("test-mac-foreground-control.sh")[0m
2026-10-07T14:49:40.3251880Z [36;1m    before = original.read_text()[0m
2026-10-07T14:49:40.3252360Z [36;1m    after = foreground_script(before)[0m
2026-10-07T14:49:40.3252680Z [36;1m    target.write_text(after)[0m
2026-10-07T14:49:40.3253360Z [36;1m    target.chmod(original.stat().st_mode)[0m
2026-10-07T14:49:40.3254260Z [36;1m    (proof / "foreground-script.patch").write_text("".join(difflib.unified_diff(before.splitlines(True), after.splitlines(True), fromfile=original.name, tofile=target.name)))[0m
2026-10-07T14:49:40.3255610Z [36;1m    facts = {"original_sha256": hashlib.sha256(original.read_bytes()).hexdigest(),[0m
2026-10-07T14:49:40.3256240Z [36;1m             "foreground_sha256": hashlib.sha256(target.read_bytes()).hexdigest(),[0m
2026-10-07T14:49:40.3256860Z [36;1m             "rewrite_counts": {"per_mode_reset": 1, "owned_bundle_observation": 1},[0m
2026-10-07T14:49:40.3257580Z [36;1m             "activation_policy": "one open -a after the first observed still-live owned bundle PID per mode"}[0m
2026-10-07T14:49:40.3258770Z [36;1m    (proof / "foreground-script-identity.json").write_text(json.dumps(facts, indent=2) + "\n")[0m
2026-10-07T14:49:40.3267960Z [36;1mPY[0m
2026-10-07T14:49:40.3268340Z [36;1mbash -n "$proof/consumer/scripts/test-mac-foreground-control.sh"[0m
2026-10-07T14:49:40.3289360Z shell: /bin/bash -e {0}
2026-10-07T14:49:40.3289620Z env:
2026-10-07T14:49:40.3289830Z   CARGO_NET_GIT_FETCH_WITH_CLI: true
2026-10-07T14:49:40.3290120Z   CARGO_BUILD_JOBS: 1
2026-10-07T14:49:40.3290360Z   RUSTFLAGS: -D warnings
2026-10-07T14:49:40.3290610Z   WGPU_BACKEND: metal
2026-10-07T14:49:40.3290850Z   GRAFTING_VERSION: 0.6.0
2026-10-07T14:49:40.3291100Z   SCRYING_VERSION: 0.7.2
2026-10-07T14:49:40.3291350Z   WELDING_VERSION: 0.14.1
2026-10-07T14:49:40.3291660Z   SCRY_SOURCE_REF: 4d8d1d3f8dd450b712960c90b74263a45b46e35b
2026-10-07T14:49:40.3292120Z   CARGO_TARGET_DIR: /Users/markik/Code/targets/wgpu-scry-hardware
2026-10-07T14:49:40.3292740Z   SCRY_MAC_APP: /Users/markik/Code/targets/wgpu-scry-hardware/debug/scry-demo-mac-hardware.app
2026-10-07T14:49:40.3293260Z   CAPTURE: 1
2026-10-07T14:49:40.3293460Z   TIMEOUT: 90
2026-10-07T14:49:40.3293660Z   VISIBLE: 1
2026-10-07T14:49:40.3293880Z   CARGO_HOME: /Users/markik/.cargo
2026-10-07T14:49:40.3294200Z   CARGO_INCREMENTAL: 0
2026-10-07T14:49:40.3294450Z   CARGO_TERM_COLOR: always
2026-10-07T14:49:40.3294780Z   UV_PYTHON_INSTALL_DIR: /Users/markik/.local/share/uv/python
2026-10-07T14:49:40.3295160Z ##[endgroup]
2026-10-07T14:49:40.4159990Z ##[group]Run proof="$RUNNER_TEMP/scry-registry-intel-diagnostic"
2026-10-07T14:49:40.4160800Z [36;1mproof="$RUNNER_TEMP/scry-registry-intel-diagnostic"[0m
2026-10-07T14:49:40.4161270Z [36;1mcaffeinate -u -t 5 &[0m
2026-10-07T14:49:40.4161600Z [36;1msleep 2[0m
2026-10-07T14:49:40.4161900Z [36;1mset -o pipefail[0m
2026-10-07T14:49:40.4162210Z [36;1mstatus=0[0m
2026-10-07T14:49:40.4162990Z [36;1mnice -n 10 caffeinate -dims bash "$proof/consumer/scripts/test-mac-foreground-control.sh" 2>&1 | tee "$proof/foreground-ordinary.log" || status=$?[0m
2026-10-07T14:49:40.4163970Z [36;1mprintf '%s\n' "$status" > "$proof/foreground-ordinary-exit-code.txt"[0m
2026-10-07T14:49:40.4164760Z [36;1mshasum -a 256 "$CARGO_TARGET_DIR/debug/demo-mac" > "$proof/foreground-ordinary-executable.sha256"[0m
2026-10-07T14:49:40.4165680Z [36;1mshasum -a 256 "$SCRY_MAC_APP/Contents/MacOS/demo-mac" > "$proof/foreground-ordinary-app-executable.sha256"[0m
2026-10-07T14:49:40.4166740Z [36;1mcodesign -d -r- "$SCRY_MAC_APP" > "$proof/foreground-ordinary-signing.txt" 2>&1[0m
2026-10-07T14:49:40.4167710Z [36;1mcmp "$proof/pre-battery-executable.sha256" "$proof/foreground-ordinary-executable.sha256"[0m
2026-10-07T14:49:40.4168280Z [36;1mexit "$status"[0m
2026-10-07T14:49:40.4187750Z shell: /bin/bash -e {0}
2026-10-07T14:49:40.4188090Z env:
2026-10-07T14:49:40.4188480Z   CARGO_NET_GIT_FETCH_WITH_CLI: true
2026-10-07T14:49:40.4188830Z   CARGO_BUILD_JOBS: 1
2026-10-07T14:49:40.4189140Z   RUSTFLAGS: -D warnings
2026-10-07T14:49:40.4189560Z   WGPU_BACKEND: metal
2026-10-07T14:49:40.4189850Z   GRAFTING_VERSION: 0.6.0
2026-10-07T14:49:40.4190180Z   SCRYING_VERSION: 0.7.2
2026-10-07T14:49:40.4190470Z   WELDING_VERSION: 0.14.1
2026-10-07T14:49:40.4190830Z   SCRY_SOURCE_REF: 4d8d1d3f8dd450b712960c90b74263a45b46e35b
2026-10-07T14:49:40.4191310Z   CARGO_TARGET_DIR: /Users/markik/Code/targets/wgpu-scry-hardware
2026-10-07T14:49:40.4191960Z   SCRY_MAC_APP: /Users/markik/Code/targets/wgpu-scry-hardware/debug/scry-demo-mac-hardware.app
2026-10-07T14:49:40.4192500Z   CAPTURE: 1
2026-10-07T14:49:40.4192970Z   TIMEOUT: 90
2026-10-07T14:49:40.4193230Z   VISIBLE: 1
2026-10-07T14:49:40.4193500Z   CARGO_HOME: /Users/markik/.cargo
2026-10-07T14:49:40.4193820Z   CARGO_INCREMENTAL: 0
2026-10-07T14:49:40.4194150Z   CARGO_TERM_COLOR: always
2026-10-07T14:49:40.4194520Z   UV_PYTHON_INSTALL_DIR: /Users/markik/.local/share/uv/python
2026-10-07T14:49:40.4194940Z   CAPTURE_ACTIVITY: 0
2026-10-07T14:49:40.4195210Z ##[endgroup]
2026-10-07T14:49:44.4688100Z ==> ScreenCaptureKit display-awake hold active
2026-10-07T14:49:44.4688620Z ==> building demo-mac
2026-10-07T14:49:45.4260400Z ==> code-signing identity: -
2026-10-07T14:49:45.4396300Z Executable=/Users/markik/Code/targets/wgpu-scry-hardware/debug/scry-demo-mac-hardware.app/Contents/MacOS/demo-mac
2026-10-07T14:49:45.4397120Z designated => identifier "org.merely.scry.hardware-demo"
2026-10-07T14:49:45.4401310Z ==> LaunchServices app: /Users/markik/Code/targets/wgpu-scry-hardware/debug/scry-demo-mac-hardware.app
2026-10-07T14:49:45.4404610Z 
2026-10-07T14:49:45.4405230Z ==> --scripted
2026-10-07T14:49:45.9116110Z foreground-control: attempt owned-bundle pid=96069 app=/Users/markik/Code/targets/wgpu-scry-hardware/debug/scry-demo-mac-hardware.app
2026-10-07T14:49:45.9521650Z foreground-control: activation exit=0 pid=96069
2026-10-07T14:49:50.8898960Z demo-mac: nav event: Starting { url: "about:blank" }
2026-10-07T14:49:50.8899550Z demo-mac: nav event: SourceChanged { url: "about:blank" }
2026-10-07T14:49:50.8899990Z demo-mac: js->host: ready
2026-10-07T14:49:50.8900340Z demo-mac: scripted: page ready
2026-10-07T14:49:50.8900800Z demo-mac: nav event: Completed { url: "about:blank", success: true }
2026-10-07T14:49:50.8901360Z demo-mac: nav event: TitleChanged { title: "scrying-test" }
2026-10-07T14:49:50.8901840Z demo-mac: js->host: echo:ping-from-host
2026-10-07T14:49:50.8902250Z demo-mac: scripted: JS echoed host message
2026-10-07T14:49:50.8903740Z demo-mac: scripted: 6 ScrollWheel events dispatched without error
2026-10-07T14:49:50.8904300Z demo-mac: cursor change: Default
2026-10-07T14:49:50.8904770Z demo-mac: scripted: 3 KeyDown/KeyUp pairs dispatched without error
2026-10-07T14:49:50.8905770Z demo-mac: scripted: PASS — slices E + G + I + cursor handler verified at runtime
2026-10-07T14:49:50.8906340Z   - cursor handler fired 1 time(s) over the run
2026-10-07T14:49:50.8936370Z   -> PASS
2026-10-07T14:49:50.8968430Z 
2026-10-07T14:49:50.8968660Z ==> --browser-test
2026-10-07T14:49:51.3491460Z foreground-control: attempt owned-bundle pid=96149 app=/Users/markik/Code/targets/wgpu-scry-hardware/debug/scry-demo-mac-hardware.app
2026-10-07T14:49:51.4056590Z foreground-control: activation exit=0 pid=96149
2026-10-07T14:49:52.3330820Z demo-mac: nav event: Starting { url: "scrying-test://history-1" }
2026-10-07T14:49:52.3331630Z demo-mac: nav event: SourceChanged { url: "scrying-test://history-1" }
2026-10-07T14:49:52.3332360Z demo-mac: js->host: loaded:history-1
2026-10-07T14:49:52.3332780Z demo-mac: browser-test: history-1 loaded
2026-10-07T14:49:52.3333350Z demo-mac: nav event: Completed { url: "scrying-test://history-1", success: true }
2026-10-07T14:49:52.3334000Z demo-mac: nav event: Starting { url: "scrying-test://history-2" }
2026-10-07T14:49:52.3334600Z demo-mac: nav event: SourceChanged { url: "scrying-test://history-2" }
2026-10-07T14:49:52.3335120Z demo-mac: js->host: loaded:history-2
2026-10-07T14:49:52.3335500Z demo-mac: browser-test: history-2 loaded
2026-10-07T14:49:52.3336030Z demo-mac: nav event: Completed { url: "scrying-test://history-2", success: true }
2026-10-07T14:49:52.3336710Z demo-mac: nav event: Starting { url: "scrying-test://history-1" }
2026-10-07T14:49:52.3337300Z demo-mac: nav event: SourceChanged { url: "scrying-test://history-1" }
2026-10-07T14:49:52.3337960Z demo-mac: nav event: Completed { url: "scrying-test://history-1", success: true }
2026-10-07T14:49:52.3338560Z demo-mac: browser-test: go_back navigated to history-1
2026-10-07T14:49:52.3349060Z demo-mac: nav event: Starting { url: "scrying-test://history-2" }
2026-10-07T14:49:52.3350500Z demo-mac: nav event: SourceChanged { url: "scrying-test://history-2" }
2026-10-07T14:49:52.3351190Z demo-mac: nav event: Completed { url: "scrying-test://history-2", success: true }
2026-10-07T14:49:52.3351830Z demo-mac: browser-test: go_forward navigated to history-2
2026-10-07T14:49:52.3352300Z demo-mac: browser-test: apply_settings ok
2026-10-07T14:49:52.3352800Z demo-mac: nav event: Starting { url: "scrying-test://find-target" }
2026-10-07T14:49:52.3353410Z demo-mac: nav event: SourceChanged { url: "scrying-test://find-target" }
2026-10-07T14:49:52.3353940Z demo-mac: js->host: loaded:find-target
2026-10-07T14:49:52.3354470Z demo-mac: nav event: Completed { url: "scrying-test://find-target", success: true }
2026-10-07T14:49:52.3355050Z demo-mac: browser-test: find_in_page matched
2026-10-07T14:49:52.3355480Z demo-mac: browser-test: PDF rendered (12150 bytes)
2026-10-07T14:49:52.3356230Z demo-mac: browser-test: PASS — items 1, 3, 4, 9 verified at runtime
2026-10-07T14:49:52.3356870Z   - history controls (go_back/go_forward observed via SourceChanged events)
2026-10-07T14:49:52.3357400Z   - settings (apply_settings returned Ok)
2026-10-07T14:49:52.3357860Z   - URL schemes (scrying-test:// served 3 pages successfully)
2026-10-07T14:49:52.3358440Z   - find_in_page → Some(true), request_pdf → 12150 bytes
2026-10-07T14:49:52.3370080Z   -> PASS
2026-10-07T14:49:52.3404430Z 
2026-10-07T14:49:52.3404850Z ==> --interaction-state-test
2026-10-07T14:49:52.7926150Z foreground-control: attempt owned-bundle pid=96176 app=/Users/markik/Code/targets/wgpu-scry-hardware/debug/scry-demo-mac-hardware.app
2026-10-07T14:49:52.8493540Z foreground-control: activation exit=0 pid=96176
2026-10-07T14:49:54.0869920Z demo-mac: nav event: Starting { url: "scrying-test://history-1" }
2026-10-07T14:49:54.0870680Z demo-mac: nav event: SourceChanged { url: "scrying-test://history-1" }
2026-10-07T14:49:54.0871940Z demo-mac: nav event: Completed { url: "scrying-test://history-1", success: true }
2026-10-07T14:49:54.0872560Z demo-mac: js->host: loaded:history-1
2026-10-07T14:49:54.0873010Z demo-mac: nav event: Starting { url: "scrying-test://history-2" }
2026-10-07T14:49:54.0873570Z demo-mac: nav event: SourceChanged { url: "scrying-test://history-2" }
2026-10-07T14:49:54.0874080Z demo-mac: js->host: loaded:history-2
2026-10-07T14:49:54.0874610Z demo-mac: nav event: Completed { url: "scrying-test://history-2", success: true }
2026-10-07T14:49:54.0875260Z demo-mac: nav event: Starting { url: "scrying-test://find-target" }
2026-10-07T14:49:54.0875870Z demo-mac: nav event: SourceChanged { url: "scrying-test://find-target" }
2026-10-07T14:49:54.0876390Z demo-mac: js->host: loaded:find-target
2026-10-07T14:49:54.0876930Z demo-mac: nav event: Completed { url: "scrying-test://find-target", success: true }
2026-10-07T14:49:54.0877550Z demo-mac: interaction-state-test: serialized 1024 bytes at C
2026-10-07T14:49:54.0878080Z demo-mac: nav event: Starting { url: "scrying-test://history-2" }
2026-10-07T14:49:54.0878650Z demo-mac: nav event: SourceChanged { url: "scrying-test://history-2" }
2026-10-07T14:49:54.0879280Z demo-mac: nav event: Completed { url: "scrying-test://history-2", success: true }
2026-10-07T14:49:54.0879880Z demo-mac: nav event: Starting { url: "scrying-test://history-1" }
2026-10-07T14:49:54.0880470Z demo-mac: nav event: SourceChanged { url: "scrying-test://history-1" }
2026-10-07T14:49:54.0881100Z demo-mac: nav event: Completed { url: "scrying-test://history-1", success: true }
2026-10-07T14:49:54.0881750Z demo-mac: interaction-state-test: restore_interaction_state ok
2026-10-07T14:49:54.0882320Z demo-mac: nav event: Starting { url: "scrying-test://find-target" }
2026-10-07T14:49:54.0882920Z demo-mac: nav event: SourceChanged { url: "scrying-test://find-target" }
2026-10-07T14:49:54.0883430Z demo-mac: js->host: loaded:find-target
2026-10-07T14:49:54.0883950Z demo-mac: nav event: Completed { url: "scrying-test://find-target", success: true }
2026-10-07T14:49:54.0884520Z demo-mac: interaction-state-test: restored to C
2026-10-07T14:49:54.0885720Z demo-mac: interaction-state-test: PASS — serialize/restore round-trip verified
2026-10-07T14:49:54.0886360Z   - serialized at C (1024 bytes), navigated back to A, restore landed on C
2026-10-07T14:49:54.0886930Z   - post-restore can_go_back == true, can_go_forward == false
2026-10-07T14:49:54.0906620Z   -> PASS
2026-10-07T14:49:54.0939720Z 
2026-10-07T14:49:54.0940350Z ==> --pointer-input-test
2026-10-07T14:49:54.5472950Z foreground-control: attempt owned-bundle pid=96207 app=/Users/markik/Code/targets/wgpu-scry-hardware/debug/scry-demo-mac-hardware.app
2026-10-07T14:49:54.6040110Z foreground-control: activation exit=0 pid=96207
2026-10-07T14:49:55.5375870Z demo-mac: nav event: Starting { url: "scrying-test://pointer" }
2026-10-07T14:49:55.5376540Z demo-mac: nav event: SourceChanged { url: "scrying-test://pointer" }
2026-10-07T14:49:55.5377200Z demo-mac: nav event: Completed { url: "scrying-test://pointer", success: true }
2026-10-07T14:49:55.5377760Z demo-mac: js->host: ready
2026-10-07T14:49:55.5378180Z demo-mac: pointer-input-test: page ready
2026-10-07T14:49:55.5378580Z demo-mac: js->host: ptr:down:50,718:mouse
2026-10-07T14:49:55.5378970Z demo-mac: cursor change: Default
2026-10-07T14:49:55.5379340Z demo-mac: js->host: ptr:move:75,693:mouse
2026-10-07T14:49:55.5379730Z demo-mac: js->host: ptr:up:75,693:mouse
2026-10-07T14:49:55.5380520Z demo-mac: pointer-input-test: PASS — Down/Update/Up reached JS pointer listeners
2026-10-07T14:49:55.5381140Z   - JS observed: down=true move=true up=true leave=false
2026-10-07T14:49:55.5381750Z   - WebKit reported pointerType = Some("mouse") (macOS collapses every device to mouse)
2026-10-07T14:49:55.5412880Z   -> PASS
2026-10-07T14:49:55.5445870Z 
2026-10-07T14:49:55.5446390Z ==> --incognito-test
2026-10-07T14:49:56.0050560Z foreground-control: attempt owned-bundle pid=96235 app=/Users/markik/Code/targets/wgpu-scry-hardware/debug/scry-demo-mac-hardware.app
2026-10-07T14:49:56.0516890Z foreground-control: activation exit=0 pid=96235
2026-10-07T14:49:56.3589540Z demo-mac: --incognito-test: spun up persistent comparison producer
2026-10-07T14:49:56.3590280Z demo-mac: incognito-test: set_cookie 'scrying-incognito-96235' on incognito producer
2026-10-07T14:49:56.3590930Z demo-mac: incognito-test: incognito store reports 1 cookie(s)
2026-10-07T14:49:56.3591470Z demo-mac: incognito-test: persistent store reports 0 cookie(s)
2026-10-07T14:49:56.3592390Z demo-mac: incognito-test: PASS — non_persistent stores stay isolated from persistent ones
2026-10-07T14:49:56.3593120Z   - set_cookie on incognito producer was visible to its own request_all_cookies
2026-10-07T14:49:56.3593800Z   - same cookie was absent from a separate persistent producer's store
2026-10-07T14:49:56.3626870Z   -> PASS
2026-10-07T14:49:56.3660630Z 
2026-10-07T14:49:56.3661070Z ==> --download-test
2026-10-07T14:49:56.8307120Z foreground-control: attempt owned-bundle pid=96253 app=/Users/markik/Code/targets/wgpu-scry-hardware/debug/scry-demo-mac-hardware.app
2026-10-07T14:49:56.8877000Z foreground-control: activation exit=0 pid=96253
2026-10-07T14:50:03.7248030Z demo-mac: download-test: serving payload at http://127.0.0.1:56615/download
2026-10-07T14:50:03.7248940Z demo-mac: download-test: auth-required payload at http://127.0.0.1:56615/download-auth
2026-10-07T14:50:03.7249650Z demo-mac: nav event: Starting { url: "http://127.0.0.1:56615/download" }
2026-10-07T14:50:03.7251310Z demo-mac: nav event: DownloadStarted { id: DownloadId(1), url: "http://127.0.0.1:56615/download", suggested_filename: "scrying-download.bin", destination_path: "/Users/markik/Code/targets/wgpu-scry-hardware/demo-mac-download-test-96253/download-output/scrying-download.bin", total_bytes_expected: Some(262144) }
2026-10-07T14:50:03.7252880Z demo-mac: nav event: Completed { url: "", success: false }
2026-10-07T14:50:03.7253600Z demo-mac: nav event: DownloadProgress { id: DownloadId(1), bytes_written: 262144, total_bytes_expected: Some(262144) }
2026-10-07T14:50:03.7254970Z demo-mac: nav event: DownloadFinished { id: DownloadId(1), destination_path: "/Users/markik/Code/targets/wgpu-scry-hardware/demo-mac-download-test-96253/download-output/scrying-download.bin", error: None }
2026-10-07T14:50:03.7257230Z demo-mac: download-test: phase A: 262144 bytes landed at /Users/markik/Code/targets/wgpu-scry-hardware/demo-mac-download-test-96253/download-output/scrying-download.bin (matches served payload)
2026-10-07T14:50:03.7258470Z demo-mac: nav event: Starting { url: "http://127.0.0.1:56615/download" }
2026-10-07T14:50:03.7259020Z demo-mac: nav event: Completed { url: "", success: false }
2026-10-07T14:50:03.7259950Z demo-mac: nav event: DownloadCancelled { id: DownloadId(2), destination_path: "", resume_data: None }
2026-10-07T14:50:03.7260790Z demo-mac: download-test: phase B: DownloadCancelled fired for id 2 after host Cancel decision
2026-10-07T14:50:03.7261560Z demo-mac: download-test: phase C: cancel_download(unknown) returned Ok(false) as expected
2026-10-07T14:50:03.7262400Z demo-mac: download-test: auth challenge for host '127.0.0.1' method 'NSURLAuthenticationMethodHTTPBasic'
2026-10-07T14:50:03.7263550Z demo-mac: nav event: AuthChallenged { url: "http://127.0.0.1:56615/download-auth", host: "127.0.0.1", auth_method: "NSURLAuthenticationMethodHTTPBasic", source: Download }
2026-10-07T14:50:03.7265620Z demo-mac: nav event: DownloadStarted { id: DownloadId(3), url: "http://127.0.0.1:56615/download-auth", suggested_filename: "scrying-download.bin", destination_path: "/Users/markik/Code/targets/wgpu-scry-hardware/demo-mac-download-test-96253/download-output/scrying-download-1.bin", total_bytes_expected: Some(262144) }
2026-10-07T14:50:03.7267450Z demo-mac: nav event: DownloadProgress { id: DownloadId(3), bytes_written: 262144, total_bytes_expected: Some(262144) }
2026-10-07T14:50:03.7269380Z demo-mac: nav event: DownloadFinished { id: DownloadId(3), destination_path: "/Users/markik/Code/targets/wgpu-scry-hardware/demo-mac-download-test-96253/download-output/scrying-download-1.bin", error: None }
2026-10-07T14:50:03.7270860Z demo-mac: download-test: phase D: auth-protected download succeeded with 262144 bytes after credentials supplied
2026-10-07T14:50:03.7271650Z demo-mac: nav event: Starting { url: "http://127.0.0.1:56615/download-slow" }
2026-10-07T14:50:03.7272240Z demo-mac: nav event: Completed { url: "", success: false }
2026-10-07T14:50:03.7273810Z demo-mac: nav event: DownloadStarted { id: DownloadId(4), url: "http://127.0.0.1:56615/download-slow", suggested_filename: "scrying-download.bin", destination_path: "/Users/markik/Code/targets/wgpu-scry-hardware/demo-mac-download-test-96253/download-output/scrying-download-2.bin", total_bytes_expected: Some(262144) }
2026-10-07T14:50:03.7275560Z demo-mac: download-test: phase E: cancel_download(4) -> Ok(true), awaiting resume_data
2026-10-07T14:50:03.7394400Z demo-mac: nav event: DownloadCancelled { id: DownloadId(4), destination_path: "/Users/markik/Code/targets/wgpu-scry-hardware/demo-mac-download-test-96253/download-output/scrying-download-2.bin", resume_data: Some([98, 112, 108, 105, 115, 116, 48, 48, 212, 1, 2, 3, 4, 5, 6, 7, 10, 88, 36, 118, 101, 114, 115, 105, 111, 110, 89, 36, 97, 114, 99, 104, 105, 118, 101, 114, 84, 36, 116, 111, 112, 88, 36, 111, 98, 106, 101, 99, 116, 115, 18, 0, 1, 134, 160, 95, 16, 15, 78, 83, 75, 101, 121, 101, 100, 65, 114, 99, 104, 105, 118, 101, 114, 209, 8, 9, 95, 16, 27, 78, 83, 75, 101, 121, 101, 100, 65, 114, 99, 104, 105, 118, 101, 82, 111, 111, 116, 79, 98, 106, 101, 99, 116, 75, 101, 121, 128, 1, 175, 16, 24, 11, 12, 39, 40, 41, 42, 43, 44, 45, 46, 47, 48, 49, 50, 54, 61, 64, 67, 68, 69, 70, 71, 72, 73, 85, 36, 110, 117, 108, 108, 211, 13, 14, 15, 16, 27, 38, 87, 78, 83, 46, 107, 101, 121, 115, 90, 78, 83, 46, 111, 98, 106, 101, 99, 116, 115, 86, 36, 99, 108, 97, 115, 115, 170, 17, 18, 19, 20, 21, 22, 23, 24, 25, 26, 128, 2, 128, 3, 128, 4, 128, 5, 128, 6, 128, 7, 128, 8, 128, 9, 128, 10, 128, 11, 170, 28, 29, 30, 31, 32, 33, 34, 35, 36, 37, 128, 12, 128, 13, 128, 15, 128, 16, 128, 17, 128, 18, 128, 19, 128, 20, 128, 21, 128, 22, 128, 23, 95, 16, 31, 78, 83, 85, 82, 76, 83, 101, 115, 115, 105, 111, 110, 82, 101, 115, 117, 109, 101, 73, 110, 102, 111, 76, 111, 99, 97, 108, 80, 97, 116, 104, 95, 16, 26, 78, 83, 85, 82, 76, 83, 101, 115, 115, 105, 111, 110, 82, 101, 115, 117, 109, 101, 82, 101, 115, 112, 111, 110, 115, 101, 95, 16, 32, 78, 83, 85, 82, 76, 83, 101, 115, 115, 105, 111, 110, 82, 101, 115, 117, 109, 101, 67, 117, 114, 114, 101, 110, 116, 82, 101, 113, 117, 101, 115, 116, 95, 16, 33, 78, 83, 85, 82, 76, 83, 101, 115, 115, 105, 111, 110, 82, 101, 115, 117, 109, 101, 79, 114, 105, 103, 105, 110, 97, 108, 82, 101, 113, 117, 101, 115, 116, 95, 16, 23, 78, 83, 85, 82, 76, 83, 101, 115, 115, 105, 111, 110, 68, 111, 119, 110, 108, 111, 97, 100, 85, 82, 76, 95, 16, 34, 78, 83, 85, 82, 76, 83, 101, 115, 115, 105, 111, 110, 82, 101, 115, 117, 109, 101, 73, 110, 102, 111, 84, 101, 109, 112, 70, 105, 108, 101, 78, 97, 109, 101, 95, 16, 31, 78, 83, 85, 82, 76, 83, 101, 115, 115, 105, 111, 110, 82, 101, 115, 117, 109, 101, 66, 121, 116, 101, 115, 82, 101, 99, 101, 105, 118, 101, 100, 95, 16, 27, 78, 83, 85, 82, 76, 83, 101, 115, 115, 105, 111, 110, 82, 101, 115, 117, 109, 101, 69, 110, 116, 105, 116, 121, 84, 97, 103, 95, 16, 29, 78, 83, 85, 82, 76, 83, 101, 115, 115, 105, 111, 110, 82, 101, 115, 117, 109, 101, 73, 110, 102, 111, 86, 101, 114, 115, 105, 111, 110, 95, 16, 36, 78, 83, 85, 82, 76, 83, 101, 115, 115, 105, 111, 110, 82, 101, 115, 117, 109, 101, 83, 101, 114, 118, 101, 114, 68, 111, 119, 110, 108, 111, 97, 100, 68, 97, 116, 101, 95, 16, 113, 47, 85, 115, 101, 114, 115, 47, 109, 97, 114, 107, 105, 107, 47, 67, 111, 100, 101, 47, 116, 97, 114, 103, 101, 116, 115, 47, 119, 103, 112, 117, 45, 115, 99, 114, 121, 45, 104, 97, 114, 100, 119, 97, 114, 101, 47, 100, 101, 109, 111, 45, 109, 97, 99, 45, 100, 111, 119, 110, 108, 111, 97, 100, 45, 116, 101, 115, 116, 45, 57, 54, 50, 53, 51, 47, 100, 111, 119, 110, 108, 111, 97, 100, 45, 111, 117, 116, 112, 117, 116, 47, 115, 99, 114, 121, 105, 110, 103, 45, 100, 111, 119, 110, 108, 111, 97, 100, 45, 50, 46, 98, 105, 110, 210, 51, 15, 52, 53, 87, 78, 83, 46, 100, 97, 116, 97, 79, 17, 7, 36, 98, 112, 108, 105, 115, 116, 48, 48, 212, 1, 2, 3, 4, 5, 6, 7, 10, 88, 36, 118, 101, 114, 115, 105, 111, 110, 89, 36, 97, 114, 99, 104, 105, 118, 101, 114, 84, 36, 116, 111, 112, 88, 36, 111, 98, 106, 101, 99, 116, 115, 18, 0, 1, 134, 160, 95, 16, 15, 78, 83, 75, 101, 121, 101, 100, 65, 114, 99, 104, 105, 118, 101, 114, 209, 8, 9, 84, 114, 111, 111, 116, 128, 1, 175, 16, 29, 11, 12, 39, 45, 46, 52, 53, 54, 55, 77, 78, 79, 80, 81, 82, 83, 84, 85, 86, 87, 88, 89, 90, 91, 92, 93, 97, 101, 105, 85, 36, 110, 117, 108, 108, 221, 13, 14, 15, 16, 17, 18, 19, 20, 21, 22, 23, 24, 25, 26, 27, 28, 29, 30, 31, 32, 33, 34, 35, 36, 37, 38, 95, 16, 31, 95, 95, 110, 115, 117, 114, 108, 114, 101, 113, 117, 101, 115, 116, 95, 112, 114, 111, 116, 111, 95, 112, 114, 111, 112, 95, 111, 98, 106, 95, 54, 95, 16, 31, 95, 95, 110, 115, 117, 114, 108, 114, 101, 113, 117, 101, 115, 116, 95, 112, 114, 111, 116, 111, 95, 112, 114, 111, 112, 95, 111, 98, 106, 95, 51, 82, 36, 50, 95, 16, 31, 95, 95, 110, 115, 117, 114, 108, 114, 101, 113, 117, 101, 115, 116, 95, 112, 114, 111, 116, 111, 95, 112, 114, 111, 112, 95, 111, 98, 106, 95, 48, 82, 36, 51, 95, 16, 31, 95, 95, 110, 115, 117, 114, 108, 114, 101, 113, 117, 101, 115, 116, 95, 112, 114, 111, 116, 111, 95, 112, 114, 111, 112, 95, 111, 98, 106, 95, 52, 86, 36, 99, 108, 97, 115, 115, 95, 16, 31, 95, 95, 110, 115, 117, 114, 108, 114, 101, 113, 117, 101, 115, 116, 95, 112, 114, 111, 116, 111, 95, 112, 114, 111, 112, 95, 111, 98, 106, 95, 49, 82, 36, 52, 82, 36, 48, 95, 16, 31, 95, 95, 110, 115, 117, 114, 108, 114, 101, 113, 117, 101, 115, 116, 95, 112, 114, 111, 116, 111, 95, 112, 114, 111, 112, 95, 111, 98, 106, 95, 53, 95, 16, 31, 95, 95, 110, 115, 117, 114, 108, 114, 101, 113, 117, 101, 115, 116, 95, 112, 114, 111, 116, 111, 95, 112, 114, 111, 112, 95, 111, 98, 106, 95, 50, 82, 36, 49, 128, 26, 128, 7, 16, 7, 128, 2, 16, 9, 128, 8, 128, 28, 128, 5, 8, 16, 8, 128, 0, 128, 6, 16, 1, 211, 40, 19, 41, 36, 43, 44, 87, 78, 83, 46, 98, 97, 115, 101, 91, 78, 83, 46, 114, 101, 108, 97, 116, 105, 118, 101, 128, 0, 128, 4, 128, 3, 95, 16, 36, 104, 116, 116, 112, 58, 47, 47, 49, 50, 55, 46, 48, 46, 48, 46, 49, 58, 53, 54, 54, 49, 53, 47, 100, 111, 119, 110, 108, 111, 97, 100, 45, 115, 108, 111, 119, 210, 47, 48, 49, 50, 90, 36, 99, 108, 97, 115, 115, 110, 97, 109, 101, 88, 36, 99, 108, 97, 115, 115, 101, 115, 85, 78, 83, 85, 82, 76, 162, 49, 51, 88, 78, 83, 79, 98, 106, 101, 99, 116, 35, 65, 200, 59, 73, 202, 187, 80, 9, 16, 0, 16, 200, 211, 56, 57, 19, 58, 67, 76, 87, 78, 83, 46, 107, 101, 121, 115, 90, 78, 83, 46, 111, 98, 106, 101, 99, 116, 115, 168, 59, 60, 61, 62, 63, 64, 65, 66, 128, 9, 128, 10, 128, 11, 128, 12, 128, 13, 128, 14, 128, 15, 128, 16, 168, 68, 69, 70, 71, 72, 73, 74, 75, 128, 17, 128, 18, 128, 19, 128, 20, 128, 21, 128, 22, 128, 23, 128, 24, 128, 25, 84, 69, 116, 97, 103, 92, 67, 111, 110, 116, 101, 110, 116, 45, 84, 121, 112, 101, 88, 95, 95, 104, 104, 97, 97, 95, 95, 93, 76, 97, 115, 116, 45, 77, 111, 100, 105, 102, 105, 101, 100, 93, 65, 99, 99, 101, 112, 116, 45, 82, 97, 110, 103, 101, 115, 95, 16, 19, 67, 111, 110, 116, 101, 110, 116, 45, 68, 105, 115, 112, 111, 115, 105, 116, 105, 111, 110, 94, 67, 111, 110, 116, 101, 110, 116, 45, 76, 101, 110, 103, 116, 104, 90, 67, 111, 110, 110, 101, 99, 116, 105, 111, 110, 95, 16, 28, 34, 115, 99, 114, 121, 105, 110, 103, 45, 116, 101, 115, 116, 45, 101, 116, 97, 103, 45, 100, 101, 97, 100, 98, 101, 101, 102, 34, 95, 16, 24, 97, 112, 112, 108, 105, 99, 97, 116, 105, 111, 110, 47, 111, 99, 116, 101, 116, 45, 115, 116, 114, 101, 97, 109, 95, 17, 1, 232, 13, 10, 13, 10, 89, 110, 66, 115, 97, 88, 78, 48, 77, 68, 68, 88, 65, 81, 73, 68, 66, 65, 85, 71, 66, 119, 103, 75, 68, 65, 52, 81, 69, 104, 82, 97, 81, 50, 57, 117, 98, 109, 86, 106, 100, 71, 108, 118, 98, 108, 120, 68, 98, 50, 53, 48, 90, 87, 53, 48, 76, 86, 82, 53, 99, 71, 86, 100, 84, 71, 70, 122, 100, 67, 49, 78, 98, 50, 82, 112, 90, 109, 108, 108, 90, 70, 49, 66, 89, 50, 78, 108, 99, 72, 81, 116, 85, 109, 70, 117, 90, 50, 86, 122, 88, 120, 65, 84, 81, 50, 57, 117, 100, 71, 86, 117, 100, 67, 49, 69, 97, 88, 78, 119, 98, 51, 78, 112, 100, 71, 108, 118, 98, 108, 53, 68, 98, 50, 53, 48, 90, 87, 53, 48, 76, 85, 120, 108, 98, 109, 100, 48, 97, 70, 82, 70, 100, 71, 70, 110, 111, 81, 108, 86, 89, 50, 120, 118, 99, 50, 87, 104, 67, 49, 56, 81, 71, 71, 70, 119, 99, 71, 120, 112, 89, 50, 70, 48, 97, 87, 57, 117, 76, 50, 57, 106, 100, 71, 86, 48, 76, 88, 78, 48, 99, 109, 86, 104, 98, 97, 69, 78, 88, 120, 65, 100, 84, 87, 57, 117, 76, 67, 65, 119, 77, 83, 66, 75, 89, 87, 52, 103, 77, 106, 65, 121, 78, 67, 65, 119, 77, 68, 111, 119, 77, 68, 111, 119, 77, 67, 66, 72, 84, 86, 83, 104, 68, 49, 86, 105, 101, 88, 82, 108, 99, 54, 69, 82, 88, 120, 65, 114, 89, 88, 82, 48, 89, 87, 78, 111, 98, 87, 86, 117, 100, 68, 115, 103, 90, 109, 108, 115, 90, 87, 53, 104, 98, 87, 85, 57, 73, 110, 78, 106, 99, 110, 108, 112, 98, 109, 99, 116, 90, 71, 57, 51, 98, 109, 120, 118, 89, 87, 81, 117, 89, 109, 108, 117, 73, 113, 69, 84, 86, 106, 73, 50, 77, 106, 69, 48, 78, 75, 69, 86, 88, 120, 65, 99, 73, 110, 78, 106, 99, 110, 108, 112, 98, 109, 99, 116, 100, 71, 86, 122, 100, 67, 49, 108, 100, 71, 70, 110, 76, 87, 82, 108, 89, 87, 82, 105, 90, 87, 86, 109, 73, 103, 65, 73, 65, 66, 99, 65, 73, 103, 65, 118, 65, 68, 48, 65, 83, 119, 66, 104, 65, 72, 65, 65, 100, 81, 66, 51, 65, 72, 48, 65, 102, 119, 67, 97, 65, 74, 119, 65, 118, 65, 67, 43, 65, 77, 81, 65, 120, 103, 68, 48, 65, 80, 89, 65, 47, 81, 68, 47, 65, 65, 65, 65, 65, 65, 65, 65, 65, 103, 69, 65, 65, 65, 65, 65, 65, 65, 65, 65, 70, 103, 65, 65, 65, 65, 65, 65, 65, 65, 65, 65, 65, 65, 65, 65, 65, 65, 65, 65, 65, 82, 52, 61, 95, 16, 29, 77, 111, 110, 44, 32, 48, 49, 32, 74, 97, 110, 32, 50, 48, 50, 52, 32, 48, 48, 58, 48, 48, 58, 48, 48, 32, 71, 77, 84, 85, 98, 121, 116, 101, 115, 95, 16, 43, 97, 116, 116, 97, 99, 104, 109, 101, 110, 116, 59, 32, 102, 105, 108, 101, 110, 97, 109, 101, 61, 34, 115, 99, 114, 121, 105, 110, 103, 45, 100, 111, 119, 110, 108, 111, 97, 100, 46, 98, 105, 110, 34, 86, 50, 54, 50, 49, 52, 52, 85, 99, 108, 111, 115, 101, 210, 47, 48, 94, 95, 95, 16, 19, 78, 83, 77, 117, 116, 97, 98, 108, 101, 68, 105, 99, 116, 105, 111, 110, 97, 114, 121, 163, 94, 96, 51, 92, 78, 83, 68, 105, 99, 116, 105, 111, 110, 97, 114, 121, 210, 19, 98, 99, 100, 89, 78, 83, 46, 115, 116, 114, 105, 110, 103, 128, 27, 95, 16, 24, 97, 112, 112, 108, 105, 99, 97, 116, 105, 111, 110, 47, 111, 99, 116, 101, 116, 45, 115, 116, 114, 101, 97, 109, 210, 47, 48, 102, 103, 95, 16, 15, 78, 83, 77, 117, 116, 97, 98, 108, 101, 83, 116, 114, 105, 110, 103, 163, 102, 104, 51, 88, 78, 83, 83, 116, 114, 105, 110, 103, 210, 47, 48, 106, 107, 95, 16, 17, 78, 83, 72, 84, 84, 80, 85, 82, 76, 82, 101, 115, 112, 111, 110, 115, 101, 163, 108, 109, 51, 95, 16, 17, 78, 83, 72, 84, 84, 80, 85, 82, 76, 82, 101, 115, 112, 111, 110, 115, 101, 93, 78, 83, 85, 82, 76, 82, 101, 115, 112, 111, 110, 115, 101, 0, 8, 0, 17, 0, 26, 0, 36, 0, 41, 0, 50, 0, 55, 0, 73, 0, 76, 0, 81, 0, 83, 0, 115, 0, 121, 0, 148, 0, 182, 0, 216, 0, 219, 0, 253, 1, 0, 1, 34, 1, 41, 1, 75, 1, 78, 1, 81, 1, 115, 1, 149, 1, 152, 1, 154, 1, 156, 1, 158, 1, 160, 1, 162, 1, 164, 1, 166, 1, 168, 1, 169, 1, 171, 1, 173, 1, 175, 1, 177, 1, 184, 1, 192, 1, 204, 1, 206, 1, 208, 1, 210, 1, 249, 1, 254, 2, 9, 2, 18, 2, 24, 2, 27, 2, 36, 2, 45, 2, 47, 2, 49, 2, 56, 2, 64, 2, 75, 2, 84, 2, 86, 2, 88, 2, 90, 2, 92, 2, 94, 2, 96, 2, 98, 2, 100, 2, 109, 2, 111, 2, 113, 2, 115, 2, 117, 2, 119, 2, 121, 2, 123, 2, 125, 2, 127, 2, 132, 2, 145, 2, 154, 2, 168, 2, 182, 2, 204, 2, 219, 2, 230, 3, 5, 3, 32, 5, 12, 5, 44, 5, 50, 5, 96, 5, 103, 5, 109, 5, 114, 5, 136, 5, 140, 5, 153, 5, 158, 5, 168, 5, 170, 5, 197, 5, 202, 5, 220, 5, 224, 5, 233, 5, 238, 6, 2, 6, 6, 6, 26, 0, 0, 0, 0, 0, 0, 2, 1, 0, 0, 0, 0, 0, 0, 0, 110, 0, 0, 0, 0, 0, 0, 0, 0, 0, 0, 0, 0, 0, 0, 6, 40, 128, 14, 210, 55, 56, 57, 58, 90, 36, 99, 108, 97, 115, 115, 110, 97, 109, 101, 88, 36, 99, 108, 97, 115, 115, 101, 115, 93, 78, 83, 77, 117, 116, 97, 98, 108, 101, 68, 97, 116, 97, 163, 57, 59, 60, 86, 78, 83, 68, 97, 116, 97, 88, 78, 83, 79, 98, 106, 101, 99, 116, 210, 51, 15, 62, 53, 79, 17, 15, 254, 98, 112, 108, 105, 115, 116, 48, 48, 212, 1, 2, 3, 4, 5, 6, 7, 10, 88, 36, 118, 101, 114, 115, 105, 111, 110, 89, 36, 97, 114, 99, 104, 105, 118, 101, 114, 84, 36, 116, 111, 112, 88, 36, 111, 98, 106, 101, 99, 116, 115, 18, 0, 1, 134, 160, 95, 16, 15, 78, 83, 75, 101, 121, 101, 100, 65, 114, 99, 104, 105, 118, 101, 114, 209, 8, 9, 95, 16, 27, 78, 83, 75, 101, 121, 101, 100, 65, 114, 99, 104, 105, 118, 101, 82, 111, 111, 116, 79, 98, 106, 101, 99, 116, 75, 101, 121, 128, 1, 175, 16, 50, 11, 12, 70, 121, 127, 128, 134, 76, 135, 139, 89, 141, 94, 142, 110, 143, 144, 168, 169, 170, 171, 172, 173, 174, 175, 176, 177, 178, 179, 180, 181, 182, 183, 184, 185, 186, 190, 204, 205, 206, 207, 208, 209, 210, 211, 212, 218, 219, 220, 223, 85, 36, 110, 117, 108, 108, 223, 16, 56, 13, 14, 15, 16, 17, 18, 19, 20, 21, 22, 23, 24, 25, 26, 27, 28, 29, 30, 31, 32, 33, 34, 35, 36, 37, 38, 39, 40, 41, 42, 43, 44, 45, 46, 47, 48, 49, 50, 51, 52, 53, 54, 55, 56, 57, 58, 59, 60, 61, 62, 63, 64, 65, 66, 67, 68, 69, 70, 71, 69, 70, 69, 70, 74, 75, 76, 77, 78, 79, 78, 77, 75, 83, 78, 85, 86, 70, 88, 89, 70, 74, 70, 70, 94, 95, 96, 97, 78, 69, 70, 75, 89, 70, 103, 104, 78, 69, 71, 94, 70, 108, 78, 110, 70, 70, 70, 114, 70, 78, 117, 70, 78, 95, 16, 24, 114, 101, 113, 117, 105, 114, 101, 115, 68, 78, 83, 83, 69, 67, 86, 97, 108, 105, 100, 97, 116, 105, 111, 110, 95, 16, 18, 105, 115, 87, 101, 98, 83, 101, 97, 114, 99, 104, 67, 111, 110, 116, 101, 110, 116, 95, 16, 31, 95, 95, 110, 115, 117, 114, 108, 114, 101, 113, 117, 101, 115, 116, 95, 112, 114, 111, 116, 111, 95, 112, 114, 111, 112, 95, 111, 98, 106, 95, 57, 95, 16, 20, 97, 108, 108, 111, 119, 101, 100, 80, 114, 111, 116, 111, 99, 111, 108, 84, 121, 112, 101, 115, 93, 98, 108, 111, 99, 107, 84, 114, 97, 99, 107, 101, 114, 115, 95, 16, 30, 97, 108, 108, 111, 119, 115, 67, 111, 110, 115, 116, 114, 97, 105, 110, 101, 100, 78, 101, 116, 119, 111, 114, 107, 65, 99, 99, 101, 115, 115, 95, 16, 19, 97, 115, 115, 117, 109, 101, 115, 72, 84, 84, 80, 51, 67, 97, 112, 97, 98, 108, 101, 95, 16, 32, 95, 95, 110, 115, 117, 114, 108, 114, 101, 113, 117, 101, 115, 116, 95, 112, 114, 111, 116, 111, 95, 112, 114, 111, 112, 95, 111, 98, 106, 95, 49, 48, 95, 16, 32, 95, 95, 110, 115, 117, 114, 108, 114, 101, 113, 117, 101, 115, 116, 95, 112, 114, 111, 116, 111, 95, 112, 114, 111, 112, 95, 111, 98, 106, 95, 49, 49, 91, 97, 116, 116, 114, 105, 98, 117, 116, 105, 111, 110, 95, 16, 32, 95, 95, 110, 115, 117, 114, 108, 114, 101, 113, 117, 101, 115, 116, 95, 112, 114, 111, 116, 111, 95, 112, 114, 111, 112, 95, 111, 98, 106, 95, 49, 50, 95, 16, 32, 95, 95, 110, 115, 117, 114, 108, 114, 101, 113, 117, 101, 115, 116, 95, 112, 114, 111, 116, 111, 95, 112, 114, 111, 112, 95, 111, 98, 106, 95, 50, 48, 95, 16, 26, 95, 95, 110, 115, 117, 114, 108, 114, 101, 113, 117, 101, 115, 116, 95, 112, 114, 111, 116, 111, 95, 112, 114, 111, 112, 115, 95, 16, 32, 95, 95, 110, 115, 117, 114, 108, 114, 101, 113, 117, 101, 115, 116, 95, 112, 114, 111, 116, 111, 95, 112, 114, 111, 112, 95, 111, 98, 106, 95, 50, 49, 95, 16, 32, 95, 95, 110, 115, 117, 114, 108, 114, 101, 113, 117, 101, 115, 116, 95, 112, 114, 111, 116, 111, 95, 112, 114, 111, 112, 95, 111, 98, 106, 95, 49, 51, 95, 16, 32, 95, 95, 110, 115, 117, 114, 108, 114, 101, 113, 117, 101, 115, 116, 95, 112, 114, 111, 116, 111, 95, 112, 114, 111, 112, 95, 111, 98, 106, 95, 49, 52, 95, 16, 32, 95, 95, 110, 115, 117, 114, 108, 114, 101, 113, 117, 101, 115, 116, 95, 112, 114, 111, 116, 111, 95, 112, 114, 111, 112, 95, 111, 98, 106, 95, 49, 53, 95, 16, 32, 95, 95, 110, 115, 117, 114, 108, 114, 101, 113, 117, 101, 115, 116, 95, 112, 114, 111, 116, 111, 95, 112, 114, 111, 112, 95, 111, 98, 106, 95, 49, 54, 95, 16, 32, 95, 95, 110, 115, 117, 114, 108, 114, 101, 113, 117, 101, 115, 116, 95, 112, 114, 111, 116, 111, 95, 112, 114, 111, 112, 95, 111, 98, 106, 95, 49, 55, 95, 16, 32, 95, 95, 110, 115, 117, 114, 108, 114, 101, 113, 117, 101, 115, 116, 95, 112, 114, 111, 116, 111, 95, 112, 114, 111, 112, 95, 111, 98, 106, 95, 49, 56, 95, 16, 22, 117, 115, 101, 69, 110, 104, 97, 110, 99, 101, 100, 80, 114, 105, 118, 97, 99, 121, 77, 111, 100, 101, 95, 16, 32, 95, 95, 110, 115, 117, 114, 108, 114, 101, 113, 117, 101, 115, 116, 95, 112, 114, 111, 116, 111, 95, 112, 114, 111, 112, 95, 111, 98, 106, 95, 49, 57, 95, 16, 37, 97, 108, 108, 111, 119, 80, 114, 105, 118, 97, 116, 101, 65, 99, 99, 101, 115, 115, 84, 111, 107, 101, 110, 115, 70, 111, 114, 84, 104, 105, 114, 100, 80, 97, 114, 116, 121, 95, 16, 19, 97, 108, 108, 111, 119, 115, 80, 101, 114, 115, 105, 115, 116, 101, 110, 116, 68, 78, 83, 95, 16, 31, 95, 95, 110, 115, 117, 114, 108, 114, 101, 113, 117, 101, 115, 116, 95, 112, 114, 111, 116, 111, 95, 112, 114, 111, 112, 95, 111, 98, 106, 95, 48, 95, 16, 30, 114, 101, 113, 117, 105, 114, 101, 115, 83, 104, 111, 114, 116, 67, 111, 110, 110, 101, 99, 116, 105, 111, 110, 84, 105, 109, 101, 111, 117, 116, 95, 16, 22, 112, 114, 105, 118, 97, 99, 121, 80, 114, 111, 120, 121, 70, 97, 105, 108, 67, 108, 111, 115, 101, 100, 95, 16, 26, 112, 97, 121, 108, 111, 97, 100, 84, 114, 97, 110, 115, 109, 105, 115, 115, 105, 111, 110, 84, 105, 109, 101, 111, 117, 116, 95, 16, 31, 95, 95, 110, 115, 117, 114, 108, 114, 101, 113, 117, 101, 115, 116, 95, 112, 114, 111, 116, 111, 95, 112, 114, 111, 112, 95, 111, 98, 106, 95, 49, 95, 16, 39, 99, 111, 110, 116, 101, 110, 116, 68, 105, 115, 112, 111, 115, 105, 116, 105, 111, 110, 69, 110, 99, 111, 100, 105, 110, 103, 70, 97, 108, 108, 98, 97, 99, 107, 65, 114, 114, 97, 121, 95, 16, 31, 95, 95, 110, 115, 117, 114, 108, 114, 101, 113, 117, 101, 115, 116, 95, 112, 114, 111, 116, 111, 95, 112, 114, 111, 112, 95, 111, 98, 106, 95, 50, 94, 116, 114, 97, 99, 107, 101, 114, 67, 111, 110, 116, 101, 120, 116, 89, 97, 108, 108, 111, 119, 115, 85, 67, 65, 95, 16, 20, 112, 114, 111, 104, 105, 98, 105, 116, 80, 114, 105, 118, 97, 99, 121, 80, 114, 111, 120, 121, 95, 16, 31, 95, 95, 110, 115, 117, 114, 108, 114, 101, 113, 117, 101, 115, 116, 95, 112, 114, 111, 116, 111, 95, 112, 114, 111, 112, 95, 111, 98, 106, 95, 51, 95, 16, 48, 112, 114, 105, 118, 97, 99, 121, 80, 114, 111, 120, 121, 70, 97, 105, 108, 67, 108, 111, 115, 101, 100, 70, 111, 114, 85, 110, 114, 101, 97, 99, 104, 97, 98, 108, 101, 78, 111, 110, 77, 97, 105, 110, 72, 111, 115, 116, 115, 95, 16, 41, 112, 114, 105, 118, 97, 99, 121, 80, 114, 111, 120, 121, 70, 97, 105, 108, 67, 108, 111, 115, 101, 100, 70, 111, 114, 85, 110, 114, 101, 97, 99, 104, 97, 98, 108, 101, 72, 111, 115, 116, 115, 86, 36, 99, 108, 97, 115, 115, 95, 16, 31, 95, 95, 110, 115, 117, 114, 108, 114, 101, 113, 117, 101, 115, 116, 95, 112, 114, 111, 116, 111, 95, 112, 114, 111, 112, 95, 111, 98, 106, 95, 52, 95, 16, 24, 98, 111, 117, 110, 100, 73, 110, 116, 101, 114, 102, 97, 99, 101, 73, 100, 101, 110, 116, 105, 102, 105, 101, 114, 95, 16, 28, 97, 108, 108, 111, 119, 115, 69, 120, 112, 101, 110, 115, 105, 118, 101, 78, 101, 116, 119, 111, 114, 107, 65, 99, 99, 101, 115, 115, 95, 16, 31, 95, 95, 110, 115, 117, 114, 108, 114, 101, 113, 117, 101, 115, 116, 95, 112, 114, 111, 116, 111, 95, 112, 114, 111, 112, 95, 111, 98, 106, 95, 53, 95, 16, 16, 115, 116, 97, 114, 116, 84, 105, 109, 101, 111, 117, 116, 84, 105, 109, 101, 95, 16, 18, 112, 114, 101, 118, 101, 110, 116, 72, 83, 84, 83, 83, 116, 111, 114, 97, 103, 101, 95, 16, 31, 95, 95, 110, 115, 117, 114, 108, 114, 101, 113, 117, 101, 115, 116, 95, 112, 114, 111, 116, 111, 95, 112, 114, 111, 112, 95, 111, 98, 106, 95, 54, 95, 16, 25, 99, 111, 111, 107, 105, 101, 80, 97, 114, 116, 105, 116, 105, 111, 110, 73, 100, 101, 110, 116, 105, 102, 105, 101, 114, 82, 36, 48, 95, 16, 34, 102, 97, 105, 108, 73, 110, 115, 101, 99, 117, 114, 101, 76, 111, 97, 100, 87, 105, 116, 104, 72, 84, 84, 80, 83, 68, 78, 83, 82, 101, 99, 111, 114, 100, 92, 107, 110, 111, 119, 110, 84, 114, 97, 99, 107, 101, 114, 90, 105, 103, 110, 111, 114, 101, 72, 83, 84, 83, 82, 36, 49, 95, 16, 27, 97, 108, 108, 111, 119, 79, 110, 108, 121, 80, 97, 114, 116, 105, 116, 105, 111, 110, 101, 100, 67, 111, 111, 107, 105, 101, 115, 95, 16, 31, 95, 95, 110, 115, 117, 114, 108, 114, 101, 113, 117, 101, 115, 116, 95, 112, 114, 111, 116, 111, 95, 112, 114, 111, 112, 95, 111, 98, 106, 95, 55, 82, 36, 50, 95, 16, 33, 115, 99, 104, 101, 109, 101, 87, 97, 115, 85, 112, 103, 114, 97, 100, 101, 100, 68, 117, 101, 84, 111, 68, 121, 110, 97, 109, 105, 99, 72, 83, 84, 83, 95, 16, 31, 95, 95, 110, 115, 117, 114, 108, 114, 101, 113, 117, 101, 115, 116, 95, 112, 114, 111, 116, 111, 95, 112, 114, 111, 112, 95, 111, 98, 106, 95, 56, 16, 0, 8, 128, 10, 8, 8, 128, 2, 128, 7, 16, 0, 128, 12, 128, 0, 128, 36, 128, 0, 128, 12, 128, 7, 128, 13, 128, 0, 128, 14, 128, 15, 8, 128, 16, 9, 8, 128, 2, 8, 8, 35, 0, 0, 0, 0, 0, 0, 0, 0, 128, 3, 128, 45, 128, 6, 128, 0, 8, 128, 7, 9, 8, 128, 49, 128, 8, 128, 0, 128, 10, 8, 128, 11, 128, 0, 16, 2, 8, 8, 8, 16, 9, 8, 128, 0, 16, 22, 8, 128, 0, 8, 211, 122, 50, 123, 78, 125, 126, 87, 78, 83, 46, 98, 97, 115, 101, 91, 78, 83, 46, 114, 101, 108, 97, 116, 105, 118, 101, 128, 0, 128, 5, 128, 4, 95, 16, 36, 104, 116, 116, 112, 58, 47, 47, 49, 50, 55, 46, 48, 46, 48, 46, 49, 58, 53, 54, 54, 49, 53, 47, 100, 111, 119, 110, 108, 111, 97, 100, 45, 115, 108, 111, 119, 210, 129, 130, 131, 132, 90, 36, 99, 108, 97, 115, 115, 110, 97, 109, 101, 88, 36, 99, 108, 97, 115, 115, 101, 115, 85, 78, 83, 85, 82, 76, 162, 131, 133, 88, 78, 83, 79, 98, 106, 101, 99, 116, 35, 64, 78, 0, 0, 0, 0, 0, 0, 211, 122, 50, 123, 78, 125, 138, 128, 0, 128, 5, 128, 9, 95, 16, 36, 104, 116, 116, 112, 58, 47, 47, 49, 50, 55, 46, 48, 46, 48, 46, 49, 58, 53, 54, 54, 49, 53, 47, 100, 111, 119, 110, 108, 111, 97, 100, 45, 115, 108, 111, 119, 9, 17, 1, 134, 16, 4, 83, 71, 69, 84, 211, 145, 146, 50, 147, 157, 167, 87, 78, 83, 46, 107, 101, 121, 115, 90, 78, 83, 46, 111, 98, 106, 101, 99, 116, 115, 169, 148, 149, 150, 151, 152, 153, 154, 155, 156, 128, 17, 128, 18, 128, 19, 128, 20, 128, 21, 128, 22, 128, 23, 128, 24, 128, 25, 169, 158, 159, 160, 161, 162, 163, 164, 165, 166, 128, 26, 128, 27, 128, 28, 128, 29, 128, 30, 128, 31, 128, 32, 128, 33, 128, 34, 128, 35, 86, 65, 99, 99, 101, 112, 116, 94, 83, 101, 99, 45, 70, 101, 116, 99, 104, 45, 83, 105, 116, 101, 88, 95, 95, 104, 104, 97, 97, 95, 95, 95, 16, 25, 85, 112, 103, 114, 97, 100, 101, 45, 73, 110, 115, 101, 99, 117, 114, 101, 45, 82, 101, 113, 117, 101, 115, 116, 115, 94, 83, 101, 99, 45, 70, 101, 116, 99, 104, 45, 77, 111, 100, 101, 90, 85, 115, 101, 114, 45, 65, 103, 101, 110, 116, 95, 16, 15, 65, 99, 99, 101, 112, 116, 45, 76, 97, 110, 103, 117, 97, 103, 101, 94, 83, 101, 99, 45, 70, 101, 116, 99, 104, 45, 68, 101, 115, 116, 95, 16, 15, 65, 99, 99, 101, 112, 116, 45, 69, 110, 99, 111, 100, 105, 110, 103, 95, 16, 63, 116, 101, 120, 116, 47, 104, 116, 109, 108, 44, 97, 112, 112, 108, 105, 99, 97, 116, 105, 111, 110, 47, 120, 104, 116, 109, 108, 43, 120, 109, 108, 44, 97, 112, 112, 108, 105, 99, 97, 116, 105, 111, 110, 47, 120, 109, 108, 59, 113, 61, 48, 46, 57, 44, 42, 47, 42, 59, 113, 61, 48, 46, 56, 84, 110, 111, 110, 101, 95, 17, 2, 108, 13, 10, 13, 10, 89, 110, 66, 115, 97, 88, 78, 48, 77, 68, 68, 89, 65, 81, 73, 68, 66, 65, 85, 71, 66, 119, 103, 74, 67, 119, 48, 80, 69, 82, 77, 86, 70, 49, 90, 66, 89, 50, 78, 108, 99, 72, 82, 101, 85, 50, 86, 106, 76, 85, 90, 108, 100, 71, 78, 111, 76, 86, 78, 112, 100, 71, 86, 102, 69, 66, 108, 86, 99, 71, 100, 121, 89, 87, 82, 108, 76, 85, 108, 117, 99, 50, 86, 106, 100, 88, 74, 108, 76, 86, 74, 108, 99, 88, 86, 108, 99, 51, 82, 122, 88, 108, 78, 108, 89, 121, 49, 71, 90, 88, 82, 106, 97, 67, 49, 78, 98, 50, 82, 108, 87, 108, 86, 122, 90, 88, 73, 116, 81, 87, 100, 108, 98, 110, 82, 102, 69, 65, 57, 66, 89, 50, 78, 108, 99, 72, 81, 116, 84, 71, 70, 117, 90, 51, 86, 104, 90, 50, 86, 101, 85, 50, 86, 106, 76, 85, 90, 108, 100, 71, 78, 111, 76, 85, 82, 108, 99, 51, 82, 102, 69, 65, 57, 66, 89, 50, 78, 108, 99, 72, 81, 116, 82, 87, 53, 106, 98, 50, 82, 112, 98, 109, 101, 104, 67, 108, 56, 81, 80, 51, 82, 108, 101, 72, 81, 118, 97, 72, 82, 116, 98, 67, 120, 104, 99, 72, 66, 115, 97, 87, 78, 104, 100, 71, 108, 118, 98, 105, 57, 52, 97, 72, 82, 116, 98, 67, 116, 52, 98, 87, 119, 115, 89, 88, 66, 119, 98, 71, 108, 106, 89, 88, 82, 112, 98, 50, 52, 118, 101, 71, 49, 115, 79, 51, 69, 57, 77, 67, 52, 53, 76, 67, 111, 118, 75, 106, 116, 120, 80, 84, 65, 117, 79, 75, 69, 77, 86, 71, 53, 118, 98, 109, 87, 104, 68, 108, 69, 120, 111, 82, 66, 89, 98, 109, 70, 50, 97, 87, 100, 104, 100, 71, 87, 104, 69, 108, 56, 81, 87, 69, 49, 118, 101, 109, 108, 115, 98, 71, 69, 118, 78, 83, 52, 119, 73, 67, 104, 78, 89, 87, 78, 112, 98, 110, 82, 118, 99, 50, 103, 55, 73, 69, 108, 117, 100, 71, 86, 115, 73, 69, 49, 104, 89, 121, 66, 80, 85, 121, 66, 89, 73, 68, 69, 119, 88, 122, 69, 49, 88, 122, 99, 112, 73, 69, 70, 119, 99, 71, 120, 108, 86, 50, 86, 105, 83, 50, 108, 48, 76, 122, 89, 119, 78, 83, 52, 120, 76, 106, 69, 49, 73, 67, 104, 76, 83, 70, 82, 78, 84, 67, 119, 103, 98, 71, 108, 114, 90, 83, 66, 72, 90, 87, 78, 114, 98, 121, 109, 104, 70, 70, 53, 108, 98, 105, 49, 86, 85, 121, 120, 108, 98, 106, 116, 120, 80, 84, 65, 117, 79, 97, 69, 87, 87, 71, 82, 118, 89, 51, 86, 116, 90, 87, 53, 48, 111, 82, 104, 100, 90, 51, 112, 112, 99, 67, 119, 103, 90, 71, 86, 109, 98, 71, 70, 48, 90, 81, 65, 73, 65, 66, 107, 65, 73, 65, 65, 118, 65, 69, 115, 65, 87, 103, 66, 108, 65, 72, 99, 65, 104, 103, 67, 89, 65, 74, 111, 65, 51, 65, 68, 101, 65, 79, 77, 65, 53, 81, 68, 110, 65, 79, 107, 65, 56, 103, 68, 48, 65, 85, 56, 66, 85, 81, 70, 103, 65, 87, 73, 66, 97, 119, 70, 116, 65, 65, 65, 65, 65, 65, 65, 65, 65, 103, 69, 65, 65, 65, 65, 65, 65, 65, 65, 65, 71, 81, 65, 65, 65, 65, 65, 65, 65, 65, 65, 65, 65, 65, 65, 65, 65, 65, 65, 65, 65, 88, 115, 61, 81, 49, 88, 110, 97, 118, 105, 103, 97, 116, 101, 95, 16, 88, 77, 111, 122, 105, 108, 108, 97, 47, 53, 46, 48, 32, 40, 77, 97, 99, 105, 110, 116, 111, 115, 104, 59, 32, 73, 110, 116, 101, 108, 32, 77, 97, 99, 32, 79, 83, 32, 88, 32, 49, 48, 95, 49, 53, 95, 55, 41, 32, 65, 112, 112, 108, 101, 87, 101, 98, 75, 105, 116, 47, 54, 48, 53, 46, 49, 46, 49, 53, 32, 40, 75, 72, 84, 77, 76, 44, 32, 108, 105, 107, 101, 32, 71, 101, 99, 107, 111, 41, 94, 101, 110, 45, 85, 83, 44, 101, 110, 59, 113, 61, 48, 46, 57, 88, 100, 111, 99, 117, 109, 101, 110, 116, 93, 103, 122, 105, 112, 44, 32, 100, 101, 102, 108, 97, 116, 101, 210, 129, 130, 187, 188, 95, 16, 19, 78, 83, 77, 117, 116, 97, 98, 108, 101, 68, 105, 99, 116, 105, 111, 110, 97, 114, 121, 163, 187, 189, 133, 92, 78, 83, 68, 105, 99, 116, 105, 111, 110, 97, 114, 121, 211, 145, 146, 50, 191, 197, 167, 165, 192, 193, 194, 195, 196, 128, 37, 128, 38, 128, 39, 128, 40, 128, 41, 165, 198, 199, 199, 201, 199, 128, 42, 128, 43, 128, 43, 128, 44, 128, 43, 128, 35, 95, 16, 42, 95, 107, 67, 70, 72, 84, 84, 80, 67, 111, 111, 107, 105, 101, 80, 111, 108, 105, 99, 121, 80, 114, 111, 112, 101, 114, 116, 121, 83, 105, 116, 101, 70, 111, 114, 67, 111, 111, 107, 105, 101, 115, 95, 16, 48, 95, 107, 67, 70, 72, 84, 84, 80, 67, 111, 111, 107, 105, 101, 80, 111, 108, 105, 99, 121, 80, 114, 111, 112, 101, 114, 116, 121, 73, 115, 84, 111, 112, 76, 101, 118, 101, 108, 78, 97, 118, 105, 103, 97, 116, 105, 111, 110, 95, 16, 21, 87, 75, 86, 101, 114, 121, 76, 111, 119, 76, 111, 97, 100, 80, 114, 105, 111, 114, 105, 116, 121, 95, 16, 24, 95, 107, 67, 70, 85, 82, 76, 67, 97, 99, 104, 101, 80, 97, 114, 116, 105, 116, 105, 111, 110, 75, 101, 121, 95, 16, 32, 107, 67, 70, 85, 82, 76, 82, 101, 113, 117, 101, 115, 116, 65, 108, 108, 111, 119, 65, 108, 108, 80, 79, 83, 84, 67, 97, 99, 104, 105, 110, 103, 95, 16, 36, 104, 116, 116, 112, 58, 47, 47, 49, 50, 55, 46, 48, 46, 48, 46, 49, 58, 53, 54, 54, 49, 53, 47, 100, 111, 119, 110, 108, 111, 97, 100, 45, 115, 108, 111, 119, 16, 1, 89, 49, 50, 55, 46, 48, 46, 48, 46, 49, 210, 146, 50, 213, 217, 163, 83, 215, 216, 128, 13, 128, 46, 128, 47, 128, 48, 16, 12, 16, 5, 210, 129, 130, 221, 222, 87, 78, 83, 65, 114, 114, 97, 121, 162, 221, 133, 210, 129, 130, 224, 225, 95, 16, 19, 78, 83, 77, 117, 116, 97, 98, 108, 101, 85, 82, 76, 82, 101, 113, 117, 101, 115, 116, 163, 226, 227, 133, 95, 16, 19, 78, 83, 77, 117, 116, 97, 98, 108, 101, 85, 82, 76, 82, 101, 113, 117, 101, 115, 116, 92, 78, 83, 85, 82, 76, 82, 101, 113, 117, 101, 115, 116, 0, 8, 0, 17, 0, 26, 0, 36, 0, 41, 0, 50, 0, 55, 0, 73, 0, 76, 0, 106, 0, 108, 0, 161, 0, 167, 1, 26, 1, 53, 1, 74, 1, 108, 1, 131, 1, 145, 1, 178, 1, 200, 1, 235, 2, 14, 2, 26, 2, 61, 2, 96, 2, 125, 2, 160, 2, 195, 2, 230, 3, 9, 3, 44, 3, 79, 3, 114, 3, 139, 3, 174, 3, 214, 3, 236, 4, 14, 4, 47, 4, 72, 4, 101, 4, 135, 4, 177, 4, 211, 4, 226, 4, 236, 5, 3, 5, 37, 5, 88, 5, 132, 5, 139, 5, 173, 5, 200, 5, 231, 6, 9, 6, 28, 6, 49, 6, 83, 6, 111, 6, 114, 6, 151, 6, 164, 6, 175, 6, 178, 6, 208, 6, 242, 6, 245, 7, 25, 7, 59, 7, 61, 7, 62, 7, 64, 7, 65, 7, 66, 7, 68, 7, 70, 7, 72, 7, 74, 7, 76, 7, 78, 7, 80, 7, 82, 7, 84, 7, 86, 7, 88, 7, 90, 7, 92, 7, 93, 7, 95, 7, 96, 7, 97, 7, 99, 7, 100, 7, 101, 7, 110, 7, 112, 7, 114, 7, 116, 7, 118, 7, 119, 7, 121, 7, 122, 7, 123, 7, 125, 7, 127, 7, 129, 7, 131, 7, 132, 7, 134, 7, 136, 7, 138, 7, 139, 7, 140, 7, 141, 7, 143, 7, 144, 7, 146, 7, 148, 7, 149, 7, 151, 7, 152, 7, 159, 7, 167, 7, 179, 7, 181, 7, 183, 7, 185, 7, 224, 7, 229, 7, 240, 7, 249, 7, 255, 8, 2, 8, 11, 8, 20, 8, 27, 8, 29, 8, 31, 8, 33, 8, 72, 8, 73, 8, 76, 8, 78, 8, 82, 8, 89, 8, 97, 8, 108, 8, 118, 8, 120, 8, 122, 8, 124, 8, 126, 8, 128, 8, 130, 8, 132, 8, 134, 8, 136, 8, 146, 8, 148, 8, 150, 8, 152, 8, 154, 8, 156, 8, 158, 8, 160, 8, 162, 8, 164, 8, 166, 8, 173, 8, 188, 8, 197, 8, 225, 8, 240, 8, 251, 9, 13, 9, 28, 9, 46, 9, 112, 9, 117, 11, 229, 11, 231, 11, 240, 12, 75, 12, 90, 12, 99, 12, 113, 12, 118, 12, 140, 12, 144, 12, 157, 12, 164, 12, 170, 12, 172, 12, 174, 12, 176, 12, 178, 12, 180, 12, 186, 12, 188, 12, 190, 12, 192, 12, 194, 12, 196, 12, 198, 12, 243, 13, 38, 13, 62, 13, 89, 13, 124, 13, 163, 13, 165, 13, 175, 13, 180, 13, 184, 13, 186, 13, 188, 13, 190, 13, 192, 13, 194, 13, 196, 13, 201, 13, 209, 13, 212, 13, 217, 13, 239, 13, 243, 14, 9, 0, 0, 0, 0, 0, 0, 2, 1, 0, 0, 0, 0, 0, 0, 0, 228, 0, 0, 0, 0, 0, 0, 0, 0, 0, 0, 0, 0, 0, 0, 14, 22, 128, 14, 210, 51, 15, 65, 53, 79, 17, 15, 45, 98, 112, 108, 105, 115, 116, 48, 48, 212, 1, 2, 3, 4, 5, 6, 7, 10, 88, 36, 118, 101, 114, 115, 105, 111, 110, 89, 36, 97, 114, 99, 104, 105, 118, 101, 114, 84, 36, 116, 111, 112, 88, 36, 111, 98, 106, 101, 99, 116, 115, 18, 0, 1, 134, 160, 95, 16, 15, 78, 83, 75, 101, 121, 101, 100, 65, 114, 99, 104, 105, 118, 101, 114, 209, 8, 9, 95, 16, 27, 78, 83, 75, 101, 121, 101, 100, 65, 114, 99, 104, 105, 118, 101, 82, 111, 111, 116, 79, 98, 106, 101, 99, 116, 75, 101, 121, 128, 1, 175, 16, 46, 11, 12, 70, 121, 127, 128, 134, 76, 135, 139, 89, 141, 94, 142, 110, 143, 144, 164, 165, 166, 167, 168, 169, 170, 171, 172, 173, 174, 175, 176, 177, 178, 182, 196, 197, 198, 199, 200, 201, 202, 203, 204, 210, 211, 212, 215, 85, 36, 110, 117, 108, 108, 223, 16, 56, 13, 14, 15, 16, 17, 18, 19, 20, 21, 22, 23, 24, 25, 26, 27, 28, 29, 30, 31, 32, 33, 34, 35, 36, 37, 38, 39, 40, 41, 42, 43, 44, 45, 46, 47, 48, 49, 50, 51, 52, 53, 54, 55, 56, 57, 58, 59, 60, 61, 62, 63, 64, 65, 66, 67, 68, 69, 70, 71, 69, 70, 69, 70, 74, 75, 76, 77, 78, 79, 78, 77, 75, 83, 78, 85, 86, 70, 88, 89, 70, 74, 70, 70, 94, 95, 96, 97, 78, 69, 70, 75, 89, 70, 103, 104, 78, 69, 71, 94, 70, 108, 78, 110, 70, 70, 70, 114, 70, 78, 117, 70, 78, 95, 16, 24, 114, 101, 113, 117, 105, 114, 101, 115, 68, 78, 83, 83, 69, 67, 86, 97, 108, 105, 100, 97, 116, 105, 111, 110, 95, 16, 18, 105, 115, 87, 101, 98, 83, 101, 97, 114, 99, 104, 67, 111, 110, 116, 101, 110, 116, 95, 16, 31, 95, 95, 110, 115, 117, 114, 108, 114, 101, 113, 117, 101, 115, 116, 95, 112, 114, 111, 116, 111, 95, 112, 114, 111, 112, 95, 111, 98, 106, 95, 57, 95, 16, 20, 97, 108, 108, 111, 119, 101, 100, 80, 114, 111, 116, 111, 99, 111, 108, 84, 121, 112, 101, 115, 93, 98, 108, 111, 99, 107, 84, 114, 97, 99, 107, 101, 114, 115, 95, 16, 30, 97, 108, 108, 111, 119, 115, 67, 111, 110, 115, 116, 114, 97, 105, 110, 101, 100, 78, 101, 116, 119, 111, 114, 107, 65, 99, 99, 101, 115, 115, 95, 16, 19, 97, 115, 115, 117, 109, 101, 115, 72, 84, 84, 80, 51, 67, 97, 112, 97, 98, 108, 101, 95, 16, 32, 95, 95, 110, 115, 117, 114, 108, 114, 101, 113, 117, 101, 115, 116, 95, 112, 114, 111, 116, 111, 95, 112, 114, 111, 112, 95, 111, 98, 106, 95, 49, 48, 95, 16, 32, 95, 95, 110, 115, 117, 114, 108, 114, 101, 113, 117, 101, 115, 116, 95, 112, 114, 111, 116, 111, 95, 112, 114, 111, 112, 95, 111, 98, 106, 95, 49, 49, 91, 97, 116, 116, 114, 105, 98, 117, 116, 105, 111, 110, 95, 16, 32, 95, 95, 110, 115, 117, 114, 108, 114, 101, 113, 117, 101, 115, 116, 95, 112, 114, 111, 116, 111, 95, 112, 114, 111, 112, 95, 111, 98, 106, 95, 49, 50, 95, 16, 32, 95, 95, 110, 115, 117, 114, 108, 114, 101, 113, 117, 101, 115, 116, 95, 112, 114, 111, 116, 111, 95, 112, 114, 111, 112, 95, 111, 98, 106, 95, 50, 48, 95, 16, 26, 95, 95, 110, 115, 117, 114, 108, 114, 101, 113, 117, 101, 115, 116, 95, 112, 114, 111, 116, 111, 95, 112, 114, 111, 112, 115, 95, 16, 32, 95, 95, 110, 115, 117, 114, 108, 114, 101, 113, 117, 101, 115, 116, 95, 112, 114, 111, 116, 111, 95, 112, 114, 111, 112, 95, 111, 98, 106, 95, 50, 49, 95, 16, 32, 95, 95, 110, 115, 117, 114, 108, 114, 101, 113, 117, 101, 115, 116, 95, 112, 114, 111, 116, 111, 95, 112, 114, 111, 112, 95, 111, 98, 106, 95, 49, 51, 95, 16, 32, 95, 95, 110, 115, 117, 114, 108, 114, 101, 113, 117, 101, 115, 116, 95, 112, 114, 111, 116, 111, 95, 112, 114, 111, 112, 95, 111, 98, 106, 95, 49, 52, 95, 16, 32, 95, 95, 110, 115, 117, 114, 108, 114, 101, 113, 117, 101, 115, 116, 95, 112, 114, 111, 116, 111, 95, 112, 114, 111, 112, 95, 111, 98, 106, 95, 49, 53, 95, 16, 32, 95, 95, 110, 115, 117, 114, 108, 114, 101, 113, 117, 101, 115, 116, 95, 112, 114, 111, 116, 111, 95, 112, 114, 111, 112, 95, 111, 98, 106, 95, 49, 54, 95, 16, 32, 95, 95, 110, 115, 117, 114, 108, 114, 101, 113, 117, 101, 115, 116, 95, 112, 114, 111, 116, 111, 95, 112, 114, 111, 112, 95, 111, 98, 106, 95, 49, 55, 95, 16, 32, 95, 95, 110, 115, 117, 114, 108, 114, 101, 113, 117, 101, 115, 116, 95, 112, 114, 111, 116, 111, 95, 112, 114, 111, 112, 95, 111, 98, 106, 95, 49, 56, 95, 16, 22, 117, 115, 101, 69, 110, 104, 97, 110, 99, 101, 100, 80, 114, 105, 118, 97, 99, 121, 77, 111, 100, 101, 95, 16, 32, 95, 95, 110, 115, 117, 114, 108, 114, 101, 113, 117, 101, 115, 116, 95, 112, 114, 111, 116, 111, 95, 112, 114, 111, 112, 95, 111, 98, 106, 95, 49, 57, 95, 16, 37, 97, 108, 108, 111, 119, 80, 114, 105, 118, 97, 116, 101, 65, 99, 99, 101, 115, 115, 84, 111, 107, 101, 110, 115, 70, 111, 114, 84, 104, 105, 114, 100, 80, 97, 114, 116, 121, 95, 16, 19, 97, 108, 108, 111, 119, 115, 80, 101, 114, 115, 105, 115, 116, 101, 110, 116, 68, 78, 83, 95, 16, 31, 95, 95, 110, 115, 117, 114, 108, 114, 101, 113, 117, 101, 115, 116, 95, 112, 114, 111, 116, 111, 95, 112, 114, 111, 112, 95, 111, 98, 106, 95, 48, 95, 16, 30, 114, 101, 113, 117, 105, 114, 101, 115, 83, 104, 111, 114, 116, 67, 111, 110, 110, 101, 99, 116, 105, 111, 110, 84, 105, 109, 101, 111, 117, 116, 95, 16, 22, 112, 114, 105, 118, 97, 99, 121, 80, 114, 111, 120, 121, 70, 97, 105, 108, 67, 108, 111, 115, 101, 100, 95, 16, 26, 112, 97, 121, 108, 111, 97, 100, 84, 114, 97, 110, 115, 109, 105, 115, 115, 105, 111, 110, 84, 105, 109, 101, 111, 117, 116, 95, 16, 31, 95, 95, 110, 115, 117, 114, 108, 114, 101, 113, 117, 101, 115, 116, 95, 112, 114, 111, 116, 111, 95, 112, 114, 111, 112, 95, 111, 98, 106, 95, 49, 95, 16, 39, 99, 111, 110, 116, 101, 110, 116, 68, 105, 115, 112, 111, 115, 105, 116, 105, 111, 110, 69, 110, 99, 111, 100, 105, 110, 103, 70, 97, 108, 108, 98, 97, 99, 107, 65, 114, 114, 97, 121, 95, 16, 31, 95, 95, 110, 115, 117, 114, 108, 114, 101, 113, 117, 101, 115, 116, 95, 112, 114, 111, 116, 111, 95, 112, 114, 111, 112, 95, 111, 98, 106, 95, 50, 94, 116, 114, 97, 99, 107, 101, 114, 67, 111, 110, 116, 101, 120, 116, 89, 97, 108, 108, 111, 119, 115, 85, 67, 65, 95, 16, 20, 112, 114, 111, 104, 105, 98, 105, 116, 80, 114, 105, 118, 97, 99, 121, 80, 114, 111, 120, 121, 95, 16, 31, 95, 95, 110, 115, 117, 114, 108, 114, 101, 113, 117, 101, 115, 116, 95, 112, 114, 111, 116, 111, 95, 112, 114, 111, 112, 95, 111, 98, 106, 95, 51, 95, 16, 48, 112, 114, 105, 118, 97, 99, 121, 80, 114, 111, 120, 121, 70, 97, 105, 108, 67, 108, 111, 115, 101, 100, 70, 111, 114, 85, 110, 114, 101, 97, 99, 104, 97, 98, 108, 101, 78, 111, 110, 77, 97, 105, 110, 72, 111, 115, 116, 115, 95, 16, 41, 112, 114, 105, 118, 97, 99, 121, 80, 114, 111, 120, 121, 70, 97, 105, 108, 67, 108, 111, 115, 101, 100, 70, 111, 114, 85, 110, 114, 101, 97, 99, 104, 97, 98, 108, 101, 72, 111, 115, 116, 115, 86, 36, 99, 108, 97, 115, 115, 95, 16, 31, 95, 95, 110, 115, 117, 114, 108, 114, 101, 113, 117, 101, 115, 116, 95, 112, 114, 111, 116, 111, 95, 112, 114, 111, 112, 95, 111, 98, 106, 95, 52, 95, 16, 24, 98, 111, 117, 110, 100, 73, 110, 116, 101, 114, 102, 97, 99, 101, 73, 100, 101, 110, 116, 105, 102, 105, 101, 114, 95, 16, 28, 97, 108, 108, 111, 119, 115, 69, 120, 112, 101, 110, 115, 105, 118, 101, 78, 101, 116, 119, 111, 114, 107, 65, 99, 99, 101, 115, 115, 95, 16, 31, 95, 95, 110, 115, 117, 114, 108, 114, 101, 113, 117, 101, 115, 116, 95, 112, 114, 111, 116, 111, 95, 112, 114, 111, 112, 95, 111, 98, 106, 95, 53, 95, 16, 16, 115, 116, 97, 114, 116, 84, 105, 109, 101, 111, 117, 116, 84, 105, 109, 101, 95, 16, 18, 112, 114, 101, 118, 101, 110, 116, 72, 83, 84, 83, 83, 116, 111, 114, 97, 103, 101, 95, 16, 31, 95, 95, 110, 115, 117, 114, 108, 114, 101, 113, 117, 101, 115, 116, 95, 112, 114, 111, 116, 111, 95, 112, 114, 111, 112, 95, 111, 98, 106, 95, 54, 95, 16, 25, 99, 111, 111, 107, 105, 101, 80, 97, 114, 116, 105, 116, 105, 111, 110, 73, 100, 101, 110, 116, 105, 102, 105, 101, 114, 82, 36, 48, 95, 16, 34, 102, 97, 105, 108, 73, 110, 115, 101, 99, 117, 114, 101, 76, 111, 97, 100, 87, 105, 116, 104, 72, 84, 84, 80, 83, 68, 78, 83, 82, 101, 99, 111, 114, 100, 92, 107, 110, 111, 119, 110, 84, 114, 97, 99, 107, 101, 114, 90, 105, 103, 110, 111, 114, 101, 72, 83, 84, 83, 82, 36, 49, 95, 16, 27, 97, 108, 108, 111, 119, 79, 110, 108, 121, 80, 97, 114, 116, 105, 116, 105, 111, 110, 101, 100, 67, 111, 111, 107, 105, 101, 115, 95, 16, 31, 95, 95, 110, 115, 117, 114, 108, 114, 101, 113, 117, 101, 115, 116, 95, 112, 114, 111, 116, 111, 95, 112, 114, 111, 112, 95, 111, 98, 106, 95, 55, 82, 36, 50, 95, 16, 33, 115, 99, 104, 101, 109, 101, 87, 97, 115, 85, 112, 103, 114, 97, 100, 101, 100, 68, 117, 101, 84, 111, 68, 121, 110, 97, 109, 105, 99, 72, 83, 84, 83, 95, 16, 31, 95, 95, 110, 115, 117, 114, 108, 114, 101, 113, 117, 101, 115, 116, 95, 112, 114, 111, 116, 111, 95, 112, 114, 111, 112, 95, 111, 98, 106, 95, 56, 16, 0, 8, 128, 10, 8, 8, 128, 2, 128, 7, 16, 0, 128, 12, 128, 0, 128, 32, 128, 0, 128, 12, 128, 7, 128, 13, 128, 0, 128, 14, 128, 15, 8, 128, 16, 9, 8, 128, 2, 8, 8, 35, 0, 0, 0, 0, 0, 0, 0, 0, 128, 3, 128, 41, 128, 6, 128, 0, 8, 128, 7, 9, 8, 128, 45, 128, 8, 128, 0, 128, 10, 8, 128, 11, 128, 0, 16, 2, 8, 8, 8, 16, 9, 8, 128, 0, 16, 22, 8, 128, 0, 8, 211, 122, 50, 123, 78, 125, 126, 87, 78, 83, 46, 98, 97, 115, 101, 91, 78, 83, 46, 114, 101, 108, 97, 116, 105, 118, 101, 128, 0, 128, 5, 128, 4, 95, 16, 36, 104, 116, 116, 112, 58, 47, 47, 49, 50, 55, 46, 48, 46, 48, 46, 49, 58, 53, 54, 54, 49, 53, 47, 100, 111, 119, 110, 108, 111, 97, 100, 45, 115, 108, 111, 119, 210, 129, 130, 131, 132, 90, 36, 99, 108, 97, 115, 115, 110, 97, 109, 101, 88, 36, 99, 108, 97, 115, 115, 101, 115, 85, 78, 83, 85, 82, 76, 162, 131, 133, 88, 78, 83, 79, 98, 106, 101, 99, 116, 35, 64, 78, 0, 0, 0, 0, 0, 0, 211, 122, 50, 123, 78, 125, 138, 128, 0, 128, 5, 128, 9, 95, 16, 36, 104, 116, 116, 112, 58, 47, 47, 49, 50, 55, 46, 48, 46, 48, 46, 49, 58, 53, 54, 54, 49, 53, 47, 100, 111, 119, 110, 108, 111, 97, 100, 45, 115, 108, 111, 119, 9, 17, 1, 134, 16, 4, 83, 71, 69, 84, 211, 145, 146, 50, 147, 155, 163, 87, 78, 83, 46, 107, 101, 121, 115, 90, 78, 83, 46, 111, 98, 106, 101, 99, 116, 115, 167, 148, 149, 150, 151, 152, 153, 154, 128, 17, 128, 18, 128, 19, 128, 20, 128, 21, 128, 22, 128, 23, 167, 156, 157, 158, 159, 160, 161, 162, 128, 24, 128, 25, 128, 26, 128, 27, 128, 28, 128, 29, 128, 30, 128, 31, 86, 65, 99, 99, 101, 112, 116, 94, 83, 101, 99, 45, 70, 101, 116, 99, 104, 45, 83, 105, 116, 101, 88, 95, 95, 104, 104, 97, 97, 95, 95, 95, 16, 25, 85, 112, 103, 114, 97, 100, 101, 45, 73, 110, 115, 101, 99, 117, 114, 101, 45, 82, 101, 113, 117, 101, 115, 116, 115, 94, 83, 101, 99, 45, 70, 101, 116, 99, 104, 45, 77, 111, 100, 101, 90, 85, 115, 101, 114, 45, 65, 103, 101, 110, 116, 94, 83, 101, 99, 45, 70, 101, 116, 99, 104, 45, 68, 101, 115, 116, 95, 16, 63, 116, 101, 120, 116, 47, 104, 116, 109, 108, 44, 97, 112, 112, 108, 105, 99, 97, 116, 105, 111, 110, 47, 120, 104, 116, 109, 108, 43, 120, 109, 108, 44, 97, 112, 112, 108, 105, 99, 97, 116, 105, 111, 110, 47, 120, 109, 108, 59, 113, 61, 48, 46, 57, 44, 42, 47, 42, 59, 113, 61, 48, 46, 56, 84, 110, 111, 110, 101, 95, 17, 1, 252, 13, 10, 13, 10, 89, 110, 66, 115, 97, 88, 78, 48, 77, 68, 68, 87, 65, 81, 73, 68, 66, 65, 85, 71, 66, 119, 107, 76, 68, 81, 56, 82, 88, 108, 78, 108, 89, 121, 49, 71, 90, 88, 82, 106, 97, 67, 49, 69, 90, 88, 78, 48, 87, 108, 86, 122, 90, 88, 73, 116, 81, 87, 100, 108, 98, 110, 82, 102, 69, 66, 108, 86, 99, 71, 100, 121, 89, 87, 82, 108, 76, 85, 108, 117, 99, 50, 86, 106, 100, 88, 74, 108, 76, 86, 74, 108, 99, 88, 86, 108, 99, 51, 82, 122, 86, 107, 70, 106, 89, 50, 86, 119, 100, 70, 53, 84, 90, 87, 77, 116, 82, 109, 86, 48, 89, 50, 103, 116, 85, 50, 108, 48, 90, 86, 53, 84, 90, 87, 77, 116, 82, 109, 86, 48, 89, 50, 103, 116, 84, 87, 57, 107, 90, 97, 69, 73, 87, 71, 82, 118, 89, 51, 86, 116, 90, 87, 53, 48, 111, 81, 112, 102, 69, 70, 104, 78, 98, 51, 112, 112, 98, 71, 120, 104, 76, 122, 85, 117, 77, 67, 65, 111, 84, 87, 70, 106, 97, 87, 53, 48, 98, 51, 78, 111, 79, 121, 66, 74, 98, 110, 82, 108, 98, 67, 66, 78, 89, 87, 77, 103, 84, 49, 77, 103, 87, 67, 65, 120, 77, 70, 56, 120, 78, 86, 56, 51, 75, 83, 66, 66, 99, 72, 66, 115, 90, 86, 100, 108, 89, 107, 116, 112, 100, 67, 56, 50, 77, 68, 85, 117, 77, 83, 52, 120, 78, 83, 65, 111, 83, 48, 104, 85, 84, 85, 119, 115, 73, 71, 120, 112, 97, 50, 85, 103, 82, 50, 86, 106, 97, 50, 56, 112, 111, 81, 120, 82, 77, 97, 69, 79, 88, 120, 65, 47, 100, 71, 86, 52, 100, 67, 57, 111, 100, 71, 49, 115, 76, 71, 70, 119, 99, 71, 120, 112, 89, 50, 70, 48, 97, 87, 57, 117, 76, 51, 104, 111, 100, 71, 49, 115, 75, 51, 104, 116, 98, 67, 120, 104, 99, 72, 66, 115, 97, 87, 78, 104, 100, 71, 108, 118, 98, 105, 57, 52, 98, 87, 119, 55, 99, 84, 48, 119, 76, 106, 107, 115, 75, 105, 56, 113, 79, 51, 69, 57, 77, 67, 52, 52, 111, 82, 66, 85, 98, 109, 57, 117, 90, 97, 69, 83, 87, 71, 53, 104, 100, 109, 108, 110, 89, 88, 82, 108, 65, 65, 103, 65, 70, 81, 65, 107, 65, 67, 56, 65, 83, 119, 66, 83, 65, 71, 69, 65, 99, 65, 66, 121, 65, 72, 115, 65, 102, 81, 68, 89, 65, 78, 111, 65, 51, 65, 68, 101, 65, 83, 65, 66, 73, 103, 69, 110, 65, 83, 107, 65, 65, 65, 65, 65, 65, 65, 65, 67, 65, 81, 65, 65, 65, 65, 65, 65, 65, 65, 65, 84, 65, 65, 65, 65, 65, 65, 65, 65, 65, 65, 65, 65, 65, 65, 65, 65, 65, 65, 65, 66, 77, 103, 61, 61, 81, 49, 88, 110, 97, 118, 105, 103, 97, 116, 101, 95, 16, 88, 77, 111, 122, 105, 108, 108, 97, 47, 53, 46, 48, 32, 40, 77, 97, 99, 105, 110, 116, 111, 115, 104, 59, 32, 73, 110, 116, 101, 108, 32, 77, 97, 99, 32, 79, 83, 32, 88, 32, 49, 48, 95, 49, 53, 95, 55, 41, 32, 65, 112, 112, 108, 101, 87, 101, 98, 75, 105, 116, 47, 54, 48, 53, 46, 49, 46, 49, 53, 32, 40, 75, 72, 84, 77, 76, 44, 32, 108, 105, 107, 101, 32, 71, 101, 99, 107, 111, 41, 88, 100, 111, 99, 117, 109, 101, 110, 116, 210, 129, 130, 179, 180, 95, 16, 19, 78, 83, 77, 117, 116, 97, 98, 108, 101, 68, 105, 99, 116, 105, 111, 110, 97, 114, 121, 163, 179, 181, 133, 92, 78, 83, 68, 105, 99, 116, 105, 111, 110, 97, 114, 121, 211, 145, 146, 50, 183, 189, 163, 165, 184, 185, 186, 187, 188, 128, 33, 128, 34, 128, 35, 128, 36, 128, 37, 165, 190, 191, 191, 193, 191, 128, 38, 128, 39, 128, 39, 128, 40, 128, 39, 128, 31, 95, 16, 42, 95, 107, 67, 70, 72, 84, 84, 80, 67, 111, 111, 107, 105, 101, 80, 111, 108, 105, 99, 121, 80, 114, 111, 112, 101, 114, 116, 121, 83, 105, 116, 101, 70, 111, 114, 67, 111, 111, 107, 105, 101, 115, 95, 16, 48, 95, 107, 67, 70, 72, 84, 84, 80, 67, 111, 111, 107, 105, 101, 80, 111, 108, 105, 99, 121, 80, 114, 111, 112, 101, 114, 116, 121, 73, 115, 84, 111, 112, 76, 101, 118, 101, 108, 78, 97, 118, 105, 103, 97, 116, 105, 111, 110, 95, 16, 21, 87, 75, 86, 101, 114, 121, 76, 111, 119, 76, 111, 97, 100, 80, 114, 105, 111, 114, 105, 116, 121, 95, 16, 24, 95, 107, 67, 70, 85, 82, 76, 67, 97, 99, 104, 101, 80, 97, 114, 116, 105, 116, 105, 111, 110, 75, 101, 121, 95, 16, 32, 107, 67, 70, 85, 82, 76, 82, 101, 113, 117, 101, 115, 116, 65, 108, 108, 111, 119, 65, 108, 108, 80, 79, 83, 84, 67, 97, 99, 104, 105, 110, 103, 95, 16, 36, 104, 116, 116, 112, 58, 47, 47, 49, 50, 55, 46, 48, 46, 48, 46, 49, 58, 53, 54, 54, 49, 53, 47, 100, 111, 119, 110, 108, 111, 97, 100, 45, 115, 108, 111, 119, 16, 1, 89, 49, 50, 55, 46, 48, 46, 48, 46, 49, 210, 146, 50, 205, 209, 163, 83, 207, 208, 128, 13, 128, 42, 128, 43, 128, 44, 16, 12, 16, 5, 210, 129, 130, 213, 214, 87, 78, 83, 65, 114, 114, 97, 121, 162, 213, 133, 210, 129, 130, 216, 217, 95, 16, 19, 78, 83, 77, 117, 116, 97, 98, 108, 101, 85, 82, 76, 82, 101, 113, 117, 101, 115, 116, 163, 218, 219, 133, 95, 16, 19, 78, 83, 77, 117, 116, 97, 98, 108, 101, 85, 82, 76, 82, 101, 113, 117, 101, 115, 116, 92, 78, 83, 85, 82, 76, 82, 101, 113, 117, 101, 115, 116, 0, 8, 0, 17, 0, 26, 0, 36, 0, 41, 0, 50, 0, 55, 0, 73, 0, 76, 0, 106, 0, 108, 0, 157, 0, 163, 1, 22, 1, 49, 1, 70, 1, 104, 1, 127, 1, 141, 1, 174, 1, 196, 1, 231, 2, 10, 2, 22, 2, 57, 2, 92, 2, 121, 2, 156, 2, 191, 2, 226, 3, 5, 3, 40, 3, 75, 3, 110, 3, 135, 3, 170, 3, 210, 3, 232, 4, 10, 4, 43, 4, 68, 4, 97, 4, 131, 4, 173, 4, 207, 4, 222, 4, 232, 4, 255, 5, 33, 5, 84, 5, 128, 5, 135, 5, 169, 5, 196, 5, 227, 6, 5, 6, 24, 6, 45, 6, 79, 6, 107, 6, 110, 6, 147, 6, 160, 6, 171, 6, 174, 6, 204, 6, 238, 6, 241, 7, 21, 7, 55, 7, 57, 7, 58, 7, 60, 7, 61, 7, 62, 7, 64, 7, 66, 7, 68, 7, 70, 7, 72, 7, 74, 7, 76, 7, 78, 7, 80, 7, 82, 7, 84, 7, 86, 7, 88, 7, 89, 7, 91, 7, 92, 7, 93, 7, 95, 7, 96, 7, 97, 7, 106, 7, 108, 7, 110, 7, 112, 7, 114, 7, 115, 7, 117, 7, 118, 7, 119, 7, 121, 7, 123, 7, 125, 7, 127, 7, 128, 7, 130, 7, 132, 7, 134, 7, 135, 7, 136, 7, 137, 7, 139, 7, 140, 7, 142, 7, 144, 7, 145, 7, 147, 7, 148, 7, 155, 7, 163, 7, 175, 7, 177, 7, 179, 7, 181, 7, 220, 7, 225, 7, 236, 7, 245, 7, 251, 7, 254, 8, 7, 8, 16, 8, 23, 8, 25, 8, 27, 8, 29, 8, 68, 8, 69, 8, 72, 8, 74, 8, 78, 8, 85, 8, 93, 8, 104, 8, 112, 8, 114, 8, 116, 8, 118, 8, 120, 8, 122, 8, 124, 8, 126, 8, 134, 8, 136, 8, 138, 8, 140, 8, 142, 8, 144, 8, 146, 8, 148, 8, 150, 8, 157, 8, 172, 8, 181, 8, 209, 8, 224, 8, 235, 8, 250, 9, 60, 9, 65, 11, 65, 11, 67, 11, 76, 11, 167, 11, 176, 11, 181, 11, 203, 11, 207, 11, 220, 11, 227, 11, 233, 11, 235, 11, 237, 11, 239, 11, 241, 11, 243, 11, 249, 11, 251, 11, 253, 11, 255, 12, 1, 12, 3, 12, 5, 12, 50, 12, 101, 12, 125, 12, 152, 12, 187, 12, 226, 12, 228, 12, 238, 12, 243, 12, 247, 12, 249, 12, 251, 12, 253, 12, 255, 13, 1, 13, 3, 13, 8, 13, 16, 13, 19, 13, 24, 13, 46, 13, 50, 13, 72, 0, 0, 0, 0, 0, 0, 2, 1, 0, 0, 0, 0, 0, 0, 0, 220, 0, 0, 0, 0, 0, 0, 0, 0, 0, 0, 0, 0, 0, 0, 13, 85, 128, 14, 95, 16, 36, 104, 116, 116, 112, 58, 47, 47, 49, 50, 55, 46, 48, 46, 48, 46, 49, 58, 53, 54, 54, 49, 53, 47, 100, 111, 119, 110, 108, 111, 97, 100, 45, 115, 108, 111, 119, 95, 16, 22, 115, 99, 114, 121, 105, 110, 103, 45, 100, 111, 119, 110, 108, 111, 97, 100, 45, 50, 46, 98, 105, 110, 18, 0, 1, 0, 0, 95, 16, 28, 34, 115, 99, 114, 121, 105, 110, 103, 45, 116, 101, 115, 116, 45, 101, 116, 97, 103, 45, 100, 101, 97, 100, 98, 101, 101, 102, 34, 16, 6, 95, 16, 29, 77, 111, 110, 44, 32, 48, 49, 32, 74, 97, 110, 32, 50, 48, 50, 52, 32, 48, 48, 58, 48, 48, 58, 48, 48, 32, 71, 77, 84, 210, 55, 56, 74, 75, 95, 16, 19, 78, 83, 77, 117, 116, 97, 98, 108, 101, 68, 105, 99, 116, 105, 111, 110, 97, 114, 121, 163, 74, 76, 60, 92, 78, 83, 68, 105, 99, 116, 105, 111, 110, 97, 114, 121, 0, 8, 0, 17, 0, 26, 0, 36, 0, 41, 0, 50, 0, 55, 0, 73, 0, 76, 0, 106, 0, 108, 0, 135, 0, 141, 0, 148, 0, 156, 0, 167, 0, 174, 0, 185, 0, 187, 0, 189, 0, 191, 0, 193, 0, 195, 0, 197, 0, 199, 0, 201, 0, 203, 0, 205, 0, 216, 0, 218, 0, 220, 0, 222, 0, 224, 0, 226, 0, 228, 0, 230, 0, 232, 0, 234, 0, 236, 0, 238, 1, 16, 1, 45, 1, 80, 1, 116, 1, 142, 1, 179, 1, 213, 1, 243, 2, 19, 2, 58, 2, 174, 2, 179, 2, 187, 9, 227, 9, 229, 9, 234, 9, 245, 9, 254, 10, 12, 10, 16, 10, 23, 10, 32, 10, 37, 26, 39, 26, 41, 26, 46, 41, 95, 41, 97, 41, 136, 41, 161, 41, 166, 41, 197, 41, 199, 41, 231, 41, 236, 42, 2, 42, 6, 0, 0, 0, 0, 0, 0, 2, 1, 0, 0, 0, 0, 0, 0, 0, 77, 0, 0, 0, 0, 0, 0, 0, 0, 0, 0, 0, 0, 0, 0, 42, 19]) }
2026-10-07T14:50:03.7511590Z demo-mac: download-test: phase E: DownloadCancelled with 10957 bytes of resume_data
2026-10-07T14:50:03.7512370Z demo-mac: download-test: phase E: resume_download issued, resumed id = 5
2026-10-07T14:50:03.7513890Z demo-mac: nav event: DownloadStarted { id: DownloadId(5), url: "", suggested_filename: "scrying-download-2.bin", destination_path: "/Users/markik/Code/targets/wgpu-scry-hardware/demo-mac-download-test-96253/download-output/scrying-download-2.bin", total_bytes_expected: None }
2026-10-07T14:50:03.7515600Z demo-mac: nav event: DownloadProgress { id: DownloadId(5), bytes_written: 262144, total_bytes_expected: None }
2026-10-07T14:50:03.7516970Z demo-mac: nav event: DownloadFinished { id: DownloadId(5), destination_path: "/Users/markik/Code/targets/wgpu-scry-hardware/demo-mac-download-test-96253/download-output/scrying-download-2.bin", error: None }
2026-10-07T14:50:03.7518340Z demo-mac: download-test: phase E: resumed download produced 262144 bytes matching the expected payload
2026-10-07T14:50:03.7519360Z demo-mac: download-test: PASS — item 8 download pipeline verified
2026-10-07T14:50:03.7520120Z   - basic: DownloadStarted/Progress/Finished events landed with id 1 and bytes match served payload
2026-10-07T14:50:03.7520940Z   - host Cancel decision: DownloadCancelled fired (no Started, no Finished) for id 2
2026-10-07T14:50:03.7521610Z   - cancel_download(unknown_id): returned Ok(false) as expected
2026-10-07T14:50:03.7522530Z   - basic-auth download via start_download: shared auth handler supplied credentials, download succeeded (download-level auth callback fired = true)
2026-10-07T14:50:03.7523560Z   - resume: cancelled mid-stream (id 4), resume_download produced complete bytes (resumed id 5)
2026-10-07T14:50:03.7524150Z   -> PASS
2026-10-07T14:50:03.7524430Z 
2026-10-07T14:50:03.7524520Z ==> --profile-test
2026-10-07T14:50:04.2491010Z foreground-control: attempt owned-bundle pid=96357 app=/Users/markik/Code/targets/wgpu-scry-hardware/debug/scry-demo-mac-hardware.app
2026-10-07T14:50:04.2991320Z foreground-control: activation exit=0 pid=96357
2026-10-07T14:50:04.6045430Z demo-mac: --profile-test: spun up persistent counterpart at same data_dir
2026-10-07T14:50:04.6046210Z demo-mac: profile-test: set_cookie 'scrying-profile-96357' on producer #1
2026-10-07T14:50:04.6046770Z demo-mac: profile-test: producer #1 store reports 1 cookie(s)
2026-10-07T14:50:04.6047250Z demo-mac: profile-test: producer #2 store reports 1 cookie(s)
2026-10-07T14:50:04.6048040Z demo-mac: profile-test: PASS — persistent stores at the same data_dir share cookies
2026-10-07T14:50:04.6048630Z   - set_cookie on producer #1 was visible to its own request_all_cookies
2026-10-07T14:50:04.6049200Z   - same cookie was visible to a separate persistent producer at the same data_dir
2026-10-07T14:50:04.6082310Z   -> PASS
2026-10-07T14:50:04.6117080Z 
2026-10-07T14:50:04.6117320Z ==> --two-tabs
2026-10-07T14:50:05.0726360Z foreground-control: attempt owned-bundle pid=96375 app=/Users/markik/Code/targets/wgpu-scry-hardware/debug/scry-demo-mac-hardware.app
2026-10-07T14:50:05.1376560Z foreground-control: activation exit=0 pid=96375
2026-10-07T14:50:13.1375740Z demo-mac: --two-tabs: spun up second producer
2026-10-07T14:50:13.1376300Z demo-mac: nav event: Starting { url: "scrying-test://history-1" }
2026-10-07T14:50:13.1376850Z demo-mac: nav event: SourceChanged { url: "scrying-test://history-1" }
2026-10-07T14:50:13.1377460Z demo-mac: nav event: Completed { url: "scrying-test://history-1", success: true }
2026-10-07T14:50:13.1377950Z demo-mac: js->host: loaded:history-1
2026-10-07T14:50:13.1378370Z demo-mac: [tab2] nav event: Starting { url: "scrying-test://history-2" }
2026-10-07T14:50:13.1378950Z demo-mac: [tab2] nav event: SourceChanged { url: "scrying-test://history-2" }
2026-10-07T14:50:13.1379440Z demo-mac: [tab2] js->host: loaded:history-2
2026-10-07T14:50:13.1379940Z demo-mac: [tab2] nav event: Completed { url: "scrying-test://history-2", success: true }
2026-10-07T14:50:13.1381650Z demo-mac: two-tabs: PASS — multi-instance independence verified (3 tab-1 urls, 3 tab-2 urls, no cross-talk)
2026-10-07T14:50:13.1412250Z   -> PASS
2026-10-07T14:50:13.1446520Z 
2026-10-07T14:50:13.1446730Z ==> --capture-test
2026-10-07T14:50:13.6062350Z foreground-control: attempt owned-bundle pid=96496 app=/Users/markik/Code/targets/wgpu-scry-hardware/debug/scry-demo-mac-hardware.app
2026-10-07T14:50:13.6541920Z foreground-control: activation exit=0 pid=96496
2026-10-07T14:50:47.0794420Z demo-mac: started loading scrying-test://capture
2026-10-07T14:50:47.0794960Z demo-mac: nav event: Starting { url: "scrying-test://capture" }
2026-10-07T14:50:47.0795490Z demo-mac: nav event: SourceChanged { url: "scrying-test://capture" }
2026-10-07T14:50:47.0796110Z demo-mac: nav event: Completed { url: "scrying-test://capture", success: true }
2026-10-07T14:50:47.0796620Z demo-mac: start_capture_async kicked off
2026-10-07T14:50:47.0797280Z demo-mac: capture activity at 0.00s: frames=0, complete=1, idle=0, visible=Some(true), minimized=Some(false), focused=false
2026-10-07T14:50:47.0798230Z demo-mac: capture activity at 1.00s: frames=3, complete=3, idle=54, visible=Some(true), minimized=Some(false), focused=false
2026-10-07T14:50:47.0799150Z demo-mac: capture activity at 2.00s: frames=3, complete=3, idle=112, visible=Some(true), minimized=Some(false), focused=false
2026-10-07T14:50:47.0800060Z demo-mac: capture activity at 3.00s: frames=3, complete=3, idle=170, visible=Some(true), minimized=Some(false), focused=false
2026-10-07T14:50:47.0800970Z demo-mac: capture activity at 4.00s: frames=3, complete=3, idle=228, visible=Some(true), minimized=Some(false), focused=false
2026-10-07T14:50:47.0801880Z demo-mac: capture activity at 5.00s: frames=3, complete=3, idle=286, visible=Some(true), minimized=Some(false), focused=false
2026-10-07T14:50:47.0802800Z demo-mac: capture activity at 6.00s: frames=3, complete=3, idle=344, visible=Some(true), minimized=Some(false), focused=false
2026-10-07T14:50:47.0803720Z demo-mac: capture activity at 7.00s: frames=3, complete=3, idle=402, visible=Some(true), minimized=Some(false), focused=false
2026-10-07T14:50:47.0805200Z demo-mac: capture activity at 8.00s: frames=3, complete=3, idle=460, visible=Some(true), minimized=Some(false), focused=false
2026-10-07T14:50:47.0806210Z demo-mac: capture activity at 9.00s: frames=3, complete=3, idle=519, visible=Some(true), minimized=Some(false), focused=false
2026-10-07T14:50:47.0807100Z demo-mac: capture activity at 10.00s: frames=3, complete=3, idle=577, visible=Some(true), minimized=Some(false), focused=false
2026-10-07T14:50:47.0808000Z demo-mac: capture activity at 11.00s: frames=3, complete=3, idle=635, visible=Some(true), minimized=Some(false), focused=false
2026-10-07T14:50:47.0809070Z demo-mac: capture activity at 12.00s: frames=3, complete=3, idle=693, visible=Some(true), minimized=Some(false), focused=false
2026-10-07T14:50:47.0809990Z demo-mac: capture activity at 13.00s: frames=3, complete=3, idle=751, visible=Some(true), minimized=Some(false), focused=false
2026-10-07T14:50:47.0810900Z demo-mac: capture activity at 14.00s: frames=3, complete=3, idle=809, visible=Some(true), minimized=Some(false), focused=false
2026-10-07T14:50:47.0811820Z demo-mac: capture activity at 15.00s: frames=3, complete=3, idle=867, visible=Some(true), minimized=Some(false), focused=false
2026-10-07T14:50:47.0812730Z demo-mac: capture activity at 16.00s: frames=3, complete=3, idle=925, visible=Some(true), minimized=Some(false), focused=false
2026-10-07T14:50:47.0813650Z demo-mac: capture activity at 17.00s: frames=3, complete=3, idle=983, visible=Some(true), minimized=Some(false), focused=false
2026-10-07T14:50:47.0814570Z demo-mac: capture activity at 18.00s: frames=3, complete=3, idle=1041, visible=Some(true), minimized=Some(false), focused=false
2026-10-07T14:50:47.0815500Z demo-mac: capture activity at 19.00s: frames=3, complete=3, idle=1099, visible=Some(true), minimized=Some(false), focused=false
2026-10-07T14:50:47.0816790Z demo-mac: capture activity at 20.00s: frames=3, complete=3, idle=1158, visible=Some(true), minimized=Some(false), focused=false
2026-10-07T14:50:47.0817730Z demo-mac: capture activity at 21.00s: frames=3, complete=3, idle=1216, visible=Some(true), minimized=Some(false), focused=false
2026-10-07T14:50:47.0818660Z demo-mac: capture activity at 22.00s: frames=3, complete=3, idle=1274, visible=Some(true), minimized=Some(false), focused=false
2026-10-07T14:50:47.0819780Z demo-mac: capture activity at 23.00s: frames=3, complete=3, idle=1332, visible=Some(true), minimized=Some(false), focused=false
2026-10-07T14:50:47.0820650Z demo-mac: capture activity at 24.00s: frames=3, complete=3, idle=1390, visible=Some(true), minimized=Some(false), focused=false
2026-10-07T14:50:47.0821510Z demo-mac: capture activity at 25.00s: frames=3, complete=3, idle=1449, visible=Some(true), minimized=Some(false), focused=false
2026-10-07T14:50:47.0822380Z demo-mac: capture activity at 26.00s: frames=3, complete=3, idle=1507, visible=Some(true), minimized=Some(false), focused=false
2026-10-07T14:50:47.0823240Z demo-mac: capture activity at 27.00s: frames=3, complete=3, idle=1565, visible=Some(true), minimized=Some(false), focused=false
2026-10-07T14:50:47.0824110Z demo-mac: capture activity at 28.00s: frames=3, complete=3, idle=1623, visible=Some(true), minimized=Some(false), focused=false
2026-10-07T14:50:47.0824970Z demo-mac: capture activity at 29.00s: frames=3, complete=3, idle=1681, visible=Some(true), minimized=Some(false), focused=false
2026-10-07T14:50:47.0825560Z demo-mac: capture-test: FAIL
2026-10-07T14:50:47.0825980Z   - captured 3 frame(s) within 30s without observing 5 frame(s) at every expected size
2026-10-07T14:50:47.0826610Z   - observed 3 frame(s) at 1024x1536, expected at least 5
2026-10-07T14:50:47.0827920Z   - pre-import frame diagnostics: no-latest-sample=567629, no-image-payload=1739, config-revision-pending=0, source-dimension-mismatch=0, empty-crop=0
2026-10-07T14:50:47.0829100Z   - SCK frame statuses: missing=0, complete=3, idle=1739, blank=0, suspended=0, started=0, stopped=0, unknown=0, last=Some(1)
2026-10-07T14:50:47.0830650Z   - capture revisions: requested=0, applied=0; last source dimensions=Some(PhysicalSize { width: 2048, height: 1592 }), expected host dimensions=Some(PhysicalSize { width: 2048, height: 1592 })
2026-10-07T14:50:47.0841440Z   -> FAIL (PASS receipt absent)
2026-10-07T14:50:47.0871230Z 
2026-10-07T14:50:47.0871630Z ==> --capture-test+resize
2026-10-07T14:50:47.5495360Z foreground-control: attempt owned-bundle pid=96962 app=/Users/markik/Code/targets/wgpu-scry-hardware/debug/scry-demo-mac-hardware.app
2026-10-07T14:50:47.6085500Z foreground-control: activation exit=0 pid=96962
2026-10-07T14:51:04.9165610Z demo-mac: started loading scrying-test://capture
2026-10-07T14:51:04.9166180Z demo-mac: nav event: Starting { url: "scrying-test://capture" }
2026-10-07T14:51:04.9166730Z demo-mac: nav event: SourceChanged { url: "scrying-test://capture" }
2026-10-07T14:51:04.9167350Z demo-mac: nav event: Completed { url: "scrying-test://capture", success: true }
2026-10-07T14:51:04.9167860Z demo-mac: start_capture_async kicked off
2026-10-07T14:51:04.9168510Z demo-mac: capture activity at 0.00s: frames=0, complete=1, idle=0, visible=Some(true), minimized=Some(false), focused=false
2026-10-07T14:51:04.9169440Z demo-mac: capture activity at 1.00s: frames=3, complete=3, idle=55, visible=Some(true), minimized=Some(false), focused=false
2026-10-07T14:51:04.9170350Z demo-mac: capture activity at 2.00s: frames=3, complete=3, idle=113, visible=Some(true), minimized=Some(false), focused=false
2026-10-07T14:51:04.9171270Z demo-mac: capture activity at 3.00s: frames=3, complete=3, idle=171, visible=Some(true), minimized=Some(false), focused=false
2026-10-07T14:51:04.9172190Z demo-mac: capture activity at 4.00s: frames=3, complete=3, idle=230, visible=Some(true), minimized=Some(false), focused=false
2026-10-07T14:51:04.9173090Z demo-mac: capture activity at 5.00s: frames=3, complete=3, idle=288, visible=Some(true), minimized=Some(false), focused=false
2026-10-07T14:51:04.9174620Z demo-mac: resize-test step 0 → request logical inner_size = 1280x800
2026-10-07T14:51:04.9175370Z demo-mac: capture activity at 6.00s: frames=3, complete=3, idle=346, visible=Some(true), minimized=Some(false), focused=false
2026-10-07T14:51:04.9176380Z demo-mac: capture activity at 7.00s: frames=7, complete=8, idle=400, visible=Some(true), minimized=Some(false), focused=false
2026-10-07T14:51:04.9177270Z demo-mac: capture activity at 8.00s: frames=7, complete=8, idle=458, visible=Some(true), minimized=Some(false), focused=false
2026-10-07T14:51:04.9178160Z demo-mac: capture activity at 9.00s: frames=7, complete=8, idle=515, visible=Some(true), minimized=Some(false), focused=false
2026-10-07T14:51:04.9178950Z demo-mac: resize-test step 1 → request logical inner_size = 768x600
2026-10-07T14:51:04.9179650Z demo-mac: capture activity at 10.00s: frames=7, complete=8, idle=574, visible=Some(true), minimized=Some(false), focused=false
2026-10-07T14:51:04.9180560Z demo-mac: capture activity at 11.00s: frames=11, complete=13, idle=627, visible=Some(true), minimized=Some(false), focused=false
2026-10-07T14:51:04.9181460Z demo-mac: capture activity at 12.00s: frames=11, complete=13, idle=685, visible=Some(true), minimized=Some(false), focused=false
2026-10-07T14:51:04.9182370Z demo-mac: capture activity at 13.00s: frames=11, complete=13, idle=743, visible=Some(true), minimized=Some(false), focused=false
2026-10-07T14:51:04.9183130Z demo-mac: resize-test step 2 → request logical inner_size = 1024x700
2026-10-07T14:51:04.9183830Z demo-mac: capture activity at 14.00s: frames=11, complete=13, idle=801, visible=Some(true), minimized=Some(false), focused=false
2026-10-07T14:51:04.9184810Z demo-mac: capture-test: PASS — SCK pipeline delivered 14 frames across [768x1200, 1024x1400, 1024x1536, 1280x1600]
2026-10-07T14:51:04.9204570Z   -> PASS
2026-10-07T14:51:04.9241410Z 
2026-10-07T14:51:04.9242060Z ==> summary
2026-10-07T14:51:04.9242300Z   passed: 9 / 10
2026-10-07T14:51:04.9242520Z   failed: 1
2026-10-07T14:51:04.9242760Z     - --capture-test
2026-10-07T14:51:05.6886060Z ##[error]Process completed with exit code 1.
2026-10-07T14:51:05.6934610Z ##[group]Run proof="$RUNNER_TEMP/scry-registry-intel-diagnostic"
2026-10-07T14:51:05.6935240Z [36;1mproof="$RUNNER_TEMP/scry-registry-intel-diagnostic"[0m
2026-10-07T14:51:05.6935640Z [36;1mcaffeinate -u -t 5 &[0m
2026-10-07T14:51:05.6935910Z [36;1msleep 2[0m
2026-10-07T14:51:05.6936150Z [36;1mset -o pipefail[0m
2026-10-07T14:51:05.6936390Z [36;1mstatus=0[0m
2026-10-07T14:51:05.6937090Z [36;1mnice -n 10 caffeinate -dims bash "$proof/consumer/scripts/test-mac-foreground-control.sh" 2>&1 | tee "$proof/foreground-activity.log" || status=$?[0m
2026-10-07T14:51:05.6938000Z [36;1mprintf '%s\n' "$status" > "$proof/foreground-activity-exit-code.txt"[0m
2026-10-07T14:51:05.6938710Z [36;1mshasum -a 256 "$CARGO_TARGET_DIR/debug/demo-mac" > "$proof/foreground-activity-executable.sha256"[0m
2026-10-07T14:51:05.6939570Z [36;1mshasum -a 256 "$SCRY_MAC_APP/Contents/MacOS/demo-mac" > "$proof/foreground-activity-app-executable.sha256"[0m
2026-10-07T14:51:05.6940470Z [36;1mcodesign -d -r- "$SCRY_MAC_APP" > "$proof/foreground-activity-signing.txt" 2>&1[0m
2026-10-07T14:51:05.6941210Z [36;1mcmp "$proof/pre-battery-executable.sha256" "$proof/foreground-activity-executable.sha256"[0m
2026-10-07T14:51:05.6941770Z [36;1mexit "$status"[0m
2026-10-07T14:51:05.6962220Z shell: /bin/bash -e {0}
2026-10-07T14:51:05.6962490Z env:
2026-10-07T14:51:05.6962710Z   CARGO_NET_GIT_FETCH_WITH_CLI: true
2026-10-07T14:51:05.6963000Z   CARGO_BUILD_JOBS: 1
2026-10-07T14:51:05.6963240Z   RUSTFLAGS: -D warnings
2026-10-07T14:51:05.6963480Z   WGPU_BACKEND: metal
2026-10-07T14:51:05.6963720Z   GRAFTING_VERSION: 0.6.0
2026-10-07T14:51:05.6963970Z   SCRYING_VERSION: 0.7.2
2026-10-07T14:51:05.6964210Z   WELDING_VERSION: 0.14.1
2026-10-07T14:51:05.6964540Z   SCRY_SOURCE_REF: 4d8d1d3f8dd450b712960c90b74263a45b46e35b
2026-10-07T14:51:05.6965000Z   CARGO_TARGET_DIR: /Users/markik/Code/targets/wgpu-scry-hardware
2026-10-07T14:51:05.6965620Z   SCRY_MAC_APP: /Users/markik/Code/targets/wgpu-scry-hardware/debug/scry-demo-mac-hardware.app
2026-10-07T14:51:05.6966150Z   CAPTURE: 1
2026-10-07T14:51:05.6966350Z   TIMEOUT: 90
2026-10-07T14:51:05.6966560Z   VISIBLE: 1
2026-10-07T14:51:05.6966780Z   CARGO_HOME: /Users/markik/.cargo
2026-10-07T14:51:05.6967070Z   CARGO_INCREMENTAL: 0
2026-10-07T14:51:05.6967310Z   CARGO_TERM_COLOR: always
2026-10-07T14:51:05.6967650Z   UV_PYTHON_INSTALL_DIR: /Users/markik/.local/share/uv/python
2026-10-07T14:51:05.6968030Z   CAPTURE_ACTIVITY: 1
2026-10-07T14:51:05.6968250Z ##[endgroup]
2026-10-07T14:51:09.7392450Z ==> ScreenCaptureKit display-awake hold active
2026-10-07T14:51:09.7392980Z ==> building demo-mac
2026-10-07T14:51:10.7139930Z ==> code-signing identity: -
2026-10-07T14:51:10.7275200Z Executable=/Users/markik/Code/targets/wgpu-scry-hardware/debug/scry-demo-mac-hardware.app/Contents/MacOS/demo-mac
2026-10-07T14:51:10.7276120Z designated => identifier "org.merely.scry.hardware-demo"
2026-10-07T14:51:10.7280260Z ==> LaunchServices app: /Users/markik/Code/targets/wgpu-scry-hardware/debug/scry-demo-mac-hardware.app
2026-10-07T14:51:10.7283420Z 
2026-10-07T14:51:10.7283550Z ==> --capture-test
2026-10-07T14:51:11.2167750Z foreground-control: attempt owned-bundle pid=97251 app=/Users/markik/Code/targets/wgpu-scry-hardware/debug/scry-demo-mac-hardware.app
2026-10-07T14:51:11.2573090Z foreground-control: activation exit=0 pid=97251
2026-10-07T14:51:45.1453930Z demo-mac: started loading scrying-test://capture?activity=1
2026-10-07T14:51:45.1454590Z demo-mac: nav event: Starting { url: "scrying-test://capture?activity=1" }
2026-10-07T14:51:45.1455340Z demo-mac: nav event: SourceChanged { url: "scrying-test://capture?activity=1" }
2026-10-07T14:51:45.1456090Z demo-mac: nav event: Completed { url: "scrying-test://capture?activity=1", success: true }
2026-10-07T14:51:45.1458160Z demo-mac: js->host: capture-activity:{"kind":"ready","elapsedMs":3,"visibility":"hidden","focused":false,"viewport":[512,768,2],"animationFrames":0,"timerTicks":0,"background":"rgb(23, 97, 181)","animations":[{"state":"running","currentTime":0}]}
2026-10-07T14:51:45.1460460Z demo-mac: js->host: capture-activity:{"kind":"timer","elapsedMs":1003,"visibility":"hidden","focused":false,"viewport":[512,768,2],"animationFrames":0,"timerTicks":1,"background":"rgb(23, 97, 181)","animations":[{"state":"running","currentTime":0}]}
2026-10-07T14:51:45.1462360Z demo-mac: js->host: capture-activity:{"kind":"timer","elapsedMs":2004,"visibility":"hidden","focused":false,"viewport":[512,768,2],"animationFrames":0,"timerTicks":2,"background":"rgb(23, 97, 181)","animations":[{"state":"running","currentTime":0}]}
2026-10-07T14:51:45.1463510Z demo-mac: start_capture_async kicked off
2026-10-07T14:51:45.1464680Z demo-mac: js->host: capture-activity:{"kind":"timer","elapsedMs":3004,"visibility":"hidden","focused":false,"viewport":[512,768,2],"animationFrames":0,"timerTicks":3,"background":"rgb(23, 97, 181)","animations":[{"state":"running","currentTime":0}]}
2026-10-07T14:51:45.1466130Z demo-mac: capture activity at 0.00s: frames=0, complete=1, idle=0, visible=Some(true), minimized=Some(false), focused=false
2026-10-07T14:51:45.1467280Z demo-mac: capture activity at 1.00s: frames=3, complete=3, idle=56, visible=Some(true), minimized=Some(false), focused=false
2026-10-07T14:51:45.1468690Z demo-mac: js->host: capture-activity:{"kind":"timer","elapsedMs":4103,"visibility":"hidden","focused":false,"viewport":[512,768,2],"animationFrames":0,"timerTicks":4,"background":"rgb(23, 97, 181)","animations":[{"state":"running","currentTime":0}]}
2026-10-07T14:51:45.1470110Z demo-mac: capture activity at 2.00s: frames=3, complete=3, idle=114, visible=Some(true), minimized=Some(false), focused=false
2026-10-07T14:51:45.1483320Z demo-mac: js->host: capture-activity:{"kind":"timer","elapsedMs":5103,"visibility":"hidden","focused":false,"viewport":[512,768,2],"animationFrames":0,"timerTicks":5,"background":"rgb(23, 97, 181)","animations":[{"state":"running","currentTime":0}]}
2026-10-07T14:51:45.1484760Z demo-mac: capture activity at 3.00s: frames=3, complete=3, idle=172, visible=Some(true), minimized=Some(false), focused=false
2026-10-07T14:51:45.1486160Z demo-mac: js->host: capture-activity:{"kind":"timer","elapsedMs":6202,"visibility":"hidden","focused":false,"viewport":[512,768,2],"animationFrames":0,"timerTicks":6,"background":"rgb(23, 97, 181)","animations":[{"state":"running","currentTime":0}]}
2026-10-07T14:51:45.1487570Z demo-mac: capture activity at 4.00s: frames=3, complete=3, idle=230, visible=Some(true), minimized=Some(false), focused=false
2026-10-07T14:51:45.1488560Z demo-mac: capture activity at 5.00s: frames=3, complete=3, idle=288, visible=Some(true), minimized=Some(false), focused=false
2026-10-07T14:51:45.1489510Z demo-mac: capture activity at 6.00s: frames=3, complete=3, idle=346, visible=Some(true), minimized=Some(false), focused=false
2026-10-07T14:51:45.1490460Z demo-mac: capture activity at 7.00s: frames=3, complete=3, idle=404, visible=Some(true), minimized=Some(false), focused=false
2026-10-07T14:51:45.1491430Z demo-mac: capture activity at 8.00s: frames=3, complete=3, idle=462, visible=Some(true), minimized=Some(false), focused=false
2026-10-07T14:51:45.1492390Z demo-mac: capture activity at 9.00s: frames=3, complete=3, idle=521, visible=Some(true), minimized=Some(false), focused=false
2026-10-07T14:51:45.1493530Z demo-mac: capture activity at 10.00s: frames=3, complete=3, idle=579, visible=Some(true), minimized=Some(false), focused=false
2026-10-07T14:51:45.1494660Z demo-mac: capture activity at 11.00s: frames=3, complete=3, idle=637, visible=Some(true), minimized=Some(false), focused=false
2026-10-07T14:51:45.1495650Z demo-mac: capture activity at 12.00s: frames=3, complete=3, idle=695, visible=Some(true), minimized=Some(false), focused=false
2026-10-07T14:51:45.1496650Z demo-mac: capture activity at 13.00s: frames=3, complete=3, idle=754, visible=Some(true), minimized=Some(false), focused=false
2026-10-07T14:51:45.1497670Z demo-mac: capture activity at 14.00s: frames=3, complete=3, idle=812, visible=Some(true), minimized=Some(false), focused=false
2026-10-07T14:51:45.1499350Z demo-mac: capture activity at 15.00s: frames=3, complete=3, idle=870, visible=Some(true), minimized=Some(false), focused=false
2026-10-07T14:51:45.1500380Z demo-mac: capture activity at 16.00s: frames=3, complete=3, idle=928, visible=Some(true), minimized=Some(false), focused=false
2026-10-07T14:51:45.1501360Z demo-mac: capture activity at 17.00s: frames=3, complete=3, idle=986, visible=Some(true), minimized=Some(false), focused=false
2026-10-07T14:51:45.1502360Z demo-mac: capture activity at 18.00s: frames=3, complete=3, idle=1044, visible=Some(true), minimized=Some(false), focused=false
2026-10-07T14:51:45.1503350Z demo-mac: capture activity at 19.00s: frames=3, complete=3, idle=1103, visible=Some(true), minimized=Some(false), focused=false
2026-10-07T14:51:45.1504340Z demo-mac: capture activity at 20.00s: frames=3, complete=3, idle=1161, visible=Some(true), minimized=Some(false), focused=false
2026-10-07T14:51:45.1505340Z demo-mac: capture activity at 21.00s: frames=3, complete=3, idle=1219, visible=Some(true), minimized=Some(false), focused=false
2026-10-07T14:51:45.1506370Z demo-mac: capture activity at 22.00s: frames=3, complete=3, idle=1277, visible=Some(true), minimized=Some(false), focused=false
2026-10-07T14:51:45.1507480Z demo-mac: capture activity at 23.00s: frames=3, complete=3, idle=1335, visible=Some(true), minimized=Some(false), focused=false
2026-10-07T14:51:45.1508450Z demo-mac: capture activity at 24.00s: frames=3, complete=3, idle=1393, visible=Some(true), minimized=Some(false), focused=false
2026-10-07T14:51:45.1509410Z demo-mac: capture activity at 25.00s: frames=3, complete=3, idle=1451, visible=Some(true), minimized=Some(false), focused=false
2026-10-07T14:51:45.1510380Z demo-mac: capture activity at 26.00s: frames=3, complete=3, idle=1509, visible=Some(true), minimized=Some(false), focused=false
2026-10-07T14:51:45.1511330Z demo-mac: capture activity at 27.00s: frames=3, complete=3, idle=1567, visible=Some(true), minimized=Some(false), focused=false
2026-10-07T14:51:45.1512320Z demo-mac: capture activity at 28.00s: frames=3, complete=3, idle=1626, visible=Some(true), minimized=Some(false), focused=false
2026-10-07T14:51:45.1513280Z demo-mac: capture activity at 29.00s: frames=3, complete=3, idle=1684, visible=Some(true), minimized=Some(false), focused=false
2026-10-07T14:51:45.1513960Z demo-mac: capture-test: FAIL
2026-10-07T14:51:45.1514450Z   - captured 3 frame(s) within 30s without observing 5 frame(s) at every expected size
2026-10-07T14:51:45.1515020Z   - observed 3 frame(s) at 1024x1536, expected at least 5
2026-10-07T14:51:45.1515860Z   - pre-import frame diagnostics: no-latest-sample=550288, no-image-payload=1742, config-revision-pending=0, source-dimension-mismatch=0, empty-crop=0
2026-10-07T14:51:45.1517050Z   - SCK frame statuses: missing=0, complete=3, idle=1742, blank=0, suspended=0, started=0, stopped=0, unknown=0, last=Some(1)
2026-10-07T14:51:45.1518220Z   - capture revisions: requested=0, applied=0; last source dimensions=Some(PhysicalSize { width: 2048, height: 1592 }), expected host dimensions=Some(PhysicalSize { width: 2048, height: 1592 })
2026-10-07T14:51:45.1519120Z   -> FAIL (PASS receipt absent)
2026-10-07T14:51:45.1528400Z 
2026-10-07T14:51:45.1528870Z ==> --capture-test+resize
2026-10-07T14:51:45.6247710Z foreground-control: attempt owned-bundle pid=97721 app=/Users/markik/Code/targets/wgpu-scry-hardware/debug/scry-demo-mac-hardware.app
2026-10-07T14:51:45.6892170Z foreground-control: activation exit=0 pid=97721
2026-10-07T14:52:03.0960720Z demo-mac: started loading scrying-test://capture?activity=1
2026-10-07T14:52:03.0961400Z demo-mac: nav event: Starting { url: "scrying-test://capture?activity=1" }
2026-10-07T14:52:03.0962090Z demo-mac: nav event: SourceChanged { url: "scrying-test://capture?activity=1" }
2026-10-07T14:52:03.0962820Z demo-mac: nav event: Completed { url: "scrying-test://capture?activity=1", success: true }
2026-10-07T14:52:03.0965140Z demo-mac: js->host: capture-activity:{"kind":"ready","elapsedMs":3,"visibility":"hidden","focused":false,"viewport":[512,768,2],"animationFrames":0,"timerTicks":0,"background":"rgb(23, 97, 181)","animations":[{"state":"running","currentTime":0}]}
2026-10-07T14:52:03.0967470Z demo-mac: js->host: capture-activity:{"kind":"timer","elapsedMs":1004,"visibility":"hidden","focused":false,"viewport":[512,768,2],"animationFrames":0,"timerTicks":1,"background":"rgb(23, 97, 181)","animations":[{"state":"running","currentTime":0}]}
2026-10-07T14:52:03.0969390Z demo-mac: js->host: capture-activity:{"kind":"timer","elapsedMs":2024,"visibility":"hidden","focused":false,"viewport":[512,768,2],"animationFrames":0,"timerTicks":2,"background":"rgb(23, 97, 181)","animations":[{"state":"running","currentTime":0}]}
2026-10-07T14:52:03.0970550Z demo-mac: start_capture_async kicked off
2026-10-07T14:52:03.0971710Z demo-mac: js->host: capture-activity:{"kind":"timer","elapsedMs":3024,"visibility":"hidden","focused":false,"viewport":[512,768,2],"animationFrames":0,"timerTicks":3,"background":"rgb(23, 97, 181)","animations":[{"state":"running","currentTime":0}]}
2026-10-07T14:52:03.0973150Z demo-mac: capture activity at 0.00s: frames=0, complete=1, idle=0, visible=Some(true), minimized=Some(false), focused=false
2026-10-07T14:52:03.0974130Z demo-mac: capture activity at 1.00s: frames=3, complete=3, idle=55, visible=Some(true), minimized=Some(false), focused=false
2026-10-07T14:52:03.0975600Z demo-mac: js->host: capture-activity:{"kind":"timer","elapsedMs":4124,"visibility":"hidden","focused":false,"viewport":[512,768,2],"animationFrames":0,"timerTicks":4,"background":"rgb(23, 97, 181)","animations":[{"state":"running","currentTime":0}]}
2026-10-07T14:52:03.0977040Z demo-mac: capture activity at 2.00s: frames=3, complete=3, idle=113, visible=Some(true), minimized=Some(false), focused=false
2026-10-07T14:52:03.0978480Z demo-mac: js->host: capture-activity:{"kind":"timer","elapsedMs":5224,"visibility":"hidden","focused":false,"viewport":[512,768,2],"animationFrames":0,"timerTicks":5,"background":"rgb(23, 97, 181)","animations":[{"state":"running","currentTime":0}]}
2026-10-07T14:52:03.0979910Z demo-mac: capture activity at 3.00s: frames=3, complete=3, idle=172, visible=Some(true), minimized=Some(false), focused=false
2026-10-07T14:52:03.0981350Z demo-mac: js->host: capture-activity:{"kind":"timer","elapsedMs":6243,"visibility":"hidden","focused":false,"viewport":[512,768,2],"animationFrames":0,"timerTicks":6,"background":"rgb(23, 97, 181)","animations":[{"state":"running","currentTime":0}]}
2026-10-07T14:52:03.0982810Z demo-mac: capture activity at 4.00s: frames=3, complete=3, idle=230, visible=Some(true), minimized=Some(false), focused=false
2026-10-07T14:52:03.0983790Z demo-mac: capture activity at 5.00s: frames=3, complete=3, idle=288, visible=Some(true), minimized=Some(false), focused=false
2026-10-07T14:52:03.0984860Z demo-mac: resize-test step 0 → request logical inner_size = 1280x800
2026-10-07T14:52:03.0985760Z demo-mac: capture activity at 6.00s: frames=3, complete=3, idle=346, visible=Some(true), minimized=Some(false), focused=false
2026-10-07T14:52:03.0987160Z demo-mac: js->host: capture-activity:{"kind":"timer","elapsedMs":9038,"visibility":"hidden","focused":false,"viewport":[512,768,2],"animationFrames":0,"timerTicks":7,"background":"rgb(23, 97, 181)","animations":[{"state":"running","currentTime":0}]}
2026-10-07T14:52:03.0989040Z demo-mac: js->host: capture-activity:{"kind":"resize","elapsedMs":9039,"visibility":"hidden","focused":false,"viewport":[640,800,2],"animationFrames":0,"timerTicks":7,"background":"rgb(23, 97, 181)","animations":[{"state":"running","currentTime":0}]}
2026-10-07T14:52:03.0990450Z demo-mac: capture activity at 7.00s: frames=6, complete=6, idle=400, visible=Some(true), minimized=Some(false), focused=false
2026-10-07T14:52:03.0991860Z demo-mac: js->host: capture-activity:{"kind":"timer","elapsedMs":10974,"visibility":"hidden","focused":false,"viewport":[640,800,2],"animationFrames":0,"timerTicks":8,"background":"rgb(23, 97, 181)","animations":[{"state":"running","currentTime":0}]}
2026-10-07T14:52:03.0994350Z demo-mac: capture activity at 8.00s: frames=6, complete=6, idle=458, visible=Some(true), minimized=Some(false), focused=false
2026-10-07T14:52:03.0995310Z demo-mac: capture activity at 9.00s: frames=6, complete=6, idle=517, visible=Some(true), minimized=Some(false), focused=false
2026-10-07T14:52:03.0996740Z demo-mac: js->host: capture-activity:{"kind":"timer","elapsedMs":13029,"visibility":"hidden","focused":false,"viewport":[640,800,2],"animationFrames":0,"timerTicks":9,"background":"rgb(23, 97, 181)","animations":[{"state":"running","currentTime":0}]}
2026-10-07T14:52:03.0998010Z demo-mac: resize-test step 1 → request logical inner_size = 768x600
2026-10-07T14:52:03.0999240Z demo-mac: js->host: capture-activity:{"kind":"resize","elapsedMs":13037,"visibility":"hidden","focused":false,"viewport":[384,600,2],"animationFrames":0,"timerTicks":9,"background":"rgb(23, 97, 181)","animations":[{"state":"running","currentTime":0}]}
2026-10-07T14:52:03.1000860Z demo-mac: capture activity at 10.01s: frames=6, complete=6, idle=575, visible=Some(true), minimized=Some(false), focused=false
2026-10-07T14:52:03.1001820Z demo-mac: capture activity at 11.01s: frames=9, complete=9, idle=629, visible=Some(true), minimized=Some(false), focused=false
2026-10-07T14:52:03.1003300Z demo-mac: js->host: capture-activity:{"kind":"timer","elapsedMs":15029,"visibility":"hidden","focused":false,"viewport":[384,600,2],"animationFrames":0,"timerTicks":10,"background":"rgb(23, 97, 181)","animations":[{"state":"running","currentTime":0}]}
2026-10-07T14:52:03.1004740Z demo-mac: capture activity at 12.01s: frames=9, complete=9, idle=688, visible=Some(true), minimized=Some(false), focused=false
2026-10-07T14:52:03.1005750Z demo-mac: capture activity at 13.01s: frames=9, complete=9, idle=746, visible=Some(true), minimized=Some(false), focused=false
2026-10-07T14:52:03.1007180Z demo-mac: js->host: capture-activity:{"kind":"timer","elapsedMs":17024,"visibility":"hidden","focused":false,"viewport":[384,600,2],"animationFrames":0,"timerTicks":11,"background":"rgb(23, 97, 181)","animations":[{"state":"running","currentTime":0}]}
2026-10-07T14:52:03.1008500Z demo-mac: resize-test step 2 → request logical inner_size = 1024x700
2026-10-07T14:52:03.1009840Z demo-mac: js->host: capture-activity:{"kind":"resize","elapsedMs":17037,"visibility":"hidden","focused":false,"viewport":[512,700,2],"animationFrames":0,"timerTicks":11,"background":"rgb(23, 97, 181)","animations":[{"state":"running","currentTime":0}]}
2026-10-07T14:52:03.1011280Z demo-mac: capture activity at 14.01s: frames=9, complete=9, idle=804, visible=Some(true), minimized=Some(false), focused=false
2026-10-07T14:52:03.1012360Z demo-mac: capture-test: PASS — SCK pipeline delivered 12 frames across [768x1200, 1024x1400, 1024x1536, 1280x1600]
2026-10-07T14:52:03.1012990Z   -> PASS
2026-10-07T14:52:03.1037470Z 
2026-10-07T14:52:03.1038140Z ==> summary
2026-10-07T14:52:03.1038470Z   passed: 1 / 2
2026-10-07T14:52:03.1038770Z   failed: 1
2026-10-07T14:52:03.1039090Z     - --capture-test
2026-10-07T14:52:03.8916640Z ##[error]Process completed with exit code 1.
2026-10-07T14:52:03.8985160Z ##[group]Run actions/upload-artifact@v4
2026-10-07T14:52:03.8985500Z with:
2026-10-07T14:52:03.8985790Z   name: scry-only-registry-intel-diagnostic
2026-10-07T14:52:03.8986310Z   path: /Users/markik/actions-runner-wgpu/_work/_temp/scry-registry-intel-diagnostic
2026-10-07T14:52:03.8986810Z   if-no-files-found: warn
2026-10-07T14:52:03.8987080Z   compression-level: 6
2026-10-07T14:52:03.8987330Z   overwrite: false
2026-10-07T14:52:03.8987560Z   include-hidden-files: false
2026-10-07T14:52:03.8987830Z env:
2026-10-07T14:52:03.8988040Z   CARGO_NET_GIT_FETCH_WITH_CLI: true
2026-10-07T14:52:03.8988330Z   CARGO_BUILD_JOBS: 1
2026-10-07T14:52:03.8988580Z   RUSTFLAGS: -D warnings
2026-10-07T14:52:03.8988830Z   WGPU_BACKEND: metal
2026-10-07T14:52:03.8989070Z   GRAFTING_VERSION: 0.6.0
2026-10-07T14:52:03.8989330Z   SCRYING_VERSION: 0.7.2
2026-10-07T14:52:03.8989590Z   WELDING_VERSION: 0.14.1
2026-10-07T14:52:03.8990150Z   SCRY_SOURCE_REF: 4d8d1d3f8dd450b712960c90b74263a45b46e35b
2026-10-07T14:52:03.8990650Z   CARGO_TARGET_DIR: /Users/markik/Code/targets/wgpu-scry-hardware
2026-10-07T14:52:03.8991260Z   SCRY_MAC_APP: /Users/markik/Code/targets/wgpu-scry-hardware/debug/scry-demo-mac-hardware.app
2026-10-07T14:52:03.8991780Z   CAPTURE: 1
2026-10-07T14:52:03.8991990Z   TIMEOUT: 90
2026-10-07T14:52:03.8992190Z   VISIBLE: 1
2026-10-07T14:52:03.8992410Z   CARGO_HOME: /Users/markik/.cargo
2026-10-07T14:52:03.8992690Z   CARGO_INCREMENTAL: 0
2026-10-07T14:52:03.8992930Z   CARGO_TERM_COLOR: always
2026-10-07T14:52:03.8993260Z   UV_PYTHON_INSTALL_DIR: /Users/markik/.local/share/uv/python
2026-10-07T14:52:03.8993630Z ##[endgroup]
2026-10-07T14:52:04.1244300Z (node:97968) [DEP0040] DeprecationWarning: The `punycode` module is deprecated. Please use a userland alternative instead.
2026-10-07T14:52:04.1245340Z (Use `node --trace-deprecation ...` to show where the warning was created)
2026-10-07T14:52:04.1334610Z With the provided path, there will be 37 files uploaded
2026-10-07T14:52:04.1335260Z Artifact name is valid!
2026-10-07T14:52:04.1335590Z Root directory input is valid!
2026-10-07T14:52:04.4766890Z Beginning upload of artifact content to blob storage
2026-10-07T14:52:04.5582980Z (node:97968) [DEP0169] DeprecationWarning: `url.parse()` behavior is not standardized and prone to errors that have security implications. Use the WHATWG URL API instead. CVEs are not issued for `url.parse()` vulnerabilities.
2026-10-07T14:52:05.0176870Z Uploaded bytes 323261
2026-10-07T14:52:05.0785810Z Finished uploading artifact content to blob storage!
2026-10-07T14:52:05.0786620Z SHA256 digest of uploaded artifact zip is 2427888adfbd9e85b1c5725fe5ab76fa16344317471f991eabe0d37aaa50e2c6
2026-10-07T14:52:05.0788160Z Finalizing artifact upload
2026-10-07T14:52:05.3357110Z Artifact scry-only-registry-intel-diagnostic.zip successfully finalized. Artifact ID 11492590046
2026-10-07T14:52:05.3358440Z Artifact scry-only-registry-intel-diagnostic has been successfully uploaded! Final size is 323261 bytes. Artifact ID is 11492590046
2026-10-07T14:52:05.3368450Z Artifact download URL: https://github.com/merely-made/wgpu-graft/actions/runs/37639574080/artifacts/11492590046
2026-10-07T14:52:05.3611770Z Post job cleanup.
2026-10-07T14:52:05.4948310Z [command]/usr/bin/git version
2026-10-07T14:52:05.5172300Z git version 2.39.5 (Apple Git-154)
2026-10-07T14:52:05.5201880Z Copying '/Users/markik/.gitconfig' to '/Users/markik/actions-runner-wgpu/_work/_temp/22e6ea45-59f5-491a-90ae-03da8cc6326b/.gitconfig'
2026-10-07T14:52:05.5212310Z Temporarily overriding HOME='/Users/markik/actions-runner-wgpu/_work/_temp/22e6ea45-59f5-491a-90ae-03da8cc6326b' before making global git config changes
2026-10-07T14:52:05.5213380Z Adding repository directory to the temporary git global config as a safe directory
2026-10-07T14:52:05.5217620Z [command]/usr/bin/git config --global --add safe.directory /Users/markik/actions-runner-wgpu/_work/wgpu-graft/wgpu-graft/.registry-proof-source/scry
2026-10-07T14:52:05.5431500Z [command]/usr/bin/git config --local --name-only --get-regexp core\.sshCommand
2026-10-07T14:52:05.5642640Z [command]/usr/bin/git submodule foreach --recursive sh -c "git config --local --name-only --get-regexp 'core\.sshCommand' && git config --local --unset-all 'core.sshCommand' || :"
2026-10-07T14:52:05.6906580Z [command]/usr/bin/git config --local --name-only --get-regexp http\.https\:\/\/github\.com\/\.extraheader
2026-10-07T14:52:05.7112960Z http.https://github.com/.extraheader
2026-10-07T14:52:05.7114250Z [command]/usr/bin/git config --local --unset-all http.https://github.com/.extraheader
2026-10-07T14:52:05.7320210Z [command]/usr/bin/git submodule foreach --recursive sh -c "git config --local --name-only --get-regexp 'http\.https\:\/\/github\.com\/\.extraheader' && git config --local --unset-all 'http.https://github.com/.extraheader' || :"
2026-10-07T14:52:05.8616420Z [command]/usr/bin/git config --local --name-only --get-regexp ^includeIf\.gitdir:
2026-10-07T14:52:05.8821390Z [command]/usr/bin/git submodule foreach --recursive git config --local --show-origin --name-only --get-regexp remote.origin.url
2026-10-07T14:52:06.0236520Z Post job cleanup.
2026-10-07T14:52:06.1596190Z [command]/usr/bin/git version
2026-10-07T14:52:06.1814760Z git version 2.39.5 (Apple Git-154)
2026-10-07T14:52:06.1844780Z Copying '/Users/markik/.gitconfig' to '/Users/markik/actions-runner-wgpu/_work/_temp/f2920e5e-a1de-4bb0-881a-a7e745fd5d23/.gitconfig'
2026-10-07T14:52:06.1855070Z Temporarily overriding HOME='/Users/markik/actions-runner-wgpu/_work/_temp/f2920e5e-a1de-4bb0-881a-a7e745fd5d23' before making global git config changes
2026-10-07T14:52:06.1856140Z Adding repository directory to the temporary git global config as a safe directory
2026-10-07T14:52:06.1860110Z [command]/usr/bin/git config --global --add safe.directory /Users/markik/actions-runner-wgpu/_work/wgpu-graft/wgpu-graft/.registry-proof-helper
2026-10-07T14:52:06.2081360Z [command]/usr/bin/git config --local --name-only --get-regexp core\.sshCommand
2026-10-07T14:52:06.2292330Z [command]/usr/bin/git submodule foreach --recursive sh -c "git config --local --name-only --get-regexp 'core\.sshCommand' && git config --local --unset-all 'core.sshCommand' || :"
2026-10-07T14:52:06.3547740Z [command]/usr/bin/git config --local --name-only --get-regexp http\.https\:\/\/github\.com\/\.extraheader
2026-10-07T14:52:06.3740170Z http.https://github.com/.extraheader
2026-10-07T14:52:06.3749740Z [command]/usr/bin/git config --local --unset-all http.https://github.com/.extraheader
2026-10-07T14:52:06.3959260Z [command]/usr/bin/git submodule foreach --recursive sh -c "git config --local --name-only --get-regexp 'http\.https\:\/\/github\.com\/\.extraheader' && git config --local --unset-all 'http.https://github.com/.extraheader' || :"
2026-10-07T14:52:06.5239950Z [command]/usr/bin/git config --local --name-only --get-regexp ^includeIf\.gitdir:
2026-10-07T14:52:06.5445810Z [command]/usr/bin/git submodule foreach --recursive git config --local --show-origin --name-only --get-regexp remote.origin.url
2026-10-07T14:52:06.6847360Z Post job cleanup.
2026-10-07T14:52:06.7610010Z Released host hardware lock at /var/folders/nt/xlxwlg695b399ck_h55sfwtc0000gn/T/merely-wgpu-hardware-lock/host.lock
2026-10-07T14:52:06.7739070Z Post job cleanup.
2026-10-07T14:52:06.9125730Z [command]/usr/bin/git version
2026-10-07T14:52:06.9347760Z git version 2.39.5 (Apple Git-154)
2026-10-07T14:52:06.9377630Z Copying '/Users/markik/.gitconfig' to '/Users/markik/actions-runner-wgpu/_work/_temp/f20b7568-76fe-42dc-8e6e-86d5bb1f666c/.gitconfig'
2026-10-07T14:52:06.9386650Z Temporarily overriding HOME='/Users/markik/actions-runner-wgpu/_work/_temp/f20b7568-76fe-42dc-8e6e-86d5bb1f666c' before making global git config changes
2026-10-07T14:52:06.9387720Z Adding repository directory to the temporary git global config as a safe directory
2026-10-07T14:52:06.9391850Z [command]/usr/bin/git config --global --add safe.directory /Users/markik/actions-runner-wgpu/_work/wgpu-graft/wgpu-graft
2026-10-07T14:52:06.9610820Z [command]/usr/bin/git config --local --name-only --get-regexp core\.sshCommand
2026-10-07T14:52:06.9822710Z [command]/usr/bin/git submodule foreach --recursive sh -c "git config --local --name-only --get-regexp 'core\.sshCommand' && git config --local --unset-all 'core.sshCommand' || :"
2026-10-07T14:52:07.1092560Z [command]/usr/bin/git config --local --name-only --get-regexp http\.https\:\/\/github\.com\/\.extraheader
2026-10-07T14:52:07.1301670Z http.https://github.com/.extraheader
2026-10-07T14:52:07.1303260Z [command]/usr/bin/git config --local --unset-all http.https://github.com/.extraheader
2026-10-07T14:52:07.1510400Z [command]/usr/bin/git submodule foreach --recursive sh -c "git config --local --name-only --get-regexp 'http\.https\:\/\/github\.com\/\.extraheader' && git config --local --unset-all 'http.https://github.com/.extraheader' || :"
2026-10-07T14:52:07.2782760Z [command]/usr/bin/git config --local --name-only --get-regexp ^includeIf\.gitdir:
2026-10-07T14:52:07.2987660Z [command]/usr/bin/git submodule foreach --recursive git config --local --show-origin --name-only --get-regexp remote.origin.url
2026-10-07T14:52:07.4380770Z Cleaning up orphan processes
2026-10-07T14:52:07.5985290Z ##[warning]Node.js 20 is deprecated. The following actions target Node.js 20 but are being forced to run on Node.js 24: actions/checkout@v4, actions/upload-artifact@v4. For more information see: https://github.blog/changelog/2025-09-19-deprecation-of-node-20-on-github-actions-runners/
