2026-10-07T01:07:13.2042480Z Current runner version: '2.337.0'
2026-10-07T01:07:13.2050200Z Runner name: 'wgpu-imac-intel'
2026-10-07T01:07:13.2050910Z Runner group name: 'wgpu-hardware'
2026-10-07T01:07:13.2051830Z Machine name: 'Q-PC'
2026-10-07T01:07:13.2054320Z ##[group]GITHUB_TOKEN Permissions
2026-10-07T01:07:13.2056660Z Contents: read
2026-10-07T01:07:13.2057390Z Metadata: read
2026-10-07T01:07:13.2057850Z ##[endgroup]
2026-10-07T01:07:13.2059990Z Secret source: Actions
2026-10-07T01:07:13.2060730Z Cache mode: write
2026-10-07T01:07:13.2061320Z Prepare workflow directory
2026-10-07T01:07:13.2714060Z Prepare all required actions
2026-10-07T01:07:13.2769480Z Getting action download info
2026-10-07T01:07:13.6623620Z Download action repository 'actions/checkout@v7' (SHA:3d3c42e5aac5ba805825da76410c181273ba90b1)
2026-10-07T01:07:14.2420960Z Download action repository 'dtolnay/rust-toolchain@1.97.1' (SHA:9ca9f0b320e19763058bc9531663c225d20db487)
2026-10-07T01:07:14.6847740Z Complete job name: Intel iMac WKWebView and ScreenCaptureKit battery
2026-10-07T01:07:14.7740730Z ##[group]Run actions/checkout@v7
2026-10-07T01:07:14.7741990Z with:
2026-10-07T01:07:14.7742470Z   repository: merely-made/wgpu-scry
2026-10-07T01:07:14.7748010Z   token: ***
2026-10-07T01:07:14.7748430Z   ssh-strict: true
2026-10-07T01:07:14.7748870Z   ssh-user: git
2026-10-07T01:07:14.7749300Z   persist-credentials: true
2026-10-07T01:07:14.7749800Z   clean: true
2026-10-07T01:07:14.7750230Z   sparse-checkout-cone-mode: true
2026-10-07T01:07:14.7750770Z   fetch-depth: 1
2026-10-07T01:07:14.7751310Z   fetch-tags: false
2026-10-07T01:07:14.7751740Z   show-progress: true
2026-10-07T01:07:14.7752190Z   lfs: false
2026-10-07T01:07:14.7752600Z   submodules: false
2026-10-07T01:07:14.7753040Z   set-safe-directory: true
2026-10-07T01:07:14.7753560Z   allow-unsafe-pr-checkout: false
2026-10-07T01:07:14.7754460Z env:
2026-10-07T01:07:14.7754880Z   CARGO_NET_GIT_FETCH_WITH_CLI: true
2026-10-07T01:07:14.7755450Z   RUSTFLAGS: -D warnings
2026-10-07T01:07:14.7756150Z   CARGO_TARGET_DIR: /Users/markik/Code/targets/wgpu-scry-hardware
2026-10-07T01:07:14.7756890Z   CAPTURE: 1
2026-10-07T01:07:14.7757440Z   TIMEOUT: 90
2026-10-07T01:07:14.7757830Z   VISIBLE: 1
2026-10-07T01:07:14.7758230Z ##[endgroup]
2026-10-07T01:07:14.9321350Z Syncing repository: merely-made/wgpu-scry
2026-10-07T01:07:14.9323760Z ##[group]Getting Git version info
2026-10-07T01:07:14.9324860Z Working directory is '/Users/markik/actions-runner-wgpu/_work/wgpu-scry/wgpu-scry'
2026-10-07T01:07:14.9326400Z [command]/usr/bin/git version
2026-10-07T01:07:14.9479060Z git version 2.39.5 (Apple Git-154)
2026-10-07T01:07:14.9498120Z ##[endgroup]
2026-10-07T01:07:14.9505110Z Copying '/Users/markik/.gitconfig' to '/Users/markik/actions-runner-wgpu/_work/_temp/22bd27c7-e8ec-4863-a3c4-13fb32b66fa1/.gitconfig'
2026-10-07T01:07:14.9524300Z Temporarily overriding HOME='/Users/markik/actions-runner-wgpu/_work/_temp/22bd27c7-e8ec-4863-a3c4-13fb32b66fa1' before making global git config changes
2026-10-07T01:07:14.9526340Z Adding repository directory to the temporary git global config as a safe directory
2026-10-07T01:07:14.9528810Z [command]/usr/bin/git config --global --add safe.directory /Users/markik/actions-runner-wgpu/_work/wgpu-scry/wgpu-scry
2026-10-07T01:07:14.9771120Z [command]/usr/bin/git config --local --get remote.origin.url
2026-10-07T01:07:15.0039990Z https://github.com/merely-made/wgpu-scry
2026-10-07T01:07:15.0058490Z ##[group]Removing previously created refs, to avoid conflicts
2026-10-07T01:07:15.0062410Z [command]/usr/bin/git rev-parse --symbolic-full-name --verify --quiet HEAD
2026-10-07T01:07:15.0389730Z refs/heads/main
2026-10-07T01:07:15.0399120Z [command]/usr/bin/git checkout --detach
2026-10-07T01:07:15.0867270Z HEAD is now at 36c8888 Activate the headed Mac capture fixture before qualification
2026-10-07T01:07:15.1115100Z [command]/usr/bin/git branch --delete --force main
2026-10-07T01:07:15.1374970Z Deleted branch main (was 36c8888).
2026-10-07T01:07:15.1606240Z ##[endgroup]
2026-10-07T01:07:15.1608650Z [command]/usr/bin/git submodule status
2026-10-07T01:07:15.3121300Z ##[group]Cleaning the repository
2026-10-07T01:07:15.3122090Z [command]/usr/bin/git clean -ffdx
2026-10-07T01:07:15.3423870Z Removing .host-hardware-lock/
2026-10-07T01:07:15.3432430Z [command]/usr/bin/git reset --hard HEAD
2026-10-07T01:07:15.3784730Z HEAD is now at 36c8888 Activate the headed Mac capture fixture before qualification
2026-10-07T01:07:15.3794920Z ##[endgroup]
2026-10-07T01:07:15.3797450Z ##[group]Disabling automatic garbage collection
2026-10-07T01:07:15.3810470Z [command]/usr/bin/git config --local gc.auto 0
2026-10-07T01:07:15.4046210Z ##[endgroup]
2026-10-07T01:07:15.4047210Z ##[group]Setting up auth
2026-10-07T01:07:15.4047920Z Removing SSH command configuration
2026-10-07T01:07:15.4050920Z [command]/usr/bin/git config --local --name-only --get-regexp core\.sshCommand
2026-10-07T01:07:15.4299910Z [command]/usr/bin/git submodule foreach --recursive sh -c "git config --local --name-only --get-regexp 'core\.sshCommand' && git config --local --unset-all 'core.sshCommand' || :"
2026-10-07T01:07:15.5690570Z Removing HTTP extra header
2026-10-07T01:07:15.5694580Z [command]/usr/bin/git config --local --name-only --get-regexp http\.https\:\/\/github\.com\/\.extraheader
2026-10-07T01:07:15.5912190Z [command]/usr/bin/git submodule foreach --recursive sh -c "git config --local --name-only --get-regexp 'http\.https\:\/\/github\.com\/\.extraheader' && git config --local --unset-all 'http.https://github.com/.extraheader' || :"
2026-10-07T01:07:15.7254050Z Removing includeIf entries pointing to credentials config files
2026-10-07T01:07:15.7255980Z [command]/usr/bin/git config --local --name-only --get-regexp ^includeIf\.gitdir:
2026-10-07T01:07:15.7461980Z [command]/usr/bin/git submodule foreach --recursive git config --local --show-origin --name-only --get-regexp remote.origin.url
2026-10-07T01:07:15.8869610Z [command]/usr/bin/git config --file /Users/markik/actions-runner-wgpu/_work/_temp/git-credentials-ae7119fe-d0ae-450e-bf3d-ce4f29f008fe.config http.https://github.com/.extraheader AUTHORIZATION: basic ***
2026-10-07T01:07:15.9096660Z [command]/usr/bin/git config --local includeIf.gitdir:/Users/markik/actions-runner-wgpu/_work/wgpu-scry/wgpu-scry/.git.path /Users/markik/actions-runner-wgpu/_work/_temp/git-credentials-ae7119fe-d0ae-450e-bf3d-ce4f29f008fe.config
2026-10-07T01:07:15.9338430Z [command]/usr/bin/git config --local includeIf.gitdir:/Users/markik/actions-runner-wgpu/_work/wgpu-scry/wgpu-scry/.git/worktrees/*.path /Users/markik/actions-runner-wgpu/_work/_temp/git-credentials-ae7119fe-d0ae-450e-bf3d-ce4f29f008fe.config
2026-10-07T01:07:15.9545240Z [command]/usr/bin/git config --local includeIf.gitdir:/github/workspace/.git.path /github/runner_temp/git-credentials-ae7119fe-d0ae-450e-bf3d-ce4f29f008fe.config
2026-10-07T01:07:15.9764080Z [command]/usr/bin/git config --local includeIf.gitdir:/github/workspace/.git/worktrees/*.path /github/runner_temp/git-credentials-ae7119fe-d0ae-450e-bf3d-ce4f29f008fe.config
2026-10-07T01:07:15.9978300Z ##[endgroup]
2026-10-07T01:07:15.9980220Z ##[group]Fetching the repository
2026-10-07T01:07:15.9984110Z [command]/usr/bin/git -c protocol.version=2 fetch --no-tags --prune --no-recurse-submodules --depth=1 origin +6143ed74bf0e8bf66fd6968b51fdd2b708273daf:refs/remotes/origin/main
2026-10-07T01:07:16.4719380Z From https://github.com/merely-made/wgpu-scry
2026-10-07T01:07:16.4721700Z  + 36c8888...6143ed7 6143ed74bf0e8bf66fd6968b51fdd2b708273daf -> origin/main  (forced update)
2026-10-07T01:07:16.4815280Z [command]/usr/bin/git branch --list --remote origin/main
2026-10-07T01:07:16.5035440Z   origin/main
2026-10-07T01:07:16.5044400Z [command]/usr/bin/git rev-parse refs/remotes/origin/main
2026-10-07T01:07:16.5250560Z 6143ed74bf0e8bf66fd6968b51fdd2b708273daf
2026-10-07T01:07:16.5255570Z ##[endgroup]
2026-10-07T01:07:16.5257210Z ##[group]Determining the checkout info
2026-10-07T01:07:16.5259110Z ##[endgroup]
2026-10-07T01:07:16.5260220Z [command]/usr/bin/git sparse-checkout disable
2026-10-07T01:07:16.5499170Z [command]/usr/bin/git config --local --unset-all extensions.worktreeConfig
2026-10-07T01:07:16.5741890Z ##[group]Checking out the ref
2026-10-07T01:07:16.5744070Z [command]/usr/bin/git checkout --progress --force -B main refs/remotes/origin/main
2026-10-07T01:07:16.6032680Z Warning: you are leaving 1 commit behind, not connected to
2026-10-07T01:07:16.6034210Z any of your branches:
2026-10-07T01:07:16.6034810Z 
2026-10-07T01:07:16.6035620Z   36c8888 Activate the headed Mac capture fixture before qualification
2026-10-07T01:07:16.6036810Z 
2026-10-07T01:07:16.6037540Z If you want to keep it by creating a new branch, this may be a good time
2026-10-07T01:07:16.6039060Z to do so with:
2026-10-07T01:07:16.6039620Z 
2026-10-07T01:07:16.6040080Z  git branch <new-branch-name> 36c8888
2026-10-07T01:07:16.6040880Z 
2026-10-07T01:07:16.6057260Z Switched to a new branch 'main'
2026-10-07T01:07:16.6058560Z branch 'main' set up to track 'origin/main'.
2026-10-07T01:07:16.6066450Z ##[endgroup]
2026-10-07T01:07:16.6311050Z [command]/usr/bin/git log -1 --format=%H
2026-10-07T01:07:16.6529950Z 6143ed74bf0e8bf66fd6968b51fdd2b708273daf
2026-10-07T01:07:16.6963710Z ##[group]Run actions/checkout@v7
2026-10-07T01:07:16.6964700Z with:
2026-10-07T01:07:16.6965450Z   repository: merely-made/wgpu-graft
2026-10-07T01:07:16.6966530Z   ref: 781aa6aad3f63b83ad48b192a6a5d078be1d71b8
2026-10-07T01:07:16.6967640Z   path: .host-hardware-lock
2026-10-07T01:07:16.6968680Z   sparse-checkout: .github/actions/host-hardware-lock
2026-10-07T01:07:16.6969880Z   sparse-checkout-cone-mode: false
2026-10-07T01:07:16.6979290Z   token: ***
2026-10-07T01:07:16.6980000Z   ssh-strict: true
2026-10-07T01:07:16.6980830Z   ssh-user: git
2026-10-07T01:07:16.6981570Z   persist-credentials: true
2026-10-07T01:07:16.6982390Z   clean: true
2026-10-07T01:07:16.6983080Z   fetch-depth: 1
2026-10-07T01:07:16.6983790Z   fetch-tags: false
2026-10-07T01:07:16.6984530Z   show-progress: true
2026-10-07T01:07:16.6985270Z   lfs: false
2026-10-07T01:07:16.6985950Z   submodules: false
2026-10-07T01:07:16.6986730Z   set-safe-directory: true
2026-10-07T01:07:16.6987640Z   allow-unsafe-pr-checkout: false
2026-10-07T01:07:16.6988540Z env:
2026-10-07T01:07:16.6989220Z   CARGO_NET_GIT_FETCH_WITH_CLI: true
2026-10-07T01:07:16.6990130Z   RUSTFLAGS: -D warnings
2026-10-07T01:07:16.6991200Z   CARGO_TARGET_DIR: /Users/markik/Code/targets/wgpu-scry-hardware
2026-10-07T01:07:16.6992390Z   CAPTURE: 1
2026-10-07T01:07:16.6993040Z   TIMEOUT: 90
2026-10-07T01:07:16.6993710Z   VISIBLE: 1
2026-10-07T01:07:16.6994370Z ##[endgroup]
2026-10-07T01:07:16.8419480Z Syncing repository: merely-made/wgpu-graft
2026-10-07T01:07:16.8421450Z ##[group]Getting Git version info
2026-10-07T01:07:16.8423310Z Working directory is '/Users/markik/actions-runner-wgpu/_work/wgpu-scry/wgpu-scry/.host-hardware-lock'
2026-10-07T01:07:16.8436930Z [command]/usr/bin/git version
2026-10-07T01:07:16.8655690Z git version 2.39.5 (Apple Git-154)
2026-10-07T01:07:16.8674830Z ##[endgroup]
2026-10-07T01:07:16.8681190Z Copying '/Users/markik/.gitconfig' to '/Users/markik/actions-runner-wgpu/_work/_temp/29e29802-25da-4028-be17-07c8fcd2872d/.gitconfig'
2026-10-07T01:07:16.8700450Z Temporarily overriding HOME='/Users/markik/actions-runner-wgpu/_work/_temp/29e29802-25da-4028-be17-07c8fcd2872d' before making global git config changes
2026-10-07T01:07:16.8703560Z Adding repository directory to the temporary git global config as a safe directory
2026-10-07T01:07:16.8706460Z [command]/usr/bin/git config --global --add safe.directory /Users/markik/actions-runner-wgpu/_work/wgpu-scry/wgpu-scry/.host-hardware-lock
2026-10-07T01:07:16.8936330Z ##[group]Determining repository object format
2026-10-07T01:07:16.8938080Z ##[endgroup]
2026-10-07T01:07:16.8939480Z ##[group]Initializing the repository
2026-10-07T01:07:16.8943600Z [command]/usr/bin/git init /Users/markik/actions-runner-wgpu/_work/wgpu-scry/wgpu-scry/.host-hardware-lock
2026-10-07T01:07:16.9230290Z Initialized empty Git repository in /Users/markik/actions-runner-wgpu/_work/wgpu-scry/wgpu-scry/.host-hardware-lock/.git/
2026-10-07T01:07:16.9241410Z [command]/usr/bin/git remote add origin https://github.com/merely-made/wgpu-graft
2026-10-07T01:07:16.9468650Z ##[endgroup]
2026-10-07T01:07:16.9470200Z ##[group]Disabling automatic garbage collection
2026-10-07T01:07:16.9471560Z [command]/usr/bin/git config --local gc.auto 0
2026-10-07T01:07:16.9689170Z ##[endgroup]
2026-10-07T01:07:16.9690570Z ##[group]Setting up auth
2026-10-07T01:07:16.9691620Z Removing SSH command configuration
2026-10-07T01:07:16.9693750Z [command]/usr/bin/git config --local --name-only --get-regexp core\.sshCommand
2026-10-07T01:07:16.9907980Z [command]/usr/bin/git submodule foreach --recursive sh -c "git config --local --name-only --get-regexp 'core\.sshCommand' && git config --local --unset-all 'core.sshCommand' || :"
2026-10-07T01:07:17.1269850Z Removing HTTP extra header
2026-10-07T01:07:17.1274280Z [command]/usr/bin/git config --local --name-only --get-regexp http\.https\:\/\/github\.com\/\.extraheader
2026-10-07T01:07:17.1494000Z [command]/usr/bin/git submodule foreach --recursive sh -c "git config --local --name-only --get-regexp 'http\.https\:\/\/github\.com\/\.extraheader' && git config --local --unset-all 'http.https://github.com/.extraheader' || :"
2026-10-07T01:07:17.2891970Z Removing includeIf entries pointing to credentials config files
2026-10-07T01:07:17.2895710Z [command]/usr/bin/git config --local --name-only --get-regexp ^includeIf\.gitdir:
2026-10-07T01:07:17.3103650Z [command]/usr/bin/git submodule foreach --recursive git config --local --show-origin --name-only --get-regexp remote.origin.url
2026-10-07T01:07:17.4426150Z [command]/usr/bin/git config --file /Users/markik/actions-runner-wgpu/_work/_temp/git-credentials-411e1f43-3182-43d8-97a7-69fe8b0e0a4c.config http.https://github.com/.extraheader AUTHORIZATION: basic ***
2026-10-07T01:07:17.4678890Z [command]/usr/bin/git config --local includeIf.gitdir:/Users/markik/actions-runner-wgpu/_work/wgpu-scry/wgpu-scry/.host-hardware-lock/.git.path /Users/markik/actions-runner-wgpu/_work/_temp/git-credentials-411e1f43-3182-43d8-97a7-69fe8b0e0a4c.config
2026-10-07T01:07:17.4895750Z [command]/usr/bin/git config --local includeIf.gitdir:/Users/markik/actions-runner-wgpu/_work/wgpu-scry/wgpu-scry/.host-hardware-lock/.git/worktrees/*.path /Users/markik/actions-runner-wgpu/_work/_temp/git-credentials-411e1f43-3182-43d8-97a7-69fe8b0e0a4c.config
2026-10-07T01:07:17.5103100Z [command]/usr/bin/git config --local includeIf.gitdir:/github/workspace/.host-hardware-lock/.git.path /github/runner_temp/git-credentials-411e1f43-3182-43d8-97a7-69fe8b0e0a4c.config
2026-10-07T01:07:17.5318430Z [command]/usr/bin/git config --local includeIf.gitdir:/github/workspace/.host-hardware-lock/.git/worktrees/*.path /github/runner_temp/git-credentials-411e1f43-3182-43d8-97a7-69fe8b0e0a4c.config
2026-10-07T01:07:17.5526500Z ##[endgroup]
2026-10-07T01:07:17.5527900Z ##[group]Fetching the repository
2026-10-07T01:07:17.5532650Z [command]/usr/bin/git -c protocol.version=2 fetch --no-tags --prune --no-recurse-submodules --filter=blob:none --depth=1 origin 781aa6aad3f63b83ad48b192a6a5d078be1d71b8
2026-10-07T01:07:17.9482500Z From https://github.com/merely-made/wgpu-graft
2026-10-07T01:07:17.9483200Z  * branch            781aa6aad3f63b83ad48b192a6a5d078be1d71b8 -> FETCH_HEAD
2026-10-07T01:07:17.9578950Z [command]/usr/bin/git rev-parse --verify --quiet 781aa6aad3f63b83ad48b192a6a5d078be1d71b8^{object}
2026-10-07T01:07:17.9802790Z 781aa6aad3f63b83ad48b192a6a5d078be1d71b8
2026-10-07T01:07:17.9807660Z ##[endgroup]
2026-10-07T01:07:17.9808210Z ##[group]Determining the checkout info
2026-10-07T01:07:17.9808790Z ##[endgroup]
2026-10-07T01:07:17.9809280Z ##[group]Setting up sparse checkout
2026-10-07T01:07:17.9812520Z [command]/usr/bin/git config core.sparseCheckout true
2026-10-07T01:07:18.0027690Z [command]/usr/bin/git rev-parse --git-path info/sparse-checkout
2026-10-07T01:07:18.0229860Z .git/info/sparse-checkout
2026-10-07T01:07:18.0238010Z ##[endgroup]
2026-10-07T01:07:18.0238540Z ##[group]Checking out the ref
2026-10-07T01:07:18.0241940Z [command]/usr/bin/git checkout --progress --force 781aa6aad3f63b83ad48b192a6a5d078be1d71b8
2026-10-07T01:07:18.8544780Z Note: switching to '781aa6aad3f63b83ad48b192a6a5d078be1d71b8'.
2026-10-07T01:07:18.8545200Z 
2026-10-07T01:07:18.8545450Z You are in 'detached HEAD' state. You can look around, make experimental
2026-10-07T01:07:18.8546040Z changes and commit them, and you can discard any commits you make in this
2026-10-07T01:07:18.8546660Z state without impacting any branches by switching back to a branch.
2026-10-07T01:07:18.8546990Z 
2026-10-07T01:07:18.8547250Z If you want to create a new branch to retain commits you create, you may
2026-10-07T01:07:18.8548440Z do so (now or later) by using -c with the switch command. Example:
2026-10-07T01:07:18.8548790Z 
2026-10-07T01:07:18.8548970Z   git switch -c <new-branch-name>
2026-10-07T01:07:18.8549250Z 
2026-10-07T01:07:18.8549380Z Or undo this operation with:
2026-10-07T01:07:18.8549620Z 
2026-10-07T01:07:18.8549730Z   git switch -
2026-10-07T01:07:18.8549920Z 
2026-10-07T01:07:18.8550750Z Turn off this advice by setting config variable advice.detachedHead to false
2026-10-07T01:07:18.8551140Z 
2026-10-07T01:07:18.8551340Z HEAD is now at 781aa6a Document-node24-host-lock
2026-10-07T01:07:18.8552530Z ##[endgroup]
2026-10-07T01:07:18.8798710Z [command]/usr/bin/git log -1 --format=%H
2026-10-07T01:07:18.9020750Z 781aa6aad3f63b83ad48b192a6a5d078be1d71b8
2026-10-07T01:07:18.9194880Z ##[group]Run ./.host-hardware-lock/.github/actions/host-hardware-lock
2026-10-07T01:07:18.9195360Z with:
2026-10-07T01:07:18.9195630Z   timeout_seconds: 7200
2026-10-07T01:07:18.9195930Z   stale_seconds: 14400
2026-10-07T01:07:18.9196230Z   poll_seconds: 5
2026-10-07T01:07:18.9196470Z env:
2026-10-07T01:07:18.9196720Z   CARGO_NET_GIT_FETCH_WITH_CLI: true
2026-10-07T01:07:18.9197060Z   RUSTFLAGS: -D warnings
2026-10-07T01:07:18.9197460Z   CARGO_TARGET_DIR: /Users/markik/Code/targets/wgpu-scry-hardware
2026-10-07T01:07:18.9197910Z   CAPTURE: 1
2026-10-07T01:07:18.9198180Z   TIMEOUT: 90
2026-10-07T01:07:18.9198470Z   VISIBLE: 1
2026-10-07T01:07:18.9198690Z ##[endgroup]
2026-10-07T01:07:19.0137220Z Acquired host hardware lock at /var/folders/nt/xlxwlg695b399ck_h55sfwtc0000gn/T/merely-wgpu-hardware-lock/host.lock
2026-10-07T01:07:19.0415830Z ##[group]Run dtolnay/rust-toolchain@1.97.1
2026-10-07T01:07:19.0416220Z with:
2026-10-07T01:07:19.0416460Z env:
2026-10-07T01:07:19.0416710Z   CARGO_NET_GIT_FETCH_WITH_CLI: true
2026-10-07T01:07:19.0417050Z   RUSTFLAGS: -D warnings
2026-10-07T01:07:19.0417430Z   CARGO_TARGET_DIR: /Users/markik/Code/targets/wgpu-scry-hardware
2026-10-07T01:07:19.0417870Z   CAPTURE: 1
2026-10-07T01:07:19.0418110Z   TIMEOUT: 90
2026-10-07T01:07:19.0418360Z   VISIBLE: 1
2026-10-07T01:07:19.0418600Z ##[endgroup]
2026-10-07T01:07:19.0498840Z ##[start-action display=Parse toolchain version;id=__dtolnay_rust-toolchain.parse]
2026-10-07T01:07:19.0578490Z ##[group]Run if [[ -z $toolchain ]]; then
2026-10-07T01:07:19.0579180Z [36;1mif [[ -z $toolchain ]]; then[0m
2026-10-07T01:07:19.0579830Z [36;1m  # GitHub does not enforce `required: true` inputs itself. https://github.com/actions/runner/issues/1070[0m
2026-10-07T01:07:19.0580580Z [36;1m  echo "'toolchain' is a required input" >&2[0m
2026-10-07T01:07:19.0581100Z [36;1m  exit 1[0m
2026-10-07T01:07:19.0581540Z [36;1melif [[ $toolchain =~ ^stable' '[0-9]+' '(year|month|week|day)s?' 'ago$ ]]; then[0m
2026-10-07T01:07:19.0582050Z [36;1m  if [[ macOS == macOS ]]; then[0m
2026-10-07T01:07:19.0582690Z [36;1m    echo "toolchain=1.$((($(date -v-$(sed 's/stable \([0-9]*\) \(.\).*/\1\2/' <<< $toolchain) +%s)/60/60/24-16569)/7/6))" >> $GITHUB_OUTPUT[0m
2026-10-07T01:07:19.0583310Z [36;1m  else[0m
2026-10-07T01:07:19.0583800Z [36;1m    echo "toolchain=1.$((($(date --date "${toolchain#stable }" +%s)/60/60/24-16569)/7/6))" >> $GITHUB_OUTPUT[0m
2026-10-07T01:07:19.0584400Z [36;1m  fi[0m
2026-10-07T01:07:19.0584790Z [36;1melif [[ $toolchain =~ ^stable' 'minus' '[0-9]+' 'releases?$ ]]; then[0m
2026-10-07T01:07:19.0585440Z [36;1m  echo "toolchain=1.$((($(date +%s)/60/60/24-16569)/7/6-${toolchain//[^0-9]/}))" >> $GITHUB_OUTPUT[0m
2026-10-07T01:07:19.0586630Z [36;1melif [[ $toolchain =~ ^1\.[0-9]+$ ]]; then[0m
2026-10-07T01:07:19.0587270Z [36;1m  echo "toolchain=1.$((i=${toolchain#1.}, c=($(date +%s)/60/60/24-16569)/7/6, i+9*i*(10*i<=c)+90*i*(100*i<=c)))" >> $GITHUB_OUTPUT[0m
2026-10-07T01:07:19.0587890Z [36;1melse[0m
2026-10-07T01:07:19.0588210Z [36;1m  echo "toolchain=$toolchain" >> $GITHUB_OUTPUT[0m
2026-10-07T01:07:19.0588630Z [36;1mfi[0m
2026-10-07T01:07:19.0613270Z shell: /bin/bash --noprofile --norc -e -o pipefail {0}
2026-10-07T01:07:19.0613720Z env:
2026-10-07T01:07:19.0614010Z   CARGO_NET_GIT_FETCH_WITH_CLI: true
2026-10-07T01:07:19.0614360Z   RUSTFLAGS: -D warnings
2026-10-07T01:07:19.0614770Z   CARGO_TARGET_DIR: /Users/markik/Code/targets/wgpu-scry-hardware
2026-10-07T01:07:19.0615250Z   CAPTURE: 1
2026-10-07T01:07:19.0615530Z   TIMEOUT: 90
2026-10-07T01:07:19.0615800Z   VISIBLE: 1
2026-10-07T01:07:19.0616070Z   toolchain: 1.97.1
2026-10-07T01:07:19.0616370Z ##[endgroup]
2026-10-07T01:07:19.0852630Z ##[end-action id=__dtolnay_rust-toolchain.parse;outcome=success;conclusion=success;duration_ms=35]
2026-10-07T01:07:19.0869130Z ##[start-action display=Construct rustup command line;id=__dtolnay_rust-toolchain.flags]
2026-10-07T01:07:19.0908750Z ##[group]Run echo "targets=$(for t in ${targets//,/ }; do echo -n ' --target' $t; done)" >> $GITHUB_OUTPUT
2026-10-07T01:07:19.0909470Z [36;1mecho "targets=$(for t in ${targets//,/ }; do echo -n ' --target' $t; done)" >> $GITHUB_OUTPUT[0m
2026-10-07T01:07:19.0910150Z [36;1mecho "components=$(for c in ${components//,/ }; do echo -n ' --component' $c; done)" >> $GITHUB_OUTPUT[0m
2026-10-07T01:07:19.0910710Z [36;1mecho "downgrade=" >> $GITHUB_OUTPUT[0m
2026-10-07T01:07:19.0928260Z shell: /bin/bash --noprofile --norc -e -o pipefail {0}
2026-10-07T01:07:19.0928670Z env:
2026-10-07T01:07:19.0928940Z   CARGO_NET_GIT_FETCH_WITH_CLI: true
2026-10-07T01:07:19.0929300Z   RUSTFLAGS: -D warnings
2026-10-07T01:07:19.0929760Z   CARGO_TARGET_DIR: /Users/markik/Code/targets/wgpu-scry-hardware
2026-10-07T01:07:19.0930200Z   CAPTURE: 1
2026-10-07T01:07:19.0930450Z   TIMEOUT: 90
2026-10-07T01:07:19.0930720Z   VISIBLE: 1
2026-10-07T01:07:19.0931670Z   targets: 
2026-10-07T01:07:19.0931950Z   components: 
2026-10-07T01:07:19.0932210Z ##[endgroup]
2026-10-07T01:07:19.1124970Z ##[end-action id=__dtolnay_rust-toolchain.flags;outcome=success;conclusion=success;duration_ms=25]
2026-10-07T01:07:19.1128450Z ##[start-action display=Set $CARGO_HOME;id=__dtolnay_rust-toolchain.__run]
2026-10-07T01:07:19.1157250Z ##[group]Run echo CARGO_HOME=${CARGO_HOME:-"$HOME/.cargo"} >> $GITHUB_ENV
2026-10-07T01:07:19.1157850Z [36;1mecho CARGO_HOME=${CARGO_HOME:-"$HOME/.cargo"} >> $GITHUB_ENV[0m
2026-10-07T01:07:19.1176580Z shell: /bin/bash --noprofile --norc -e -o pipefail {0}
2026-10-07T01:07:19.1176990Z env:
2026-10-07T01:07:19.1177280Z   CARGO_NET_GIT_FETCH_WITH_CLI: true
2026-10-07T01:07:19.1177630Z   RUSTFLAGS: -D warnings
2026-10-07T01:07:19.1178150Z   CARGO_TARGET_DIR: /Users/markik/Code/targets/wgpu-scry-hardware
2026-10-07T01:07:19.1178690Z   CAPTURE: 1
2026-10-07T01:07:19.1178980Z   TIMEOUT: 90
2026-10-07T01:07:19.1179260Z   VISIBLE: 1
2026-10-07T01:07:19.1179590Z ##[endgroup]
2026-10-07T01:07:19.1352130Z ##[end-action id=__dtolnay_rust-toolchain.__run;outcome=success;conclusion=success;duration_ms=22]
2026-10-07T01:07:19.1355780Z ##[start-action display=Install rustup if needed;id=__dtolnay_rust-toolchain.__run_2]
2026-10-07T01:07:19.1391930Z ##[group]Run if ! command -v rustup &>/dev/null; then
2026-10-07T01:07:19.1392400Z [36;1mif ! command -v rustup &>/dev/null; then[0m
2026-10-07T01:07:19.1393330Z [36;1m  curl --proto '=https' --tlsv1.2 --retry 10 --retry-connrefused --location --silent --show-error --fail https://sh.rustup.rs | sh -s -- --default-toolchain none -y[0m
2026-10-07T01:07:19.1394180Z [36;1m  echo "$CARGO_HOME/bin" >> $GITHUB_PATH[0m
2026-10-07T01:07:19.1394550Z [36;1mfi[0m
2026-10-07T01:07:19.1412060Z shell: /bin/bash --noprofile --norc -e -o pipefail {0}
2026-10-07T01:07:19.1413060Z env:
2026-10-07T01:07:19.1413320Z   CARGO_NET_GIT_FETCH_WITH_CLI: true
2026-10-07T01:07:19.1413660Z   RUSTFLAGS: -D warnings
2026-10-07T01:07:19.1414100Z   CARGO_TARGET_DIR: /Users/markik/Code/targets/wgpu-scry-hardware
2026-10-07T01:07:19.1414510Z   CAPTURE: 1
2026-10-07T01:07:19.1414770Z   TIMEOUT: 90
2026-10-07T01:07:19.1415020Z   VISIBLE: 1
2026-10-07T01:07:19.1415280Z   CARGO_HOME: /Users/markik/.cargo
2026-10-07T01:07:19.1415580Z ##[endgroup]
2026-10-07T01:07:19.4171230Z info: downloading installer
2026-10-07T01:07:21.3929990Z warn: it looks like you have an existing rustup settings file at:
2026-10-07T01:07:21.3930510Z warn: /Users/markik/.rustup/settings.toml
2026-10-07T01:07:21.3931040Z warn: rustup will install the default toolchain as specified in the settings file,
2026-10-07T01:07:21.3931620Z warn: instead of the one inferred from the default host tuple.
2026-10-07T01:07:21.4585320Z info: profile set to default
2026-10-07T01:07:21.4585850Z info: default host tuple is x86_64-apple-darwin
2026-10-07T01:07:21.4586260Z info: skipping toolchain installation
2026-10-07T01:07:21.4586510Z 
2026-10-07T01:07:21.4586530Z 
2026-10-07T01:07:21.4586780Z Rust is installed now. Great!
2026-10-07T01:07:21.4587000Z 
2026-10-07T01:07:21.4587210Z To get started you may need to restart your current shell.
2026-10-07T01:07:21.4587720Z This would reload your PATH environment variable to include
2026-10-07T01:07:21.4588160Z Cargo's bin directory ($HOME/.cargo/bin).
2026-10-07T01:07:21.4588380Z 
2026-10-07T01:07:21.4588590Z To configure your current shell, you need to source the
2026-10-07T01:07:21.4589030Z corresponding env file under $HOME/.cargo.
2026-10-07T01:07:21.4589290Z 
2026-10-07T01:07:21.4589530Z Consider running the right command for your shell (note the leading DOT):
2026-10-07T01:07:21.4590060Z . "$HOME/.cargo/env"           # For sh/ash/dash/pdksh/zsh
2026-10-07T01:07:21.4590510Z source "$HOME/.cargo/env.tcsh" # For tcsh
2026-10-07T01:07:21.4590920Z cargo:rerun-if-env-changed=CC_x86_64-apple-darwin
2026-10-07T01:07:21.4591320Z CC_x86_64-apple-darwin = None
2026-10-07T01:07:21.4591710Z cargo:rerun-if-env-changed=CC_x86_64_apple_darwin
2026-10-07T01:07:21.4594520Z CC_x86_64_apple_darwin = None
2026-10-07T01:07:21.4595140Z cargo:rerun-if-env-changed=HOST_CC
2026-10-07T01:07:21.4595490Z HOST_CC = None
2026-10-07T01:07:21.4595800Z cargo:rerun-if-env-changed=CC
2026-10-07T01:07:21.4596110Z CC = None
2026-10-07T01:07:21.4769110Z cargo:rerun-if-env-changed=CC_ENABLE_DEBUG_OUTPUT
2026-10-07T01:07:21.5799390Z cargo:rerun-if-env-changed=CRATE_CC_NO_DEFAULTS
2026-10-07T01:07:21.5799860Z CRATE_CC_NO_DEFAULTS = None
2026-10-07T01:07:21.5800230Z cargo:rerun-if-env-changed=MACOSX_DEPLOYMENT_TARGET
2026-10-07T01:07:21.5800650Z MACOSX_DEPLOYMENT_TARGET = None
2026-10-07T01:07:21.5926870Z cargo:rerun-if-env-changed=CFLAGS
2026-10-07T01:07:21.5927280Z CFLAGS = None
2026-10-07T01:07:21.5927600Z cargo:rerun-if-env-changed=HOST_CFLAGS
2026-10-07T01:07:21.5928030Z HOST_CFLAGS = None
2026-10-07T01:07:21.5928380Z cargo:rerun-if-env-changed=CFLAGS_x86_64_apple_darwin
2026-10-07T01:07:21.5928800Z CFLAGS_x86_64_apple_darwin = None
2026-10-07T01:07:21.5929210Z cargo:rerun-if-env-changed=CFLAGS_x86_64-apple-darwin
2026-10-07T01:07:21.5929630Z CFLAGS_x86_64-apple-darwin = None
2026-10-07T01:07:21.6039960Z ##[end-action id=__dtolnay_rust-toolchain.__run_2;outcome=success;conclusion=success;duration_ms=2468]
2026-10-07T01:07:21.6043240Z ##[start-action display=Install rustup if needed on windows;id=__dtolnay_rust-toolchain.__run_3]
2026-10-07T01:07:21.6056160Z ##[end-action id=__dtolnay_rust-toolchain.__run_3;outcome=skipped;conclusion=skipped;duration_ms=0]
2026-10-07T01:07:21.6070060Z ##[start-action display=rustup toolchain install 1.97.1;id=__dtolnay_rust-toolchain.__run_4]
2026-10-07T01:07:21.6100410Z ##[group]Run log=$(mktemp)
2026-10-07T01:07:21.6100760Z [36;1mlog=$(mktemp)[0m
2026-10-07T01:07:21.6101080Z [36;1mtrap 'rm -f "$log"' EXIT[0m
2026-10-07T01:07:21.6101770Z [36;1mfor attempt in 1 2 3 4 5; do[0m
2026-10-07T01:07:21.6102440Z [36;1m  if rustup toolchain install 1.97.1 --profile minimal --no-self-update --force-non-host 2>&1 | tee "$log"; then[0m
2026-10-07T01:07:21.6103080Z [36;1m    break[0m
2026-10-07T01:07:21.6103380Z [36;1m  else[0m
2026-10-07T01:07:21.6103660Z [36;1m    status=$?[0m
2026-10-07T01:07:21.6103950Z [36;1m  fi[0m
2026-10-07T01:07:21.6104320Z [36;1m  if [[ $attempt == 5 ]] || ! grep -Fq 'checksum failed for ' "$log" \[0m
2026-10-07T01:07:21.6105190Z [36;1m      || ! grep -Fq 'this is likely due to an ongoing update of the official release server' "$log"; then[0m
2026-10-07T01:07:21.6105730Z [36;1m    exit "$status"[0m
2026-10-07T01:07:21.6106020Z [36;1m  fi[0m
2026-10-07T01:07:21.6106470Z [36;1m  echo "Retrying rustup toolchain install in 30 seconds (retry $attempt of 4)" >&2[0m
2026-10-07T01:07:21.6106970Z [36;1m  sleep 30[0m
2026-10-07T01:07:21.6107240Z [36;1mdone[0m
2026-10-07T01:07:21.6128080Z shell: /bin/bash --noprofile --norc -e -o pipefail {0}
2026-10-07T01:07:21.6128480Z env:
2026-10-07T01:07:21.6128760Z   CARGO_NET_GIT_FETCH_WITH_CLI: true
2026-10-07T01:07:21.6129110Z   RUSTFLAGS: -D warnings
2026-10-07T01:07:21.6129530Z   CARGO_TARGET_DIR: /Users/markik/Code/targets/wgpu-scry-hardware
2026-10-07T01:07:21.6129940Z   CAPTURE: 1
2026-10-07T01:07:21.6130180Z   TIMEOUT: 90
2026-10-07T01:07:21.6130430Z   VISIBLE: 1
2026-10-07T01:07:21.6130690Z   CARGO_HOME: /Users/markik/.cargo
2026-10-07T01:07:21.6131010Z   RUSTUP_PERMIT_COPY_RENAME: 1
2026-10-07T01:07:21.6131310Z ##[endgroup]
2026-10-07T01:07:22.1162690Z info: syncing channel updates for 1.97.1-x86_64-apple-darwin
2026-10-07T01:07:22.3051730Z 
2026-10-07T01:07:22.3249140Z   1.97.1-x86_64-apple-darwin unchanged - rustc 1.97.1 (8bab26f4f 2026-07-14)
2026-10-07T01:07:22.3249530Z 
2026-10-07T01:07:22.3358840Z ##[end-action id=__dtolnay_rust-toolchain.__run_4;outcome=success;conclusion=success;duration_ms=728]
2026-10-07T01:07:22.3365090Z ##[start-action display=rustup default 1.97.1;id=__dtolnay_rust-toolchain.__run_5]
2026-10-07T01:07:22.3392280Z ##[group]Run rustup default 1.97.1 --force-non-host
2026-10-07T01:07:22.3392760Z [36;1mrustup default 1.97.1 --force-non-host[0m
2026-10-07T01:07:22.3412410Z shell: /bin/bash --noprofile --norc -e -o pipefail {0}
2026-10-07T01:07:22.3412820Z env:
2026-10-07T01:07:22.3413090Z   CARGO_NET_GIT_FETCH_WITH_CLI: true
2026-10-07T01:07:22.3413440Z   RUSTFLAGS: -D warnings
2026-10-07T01:07:22.3413820Z   CARGO_TARGET_DIR: /Users/markik/Code/targets/wgpu-scry-hardware
2026-10-07T01:07:22.3414250Z   CAPTURE: 1
2026-10-07T01:07:22.3429420Z   TIMEOUT: 90
2026-10-07T01:07:22.3429730Z   VISIBLE: 1
2026-10-07T01:07:22.3430170Z   CARGO_HOME: /Users/markik/.cargo
2026-10-07T01:07:22.3430530Z ##[endgroup]
2026-10-07T01:07:22.3754160Z info: using existing install for 1.97.1-x86_64-apple-darwin
2026-10-07T01:07:22.3941790Z info: default toolchain set to 1.97.1-x86_64-apple-darwin
2026-10-07T01:07:22.3942180Z 
2026-10-07T01:07:22.4170030Z   1.97.1-x86_64-apple-darwin unchanged - rustc 1.97.1 (8bab26f4f 2026-07-14)
2026-10-07T01:07:22.4170560Z 
2026-10-07T01:07:22.4172410Z info: note that the toolchain '1.97.1-x86_64-apple-darwin' is currently in use (overridden by '/Users/markik/actions-runner-wgpu/_work/wgpu-scry/wgpu-scry/rust-toolchain.toml')
2026-10-07T01:07:22.4192750Z ##[end-action id=__dtolnay_rust-toolchain.__run_5;outcome=success;conclusion=success;duration_ms=82]
2026-10-07T01:07:22.4196430Z ##[start-action display=Create cachekey;id=__dtolnay_rust-toolchain.rustc-version]
2026-10-07T01:07:22.4245230Z ##[group]Run DATE=$(rustc +1.97.1 --version --verbose | sed -ne 's/^commit-date: \(20[0-9][0-9]\)-\([01][0-9]\)-\([0-3][0-9]\)$/\1\2\3/p')
2026-10-07T01:07:22.4246170Z [36;1mDATE=$(rustc +1.97.1 --version --verbose | sed -ne 's/^commit-date: \(20[0-9][0-9]\)-\([01][0-9]\)-\([0-3][0-9]\)$/\1\2\3/p')[0m
2026-10-07T01:07:22.4246930Z [36;1mHASH=$(rustc +1.97.1 --version --verbose | sed -ne 's/^commit-hash: //p')[0m
2026-10-07T01:07:22.4247530Z [36;1mecho "cachekey=$(echo $DATE$HASH | head -c12)" >> $GITHUB_OUTPUT[0m
2026-10-07T01:07:22.4267500Z shell: /bin/bash --noprofile --norc -e -o pipefail {0}
2026-10-07T01:07:22.4267920Z env:
2026-10-07T01:07:22.4268220Z   CARGO_NET_GIT_FETCH_WITH_CLI: true
2026-10-07T01:07:22.4268580Z   RUSTFLAGS: -D warnings
2026-10-07T01:07:22.4268970Z   CARGO_TARGET_DIR: /Users/markik/Code/targets/wgpu-scry-hardware
2026-10-07T01:07:22.4269430Z   CAPTURE: 1
2026-10-07T01:07:22.4269700Z   TIMEOUT: 90
2026-10-07T01:07:22.4270000Z   VISIBLE: 1
2026-10-07T01:07:22.4270280Z   CARGO_HOME: /Users/markik/.cargo
2026-10-07T01:07:22.4270620Z ##[endgroup]
2026-10-07T01:07:22.5325410Z ##[end-action id=__dtolnay_rust-toolchain.rustc-version;outcome=success;conclusion=success;duration_ms=112]
2026-10-07T01:07:22.5328800Z ##[start-action display=Disable incremental compilation;id=__dtolnay_rust-toolchain.__run_6]
2026-10-07T01:07:22.5355050Z ##[group]Run if [ -z "${CARGO_INCREMENTAL+set}" ]; then
2026-10-07T01:07:22.5355540Z [36;1mif [ -z "${CARGO_INCREMENTAL+set}" ]; then[0m
2026-10-07T01:07:22.5356060Z [36;1m  echo CARGO_INCREMENTAL=0 >> $GITHUB_ENV[0m
2026-10-07T01:07:22.5356460Z [36;1mfi[0m
2026-10-07T01:07:22.5375780Z shell: /bin/bash --noprofile --norc -e -o pipefail {0}
2026-10-07T01:07:22.5376190Z env:
2026-10-07T01:07:22.5376470Z   CARGO_NET_GIT_FETCH_WITH_CLI: true
2026-10-07T01:07:22.5376820Z   RUSTFLAGS: -D warnings
2026-10-07T01:07:22.5377270Z   CARGO_TARGET_DIR: /Users/markik/Code/targets/wgpu-scry-hardware
2026-10-07T01:07:22.5377780Z   CAPTURE: 1
2026-10-07T01:07:22.5378050Z   TIMEOUT: 90
2026-10-07T01:07:22.5378320Z   VISIBLE: 1
2026-10-07T01:07:22.5378600Z   CARGO_HOME: /Users/markik/.cargo
2026-10-07T01:07:22.5378930Z ##[endgroup]
2026-10-07T01:07:22.5568340Z ##[end-action id=__dtolnay_rust-toolchain.__run_6;outcome=success;conclusion=success;duration_ms=23]
2026-10-07T01:07:22.5571770Z ##[start-action display=Enable colors in Cargo output;id=__dtolnay_rust-toolchain.__run_7]
2026-10-07T01:07:22.5600420Z ##[group]Run if [ -z "${CARGO_TERM_COLOR+set}" ]; then
2026-10-07T01:07:22.5601010Z [36;1mif [ -z "${CARGO_TERM_COLOR+set}" ]; then[0m
2026-10-07T01:07:22.5601450Z [36;1m  echo CARGO_TERM_COLOR=always >> $GITHUB_ENV[0m
2026-10-07T01:07:22.5608060Z [36;1mfi[0m
2026-10-07T01:07:22.5628230Z shell: /bin/bash --noprofile --norc -e -o pipefail {0}
2026-10-07T01:07:22.5628660Z env:
2026-10-07T01:07:22.5628980Z   CARGO_NET_GIT_FETCH_WITH_CLI: true
2026-10-07T01:07:22.5629330Z   RUSTFLAGS: -D warnings
2026-10-07T01:07:22.5629750Z   CARGO_TARGET_DIR: /Users/markik/Code/targets/wgpu-scry-hardware
2026-10-07T01:07:22.5630230Z   CAPTURE: 1
2026-10-07T01:07:22.5630500Z   TIMEOUT: 90
2026-10-07T01:07:22.5630780Z   VISIBLE: 1
2026-10-07T01:07:22.5631070Z   CARGO_HOME: /Users/markik/.cargo
2026-10-07T01:07:22.5631410Z   CARGO_INCREMENTAL: 0
2026-10-07T01:07:22.5631720Z ##[endgroup]
2026-10-07T01:07:22.5833950Z ##[end-action id=__dtolnay_rust-toolchain.__run_7;outcome=success;conclusion=success;duration_ms=26]
2026-10-07T01:07:22.5837400Z ##[start-action display=Enable Cargo sparse registry;id=__dtolnay_rust-toolchain.__run_8]
2026-10-07T01:07:22.5866080Z ##[group]Run # implemented in 1.66, stabilized in 1.68, made default in 1.70
2026-10-07T01:07:22.5866870Z [36;1m# implemented in 1.66, stabilized in 1.68, made default in 1.70[0m
2026-10-07T01:07:22.5867780Z [36;1mif [ -z "${CARGO_REGISTRIES_CRATES_IO_PROTOCOL+set}" -o -f "/Users/markik/actions-runner-wgpu/_work/_temp"/.implicit_cargo_registries_crates_io_protocol ]; then[0m
2026-10-07T01:07:22.5868710Z [36;1m  if rustc +1.97.1 --version --verbose | grep -q '^release: 1\.6[89]\.'; then[0m
2026-10-07T01:07:22.5869480Z [36;1m    touch "/Users/markik/actions-runner-wgpu/_work/_temp"/.implicit_cargo_registries_crates_io_protocol || true[0m
2026-10-07T01:07:22.5870250Z [36;1m    echo CARGO_REGISTRIES_CRATES_IO_PROTOCOL=sparse >> $GITHUB_ENV[0m
2026-10-07T01:07:22.5870860Z [36;1m  elif rustc +1.97.1 --version --verbose | grep -q '^release: 1\.6[67]\.'; then[0m
2026-10-07T01:07:22.5872010Z [36;1m    touch "/Users/markik/actions-runner-wgpu/_work/_temp"/.implicit_cargo_registries_crates_io_protocol || true[0m
2026-10-07T01:07:22.5872750Z [36;1m    echo CARGO_REGISTRIES_CRATES_IO_PROTOCOL=git >> $GITHUB_ENV[0m
2026-10-07T01:07:22.5873190Z [36;1m  fi[0m
2026-10-07T01:07:22.5873470Z [36;1mfi[0m
2026-10-07T01:07:22.5896370Z shell: /bin/bash --noprofile --norc -e -o pipefail {0}
2026-10-07T01:07:22.5896810Z env:
2026-10-07T01:07:22.5897090Z   CARGO_NET_GIT_FETCH_WITH_CLI: true
2026-10-07T01:07:22.5897440Z   RUSTFLAGS: -D warnings
2026-10-07T01:07:22.5897850Z   CARGO_TARGET_DIR: /Users/markik/Code/targets/wgpu-scry-hardware
2026-10-07T01:07:22.5898290Z   CAPTURE: 1
2026-10-07T01:07:22.5898560Z   TIMEOUT: 90
2026-10-07T01:07:22.5898830Z   VISIBLE: 1
2026-10-07T01:07:22.5899140Z   CARGO_HOME: /Users/markik/.cargo
2026-10-07T01:07:22.5899490Z   CARGO_INCREMENTAL: 0
2026-10-07T01:07:22.5899790Z   CARGO_TERM_COLOR: always
2026-10-07T01:07:22.5900090Z ##[endgroup]
2026-10-07T01:07:22.6868320Z ##[end-action id=__dtolnay_rust-toolchain.__run_8;outcome=success;conclusion=success;duration_ms=102]
2026-10-07T01:07:22.6871880Z ##[start-action display=Work around spurious network errors in curl 8.0;id=__dtolnay_rust-toolchain.__run_9]
2026-10-07T01:07:22.6904590Z ##[group]Run # https://rust-lang.zulipchat.com/#narrow/stream/246057-t-cargo/topic/timeout.20investigation
2026-10-07T01:07:22.6905540Z [36;1m# https://rust-lang.zulipchat.com/#narrow/stream/246057-t-cargo/topic/timeout.20investigation[0m
2026-10-07T01:07:22.6906270Z [36;1mif rustc +1.97.1 --version --verbose | grep -q '^release: 1\.7[01]\.'; then[0m
2026-10-07T01:07:22.6906870Z [36;1m  echo CARGO_HTTP_MULTIPLEXING=false >> $GITHUB_ENV[0m
2026-10-07T01:07:22.6907330Z [36;1mfi[0m
2026-10-07T01:07:22.6935820Z shell: /bin/bash --noprofile --norc -e -o pipefail {0}
2026-10-07T01:07:22.6936240Z env:
2026-10-07T01:07:22.6936540Z   CARGO_NET_GIT_FETCH_WITH_CLI: true
2026-10-07T01:07:22.6936890Z   RUSTFLAGS: -D warnings
2026-10-07T01:07:22.6937390Z   CARGO_TARGET_DIR: /Users/markik/Code/targets/wgpu-scry-hardware
2026-10-07T01:07:22.6937840Z   CAPTURE: 1
2026-10-07T01:07:22.6938110Z   TIMEOUT: 90
2026-10-07T01:07:22.6938410Z   VISIBLE: 1
2026-10-07T01:07:22.6939640Z   CARGO_HOME: /Users/markik/.cargo
2026-10-07T01:07:22.6940000Z   CARGO_INCREMENTAL: 0
2026-10-07T01:07:22.6940320Z   CARGO_TERM_COLOR: always
2026-10-07T01:07:22.6940630Z ##[endgroup]
2026-10-07T01:07:22.7537400Z ##[end-action id=__dtolnay_rust-toolchain.__run_9;outcome=success;conclusion=success;duration_ms=66]
2026-10-07T01:07:22.7543040Z ##[start-action display=rustc +1.97.1 --version --verbose;id=__dtolnay_rust-toolchain.__run_10]
2026-10-07T01:07:22.7575540Z ##[group]Run rustc +1.97.1 --version --verbose
2026-10-07T01:07:22.7576000Z [36;1mrustc +1.97.1 --version --verbose[0m
2026-10-07T01:07:22.7608820Z shell: /bin/bash --noprofile --norc -e -o pipefail {0}
2026-10-07T01:07:22.7609250Z env:
2026-10-07T01:07:22.7609540Z   CARGO_NET_GIT_FETCH_WITH_CLI: true
2026-10-07T01:07:22.7609990Z   RUSTFLAGS: -D warnings
2026-10-07T01:07:22.7610430Z   CARGO_TARGET_DIR: /Users/markik/Code/targets/wgpu-scry-hardware
2026-10-07T01:07:22.7610880Z   CAPTURE: 1
2026-10-07T01:07:22.7611150Z   TIMEOUT: 90
2026-10-07T01:07:22.7611490Z   VISIBLE: 1
2026-10-07T01:07:22.7611790Z   CARGO_HOME: /Users/markik/.cargo
2026-10-07T01:07:22.7612140Z   CARGO_INCREMENTAL: 0
2026-10-07T01:07:22.7612440Z   CARGO_TERM_COLOR: always
2026-10-07T01:07:22.7628590Z ##[endgroup]
2026-10-07T01:07:22.8163040Z rustc 1.97.1 (8bab26f4f 2026-07-14)
2026-10-07T01:07:22.8163540Z binary: rustc
2026-10-07T01:07:22.8163880Z commit-hash: 8bab26f4f68e0e26f0bb7960be334d5b520ea452
2026-10-07T01:07:22.8164290Z commit-date: 2026-07-14
2026-10-07T01:07:22.8164600Z host: x86_64-apple-darwin
2026-10-07T01:07:22.8164900Z release: 1.97.1
2026-10-07T01:07:22.8181360Z LLVM version: 22.1.6
2026-10-07T01:07:22.8209620Z ##[end-action id=__dtolnay_rust-toolchain.__run_10;outcome=success;conclusion=success;duration_ms=66]
2026-10-07T01:07:22.8294960Z ##[group]Run cargo test --locked -p scrying --lib latest_image_sample
2026-10-07T01:07:22.8296290Z [36;1mcargo test --locked -p scrying --lib latest_image_sample[0m
2026-10-07T01:07:22.8326380Z shell: /bin/bash -e {0}
2026-10-07T01:07:22.8326730Z env:
2026-10-07T01:07:22.8327160Z   CARGO_NET_GIT_FETCH_WITH_CLI: true
2026-10-07T01:07:22.8327550Z   RUSTFLAGS: -D warnings
2026-10-07T01:07:22.8327960Z   CARGO_TARGET_DIR: /Users/markik/Code/targets/wgpu-scry-hardware
2026-10-07T01:07:22.8328400Z   CAPTURE: 1
2026-10-07T01:07:22.8328670Z   TIMEOUT: 90
2026-10-07T01:07:22.8328950Z   VISIBLE: 1
2026-10-07T01:07:22.8329230Z   CARGO_HOME: /Users/markik/.cargo
2026-10-07T01:07:22.8329580Z   CARGO_INCREMENTAL: 0
2026-10-07T01:07:22.8329890Z   CARGO_TERM_COLOR: always
2026-10-07T01:07:22.8330200Z ##[endgroup]
2026-10-07T01:07:23.2026120Z [1m[92m    Finished[0m `test` profile [unoptimized + debuginfo] target(s) in 0.32s
2026-10-07T01:07:23.2195880Z [1m[92m     Running[0m unittests src/lib.rs (/Users/markik/Code/targets/wgpu-scry-hardware/debug/deps/scrying-2c1bd3425851af4b)
2026-10-07T01:07:23.2484500Z 
2026-10-07T01:07:23.2484910Z running 2 tests
2026-10-07T01:07:23.2494810Z test latest_image_sample::tests::newer_image_replaces_only_one_pending_image ... ok
2026-10-07T01:07:23.2495590Z test latest_image_sample::tests::status_only_burst_preserves_pending_image_and_its_custody ... ok
2026-10-07T01:07:23.2496050Z 
2026-10-07T01:07:23.2496340Z test result: ok. 2 passed; 0 failed; 0 ignored; 0 measured; 18 filtered out; finished in 0.00s
2026-10-07T01:07:23.2496770Z 
2026-10-07T01:07:23.2639960Z ##[group]Run cargo test --locked -p demo-mac --bin demo-mac capture_size_tests
2026-10-07T01:07:23.2641130Z [36;1mcargo test --locked -p demo-mac --bin demo-mac capture_size_tests[0m
2026-10-07T01:07:23.2679040Z shell: /bin/bash -e {0}
2026-10-07T01:07:23.2679440Z env:
2026-10-07T01:07:23.2679800Z   CARGO_NET_GIT_FETCH_WITH_CLI: true
2026-10-07T01:07:23.2680200Z   RUSTFLAGS: -D warnings
2026-10-07T01:07:23.2680700Z   CARGO_TARGET_DIR: /Users/markik/Code/targets/wgpu-scry-hardware
2026-10-07T01:07:23.2681230Z   CAPTURE: 1
2026-10-07T01:07:23.2681540Z   TIMEOUT: 90
2026-10-07T01:07:23.2681850Z   VISIBLE: 1
2026-10-07T01:07:23.2682170Z   CARGO_HOME: /Users/markik/.cargo
2026-10-07T01:07:23.2682570Z   CARGO_INCREMENTAL: 0
2026-10-07T01:07:23.2682930Z   CARGO_TERM_COLOR: always
2026-10-07T01:07:23.2683290Z ##[endgroup]
2026-10-07T01:07:23.6396130Z [1m[92m   Compiling[0m demo-mac v0.1.0 (/Users/markik/actions-runner-wgpu/_work/wgpu-scry/wgpu-scry/demo-mac)
2026-10-07T01:07:25.1697840Z [1m[92m    Finished[0m `test` profile [unoptimized + debuginfo] target(s) in 1.85s
2026-10-07T01:07:25.1971220Z [1m[92m     Running[0m unittests src/main.rs (/Users/markik/Code/targets/wgpu-scry-hardware/debug/deps/demo_mac-3a4573aed02bca51)
2026-10-07T01:07:25.4734720Z 
2026-10-07T01:07:25.4735220Z running 1 test
2026-10-07T01:07:25.4736130Z test capture_size_tests::capture_resize_expectations_follow_display_scale ... ok
2026-10-07T01:07:25.4736550Z 
2026-10-07T01:07:25.4752090Z test result: ok. 1 passed; 0 failed; 0 ignored; 0 measured; 0 filtered out; finished in 0.00s
2026-10-07T01:07:25.4752650Z 
2026-10-07T01:07:25.4882840Z ##[group]Run bash scripts/test-mac.sh
2026-10-07T01:07:25.4883280Z [36;1mbash scripts/test-mac.sh[0m
2026-10-07T01:07:25.4901900Z shell: /bin/bash -e {0}
2026-10-07T01:07:25.4902210Z env:
2026-10-07T01:07:25.4902480Z   CARGO_NET_GIT_FETCH_WITH_CLI: true
2026-10-07T01:07:25.4902870Z   RUSTFLAGS: -D warnings
2026-10-07T01:07:25.4903260Z   CARGO_TARGET_DIR: /Users/markik/Code/targets/wgpu-scry-hardware
2026-10-07T01:07:25.4903690Z   CAPTURE: 1
2026-10-07T01:07:25.4903940Z   TIMEOUT: 90
2026-10-07T01:07:25.4904210Z   VISIBLE: 1
2026-10-07T01:07:25.4904470Z   CARGO_HOME: /Users/markik/.cargo
2026-10-07T01:07:25.4904790Z   CARGO_INCREMENTAL: 0
2026-10-07T01:07:25.4905100Z   CARGO_TERM_COLOR: always
2026-10-07T01:07:25.4905370Z ##[endgroup]
2026-10-07T01:07:27.5278620Z ==> ScreenCaptureKit display-awake hold active
2026-10-07T01:07:27.5279920Z ==> building demo-mac
2026-10-07T01:07:31.5618570Z ==> code-signing identity: -
2026-10-07T01:07:31.5751530Z Executable=/Users/markik/Code/targets/wgpu-scry-hardware/debug/scry-demo-mac-hardware.app/Contents/MacOS/demo-mac
2026-10-07T01:07:31.5752410Z designated => identifier "org.merely.scry.hardware-demo"
2026-10-07T01:07:31.5756070Z ==> LaunchServices app: /Users/markik/Code/targets/wgpu-scry-hardware/debug/scry-demo-mac-hardware.app
2026-10-07T01:07:31.5758970Z 
2026-10-07T01:07:31.5759300Z ==> --scripted
2026-10-07T01:07:37.2057780Z demo-mac: nav event: Starting { url: "about:blank" }
2026-10-07T01:07:37.2058380Z demo-mac: nav event: SourceChanged { url: "about:blank" }
2026-10-07T01:07:37.2058820Z demo-mac: js->host: ready
2026-10-07T01:07:37.2059230Z demo-mac: scripted: page ready
2026-10-07T01:07:37.2059670Z demo-mac: nav event: Completed { url: "about:blank", success: true }
2026-10-07T01:07:37.2060200Z demo-mac: nav event: TitleChanged { title: "scrying-test" }
2026-10-07T01:07:37.2060640Z demo-mac: js->host: echo:ping-from-host
2026-10-07T01:07:37.2061050Z demo-mac: scripted: JS echoed host message
2026-10-07T01:07:37.2061530Z demo-mac: scripted: 6 ScrollWheel events dispatched without error
2026-10-07T01:07:37.2062000Z demo-mac: cursor change: Default
2026-10-07T01:07:37.2062420Z demo-mac: scripted: 3 KeyDown/KeyUp pairs dispatched without error
2026-10-07T01:07:37.2063370Z demo-mac: scripted: PASS — slices E + G + I + cursor handler verified at runtime
2026-10-07T01:07:37.2063920Z   - cursor handler fired 1 time(s) over the run
2026-10-07T01:07:37.2095370Z   -> PASS
2026-10-07T01:07:37.2127350Z 
2026-10-07T01:07:37.2128120Z ==> --browser-test
2026-10-07T01:07:38.6482170Z demo-mac: nav event: Starting { url: "scrying-test://history-1" }
2026-10-07T01:07:38.6482790Z demo-mac: nav event: SourceChanged { url: "scrying-test://history-1" }
2026-10-07T01:07:38.6483290Z demo-mac: js->host: loaded:history-1
2026-10-07T01:07:38.6483670Z demo-mac: browser-test: history-1 loaded
2026-10-07T01:07:38.6484200Z demo-mac: nav event: Completed { url: "scrying-test://history-1", success: true }
2026-10-07T01:07:38.6484840Z demo-mac: nav event: Starting { url: "scrying-test://history-2" }
2026-10-07T01:07:38.6485390Z demo-mac: nav event: SourceChanged { url: "scrying-test://history-2" }
2026-10-07T01:07:38.6485890Z demo-mac: js->host: loaded:history-2
2026-10-07T01:07:38.6486300Z demo-mac: browser-test: history-2 loaded
2026-10-07T01:07:38.6486790Z demo-mac: nav event: Completed { url: "scrying-test://history-2", success: true }
2026-10-07T01:07:38.6487400Z demo-mac: nav event: Starting { url: "scrying-test://history-1" }
2026-10-07T01:07:38.6487960Z demo-mac: nav event: SourceChanged { url: "scrying-test://history-1" }
2026-10-07T01:07:38.6488580Z demo-mac: nav event: Completed { url: "scrying-test://history-1", success: true }
2026-10-07T01:07:38.6489130Z demo-mac: browser-test: go_back navigated to history-1
2026-10-07T01:07:38.6489630Z demo-mac: nav event: Starting { url: "scrying-test://history-2" }
2026-10-07T01:07:38.6490220Z demo-mac: nav event: SourceChanged { url: "scrying-test://history-2" }
2026-10-07T01:07:38.6491780Z demo-mac: nav event: Completed { url: "scrying-test://history-2", success: true }
2026-10-07T01:07:38.6492520Z demo-mac: browser-test: go_forward navigated to history-2
2026-10-07T01:07:38.6492960Z demo-mac: browser-test: apply_settings ok
2026-10-07T01:07:38.6493420Z demo-mac: nav event: Starting { url: "scrying-test://find-target" }
2026-10-07T01:07:38.6493990Z demo-mac: nav event: SourceChanged { url: "scrying-test://find-target" }
2026-10-07T01:07:38.6494470Z demo-mac: js->host: loaded:find-target
2026-10-07T01:07:38.6495000Z demo-mac: nav event: Completed { url: "scrying-test://find-target", success: true }
2026-10-07T01:07:38.6495540Z demo-mac: browser-test: find_in_page matched
2026-10-07T01:07:38.6495980Z demo-mac: browser-test: PDF rendered (12150 bytes)
2026-10-07T01:07:38.6496670Z demo-mac: browser-test: PASS — items 1, 3, 4, 9 verified at runtime
2026-10-07T01:07:38.6497240Z   - history controls (go_back/go_forward observed via SourceChanged events)
2026-10-07T01:07:38.6498100Z   - settings (apply_settings returned Ok)
2026-10-07T01:07:38.6498540Z   - URL schemes (scrying-test:// served 3 pages successfully)
2026-10-07T01:07:38.6499080Z   - find_in_page → Some(true), request_pdf → 12150 bytes
2026-10-07T01:07:38.6518560Z   -> PASS
2026-10-07T01:07:38.6551060Z 
2026-10-07T01:07:38.6551630Z ==> --interaction-state-test
2026-10-07T01:07:40.3487570Z demo-mac: nav event: Starting { url: "scrying-test://history-1" }
2026-10-07T01:07:40.3488200Z demo-mac: nav event: SourceChanged { url: "scrying-test://history-1" }
2026-10-07T01:07:40.3488690Z demo-mac: js->host: loaded:history-1
2026-10-07T01:07:40.3489190Z demo-mac: nav event: Completed { url: "scrying-test://history-1", success: true }
2026-10-07T01:07:40.3489800Z demo-mac: nav event: Starting { url: "scrying-test://history-2" }
2026-10-07T01:07:40.3490370Z demo-mac: nav event: SourceChanged { url: "scrying-test://history-2" }
2026-10-07T01:07:40.3490890Z demo-mac: js->host: loaded:history-2
2026-10-07T01:07:40.3491440Z demo-mac: nav event: Completed { url: "scrying-test://history-2", success: true }
2026-10-07T01:07:40.3492050Z demo-mac: nav event: Starting { url: "scrying-test://find-target" }
2026-10-07T01:07:40.3492640Z demo-mac: nav event: SourceChanged { url: "scrying-test://find-target" }
2026-10-07T01:07:40.3493140Z demo-mac: js->host: loaded:find-target
2026-10-07T01:07:40.3493640Z demo-mac: nav event: Completed { url: "scrying-test://find-target", success: true }
2026-10-07T01:07:40.3494240Z demo-mac: interaction-state-test: serialized 1024 bytes at C
2026-10-07T01:07:40.3494760Z demo-mac: nav event: Starting { url: "scrying-test://history-2" }
2026-10-07T01:07:40.3495320Z demo-mac: nav event: SourceChanged { url: "scrying-test://history-2" }
2026-10-07T01:07:40.3495940Z demo-mac: nav event: Completed { url: "scrying-test://history-2", success: true }
2026-10-07T01:07:40.3496560Z demo-mac: nav event: Starting { url: "scrying-test://history-1" }
2026-10-07T01:07:40.3497120Z demo-mac: nav event: SourceChanged { url: "scrying-test://history-1" }
2026-10-07T01:07:40.3497720Z demo-mac: nav event: Completed { url: "scrying-test://history-1", success: true }
2026-10-07T01:07:40.3498310Z demo-mac: interaction-state-test: restore_interaction_state ok
2026-10-07T01:07:40.3498850Z demo-mac: nav event: Starting { url: "scrying-test://find-target" }
2026-10-07T01:07:40.3499410Z demo-mac: nav event: SourceChanged { url: "scrying-test://find-target" }
2026-10-07T01:07:40.3499910Z demo-mac: js->host: loaded:find-target
2026-10-07T01:07:40.3500410Z demo-mac: nav event: Completed { url: "scrying-test://find-target", success: true }
2026-10-07T01:07:40.3501000Z demo-mac: interaction-state-test: restored to C
2026-10-07T01:07:40.3501830Z demo-mac: interaction-state-test: PASS — serialize/restore round-trip verified
2026-10-07T01:07:40.3502530Z   - serialized at C (1024 bytes), navigated back to A, restore landed on C
2026-10-07T01:07:40.3503070Z   - post-restore can_go_back == true, can_go_forward == false
2026-10-07T01:07:40.3528130Z   -> PASS
2026-10-07T01:07:40.3562170Z 
2026-10-07T01:07:40.3563810Z ==> --pointer-input-test
2026-10-07T01:07:41.8352620Z demo-mac: nav event: Starting { url: "scrying-test://pointer" }
2026-10-07T01:07:41.8353360Z demo-mac: nav event: SourceChanged { url: "scrying-test://pointer" }
2026-10-07T01:07:41.8354010Z demo-mac: nav event: Completed { url: "scrying-test://pointer", success: true }
2026-10-07T01:07:41.8354530Z demo-mac: js->host: ready
2026-10-07T01:07:41.8354880Z demo-mac: pointer-input-test: page ready
2026-10-07T01:07:41.8355280Z demo-mac: js->host: ptr:down:50,718:mouse
2026-10-07T01:07:41.8355660Z demo-mac: cursor change: Default
2026-10-07T01:07:41.8356010Z demo-mac: js->host: ptr:move:75,693:mouse
2026-10-07T01:07:41.8356380Z demo-mac: js->host: ptr:up:75,693:mouse
2026-10-07T01:07:41.8357120Z demo-mac: pointer-input-test: PASS — Down/Update/Up reached JS pointer listeners
2026-10-07T01:07:41.8357730Z   - JS observed: down=true move=true up=true leave=false
2026-10-07T01:07:41.8358970Z   - WebKit reported pointerType = Some("mouse") (macOS collapses every device to mouse)
2026-10-07T01:07:41.8389700Z   -> PASS
2026-10-07T01:07:41.8423900Z 
2026-10-07T01:07:41.8424490Z ==> --incognito-test
2026-10-07T01:07:42.7558280Z demo-mac: --incognito-test: spun up persistent comparison producer
2026-10-07T01:07:42.7558980Z demo-mac: incognito-test: set_cookie 'scrying-incognito-25637' on incognito producer
2026-10-07T01:07:42.7559590Z demo-mac: incognito-test: incognito store reports 1 cookie(s)
2026-10-07T01:07:42.7560120Z demo-mac: incognito-test: persistent store reports 0 cookie(s)
2026-10-07T01:07:42.7561010Z demo-mac: incognito-test: PASS — non_persistent stores stay isolated from persistent ones
2026-10-07T01:07:42.7561690Z   - set_cookie on incognito producer was visible to its own request_all_cookies
2026-10-07T01:07:42.7562290Z   - same cookie was absent from a separate persistent producer's store
2026-10-07T01:07:42.7598600Z   -> PASS
2026-10-07T01:07:42.7634780Z 
2026-10-07T01:07:42.7635250Z ==> --download-test
2026-10-07T01:07:50.2207520Z demo-mac: download-test: serving payload at http://127.0.0.1:65341/download
2026-10-07T01:07:50.2208460Z demo-mac: download-test: auth-required payload at http://127.0.0.1:65341/download-auth
2026-10-07T01:07:50.2209110Z demo-mac: nav event: Starting { url: "http://127.0.0.1:65341/download" }
2026-10-07T01:07:50.2210590Z demo-mac: nav event: DownloadStarted { id: DownloadId(1), url: "http://127.0.0.1:65341/download", suggested_filename: "scrying-download.bin", destination_path: "/Users/markik/Code/targets/wgpu-scry-hardware/demo-mac-download-test-25658/download-output/scrying-download.bin", total_bytes_expected: Some(262144) }
2026-10-07T01:07:50.2212230Z demo-mac: nav event: DownloadProgress { id: DownloadId(1), bytes_written: 262144, total_bytes_expected: Some(262144) }
2026-10-07T01:07:50.2213490Z demo-mac: nav event: DownloadFinished { id: DownloadId(1), destination_path: "/Users/markik/Code/targets/wgpu-scry-hardware/demo-mac-download-test-25658/download-output/scrying-download.bin", error: None }
2026-10-07T01:07:50.2215070Z demo-mac: download-test: phase A: 262144 bytes landed at /Users/markik/Code/targets/wgpu-scry-hardware/demo-mac-download-test-25658/download-output/scrying-download.bin (matches served payload)
2026-10-07T01:07:50.2216100Z demo-mac: nav event: Completed { url: "", success: false }
2026-10-07T01:07:50.2216620Z demo-mac: nav event: Starting { url: "http://127.0.0.1:65341/download" }
2026-10-07T01:07:50.2227060Z demo-mac: nav event: Completed { url: "", success: false }
2026-10-07T01:07:50.2227800Z demo-mac: nav event: DownloadCancelled { id: DownloadId(2), destination_path: "", resume_data: None }
2026-10-07T01:07:50.2228690Z demo-mac: download-test: phase B: DownloadCancelled fired for id 2 after host Cancel decision
2026-10-07T01:07:50.2229360Z demo-mac: download-test: phase C: cancel_download(unknown) returned Ok(false) as expected
2026-10-07T01:07:50.2230320Z demo-mac: download-test: auth challenge for host '127.0.0.1' method 'NSURLAuthenticationMethodHTTPBasic'
2026-10-07T01:07:50.2232110Z demo-mac: nav event: AuthChallenged { url: "http://127.0.0.1:65341/download-auth", host: "127.0.0.1", auth_method: "NSURLAuthenticationMethodHTTPBasic", source: Download }
2026-10-07T01:07:50.2233950Z demo-mac: nav event: DownloadStarted { id: DownloadId(3), url: "http://127.0.0.1:65341/download-auth", suggested_filename: "scrying-download.bin", destination_path: "/Users/markik/Code/targets/wgpu-scry-hardware/demo-mac-download-test-25658/download-output/scrying-download-1.bin", total_bytes_expected: Some(262144) }
2026-10-07T01:07:50.2235600Z demo-mac: nav event: DownloadProgress { id: DownloadId(3), bytes_written: 262144, total_bytes_expected: Some(262144) }
2026-10-07T01:07:50.2236840Z demo-mac: nav event: DownloadFinished { id: DownloadId(3), destination_path: "/Users/markik/Code/targets/wgpu-scry-hardware/demo-mac-download-test-25658/download-output/scrying-download-1.bin", error: None }
2026-10-07T01:07:50.2238450Z demo-mac: download-test: phase D: auth-protected download succeeded with 262144 bytes after credentials supplied
2026-10-07T01:07:50.2239210Z demo-mac: nav event: Starting { url: "http://127.0.0.1:65341/download-slow" }
2026-10-07T01:07:50.2239750Z demo-mac: nav event: Completed { url: "", success: false }
2026-10-07T01:07:50.2241190Z demo-mac: nav event: DownloadStarted { id: DownloadId(4), url: "http://127.0.0.1:65341/download-slow", suggested_filename: "scrying-download.bin", destination_path: "/Users/markik/Code/targets/wgpu-scry-hardware/demo-mac-download-test-25658/download-output/scrying-download-2.bin", total_bytes_expected: Some(262144) }
2026-10-07T01:07:50.2242710Z demo-mac: download-test: phase E: cancel_download(4) -> Ok(true), awaiting resume_data
2026-10-07T01:07:50.2348040Z demo-mac: nav event: DownloadCancelled { id: DownloadId(4), destination_path: "/Users/markik/Code/targets/wgpu-scry-hardware/demo-mac-download-test-25658/download-output/scrying-download-2.bin", resume_data: Some([98, 112, 108, 105, 115, 116, 48, 48, 212, 1, 2, 3, 4, 5, 6, 7, 10, 88, 36, 118, 101, 114, 115, 105, 111, 110, 89, 36, 97, 114, 99, 104, 105, 118, 101, 114, 84, 36, 116, 111, 112, 88, 36, 111, 98, 106, 101, 99, 116, 115, 18, 0, 1, 134, 160, 95, 16, 15, 78, 83, 75, 101, 121, 101, 100, 65, 114, 99, 104, 105, 118, 101, 114, 209, 8, 9, 95, 16, 27, 78, 83, 75, 101, 121, 101, 100, 65, 114, 99, 104, 105, 118, 101, 82, 111, 111, 116, 79, 98, 106, 101, 99, 116, 75, 101, 121, 128, 1, 175, 16, 24, 11, 12, 39, 40, 41, 42, 43, 44, 45, 46, 47, 48, 49, 50, 54, 61, 64, 67, 68, 69, 70, 71, 72, 73, 85, 36, 110, 117, 108, 108, 211, 13, 14, 15, 16, 27, 38, 87, 78, 83, 46, 107, 101, 121, 115, 90, 78, 83, 46, 111, 98, 106, 101, 99, 116, 115, 86, 36, 99, 108, 97, 115, 115, 170, 17, 18, 19, 20, 21, 22, 23, 24, 25, 26, 128, 2, 128, 3, 128, 4, 128, 5, 128, 6, 128, 7, 128, 8, 128, 9, 128, 10, 128, 11, 170, 28, 29, 30, 31, 32, 33, 34, 35, 36, 37, 128, 12, 128, 13, 128, 15, 128, 16, 128, 17, 128, 18, 128, 19, 128, 20, 128, 21, 128, 22, 128, 23, 95, 16, 31, 78, 83, 85, 82, 76, 83, 101, 115, 115, 105, 111, 110, 82, 101, 115, 117, 109, 101, 73, 110, 102, 111, 76, 111, 99, 97, 108, 80, 97, 116, 104, 95, 16, 26, 78, 83, 85, 82, 76, 83, 101, 115, 115, 105, 111, 110, 82, 101, 115, 117, 109, 101, 82, 101, 115, 112, 111, 110, 115, 101, 95, 16, 32, 78, 83, 85, 82, 76, 83, 101, 115, 115, 105, 111, 110, 82, 101, 115, 117, 109, 101, 67, 117, 114, 114, 101, 110, 116, 82, 101, 113, 117, 101, 115, 116, 95, 16, 33, 78, 83, 85, 82, 76, 83, 101, 115, 115, 105, 111, 110, 82, 101, 115, 117, 109, 101, 79, 114, 105, 103, 105, 110, 97, 108, 82, 101, 113, 117, 101, 115, 116, 95, 16, 23, 78, 83, 85, 82, 76, 83, 101, 115, 115, 105, 111, 110, 68, 111, 119, 110, 108, 111, 97, 100, 85, 82, 76, 95, 16, 34, 78, 83, 85, 82, 76, 83, 101, 115, 115, 105, 111, 110, 82, 101, 115, 117, 109, 101, 73, 110, 102, 111, 84, 101, 109, 112, 70, 105, 108, 101, 78, 97, 109, 101, 95, 16, 31, 78, 83, 85, 82, 76, 83, 101, 115, 115, 105, 111, 110, 82, 101, 115, 117, 109, 101, 66, 121, 116, 101, 115, 82, 101, 99, 101, 105, 118, 101, 100, 95, 16, 27, 78, 83, 85, 82, 76, 83, 101, 115, 115, 105, 111, 110, 82, 101, 115, 117, 109, 101, 69, 110, 116, 105, 116, 121, 84, 97, 103, 95, 16, 29, 78, 83, 85, 82, 76, 83, 101, 115, 115, 105, 111, 110, 82, 101, 115, 117, 109, 101, 73, 110, 102, 111, 86, 101, 114, 115, 105, 111, 110, 95, 16, 36, 78, 83, 85, 82, 76, 83, 101, 115, 115, 105, 111, 110, 82, 101, 115, 117, 109, 101, 83, 101, 114, 118, 101, 114, 68, 111, 119, 110, 108, 111, 97, 100, 68, 97, 116, 101, 95, 16, 113, 47, 85, 115, 101, 114, 115, 47, 109, 97, 114, 107, 105, 107, 47, 67, 111, 100, 101, 47, 116, 97, 114, 103, 101, 116, 115, 47, 119, 103, 112, 117, 45, 115, 99, 114, 121, 45, 104, 97, 114, 100, 119, 97, 114, 101, 47, 100, 101, 109, 111, 45, 109, 97, 99, 45, 100, 111, 119, 110, 108, 111, 97, 100, 45, 116, 101, 115, 116, 45, 50, 53, 54, 53, 56, 47, 100, 111, 119, 110, 108, 111, 97, 100, 45, 111, 117, 116, 112, 117, 116, 47, 115, 99, 114, 121, 105, 110, 103, 45, 100, 111, 119, 110, 108, 111, 97, 100, 45, 50, 46, 98, 105, 110, 210, 51, 15, 52, 53, 87, 78, 83, 46, 100, 97, 116, 97, 79, 17, 7, 36, 98, 112, 108, 105, 115, 116, 48, 48, 212, 1, 2, 3, 4, 5, 6, 7, 10, 88, 36, 118, 101, 114, 115, 105, 111, 110, 89, 36, 97, 114, 99, 104, 105, 118, 101, 114, 84, 36, 116, 111, 112, 88, 36, 111, 98, 106, 101, 99, 116, 115, 18, 0, 1, 134, 160, 95, 16, 15, 78, 83, 75, 101, 121, 101, 100, 65, 114, 99, 104, 105, 118, 101, 114, 209, 8, 9, 84, 114, 111, 111, 116, 128, 1, 175, 16, 29, 11, 12, 39, 45, 46, 52, 53, 54, 55, 77, 78, 79, 80, 81, 82, 83, 84, 85, 86, 87, 88, 89, 90, 91, 92, 93, 97, 101, 105, 85, 36, 110, 117, 108, 108, 221, 13, 14, 15, 16, 17, 18, 19, 20, 21, 22, 23, 24, 25, 26, 27, 28, 29, 30, 31, 32, 33, 34, 35, 36, 37, 38, 95, 16, 31, 95, 95, 110, 115, 117, 114, 108, 114, 101, 113, 117, 101, 115, 116, 95, 112, 114, 111, 116, 111, 95, 112, 114, 111, 112, 95, 111, 98, 106, 95, 54, 95, 16, 31, 95, 95, 110, 115, 117, 114, 108, 114, 101, 113, 117, 101, 115, 116, 95, 112, 114, 111, 116, 111, 95, 112, 114, 111, 112, 95, 111, 98, 106, 95, 51, 82, 36, 50, 95, 16, 31, 95, 95, 110, 115, 117, 114, 108, 114, 101, 113, 117, 101, 115, 116, 95, 112, 114, 111, 116, 111, 95, 112, 114, 111, 112, 95, 111, 98, 106, 95, 48, 82, 36, 51, 95, 16, 31, 95, 95, 110, 115, 117, 114, 108, 114, 101, 113, 117, 101, 115, 116, 95, 112, 114, 111, 116, 111, 95, 112, 114, 111, 112, 95, 111, 98, 106, 95, 52, 86, 36, 99, 108, 97, 115, 115, 95, 16, 31, 95, 95, 110, 115, 117, 114, 108, 114, 101, 113, 117, 101, 115, 116, 95, 112, 114, 111, 116, 111, 95, 112, 114, 111, 112, 95, 111, 98, 106, 95, 49, 82, 36, 52, 82, 36, 48, 95, 16, 31, 95, 95, 110, 115, 117, 114, 108, 114, 101, 113, 117, 101, 115, 116, 95, 112, 114, 111, 116, 111, 95, 112, 114, 111, 112, 95, 111, 98, 106, 95, 53, 95, 16, 31, 95, 95, 110, 115, 117, 114, 108, 114, 101, 113, 117, 101, 115, 116, 95, 112, 114, 111, 116, 111, 95, 112, 114, 111, 112, 95, 111, 98, 106, 95, 50, 82, 36, 49, 128, 26, 128, 7, 16, 7, 128, 2, 16, 9, 128, 8, 128, 28, 128, 5, 8, 16, 8, 128, 0, 128, 6, 16, 1, 211, 40, 19, 41, 36, 43, 44, 87, 78, 83, 46, 98, 97, 115, 101, 91, 78, 83, 46, 114, 101, 108, 97, 116, 105, 118, 101, 128, 0, 128, 4, 128, 3, 95, 16, 36, 104, 116, 116, 112, 58, 47, 47, 49, 50, 55, 46, 48, 46, 48, 46, 49, 58, 54, 53, 51, 52, 49, 47, 100, 111, 119, 110, 108, 111, 97, 100, 45, 115, 108, 111, 119, 210, 47, 48, 49, 50, 90, 36, 99, 108, 97, 115, 115, 110, 97, 109, 101, 88, 36, 99, 108, 97, 115, 115, 101, 115, 85, 78, 83, 85, 82, 76, 162, 49, 51, 88, 78, 83, 79, 98, 106, 101, 99, 116, 35, 65, 200, 58, 233, 111, 234, 164, 177, 16, 0, 16, 200, 211, 56, 57, 19, 58, 67, 76, 87, 78, 83, 46, 107, 101, 121, 115, 90, 78, 83, 46, 111, 98, 106, 101, 99, 116, 115, 168, 59, 60, 61, 62, 63, 64, 65, 66, 128, 9, 128, 10, 128, 11, 128, 12, 128, 13, 128, 14, 128, 15, 128, 16, 168, 68, 69, 70, 71, 72, 73, 74, 75, 128, 17, 128, 18, 128, 19, 128, 20, 128, 21, 128, 22, 128, 23, 128, 24, 128, 25, 84, 69, 116, 97, 103, 92, 67, 111, 110, 116, 101, 110, 116, 45, 84, 121, 112, 101, 88, 95, 95, 104, 104, 97, 97, 95, 95, 93, 76, 97, 115, 116, 45, 77, 111, 100, 105, 102, 105, 101, 100, 93, 65, 99, 99, 101, 112, 116, 45, 82, 97, 110, 103, 101, 115, 95, 16, 19, 67, 111, 110, 116, 101, 110, 116, 45, 68, 105, 115, 112, 111, 115, 105, 116, 105, 111, 110, 94, 67, 111, 110, 116, 101, 110, 116, 45, 76, 101, 110, 103, 116, 104, 90, 67, 111, 110, 110, 101, 99, 116, 105, 111, 110, 95, 16, 28, 34, 115, 99, 114, 121, 105, 110, 103, 45, 116, 101, 115, 116, 45, 101, 116, 97, 103, 45, 100, 101, 97, 100, 98, 101, 101, 102, 34, 95, 16, 24, 97, 112, 112, 108, 105, 99, 97, 116, 105, 111, 110, 47, 111, 99, 116, 101, 116, 45, 115, 116, 114, 101, 97, 109, 95, 17, 1, 232, 13, 10, 13, 10, 89, 110, 66, 115, 97, 88, 78, 48, 77, 68, 68, 88, 65, 81, 73, 68, 66, 65, 85, 71, 66, 119, 103, 75, 68, 65, 52, 81, 69, 104, 82, 97, 81, 50, 57, 117, 98, 109, 86, 106, 100, 71, 108, 118, 98, 108, 120, 68, 98, 50, 53, 48, 90, 87, 53, 48, 76, 86, 82, 53, 99, 71, 86, 100, 84, 71, 70, 122, 100, 67, 49, 78, 98, 50, 82, 112, 90, 109, 108, 108, 90, 70, 49, 66, 89, 50, 78, 108, 99, 72, 81, 116, 85, 109, 70, 117, 90, 50, 86, 122, 88, 120, 65, 84, 81, 50, 57, 117, 100, 71, 86, 117, 100, 67, 49, 69, 97, 88, 78, 119, 98, 51, 78, 112, 100, 71, 108, 118, 98, 108, 53, 68, 98, 50, 53, 48, 90, 87, 53, 48, 76, 85, 120, 108, 98, 109, 100, 48, 97, 70, 82, 70, 100, 71, 70, 110, 111, 81, 108, 86, 89, 50, 120, 118, 99, 50, 87, 104, 67, 49, 56, 81, 71, 71, 70, 119, 99, 71, 120, 112, 89, 50, 70, 48, 97, 87, 57, 117, 76, 50, 57, 106, 100, 71, 86, 48, 76, 88, 78, 48, 99, 109, 86, 104, 98, 97, 69, 78, 88, 120, 65, 100, 84, 87, 57, 117, 76, 67, 65, 119, 77, 83, 66, 75, 89, 87, 52, 103, 77, 106, 65, 121, 78, 67, 65, 119, 77, 68, 111, 119, 77, 68, 111, 119, 77, 67, 66, 72, 84, 86, 83, 104, 68, 49, 86, 105, 101, 88, 82, 108, 99, 54, 69, 82, 88, 120, 65, 114, 89, 88, 82, 48, 89, 87, 78, 111, 98, 87, 86, 117, 100, 68, 115, 103, 90, 109, 108, 115, 90, 87, 53, 104, 98, 87, 85, 57, 73, 110, 78, 106, 99, 110, 108, 112, 98, 109, 99, 116, 90, 71, 57, 51, 98, 109, 120, 118, 89, 87, 81, 117, 89, 109, 108, 117, 73, 113, 69, 84, 86, 106, 73, 50, 77, 106, 69, 48, 78, 75, 69, 86, 88, 120, 65, 99, 73, 110, 78, 106, 99, 110, 108, 112, 98, 109, 99, 116, 100, 71, 86, 122, 100, 67, 49, 108, 100, 71, 70, 110, 76, 87, 82, 108, 89, 87, 82, 105, 90, 87, 86, 109, 73, 103, 65, 73, 65, 66, 99, 65, 73, 103, 65, 118, 65, 68, 48, 65, 83, 119, 66, 104, 65, 72, 65, 65, 100, 81, 66, 51, 65, 72, 48, 65, 102, 119, 67, 97, 65, 74, 119, 65, 118, 65, 67, 43, 65, 77, 81, 65, 120, 103, 68, 48, 65, 80, 89, 65, 47, 81, 68, 47, 65, 65, 65, 65, 65, 65, 65, 65, 65, 103, 69, 65, 65, 65, 65, 65, 65, 65, 65, 65, 70, 103, 65, 65, 65, 65, 65, 65, 65, 65, 65, 65, 65, 65, 65, 65, 65, 65, 65, 65, 65, 82, 52, 61, 95, 16, 29, 77, 111, 110, 44, 32, 48, 49, 32, 74, 97, 110, 32, 50, 48, 50, 52, 32, 48, 48, 58, 48, 48, 58, 48, 48, 32, 71, 77, 84, 85, 98, 121, 116, 101, 115, 95, 16, 43, 97, 116, 116, 97, 99, 104, 109, 101, 110, 116, 59, 32, 102, 105, 108, 101, 110, 97, 109, 101, 61, 34, 115, 99, 114, 121, 105, 110, 103, 45, 100, 111, 119, 110, 108, 111, 97, 100, 46, 98, 105, 110, 34, 86, 50, 54, 50, 49, 52, 52, 85, 99, 108, 111, 115, 101, 210, 47, 48, 94, 95, 95, 16, 19, 78, 83, 77, 117, 116, 97, 98, 108, 101, 68, 105, 99, 116, 105, 111, 110, 97, 114, 121, 163, 94, 96, 51, 92, 78, 83, 68, 105, 99, 116, 105, 111, 110, 97, 114, 121, 210, 19, 98, 99, 100, 89, 78, 83, 46, 115, 116, 114, 105, 110, 103, 128, 27, 95, 16, 24, 97, 112, 112, 108, 105, 99, 97, 116, 105, 111, 110, 47, 111, 99, 116, 101, 116, 45, 115, 116, 114, 101, 97, 109, 210, 47, 48, 102, 103, 95, 16, 15, 78, 83, 77, 117, 116, 97, 98, 108, 101, 83, 116, 114, 105, 110, 103, 163, 102, 104, 51, 88, 78, 83, 83, 116, 114, 105, 110, 103, 210, 47, 48, 106, 107, 95, 16, 17, 78, 83, 72, 84, 84, 80, 85, 82, 76, 82, 101, 115, 112, 111, 110, 115, 101, 163, 108, 109, 51, 95, 16, 17, 78, 83, 72, 84, 84, 80, 85, 82, 76, 82, 101, 115, 112, 111, 110, 115, 101, 93, 78, 83, 85, 82, 76, 82, 101, 115, 112, 111, 110, 115, 101, 0, 8, 0, 17, 0, 26, 0, 36, 0, 41, 0, 50, 0, 55, 0, 73, 0, 76, 0, 81, 0, 83, 0, 115, 0, 121, 0, 148, 0, 182, 0, 216, 0, 219, 0, 253, 1, 0, 1, 34, 1, 41, 1, 75, 1, 78, 1, 81, 1, 115, 1, 149, 1, 152, 1, 154, 1, 156, 1, 158, 1, 160, 1, 162, 1, 164, 1, 166, 1, 168, 1, 169, 1, 171, 1, 173, 1, 175, 1, 177, 1, 184, 1, 192, 1, 204, 1, 206, 1, 208, 1, 210, 1, 249, 1, 254, 2, 9, 2, 18, 2, 24, 2, 27, 2, 36, 2, 45, 2, 47, 2, 49, 2, 56, 2, 64, 2, 75, 2, 84, 2, 86, 2, 88, 2, 90, 2, 92, 2, 94, 2, 96, 2, 98, 2, 100, 2, 109, 2, 111, 2, 113, 2, 115, 2, 117, 2, 119, 2, 121, 2, 123, 2, 125, 2, 127, 2, 132, 2, 145, 2, 154, 2, 168, 2, 182, 2, 204, 2, 219, 2, 230, 3, 5, 3, 32, 5, 12, 5, 44, 5, 50, 5, 96, 5, 103, 5, 109, 5, 114, 5, 136, 5, 140, 5, 153, 5, 158, 5, 168, 5, 170, 5, 197, 5, 202, 5, 220, 5, 224, 5, 233, 5, 238, 6, 2, 6, 6, 6, 26, 0, 0, 0, 0, 0, 0, 2, 1, 0, 0, 0, 0, 0, 0, 0, 110, 0, 0, 0, 0, 0, 0, 0, 0, 0, 0, 0, 0, 0, 0, 6, 40, 128, 14, 210, 55, 56, 57, 58, 90, 36, 99, 108, 97, 115, 115, 110, 97, 109, 101, 88, 36, 99, 108, 97, 115, 115, 101, 115, 93, 78, 83, 77, 117, 116, 97, 98, 108, 101, 68, 97, 116, 97, 163, 57, 59, 60, 86, 78, 83, 68, 97, 116, 97, 88, 78, 83, 79, 98, 106, 101, 99, 116, 210, 51, 15, 62, 53, 79, 17, 15, 254, 98, 112, 108, 105, 115, 116, 48, 48, 212, 1, 2, 3, 4, 5, 6, 7, 10, 88, 36, 118, 101, 114, 115, 105, 111, 110, 89, 36, 97, 114, 99, 104, 105, 118, 101, 114, 84, 36, 116, 111, 112, 88, 36, 111, 98, 106, 101, 99, 116, 115, 18, 0, 1, 134, 160, 95, 16, 15, 78, 83, 75, 101, 121, 101, 100, 65, 114, 99, 104, 105, 118, 101, 114, 209, 8, 9, 95, 16, 27, 78, 83, 75, 101, 121, 101, 100, 65, 114, 99, 104, 105, 118, 101, 82, 111, 111, 116, 79, 98, 106, 101, 99, 116, 75, 101, 121, 128, 1, 175, 16, 50, 11, 12, 70, 121, 127, 128, 134, 76, 135, 139, 89, 141, 94, 142, 110, 143, 144, 168, 169, 170, 171, 172, 173, 174, 175, 176, 177, 178, 179, 180, 181, 182, 183, 184, 185, 186, 190, 204, 205, 206, 207, 208, 209, 210, 211, 212, 218, 219, 220, 223, 85, 36, 110, 117, 108, 108, 223, 16, 56, 13, 14, 15, 16, 17, 18, 19, 20, 21, 22, 23, 24, 25, 26, 27, 28, 29, 30, 31, 32, 33, 34, 35, 36, 37, 38, 39, 40, 41, 42, 43, 44, 45, 46, 47, 48, 49, 50, 51, 52, 53, 54, 55, 56, 57, 58, 59, 60, 61, 62, 63, 64, 65, 66, 67, 68, 69, 70, 71, 69, 70, 69, 70, 74, 75, 76, 77, 78, 79, 78, 77, 75, 83, 78, 85, 86, 70, 88, 89, 70, 74, 70, 70, 94, 95, 96, 97, 78, 69, 70, 75, 89, 70, 103, 104, 78, 69, 71, 94, 70, 108, 78, 110, 70, 70, 70, 114, 70, 78, 117, 70, 78, 95, 16, 24, 114, 101, 113, 117, 105, 114, 101, 115, 68, 78, 83, 83, 69, 67, 86, 97, 108, 105, 100, 97, 116, 105, 111, 110, 95, 16, 18, 105, 115, 87, 101, 98, 83, 101, 97, 114, 99, 104, 67, 111, 110, 116, 101, 110, 116, 95, 16, 31, 95, 95, 110, 115, 117, 114, 108, 114, 101, 113, 117, 101, 115, 116, 95, 112, 114, 111, 116, 111, 95, 112, 114, 111, 112, 95, 111, 98, 106, 95, 57, 95, 16, 20, 97, 108, 108, 111, 119, 101, 100, 80, 114, 111, 116, 111, 99, 111, 108, 84, 121, 112, 101, 115, 93, 98, 108, 111, 99, 107, 84, 114, 97, 99, 107, 101, 114, 115, 95, 16, 30, 97, 108, 108, 111, 119, 115, 67, 111, 110, 115, 116, 114, 97, 105, 110, 101, 100, 78, 101, 116, 119, 111, 114, 107, 65, 99, 99, 101, 115, 115, 95, 16, 19, 97, 115, 115, 117, 109, 101, 115, 72, 84, 84, 80, 51, 67, 97, 112, 97, 98, 108, 101, 95, 16, 32, 95, 95, 110, 115, 117, 114, 108, 114, 101, 113, 117, 101, 115, 116, 95, 112, 114, 111, 116, 111, 95, 112, 114, 111, 112, 95, 111, 98, 106, 95, 49, 48, 95, 16, 32, 95, 95, 110, 115, 117, 114, 108, 114, 101, 113, 117, 101, 115, 116, 95, 112, 114, 111, 116, 111, 95, 112, 114, 111, 112, 95, 111, 98, 106, 95, 49, 49, 91, 97, 116, 116, 114, 105, 98, 117, 116, 105, 111, 110, 95, 16, 32, 95, 95, 110, 115, 117, 114, 108, 114, 101, 113, 117, 101, 115, 116, 95, 112, 114, 111, 116, 111, 95, 112, 114, 111, 112, 95, 111, 98, 106, 95, 49, 50, 95, 16, 32, 95, 95, 110, 115, 117, 114, 108, 114, 101, 113, 117, 101, 115, 116, 95, 112, 114, 111, 116, 111, 95, 112, 114, 111, 112, 95, 111, 98, 106, 95, 50, 48, 95, 16, 26, 95, 95, 110, 115, 117, 114, 108, 114, 101, 113, 117, 101, 115, 116, 95, 112, 114, 111, 116, 111, 95, 112, 114, 111, 112, 115, 95, 16, 32, 95, 95, 110, 115, 117, 114, 108, 114, 101, 113, 117, 101, 115, 116, 95, 112, 114, 111, 116, 111, 95, 112, 114, 111, 112, 95, 111, 98, 106, 95, 50, 49, 95, 16, 32, 95, 95, 110, 115, 117, 114, 108, 114, 101, 113, 117, 101, 115, 116, 95, 112, 114, 111, 116, 111, 95, 112, 114, 111, 112, 95, 111, 98, 106, 95, 49, 51, 95, 16, 32, 95, 95, 110, 115, 117, 114, 108, 114, 101, 113, 117, 101, 115, 116, 95, 112, 114, 111, 116, 111, 95, 112, 114, 111, 112, 95, 111, 98, 106, 95, 49, 52, 95, 16, 32, 95, 95, 110, 115, 117, 114, 108, 114, 101, 113, 117, 101, 115, 116, 95, 112, 114, 111, 116, 111, 95, 112, 114, 111, 112, 95, 111, 98, 106, 95, 49, 53, 95, 16, 32, 95, 95, 110, 115, 117, 114, 108, 114, 101, 113, 117, 101, 115, 116, 95, 112, 114, 111, 116, 111, 95, 112, 114, 111, 112, 95, 111, 98, 106, 95, 49, 54, 95, 16, 32, 95, 95, 110, 115, 117, 114, 108, 114, 101, 113, 117, 101, 115, 116, 95, 112, 114, 111, 116, 111, 95, 112, 114, 111, 112, 95, 111, 98, 106, 95, 49, 55, 95, 16, 32, 95, 95, 110, 115, 117, 114, 108, 114, 101, 113, 117, 101, 115, 116, 95, 112, 114, 111, 116, 111, 95, 112, 114, 111, 112, 95, 111, 98, 106, 95, 49, 56, 95, 16, 22, 117, 115, 101, 69, 110, 104, 97, 110, 99, 101, 100, 80, 114, 105, 118, 97, 99, 121, 77, 111, 100, 101, 95, 16, 32, 95, 95, 110, 115, 117, 114, 108, 114, 101, 113, 117, 101, 115, 116, 95, 112, 114, 111, 116, 111, 95, 112, 114, 111, 112, 95, 111, 98, 106, 95, 49, 57, 95, 16, 37, 97, 108, 108, 111, 119, 80, 114, 105, 118, 97, 116, 101, 65, 99, 99, 101, 115, 115, 84, 111, 107, 101, 110, 115, 70, 111, 114, 84, 104, 105, 114, 100, 80, 97, 114, 116, 121, 95, 16, 19, 97, 108, 108, 111, 119, 115, 80, 101, 114, 115, 105, 115, 116, 101, 110, 116, 68, 78, 83, 95, 16, 31, 95, 95, 110, 115, 117, 114, 108, 114, 101, 113, 117, 101, 115, 116, 95, 112, 114, 111, 116, 111, 95, 112, 114, 111, 112, 95, 111, 98, 106, 95, 48, 95, 16, 30, 114, 101, 113, 117, 105, 114, 101, 115, 83, 104, 111, 114, 116, 67, 111, 110, 110, 101, 99, 116, 105, 111, 110, 84, 105, 109, 101, 111, 117, 116, 95, 16, 22, 112, 114, 105, 118, 97, 99, 121, 80, 114, 111, 120, 121, 70, 97, 105, 108, 67, 108, 111, 115, 101, 100, 95, 16, 26, 112, 97, 121, 108, 111, 97, 100, 84, 114, 97, 110, 115, 109, 105, 115, 115, 105, 111, 110, 84, 105, 109, 101, 111, 117, 116, 95, 16, 31, 95, 95, 110, 115, 117, 114, 108, 114, 101, 113, 117, 101, 115, 116, 95, 112, 114, 111, 116, 111, 95, 112, 114, 111, 112, 95, 111, 98, 106, 95, 49, 95, 16, 39, 99, 111, 110, 116, 101, 110, 116, 68, 105, 115, 112, 111, 115, 105, 116, 105, 111, 110, 69, 110, 99, 111, 100, 105, 110, 103, 70, 97, 108, 108, 98, 97, 99, 107, 65, 114, 114, 97, 121, 95, 16, 31, 95, 95, 110, 115, 117, 114, 108, 114, 101, 113, 117, 101, 115, 116, 95, 112, 114, 111, 116, 111, 95, 112, 114, 111, 112, 95, 111, 98, 106, 95, 50, 94, 116, 114, 97, 99, 107, 101, 114, 67, 111, 110, 116, 101, 120, 116, 89, 97, 108, 108, 111, 119, 115, 85, 67, 65, 95, 16, 20, 112, 114, 111, 104, 105, 98, 105, 116, 80, 114, 105, 118, 97, 99, 121, 80, 114, 111, 120, 121, 95, 16, 31, 95, 95, 110, 115, 117, 114, 108, 114, 101, 113, 117, 101, 115, 116, 95, 112, 114, 111, 116, 111, 95, 112, 114, 111, 112, 95, 111, 98, 106, 95, 51, 95, 16, 48, 112, 114, 105, 118, 97, 99, 121, 80, 114, 111, 120, 121, 70, 97, 105, 108, 67, 108, 111, 115, 101, 100, 70, 111, 114, 85, 110, 114, 101, 97, 99, 104, 97, 98, 108, 101, 78, 111, 110, 77, 97, 105, 110, 72, 111, 115, 116, 115, 95, 16, 41, 112, 114, 105, 118, 97, 99, 121, 80, 114, 111, 120, 121, 70, 97, 105, 108, 67, 108, 111, 115, 101, 100, 70, 111, 114, 85, 110, 114, 101, 97, 99, 104, 97, 98, 108, 101, 72, 111, 115, 116, 115, 86, 36, 99, 108, 97, 115, 115, 95, 16, 31, 95, 95, 110, 115, 117, 114, 108, 114, 101, 113, 117, 101, 115, 116, 95, 112, 114, 111, 116, 111, 95, 112, 114, 111, 112, 95, 111, 98, 106, 95, 52, 95, 16, 24, 98, 111, 117, 110, 100, 73, 110, 116, 101, 114, 102, 97, 99, 101, 73, 100, 101, 110, 116, 105, 102, 105, 101, 114, 95, 16, 28, 97, 108, 108, 111, 119, 115, 69, 120, 112, 101, 110, 115, 105, 118, 101, 78, 101, 116, 119, 111, 114, 107, 65, 99, 99, 101, 115, 115, 95, 16, 31, 95, 95, 110, 115, 117, 114, 108, 114, 101, 113, 117, 101, 115, 116, 95, 112, 114, 111, 116, 111, 95, 112, 114, 111, 112, 95, 111, 98, 106, 95, 53, 95, 16, 16, 115, 116, 97, 114, 116, 84, 105, 109, 101, 111, 117, 116, 84, 105, 109, 101, 95, 16, 18, 112, 114, 101, 118, 101, 110, 116, 72, 83, 84, 83, 83, 116, 111, 114, 97, 103, 101, 95, 16, 31, 95, 95, 110, 115, 117, 114, 108, 114, 101, 113, 117, 101, 115, 116, 95, 112, 114, 111, 116, 111, 95, 112, 114, 111, 112, 95, 111, 98, 106, 95, 54, 95, 16, 25, 99, 111, 111, 107, 105, 101, 80, 97, 114, 116, 105, 116, 105, 111, 110, 73, 100, 101, 110, 116, 105, 102, 105, 101, 114, 82, 36, 48, 95, 16, 34, 102, 97, 105, 108, 73, 110, 115, 101, 99, 117, 114, 101, 76, 111, 97, 100, 87, 105, 116, 104, 72, 84, 84, 80, 83, 68, 78, 83, 82, 101, 99, 111, 114, 100, 92, 107, 110, 111, 119, 110, 84, 114, 97, 99, 107, 101, 114, 90, 105, 103, 110, 111, 114, 101, 72, 83, 84, 83, 82, 36, 49, 95, 16, 27, 97, 108, 108, 111, 119, 79, 110, 108, 121, 80, 97, 114, 116, 105, 116, 105, 111, 110, 101, 100, 67, 111, 111, 107, 105, 101, 115, 95, 16, 31, 95, 95, 110, 115, 117, 114, 108, 114, 101, 113, 117, 101, 115, 116, 95, 112, 114, 111, 116, 111, 95, 112, 114, 111, 112, 95, 111, 98, 106, 95, 55, 82, 36, 50, 95, 16, 33, 115, 99, 104, 101, 109, 101, 87, 97, 115, 85, 112, 103, 114, 97, 100, 101, 100, 68, 117, 101, 84, 111, 68, 121, 110, 97, 109, 105, 99, 72, 83, 84, 83, 95, 16, 31, 95, 95, 110, 115, 117, 114, 108, 114, 101, 113, 117, 101, 115, 116, 95, 112, 114, 111, 116, 111, 95, 112, 114, 111, 112, 95, 111, 98, 106, 95, 56, 16, 0, 8, 128, 10, 8, 8, 128, 2, 128, 7, 16, 0, 128, 12, 128, 0, 128, 36, 128, 0, 128, 12, 128, 7, 128, 13, 128, 0, 128, 14, 128, 15, 8, 128, 16, 9, 8, 128, 2, 8, 8, 35, 0, 0, 0, 0, 0, 0, 0, 0, 128, 3, 128, 45, 128, 6, 128, 0, 8, 128, 7, 9, 8, 128, 49, 128, 8, 128, 0, 128, 10, 8, 128, 11, 128, 0, 16, 2, 8, 8, 8, 16, 9, 8, 128, 0, 16, 22, 8, 128, 0, 8, 211, 122, 50, 123, 78, 125, 126, 87, 78, 83, 46, 98, 97, 115, 101, 91, 78, 83, 46, 114, 101, 108, 97, 116, 105, 118, 101, 128, 0, 128, 5, 128, 4, 95, 16, 36, 104, 116, 116, 112, 58, 47, 47, 49, 50, 55, 46, 48, 46, 48, 46, 49, 58, 54, 53, 51, 52, 49, 47, 100, 111, 119, 110, 108, 111, 97, 100, 45, 115, 108, 111, 119, 210, 129, 130, 131, 132, 90, 36, 99, 108, 97, 115, 115, 110, 97, 109, 101, 88, 36, 99, 108, 97, 115, 115, 101, 115, 85, 78, 83, 85, 82, 76, 162, 131, 133, 88, 78, 83, 79, 98, 106, 101, 99, 116, 35, 64, 78, 0, 0, 0, 0, 0, 0, 211, 122, 50, 123, 78, 125, 138, 128, 0, 128, 5, 128, 9, 95, 16, 36, 104, 116, 116, 112, 58, 47, 47, 49, 50, 55, 46, 48, 46, 48, 46, 49, 58, 54, 53, 51, 52, 49, 47, 100, 111, 119, 110, 108, 111, 97, 100, 45, 115, 108, 111, 119, 9, 17, 1, 134, 16, 4, 83, 71, 69, 84, 211, 145, 146, 50, 147, 157, 167, 87, 78, 83, 46, 107, 101, 121, 115, 90, 78, 83, 46, 111, 98, 106, 101, 99, 116, 115, 169, 148, 149, 150, 151, 152, 153, 154, 155, 156, 128, 17, 128, 18, 128, 19, 128, 20, 128, 21, 128, 22, 128, 23, 128, 24, 128, 25, 169, 158, 159, 160, 161, 162, 163, 164, 165, 166, 128, 26, 128, 27, 128, 28, 128, 29, 128, 30, 128, 31, 128, 32, 128, 33, 128, 34, 128, 35, 86, 65, 99, 99, 101, 112, 116, 94, 83, 101, 99, 45, 70, 101, 116, 99, 104, 45, 83, 105, 116, 101, 88, 95, 95, 104, 104, 97, 97, 95, 95, 95, 16, 25, 85, 112, 103, 114, 97, 100, 101, 45, 73, 110, 115, 101, 99, 117, 114, 101, 45, 82, 101, 113, 117, 101, 115, 116, 115, 94, 83, 101, 99, 45, 70, 101, 116, 99, 104, 45, 77, 111, 100, 101, 90, 85, 115, 101, 114, 45, 65, 103, 101, 110, 116, 95, 16, 15, 65, 99, 99, 101, 112, 116, 45, 76, 97, 110, 103, 117, 97, 103, 101, 94, 83, 101, 99, 45, 70, 101, 116, 99, 104, 45, 68, 101, 115, 116, 95, 16, 15, 65, 99, 99, 101, 112, 116, 45, 69, 110, 99, 111, 100, 105, 110, 103, 95, 16, 63, 116, 101, 120, 116, 47, 104, 116, 109, 108, 44, 97, 112, 112, 108, 105, 99, 97, 116, 105, 111, 110, 47, 120, 104, 116, 109, 108, 43, 120, 109, 108, 44, 97, 112, 112, 108, 105, 99, 97, 116, 105, 111, 110, 47, 120, 109, 108, 59, 113, 61, 48, 46, 57, 44, 42, 47, 42, 59, 113, 61, 48, 46, 56, 84, 110, 111, 110, 101, 95, 17, 2, 108, 13, 10, 13, 10, 89, 110, 66, 115, 97, 88, 78, 48, 77, 68, 68, 89, 65, 81, 73, 68, 66, 65, 85, 71, 66, 119, 103, 74, 67, 119, 48, 80, 69, 82, 77, 86, 70, 49, 90, 66, 89, 50, 78, 108, 99, 72, 82, 101, 85, 50, 86, 106, 76, 85, 90, 108, 100, 71, 78, 111, 76, 86, 78, 112, 100, 71, 86, 102, 69, 66, 108, 86, 99, 71, 100, 121, 89, 87, 82, 108, 76, 85, 108, 117, 99, 50, 86, 106, 100, 88, 74, 108, 76, 86, 74, 108, 99, 88, 86, 108, 99, 51, 82, 122, 88, 108, 78, 108, 89, 121, 49, 71, 90, 88, 82, 106, 97, 67, 49, 78, 98, 50, 82, 108, 87, 108, 86, 122, 90, 88, 73, 116, 81, 87, 100, 108, 98, 110, 82, 102, 69, 65, 57, 66, 89, 50, 78, 108, 99, 72, 81, 116, 84, 71, 70, 117, 90, 51, 86, 104, 90, 50, 86, 101, 85, 50, 86, 106, 76, 85, 90, 108, 100, 71, 78, 111, 76, 85, 82, 108, 99, 51, 82, 102, 69, 65, 57, 66, 89, 50, 78, 108, 99, 72, 81, 116, 82, 87, 53, 106, 98, 50, 82, 112, 98, 109, 101, 104, 67, 108, 56, 81, 80, 51, 82, 108, 101, 72, 81, 118, 97, 72, 82, 116, 98, 67, 120, 104, 99, 72, 66, 115, 97, 87, 78, 104, 100, 71, 108, 118, 98, 105, 57, 52, 97, 72, 82, 116, 98, 67, 116, 52, 98, 87, 119, 115, 89, 88, 66, 119, 98, 71, 108, 106, 89, 88, 82, 112, 98, 50, 52, 118, 101, 71, 49, 115, 79, 51, 69, 57, 77, 67, 52, 53, 76, 67, 111, 118, 75, 106, 116, 120, 80, 84, 65, 117, 79, 75, 69, 77, 86, 71, 53, 118, 98, 109, 87, 104, 68, 108, 69, 120, 111, 82, 66, 89, 98, 109, 70, 50, 97, 87, 100, 104, 100, 71, 87, 104, 69, 108, 56, 81, 87, 69, 49, 118, 101, 109, 108, 115, 98, 71, 69, 118, 78, 83, 52, 119, 73, 67, 104, 78, 89, 87, 78, 112, 98, 110, 82, 118, 99, 50, 103, 55, 73, 69, 108, 117, 100, 71, 86, 115, 73, 69, 49, 104, 89, 121, 66, 80, 85, 121, 66, 89, 73, 68, 69, 119, 88, 122, 69, 49, 88, 122, 99, 112, 73, 69, 70, 119, 99, 71, 120, 108, 86, 50, 86, 105, 83, 50, 108, 48, 76, 122, 89, 119, 78, 83, 52, 120, 76, 106, 69, 49, 73, 67, 104, 76, 83, 70, 82, 78, 84, 67, 119, 103, 98, 71, 108, 114, 90, 83, 66, 72, 90, 87, 78, 114, 98, 121, 109, 104, 70, 70, 53, 108, 98, 105, 49, 86, 85, 121, 120, 108, 98, 106, 116, 120, 80, 84, 65, 117, 79, 97, 69, 87, 87, 71, 82, 118, 89, 51, 86, 116, 90, 87, 53, 48, 111, 82, 104, 100, 90, 51, 112, 112, 99, 67, 119, 103, 90, 71, 86, 109, 98, 71, 70, 48, 90, 81, 65, 73, 65, 66, 107, 65, 73, 65, 65, 118, 65, 69, 115, 65, 87, 103, 66, 108, 65, 72, 99, 65, 104, 103, 67, 89, 65, 74, 111, 65, 51, 65, 68, 101, 65, 79, 77, 65, 53, 81, 68, 110, 65, 79, 107, 65, 56, 103, 68, 48, 65, 85, 56, 66, 85, 81, 70, 103, 65, 87, 73, 66, 97, 119, 70, 116, 65, 65, 65, 65, 65, 65, 65, 65, 65, 103, 69, 65, 65, 65, 65, 65, 65, 65, 65, 65, 71, 81, 65, 65, 65, 65, 65, 65, 65, 65, 65, 65, 65, 65, 65, 65, 65, 65, 65, 65, 65, 88, 115, 61, 81, 49, 88, 110, 97, 118, 105, 103, 97, 116, 101, 95, 16, 88, 77, 111, 122, 105, 108, 108, 97, 47, 53, 46, 48, 32, 40, 77, 97, 99, 105, 110, 116, 111, 115, 104, 59, 32, 73, 110, 116, 101, 108, 32, 77, 97, 99, 32, 79, 83, 32, 88, 32, 49, 48, 95, 49, 53, 95, 55, 41, 32, 65, 112, 112, 108, 101, 87, 101, 98, 75, 105, 116, 47, 54, 48, 53, 46, 49, 46, 49, 53, 32, 40, 75, 72, 84, 77, 76, 44, 32, 108, 105, 107, 101, 32, 71, 101, 99, 107, 111, 41, 94, 101, 110, 45, 85, 83, 44, 101, 110, 59, 113, 61, 48, 46, 57, 88, 100, 111, 99, 117, 109, 101, 110, 116, 93, 103, 122, 105, 112, 44, 32, 100, 101, 102, 108, 97, 116, 101, 210, 129, 130, 187, 188, 95, 16, 19, 78, 83, 77, 117, 116, 97, 98, 108, 101, 68, 105, 99, 116, 105, 111, 110, 97, 114, 121, 163, 187, 189, 133, 92, 78, 83, 68, 105, 99, 116, 105, 111, 110, 97, 114, 121, 211, 145, 146, 50, 191, 197, 167, 165, 192, 193, 194, 195, 196, 128, 37, 128, 38, 128, 39, 128, 40, 128, 41, 165, 198, 199, 199, 201, 199, 128, 42, 128, 43, 128, 43, 128, 44, 128, 43, 128, 35, 95, 16, 42, 95, 107, 67, 70, 72, 84, 84, 80, 67, 111, 111, 107, 105, 101, 80, 111, 108, 105, 99, 121, 80, 114, 111, 112, 101, 114, 116, 121, 83, 105, 116, 101, 70, 111, 114, 67, 111, 111, 107, 105, 101, 115, 95, 16, 48, 95, 107, 67, 70, 72, 84, 84, 80, 67, 111, 111, 107, 105, 101, 80, 111, 108, 105, 99, 121, 80, 114, 111, 112, 101, 114, 116, 121, 73, 115, 84, 111, 112, 76, 101, 118, 101, 108, 78, 97, 118, 105, 103, 97, 116, 105, 111, 110, 95, 16, 21, 87, 75, 86, 101, 114, 121, 76, 111, 119, 76, 111, 97, 100, 80, 114, 105, 111, 114, 105, 116, 121, 95, 16, 24, 95, 107, 67, 70, 85, 82, 76, 67, 97, 99, 104, 101, 80, 97, 114, 116, 105, 116, 105, 111, 110, 75, 101, 121, 95, 16, 32, 107, 67, 70, 85, 82, 76, 82, 101, 113, 117, 101, 115, 116, 65, 108, 108, 111, 119, 65, 108, 108, 80, 79, 83, 84, 67, 97, 99, 104, 105, 110, 103, 95, 16, 36, 104, 116, 116, 112, 58, 47, 47, 49, 50, 55, 46, 48, 46, 48, 46, 49, 58, 54, 53, 51, 52, 49, 47, 100, 111, 119, 110, 108, 111, 97, 100, 45, 115, 108, 111, 119, 16, 1, 89, 49, 50, 55, 46, 48, 46, 48, 46, 49, 210, 146, 50, 213, 217, 163, 83, 215, 216, 128, 13, 128, 46, 128, 47, 128, 48, 16, 12, 16, 5, 210, 129, 130, 221, 222, 87, 78, 83, 65, 114, 114, 97, 121, 162, 221, 133, 210, 129, 130, 224, 225, 95, 16, 19, 78, 83, 77, 117, 116, 97, 98, 108, 101, 85, 82, 76, 82, 101, 113, 117, 101, 115, 116, 163, 226, 227, 133, 95, 16, 19, 78, 83, 77, 117, 116, 97, 98, 108, 101, 85, 82, 76, 82, 101, 113, 117, 101, 115, 116, 92, 78, 83, 85, 82, 76, 82, 101, 113, 117, 101, 115, 116, 0, 8, 0, 17, 0, 26, 0, 36, 0, 41, 0, 50, 0, 55, 0, 73, 0, 76, 0, 106, 0, 108, 0, 161, 0, 167, 1, 26, 1, 53, 1, 74, 1, 108, 1, 131, 1, 145, 1, 178, 1, 200, 1, 235, 2, 14, 2, 26, 2, 61, 2, 96, 2, 125, 2, 160, 2, 195, 2, 230, 3, 9, 3, 44, 3, 79, 3, 114, 3, 139, 3, 174, 3, 214, 3, 236, 4, 14, 4, 47, 4, 72, 4, 101, 4, 135, 4, 177, 4, 211, 4, 226, 4, 236, 5, 3, 5, 37, 5, 88, 5, 132, 5, 139, 5, 173, 5, 200, 5, 231, 6, 9, 6, 28, 6, 49, 6, 83, 6, 111, 6, 114, 6, 151, 6, 164, 6, 175, 6, 178, 6, 208, 6, 242, 6, 245, 7, 25, 7, 59, 7, 61, 7, 62, 7, 64, 7, 65, 7, 66, 7, 68, 7, 70, 7, 72, 7, 74, 7, 76, 7, 78, 7, 80, 7, 82, 7, 84, 7, 86, 7, 88, 7, 90, 7, 92, 7, 93, 7, 95, 7, 96, 7, 97, 7, 99, 7, 100, 7, 101, 7, 110, 7, 112, 7, 114, 7, 116, 7, 118, 7, 119, 7, 121, 7, 122, 7, 123, 7, 125, 7, 127, 7, 129, 7, 131, 7, 132, 7, 134, 7, 136, 7, 138, 7, 139, 7, 140, 7, 141, 7, 143, 7, 144, 7, 146, 7, 148, 7, 149, 7, 151, 7, 152, 7, 159, 7, 167, 7, 179, 7, 181, 7, 183, 7, 185, 7, 224, 7, 229, 7, 240, 7, 249, 7, 255, 8, 2, 8, 11, 8, 20, 8, 27, 8, 29, 8, 31, 8, 33, 8, 72, 8, 73, 8, 76, 8, 78, 8, 82, 8, 89, 8, 97, 8, 108, 8, 118, 8, 120, 8, 122, 8, 124, 8, 126, 8, 128, 8, 130, 8, 132, 8, 134, 8, 136, 8, 146, 8, 148, 8, 150, 8, 152, 8, 154, 8, 156, 8, 158, 8, 160, 8, 162, 8, 164, 8, 166, 8, 173, 8, 188, 8, 197, 8, 225, 8, 240, 8, 251, 9, 13, 9, 28, 9, 46, 9, 112, 9, 117, 11, 229, 11, 231, 11, 240, 12, 75, 12, 90, 12, 99, 12, 113, 12, 118, 12, 140, 12, 144, 12, 157, 12, 164, 12, 170, 12, 172, 12, 174, 12, 176, 12, 178, 12, 180, 12, 186, 12, 188, 12, 190, 12, 192, 12, 194, 12, 196, 12, 198, 12, 243, 13, 38, 13, 62, 13, 89, 13, 124, 13, 163, 13, 165, 13, 175, 13, 180, 13, 184, 13, 186, 13, 188, 13, 190, 13, 192, 13, 194, 13, 196, 13, 201, 13, 209, 13, 212, 13, 217, 13, 239, 13, 243, 14, 9, 0, 0, 0, 0, 0, 0, 2, 1, 0, 0, 0, 0, 0, 0, 0, 228, 0, 0, 0, 0, 0, 0, 0, 0, 0, 0, 0, 0, 0, 0, 14, 22, 128, 14, 210, 51, 15, 65, 53, 79, 17, 15, 45, 98, 112, 108, 105, 115, 116, 48, 48, 212, 1, 2, 3, 4, 5, 6, 7, 10, 88, 36, 118, 101, 114, 115, 105, 111, 110, 89, 36, 97, 114, 99, 104, 105, 118, 101, 114, 84, 36, 116, 111, 112, 88, 36, 111, 98, 106, 101, 99, 116, 115, 18, 0, 1, 134, 160, 95, 16, 15, 78, 83, 75, 101, 121, 101, 100, 65, 114, 99, 104, 105, 118, 101, 114, 209, 8, 9, 95, 16, 27, 78, 83, 75, 101, 121, 101, 100, 65, 114, 99, 104, 105, 118, 101, 82, 111, 111, 116, 79, 98, 106, 101, 99, 116, 75, 101, 121, 128, 1, 175, 16, 46, 11, 12, 70, 121, 127, 128, 134, 76, 135, 139, 89, 141, 94, 142, 110, 143, 144, 164, 165, 166, 167, 168, 169, 170, 171, 172, 173, 174, 175, 176, 177, 178, 182, 196, 197, 198, 199, 200, 201, 202, 203, 204, 210, 211, 212, 215, 85, 36, 110, 117, 108, 108, 223, 16, 56, 13, 14, 15, 16, 17, 18, 19, 20, 21, 22, 23, 24, 25, 26, 27, 28, 29, 30, 31, 32, 33, 34, 35, 36, 37, 38, 39, 40, 41, 42, 43, 44, 45, 46, 47, 48, 49, 50, 51, 52, 53, 54, 55, 56, 57, 58, 59, 60, 61, 62, 63, 64, 65, 66, 67, 68, 69, 70, 71, 69, 70, 69, 70, 74, 75, 76, 77, 78, 79, 78, 77, 75, 83, 78, 85, 86, 70, 88, 89, 70, 74, 70, 70, 94, 95, 96, 97, 78, 69, 70, 75, 89, 70, 103, 104, 78, 69, 71, 94, 70, 108, 78, 110, 70, 70, 70, 114, 70, 78, 117, 70, 78, 95, 16, 24, 114, 101, 113, 117, 105, 114, 101, 115, 68, 78, 83, 83, 69, 67, 86, 97, 108, 105, 100, 97, 116, 105, 111, 110, 95, 16, 18, 105, 115, 87, 101, 98, 83, 101, 97, 114, 99, 104, 67, 111, 110, 116, 101, 110, 116, 95, 16, 31, 95, 95, 110, 115, 117, 114, 108, 114, 101, 113, 117, 101, 115, 116, 95, 112, 114, 111, 116, 111, 95, 112, 114, 111, 112, 95, 111, 98, 106, 95, 57, 95, 16, 20, 97, 108, 108, 111, 119, 101, 100, 80, 114, 111, 116, 111, 99, 111, 108, 84, 121, 112, 101, 115, 93, 98, 108, 111, 99, 107, 84, 114, 97, 99, 107, 101, 114, 115, 95, 16, 30, 97, 108, 108, 111, 119, 115, 67, 111, 110, 115, 116, 114, 97, 105, 110, 101, 100, 78, 101, 116, 119, 111, 114, 107, 65, 99, 99, 101, 115, 115, 95, 16, 19, 97, 115, 115, 117, 109, 101, 115, 72, 84, 84, 80, 51, 67, 97, 112, 97, 98, 108, 101, 95, 16, 32, 95, 95, 110, 115, 117, 114, 108, 114, 101, 113, 117, 101, 115, 116, 95, 112, 114, 111, 116, 111, 95, 112, 114, 111, 112, 95, 111, 98, 106, 95, 49, 48, 95, 16, 32, 95, 95, 110, 115, 117, 114, 108, 114, 101, 113, 117, 101, 115, 116, 95, 112, 114, 111, 116, 111, 95, 112, 114, 111, 112, 95, 111, 98, 106, 95, 49, 49, 91, 97, 116, 116, 114, 105, 98, 117, 116, 105, 111, 110, 95, 16, 32, 95, 95, 110, 115, 117, 114, 108, 114, 101, 113, 117, 101, 115, 116, 95, 112, 114, 111, 116, 111, 95, 112, 114, 111, 112, 95, 111, 98, 106, 95, 49, 50, 95, 16, 32, 95, 95, 110, 115, 117, 114, 108, 114, 101, 113, 117, 101, 115, 116, 95, 112, 114, 111, 116, 111, 95, 112, 114, 111, 112, 95, 111, 98, 106, 95, 50, 48, 95, 16, 26, 95, 95, 110, 115, 117, 114, 108, 114, 101, 113, 117, 101, 115, 116, 95, 112, 114, 111, 116, 111, 95, 112, 114, 111, 112, 115, 95, 16, 32, 95, 95, 110, 115, 117, 114, 108, 114, 101, 113, 117, 101, 115, 116, 95, 112, 114, 111, 116, 111, 95, 112, 114, 111, 112, 95, 111, 98, 106, 95, 50, 49, 95, 16, 32, 95, 95, 110, 115, 117, 114, 108, 114, 101, 113, 117, 101, 115, 116, 95, 112, 114, 111, 116, 111, 95, 112, 114, 111, 112, 95, 111, 98, 106, 95, 49, 51, 95, 16, 32, 95, 95, 110, 115, 117, 114, 108, 114, 101, 113, 117, 101, 115, 116, 95, 112, 114, 111, 116, 111, 95, 112, 114, 111, 112, 95, 111, 98, 106, 95, 49, 52, 95, 16, 32, 95, 95, 110, 115, 117, 114, 108, 114, 101, 113, 117, 101, 115, 116, 95, 112, 114, 111, 116, 111, 95, 112, 114, 111, 112, 95, 111, 98, 106, 95, 49, 53, 95, 16, 32, 95, 95, 110, 115, 117, 114, 108, 114, 101, 113, 117, 101, 115, 116, 95, 112, 114, 111, 116, 111, 95, 112, 114, 111, 112, 95, 111, 98, 106, 95, 49, 54, 95, 16, 32, 95, 95, 110, 115, 117, 114, 108, 114, 101, 113, 117, 101, 115, 116, 95, 112, 114, 111, 116, 111, 95, 112, 114, 111, 112, 95, 111, 98, 106, 95, 49, 55, 95, 16, 32, 95, 95, 110, 115, 117, 114, 108, 114, 101, 113, 117, 101, 115, 116, 95, 112, 114, 111, 116, 111, 95, 112, 114, 111, 112, 95, 111, 98, 106, 95, 49, 56, 95, 16, 22, 117, 115, 101, 69, 110, 104, 97, 110, 99, 101, 100, 80, 114, 105, 118, 97, 99, 121, 77, 111, 100, 101, 95, 16, 32, 95, 95, 110, 115, 117, 114, 108, 114, 101, 113, 117, 101, 115, 116, 95, 112, 114, 111, 116, 111, 95, 112, 114, 111, 112, 95, 111, 98, 106, 95, 49, 57, 95, 16, 37, 97, 108, 108, 111, 119, 80, 114, 105, 118, 97, 116, 101, 65, 99, 99, 101, 115, 115, 84, 111, 107, 101, 110, 115, 70, 111, 114, 84, 104, 105, 114, 100, 80, 97, 114, 116, 121, 95, 16, 19, 97, 108, 108, 111, 119, 115, 80, 101, 114, 115, 105, 115, 116, 101, 110, 116, 68, 78, 83, 95, 16, 31, 95, 95, 110, 115, 117, 114, 108, 114, 101, 113, 117, 101, 115, 116, 95, 112, 114, 111, 116, 111, 95, 112, 114, 111, 112, 95, 111, 98, 106, 95, 48, 95, 16, 30, 114, 101, 113, 117, 105, 114, 101, 115, 83, 104, 111, 114, 116, 67, 111, 110, 110, 101, 99, 116, 105, 111, 110, 84, 105, 109, 101, 111, 117, 116, 95, 16, 22, 112, 114, 105, 118, 97, 99, 121, 80, 114, 111, 120, 121, 70, 97, 105, 108, 67, 108, 111, 115, 101, 100, 95, 16, 26, 112, 97, 121, 108, 111, 97, 100, 84, 114, 97, 110, 115, 109, 105, 115, 115, 105, 111, 110, 84, 105, 109, 101, 111, 117, 116, 95, 16, 31, 95, 95, 110, 115, 117, 114, 108, 114, 101, 113, 117, 101, 115, 116, 95, 112, 114, 111, 116, 111, 95, 112, 114, 111, 112, 95, 111, 98, 106, 95, 49, 95, 16, 39, 99, 111, 110, 116, 101, 110, 116, 68, 105, 115, 112, 111, 115, 105, 116, 105, 111, 110, 69, 110, 99, 111, 100, 105, 110, 103, 70, 97, 108, 108, 98, 97, 99, 107, 65, 114, 114, 97, 121, 95, 16, 31, 95, 95, 110, 115, 117, 114, 108, 114, 101, 113, 117, 101, 115, 116, 95, 112, 114, 111, 116, 111, 95, 112, 114, 111, 112, 95, 111, 98, 106, 95, 50, 94, 116, 114, 97, 99, 107, 101, 114, 67, 111, 110, 116, 101, 120, 116, 89, 97, 108, 108, 111, 119, 115, 85, 67, 65, 95, 16, 20, 112, 114, 111, 104, 105, 98, 105, 116, 80, 114, 105, 118, 97, 99, 121, 80, 114, 111, 120, 121, 95, 16, 31, 95, 95, 110, 115, 117, 114, 108, 114, 101, 113, 117, 101, 115, 116, 95, 112, 114, 111, 116, 111, 95, 112, 114, 111, 112, 95, 111, 98, 106, 95, 51, 95, 16, 48, 112, 114, 105, 118, 97, 99, 121, 80, 114, 111, 120, 121, 70, 97, 105, 108, 67, 108, 111, 115, 101, 100, 70, 111, 114, 85, 110, 114, 101, 97, 99, 104, 97, 98, 108, 101, 78, 111, 110, 77, 97, 105, 110, 72, 111, 115, 116, 115, 95, 16, 41, 112, 114, 105, 118, 97, 99, 121, 80, 114, 111, 120, 121, 70, 97, 105, 108, 67, 108, 111, 115, 101, 100, 70, 111, 114, 85, 110, 114, 101, 97, 99, 104, 97, 98, 108, 101, 72, 111, 115, 116, 115, 86, 36, 99, 108, 97, 115, 115, 95, 16, 31, 95, 95, 110, 115, 117, 114, 108, 114, 101, 113, 117, 101, 115, 116, 95, 112, 114, 111, 116, 111, 95, 112, 114, 111, 112, 95, 111, 98, 106, 95, 52, 95, 16, 24, 98, 111, 117, 110, 100, 73, 110, 116, 101, 114, 102, 97, 99, 101, 73, 100, 101, 110, 116, 105, 102, 105, 101, 114, 95, 16, 28, 97, 108, 108, 111, 119, 115, 69, 120, 112, 101, 110, 115, 105, 118, 101, 78, 101, 116, 119, 111, 114, 107, 65, 99, 99, 101, 115, 115, 95, 16, 31, 95, 95, 110, 115, 117, 114, 108, 114, 101, 113, 117, 101, 115, 116, 95, 112, 114, 111, 116, 111, 95, 112, 114, 111, 112, 95, 111, 98, 106, 95, 53, 95, 16, 16, 115, 116, 97, 114, 116, 84, 105, 109, 101, 111, 117, 116, 84, 105, 109, 101, 95, 16, 18, 112, 114, 101, 118, 101, 110, 116, 72, 83, 84, 83, 83, 116, 111, 114, 97, 103, 101, 95, 16, 31, 95, 95, 110, 115, 117, 114, 108, 114, 101, 113, 117, 101, 115, 116, 95, 112, 114, 111, 116, 111, 95, 112, 114, 111, 112, 95, 111, 98, 106, 95, 54, 95, 16, 25, 99, 111, 111, 107, 105, 101, 80, 97, 114, 116, 105, 116, 105, 111, 110, 73, 100, 101, 110, 116, 105, 102, 105, 101, 114, 82, 36, 48, 95, 16, 34, 102, 97, 105, 108, 73, 110, 115, 101, 99, 117, 114, 101, 76, 111, 97, 100, 87, 105, 116, 104, 72, 84, 84, 80, 83, 68, 78, 83, 82, 101, 99, 111, 114, 100, 92, 107, 110, 111, 119, 110, 84, 114, 97, 99, 107, 101, 114, 90, 105, 103, 110, 111, 114, 101, 72, 83, 84, 83, 82, 36, 49, 95, 16, 27, 97, 108, 108, 111, 119, 79, 110, 108, 121, 80, 97, 114, 116, 105, 116, 105, 111, 110, 101, 100, 67, 111, 111, 107, 105, 101, 115, 95, 16, 31, 95, 95, 110, 115, 117, 114, 108, 114, 101, 113, 117, 101, 115, 116, 95, 112, 114, 111, 116, 111, 95, 112, 114, 111, 112, 95, 111, 98, 106, 95, 55, 82, 36, 50, 95, 16, 33, 115, 99, 104, 101, 109, 101, 87, 97, 115, 85, 112, 103, 114, 97, 100, 101, 100, 68, 117, 101, 84, 111, 68, 121, 110, 97, 109, 105, 99, 72, 83, 84, 83, 95, 16, 31, 95, 95, 110, 115, 117, 114, 108, 114, 101, 113, 117, 101, 115, 116, 95, 112, 114, 111, 116, 111, 95, 112, 114, 111, 112, 95, 111, 98, 106, 95, 56, 16, 0, 8, 128, 10, 8, 8, 128, 2, 128, 7, 16, 0, 128, 12, 128, 0, 128, 32, 128, 0, 128, 12, 128, 7, 128, 13, 128, 0, 128, 14, 128, 15, 8, 128, 16, 9, 8, 128, 2, 8, 8, 35, 0, 0, 0, 0, 0, 0, 0, 0, 128, 3, 128, 41, 128, 6, 128, 0, 8, 128, 7, 9, 8, 128, 45, 128, 8, 128, 0, 128, 10, 8, 128, 11, 128, 0, 16, 2, 8, 8, 8, 16, 9, 8, 128, 0, 16, 22, 8, 128, 0, 8, 211, 122, 50, 123, 78, 125, 126, 87, 78, 83, 46, 98, 97, 115, 101, 91, 78, 83, 46, 114, 101, 108, 97, 116, 105, 118, 101, 128, 0, 128, 5, 128, 4, 95, 16, 36, 104, 116, 116, 112, 58, 47, 47, 49, 50, 55, 46, 48, 46, 48, 46, 49, 58, 54, 53, 51, 52, 49, 47, 100, 111, 119, 110, 108, 111, 97, 100, 45, 115, 108, 111, 119, 210, 129, 130, 131, 132, 90, 36, 99, 108, 97, 115, 115, 110, 97, 109, 101, 88, 36, 99, 108, 97, 115, 115, 101, 115, 85, 78, 83, 85, 82, 76, 162, 131, 133, 88, 78, 83, 79, 98, 106, 101, 99, 116, 35, 64, 78, 0, 0, 0, 0, 0, 0, 211, 122, 50, 123, 78, 125, 138, 128, 0, 128, 5, 128, 9, 95, 16, 36, 104, 116, 116, 112, 58, 47, 47, 49, 50, 55, 46, 48, 46, 48, 46, 49, 58, 54, 53, 51, 52, 49, 47, 100, 111, 119, 110, 108, 111, 97, 100, 45, 115, 108, 111, 119, 9, 17, 1, 134, 16, 4, 83, 71, 69, 84, 211, 145, 146, 50, 147, 155, 163, 87, 78, 83, 46, 107, 101, 121, 115, 90, 78, 83, 46, 111, 98, 106, 101, 99, 116, 115, 167, 148, 149, 150, 151, 152, 153, 154, 128, 17, 128, 18, 128, 19, 128, 20, 128, 21, 128, 22, 128, 23, 167, 156, 157, 158, 159, 160, 161, 162, 128, 24, 128, 25, 128, 26, 128, 27, 128, 28, 128, 29, 128, 30, 128, 31, 86, 65, 99, 99, 101, 112, 116, 94, 83, 101, 99, 45, 70, 101, 116, 99, 104, 45, 83, 105, 116, 101, 88, 95, 95, 104, 104, 97, 97, 95, 95, 95, 16, 25, 85, 112, 103, 114, 97, 100, 101, 45, 73, 110, 115, 101, 99, 117, 114, 101, 45, 82, 101, 113, 117, 101, 115, 116, 115, 94, 83, 101, 99, 45, 70, 101, 116, 99, 104, 45, 77, 111, 100, 101, 90, 85, 115, 101, 114, 45, 65, 103, 101, 110, 116, 94, 83, 101, 99, 45, 70, 101, 116, 99, 104, 45, 68, 101, 115, 116, 95, 16, 63, 116, 101, 120, 116, 47, 104, 116, 109, 108, 44, 97, 112, 112, 108, 105, 99, 97, 116, 105, 111, 110, 47, 120, 104, 116, 109, 108, 43, 120, 109, 108, 44, 97, 112, 112, 108, 105, 99, 97, 116, 105, 111, 110, 47, 120, 109, 108, 59, 113, 61, 48, 46, 57, 44, 42, 47, 42, 59, 113, 61, 48, 46, 56, 84, 110, 111, 110, 101, 95, 17, 1, 252, 13, 10, 13, 10, 89, 110, 66, 115, 97, 88, 78, 48, 77, 68, 68, 87, 65, 81, 73, 68, 66, 65, 85, 71, 66, 119, 107, 76, 68, 81, 56, 82, 88, 108, 78, 108, 89, 121, 49, 71, 90, 88, 82, 106, 97, 67, 49, 69, 90, 88, 78, 48, 87, 108, 86, 122, 90, 88, 73, 116, 81, 87, 100, 108, 98, 110, 82, 102, 69, 66, 108, 86, 99, 71, 100, 121, 89, 87, 82, 108, 76, 85, 108, 117, 99, 50, 86, 106, 100, 88, 74, 108, 76, 86, 74, 108, 99, 88, 86, 108, 99, 51, 82, 122, 86, 107, 70, 106, 89, 50, 86, 119, 100, 70, 53, 84, 90, 87, 77, 116, 82, 109, 86, 48, 89, 50, 103, 116, 85, 50, 108, 48, 90, 86, 53, 84, 90, 87, 77, 116, 82, 109, 86, 48, 89, 50, 103, 116, 84, 87, 57, 107, 90, 97, 69, 73, 87, 71, 82, 118, 89, 51, 86, 116, 90, 87, 53, 48, 111, 81, 112, 102, 69, 70, 104, 78, 98, 51, 112, 112, 98, 71, 120, 104, 76, 122, 85, 117, 77, 67, 65, 111, 84, 87, 70, 106, 97, 87, 53, 48, 98, 51, 78, 111, 79, 121, 66, 74, 98, 110, 82, 108, 98, 67, 66, 78, 89, 87, 77, 103, 84, 49, 77, 103, 87, 67, 65, 120, 77, 70, 56, 120, 78, 86, 56, 51, 75, 83, 66, 66, 99, 72, 66, 115, 90, 86, 100, 108, 89, 107, 116, 112, 100, 67, 56, 50, 77, 68, 85, 117, 77, 83, 52, 120, 78, 83, 65, 111, 83, 48, 104, 85, 84, 85, 119, 115, 73, 71, 120, 112, 97, 50, 85, 103, 82, 50, 86, 106, 97, 50, 56, 112, 111, 81, 120, 82, 77, 97, 69, 79, 88, 120, 65, 47, 100, 71, 86, 52, 100, 67, 57, 111, 100, 71, 49, 115, 76, 71, 70, 119, 99, 71, 120, 112, 89, 50, 70, 48, 97, 87, 57, 117, 76, 51, 104, 111, 100, 71, 49, 115, 75, 51, 104, 116, 98, 67, 120, 104, 99, 72, 66, 115, 97, 87, 78, 104, 100, 71, 108, 118, 98, 105, 57, 52, 98, 87, 119, 55, 99, 84, 48, 119, 76, 106, 107, 115, 75, 105, 56, 113, 79, 51, 69, 57, 77, 67, 52, 52, 111, 82, 66, 85, 98, 109, 57, 117, 90, 97, 69, 83, 87, 71, 53, 104, 100, 109, 108, 110, 89, 88, 82, 108, 65, 65, 103, 65, 70, 81, 65, 107, 65, 67, 56, 65, 83, 119, 66, 83, 65, 71, 69, 65, 99, 65, 66, 121, 65, 72, 115, 65, 102, 81, 68, 89, 65, 78, 111, 65, 51, 65, 68, 101, 65, 83, 65, 66, 73, 103, 69, 110, 65, 83, 107, 65, 65, 65, 65, 65, 65, 65, 65, 67, 65, 81, 65, 65, 65, 65, 65, 65, 65, 65, 65, 84, 65, 65, 65, 65, 65, 65, 65, 65, 65, 65, 65, 65, 65, 65, 65, 65, 65, 65, 65, 66, 77, 103, 61, 61, 81, 49, 88, 110, 97, 118, 105, 103, 97, 116, 101, 95, 16, 88, 77, 111, 122, 105, 108, 108, 97, 47, 53, 46, 48, 32, 40, 77, 97, 99, 105, 110, 116, 111, 115, 104, 59, 32, 73, 110, 116, 101, 108, 32, 77, 97, 99, 32, 79, 83, 32, 88, 32, 49, 48, 95, 49, 53, 95, 55, 41, 32, 65, 112, 112, 108, 101, 87, 101, 98, 75, 105, 116, 47, 54, 48, 53, 46, 49, 46, 49, 53, 32, 40, 75, 72, 84, 77, 76, 44, 32, 108, 105, 107, 101, 32, 71, 101, 99, 107, 111, 41, 88, 100, 111, 99, 117, 109, 101, 110, 116, 210, 129, 130, 179, 180, 95, 16, 19, 78, 83, 77, 117, 116, 97, 98, 108, 101, 68, 105, 99, 116, 105, 111, 110, 97, 114, 121, 163, 179, 181, 133, 92, 78, 83, 68, 105, 99, 116, 105, 111, 110, 97, 114, 121, 211, 145, 146, 50, 183, 189, 163, 165, 184, 185, 186, 187, 188, 128, 33, 128, 34, 128, 35, 128, 36, 128, 37, 165, 190, 191, 191, 193, 191, 128, 38, 128, 39, 128, 39, 128, 40, 128, 39, 128, 31, 95, 16, 42, 95, 107, 67, 70, 72, 84, 84, 80, 67, 111, 111, 107, 105, 101, 80, 111, 108, 105, 99, 121, 80, 114, 111, 112, 101, 114, 116, 121, 83, 105, 116, 101, 70, 111, 114, 67, 111, 111, 107, 105, 101, 115, 95, 16, 48, 95, 107, 67, 70, 72, 84, 84, 80, 67, 111, 111, 107, 105, 101, 80, 111, 108, 105, 99, 121, 80, 114, 111, 112, 101, 114, 116, 121, 73, 115, 84, 111, 112, 76, 101, 118, 101, 108, 78, 97, 118, 105, 103, 97, 116, 105, 111, 110, 95, 16, 21, 87, 75, 86, 101, 114, 121, 76, 111, 119, 76, 111, 97, 100, 80, 114, 105, 111, 114, 105, 116, 121, 95, 16, 24, 95, 107, 67, 70, 85, 82, 76, 67, 97, 99, 104, 101, 80, 97, 114, 116, 105, 116, 105, 111, 110, 75, 101, 121, 95, 16, 32, 107, 67, 70, 85, 82, 76, 82, 101, 113, 117, 101, 115, 116, 65, 108, 108, 111, 119, 65, 108, 108, 80, 79, 83, 84, 67, 97, 99, 104, 105, 110, 103, 95, 16, 36, 104, 116, 116, 112, 58, 47, 47, 49, 50, 55, 46, 48, 46, 48, 46, 49, 58, 54, 53, 51, 52, 49, 47, 100, 111, 119, 110, 108, 111, 97, 100, 45, 115, 108, 111, 119, 16, 1, 89, 49, 50, 55, 46, 48, 46, 48, 46, 49, 210, 146, 50, 205, 209, 163, 83, 207, 208, 128, 13, 128, 42, 128, 43, 128, 44, 16, 12, 16, 5, 210, 129, 130, 213, 214, 87, 78, 83, 65, 114, 114, 97, 121, 162, 213, 133, 210, 129, 130, 216, 217, 95, 16, 19, 78, 83, 77, 117, 116, 97, 98, 108, 101, 85, 82, 76, 82, 101, 113, 117, 101, 115, 116, 163, 218, 219, 133, 95, 16, 19, 78, 83, 77, 117, 116, 97, 98, 108, 101, 85, 82, 76, 82, 101, 113, 117, 101, 115, 116, 92, 78, 83, 85, 82, 76, 82, 101, 113, 117, 101, 115, 116, 0, 8, 0, 17, 0, 26, 0, 36, 0, 41, 0, 50, 0, 55, 0, 73, 0, 76, 0, 106, 0, 108, 0, 157, 0, 163, 1, 22, 1, 49, 1, 70, 1, 104, 1, 127, 1, 141, 1, 174, 1, 196, 1, 231, 2, 10, 2, 22, 2, 57, 2, 92, 2, 121, 2, 156, 2, 191, 2, 226, 3, 5, 3, 40, 3, 75, 3, 110, 3, 135, 3, 170, 3, 210, 3, 232, 4, 10, 4, 43, 4, 68, 4, 97, 4, 131, 4, 173, 4, 207, 4, 222, 4, 232, 4, 255, 5, 33, 5, 84, 5, 128, 5, 135, 5, 169, 5, 196, 5, 227, 6, 5, 6, 24, 6, 45, 6, 79, 6, 107, 6, 110, 6, 147, 6, 160, 6, 171, 6, 174, 6, 204, 6, 238, 6, 241, 7, 21, 7, 55, 7, 57, 7, 58, 7, 60, 7, 61, 7, 62, 7, 64, 7, 66, 7, 68, 7, 70, 7, 72, 7, 74, 7, 76, 7, 78, 7, 80, 7, 82, 7, 84, 7, 86, 7, 88, 7, 89, 7, 91, 7, 92, 7, 93, 7, 95, 7, 96, 7, 97, 7, 106, 7, 108, 7, 110, 7, 112, 7, 114, 7, 115, 7, 117, 7, 118, 7, 119, 7, 121, 7, 123, 7, 125, 7, 127, 7, 128, 7, 130, 7, 132, 7, 134, 7, 135, 7, 136, 7, 137, 7, 139, 7, 140, 7, 142, 7, 144, 7, 145, 7, 147, 7, 148, 7, 155, 7, 163, 7, 175, 7, 177, 7, 179, 7, 181, 7, 220, 7, 225, 7, 236, 7, 245, 7, 251, 7, 254, 8, 7, 8, 16, 8, 23, 8, 25, 8, 27, 8, 29, 8, 68, 8, 69, 8, 72, 8, 74, 8, 78, 8, 85, 8, 93, 8, 104, 8, 112, 8, 114, 8, 116, 8, 118, 8, 120, 8, 122, 8, 124, 8, 126, 8, 134, 8, 136, 8, 138, 8, 140, 8, 142, 8, 144, 8, 146, 8, 148, 8, 150, 8, 157, 8, 172, 8, 181, 8, 209, 8, 224, 8, 235, 8, 250, 9, 60, 9, 65, 11, 65, 11, 67, 11, 76, 11, 167, 11, 176, 11, 181, 11, 203, 11, 207, 11, 220, 11, 227, 11, 233, 11, 235, 11, 237, 11, 239, 11, 241, 11, 243, 11, 249, 11, 251, 11, 253, 11, 255, 12, 1, 12, 3, 12, 5, 12, 50, 12, 101, 12, 125, 12, 152, 12, 187, 12, 226, 12, 228, 12, 238, 12, 243, 12, 247, 12, 249, 12, 251, 12, 253, 12, 255, 13, 1, 13, 3, 13, 8, 13, 16, 13, 19, 13, 24, 13, 46, 13, 50, 13, 72, 0, 0, 0, 0, 0, 0, 2, 1, 0, 0, 0, 0, 0, 0, 0, 220, 0, 0, 0, 0, 0, 0, 0, 0, 0, 0, 0, 0, 0, 0, 13, 85, 128, 14, 95, 16, 36, 104, 116, 116, 112, 58, 47, 47, 49, 50, 55, 46, 48, 46, 48, 46, 49, 58, 54, 53, 51, 52, 49, 47, 100, 111, 119, 110, 108, 111, 97, 100, 45, 115, 108, 111, 119, 95, 16, 22, 115, 99, 114, 121, 105, 110, 103, 45, 100, 111, 119, 110, 108, 111, 97, 100, 45, 50, 46, 98, 105, 110, 18, 0, 1, 0, 0, 95, 16, 28, 34, 115, 99, 114, 121, 105, 110, 103, 45, 116, 101, 115, 116, 45, 101, 116, 97, 103, 45, 100, 101, 97, 100, 98, 101, 101, 102, 34, 16, 6, 95, 16, 29, 77, 111, 110, 44, 32, 48, 49, 32, 74, 97, 110, 32, 50, 48, 50, 52, 32, 48, 48, 58, 48, 48, 58, 48, 48, 32, 71, 77, 84, 210, 55, 56, 74, 75, 95, 16, 19, 78, 83, 77, 117, 116, 97, 98, 108, 101, 68, 105, 99, 116, 105, 111, 110, 97, 114, 121, 163, 74, 76, 60, 92, 78, 83, 68, 105, 99, 116, 105, 111, 110, 97, 114, 121, 0, 8, 0, 17, 0, 26, 0, 36, 0, 41, 0, 50, 0, 55, 0, 73, 0, 76, 0, 106, 0, 108, 0, 135, 0, 141, 0, 148, 0, 156, 0, 167, 0, 174, 0, 185, 0, 187, 0, 189, 0, 191, 0, 193, 0, 195, 0, 197, 0, 199, 0, 201, 0, 203, 0, 205, 0, 216, 0, 218, 0, 220, 0, 222, 0, 224, 0, 226, 0, 228, 0, 230, 0, 232, 0, 234, 0, 236, 0, 238, 1, 16, 1, 45, 1, 80, 1, 116, 1, 142, 1, 179, 1, 213, 1, 243, 2, 19, 2, 58, 2, 174, 2, 179, 2, 187, 9, 227, 9, 229, 9, 234, 9, 245, 9, 254, 10, 12, 10, 16, 10, 23, 10, 32, 10, 37, 26, 39, 26, 41, 26, 46, 41, 95, 41, 97, 41, 136, 41, 161, 41, 166, 41, 197, 41, 199, 41, 231, 41, 236, 42, 2, 42, 6, 0, 0, 0, 0, 0, 0, 2, 1, 0, 0, 0, 0, 0, 0, 0, 77, 0, 0, 0, 0, 0, 0, 0, 0, 0, 0, 0, 0, 0, 0, 42, 19]) }
2026-10-07T01:07:50.2450130Z demo-mac: download-test: phase E: DownloadCancelled with 10957 bytes of resume_data
2026-10-07T01:07:50.2450760Z demo-mac: download-test: phase E: resume_download issued, resumed id = 5
2026-10-07T01:07:50.2452200Z demo-mac: nav event: DownloadStarted { id: DownloadId(5), url: "", suggested_filename: "scrying-download-2.bin", destination_path: "/Users/markik/Code/targets/wgpu-scry-hardware/demo-mac-download-test-25658/download-output/scrying-download-2.bin", total_bytes_expected: None }
2026-10-07T01:07:50.2453570Z demo-mac: nav event: DownloadProgress { id: DownloadId(5), bytes_written: 262144, total_bytes_expected: None }
2026-10-07T01:07:50.2454680Z demo-mac: nav event: DownloadFinished { id: DownloadId(5), destination_path: "/Users/markik/Code/targets/wgpu-scry-hardware/demo-mac-download-test-25658/download-output/scrying-download-2.bin", error: None }
2026-10-07T01:07:50.2455820Z demo-mac: download-test: phase E: resumed download produced 262144 bytes matching the expected payload
2026-10-07T01:07:50.2456690Z demo-mac: download-test: PASS — item 8 download pipeline verified
2026-10-07T01:07:50.2457370Z   - basic: DownloadStarted/Progress/Finished events landed with id 1 and bytes match served payload
2026-10-07T01:07:50.2458100Z   - host Cancel decision: DownloadCancelled fired (no Started, no Finished) for id 2
2026-10-07T01:07:50.2458670Z   - cancel_download(unknown_id): returned Ok(false) as expected
2026-10-07T01:07:50.2459460Z   - basic-auth download via start_download: shared auth handler supplied credentials, download succeeded (download-level auth callback fired = true)
2026-10-07T01:07:50.2460530Z   - resume: cancelled mid-stream (id 4), resume_download produced complete bytes (resumed id 5)
2026-10-07T01:07:50.2461050Z   -> PASS
2026-10-07T01:07:50.2461210Z 
2026-10-07T01:07:50.2461320Z ==> --profile-test
2026-10-07T01:07:51.1385830Z demo-mac: --profile-test: spun up persistent counterpart at same data_dir
2026-10-07T01:07:51.1386620Z demo-mac: profile-test: set_cookie 'scrying-profile-25783' on producer #1
2026-10-07T01:07:51.1387240Z demo-mac: profile-test: producer #1 store reports 1 cookie(s)
2026-10-07T01:07:51.1387770Z demo-mac: profile-test: producer #2 store reports 1 cookie(s)
2026-10-07T01:07:51.1388570Z demo-mac: profile-test: PASS — persistent stores at the same data_dir share cookies
2026-10-07T01:07:51.1389210Z   - set_cookie on producer #1 was visible to its own request_all_cookies
2026-10-07T01:07:51.1389800Z   - same cookie was visible to a separate persistent producer at the same data_dir
2026-10-07T01:07:51.1423630Z   -> PASS
2026-10-07T01:07:51.1455790Z 
2026-10-07T01:07:51.1456190Z ==> --two-tabs
2026-10-07T01:07:59.8457390Z demo-mac: --two-tabs: spun up second producer
2026-10-07T01:07:59.8458080Z demo-mac: nav event: Starting { url: "scrying-test://history-1" }
2026-10-07T01:07:59.8458680Z demo-mac: nav event: SourceChanged { url: "scrying-test://history-1" }
2026-10-07T01:07:59.8459340Z demo-mac: nav event: Completed { url: "scrying-test://history-1", success: true }
2026-10-07T01:07:59.8459870Z demo-mac: js->host: loaded:history-1
2026-10-07T01:07:59.8461020Z demo-mac: [tab2] nav event: Starting { url: "scrying-test://history-2" }
2026-10-07T01:07:59.8461660Z demo-mac: [tab2] nav event: SourceChanged { url: "scrying-test://history-2" }
2026-10-07T01:07:59.8462170Z demo-mac: [tab2] js->host: loaded:history-2
2026-10-07T01:07:59.8462680Z demo-mac: [tab2] nav event: Completed { url: "scrying-test://history-2", success: true }
2026-10-07T01:07:59.8463700Z demo-mac: two-tabs: PASS — multi-instance independence verified (3 tab-1 urls, 3 tab-2 urls, no cross-talk)
2026-10-07T01:07:59.8495070Z   -> PASS
2026-10-07T01:07:59.8530210Z 
2026-10-07T01:07:59.8530730Z ==> --capture-test
2026-10-07T01:08:33.5856510Z demo-mac: started loading scrying-test://capture
2026-10-07T01:08:33.5857130Z demo-mac: headed capture window activation requested
2026-10-07T01:08:33.5857560Z demo-mac: nav event: Starting { url: "scrying-test://capture" }
2026-10-07T01:08:33.5858790Z demo-mac: nav event: SourceChanged { url: "scrying-test://capture" }
2026-10-07T01:08:33.5859340Z demo-mac: nav event: Completed { url: "scrying-test://capture", success: true }
2026-10-07T01:08:33.5859790Z demo-mac: start_capture_async kicked off
2026-10-07T01:08:33.5860370Z demo-mac: capture activity at 0.00s: frames=0, complete=1, idle=0, visible=Some(true), minimized=Some(false), focused=false
2026-10-07T01:08:33.5861190Z demo-mac: capture activity at 1.00s: frames=2, complete=2, idle=40, visible=Some(true), minimized=Some(false), focused=false
2026-10-07T01:08:33.5862010Z demo-mac: capture activity at 2.00s: frames=2, complete=2, idle=99, visible=Some(true), minimized=Some(false), focused=false
2026-10-07T01:08:33.5862840Z demo-mac: capture activity at 3.00s: frames=2, complete=2, idle=157, visible=Some(true), minimized=Some(false), focused=false
2026-10-07T01:08:33.5863660Z demo-mac: capture activity at 4.00s: frames=2, complete=2, idle=215, visible=Some(true), minimized=Some(false), focused=false
2026-10-07T01:08:33.5864490Z demo-mac: capture activity at 5.00s: frames=2, complete=2, idle=273, visible=Some(true), minimized=Some(false), focused=false
2026-10-07T01:08:33.5865310Z demo-mac: capture activity at 6.00s: frames=2, complete=2, idle=331, visible=Some(true), minimized=Some(false), focused=false
2026-10-07T01:08:33.5866130Z demo-mac: capture activity at 7.00s: frames=2, complete=2, idle=389, visible=Some(true), minimized=Some(false), focused=false
2026-10-07T01:08:33.5866950Z demo-mac: capture activity at 8.00s: frames=2, complete=2, idle=447, visible=Some(true), minimized=Some(false), focused=false
2026-10-07T01:08:33.5867780Z demo-mac: capture activity at 9.00s: frames=2, complete=2, idle=506, visible=Some(true), minimized=Some(false), focused=false
2026-10-07T01:08:33.5868610Z demo-mac: capture activity at 10.00s: frames=2, complete=2, idle=564, visible=Some(true), minimized=Some(false), focused=false
2026-10-07T01:08:33.5869430Z demo-mac: capture activity at 11.00s: frames=2, complete=2, idle=622, visible=Some(true), minimized=Some(false), focused=false
2026-10-07T01:08:33.5870270Z demo-mac: capture activity at 12.00s: frames=2, complete=2, idle=681, visible=Some(true), minimized=Some(false), focused=false
2026-10-07T01:08:33.5871190Z demo-mac: capture activity at 13.00s: frames=2, complete=2, idle=739, visible=Some(true), minimized=Some(false), focused=false
2026-10-07T01:08:33.5871990Z demo-mac: capture activity at 14.00s: frames=2, complete=2, idle=797, visible=Some(true), minimized=Some(false), focused=false
2026-10-07T01:08:33.5872810Z demo-mac: capture activity at 15.00s: frames=2, complete=2, idle=855, visible=Some(true), minimized=Some(false), focused=false
2026-10-07T01:08:33.5873610Z demo-mac: capture activity at 16.00s: frames=2, complete=2, idle=914, visible=Some(true), minimized=Some(false), focused=false
2026-10-07T01:08:33.5874410Z demo-mac: capture activity at 17.00s: frames=2, complete=2, idle=972, visible=Some(true), minimized=Some(false), focused=false
2026-10-07T01:08:33.5875720Z demo-mac: capture activity at 18.00s: frames=2, complete=2, idle=1030, visible=Some(true), minimized=Some(false), focused=false
2026-10-07T01:08:33.5876560Z demo-mac: capture activity at 19.00s: frames=2, complete=2, idle=1088, visible=Some(true), minimized=Some(false), focused=false
2026-10-07T01:08:33.5877370Z demo-mac: capture activity at 20.00s: frames=2, complete=2, idle=1146, visible=Some(true), minimized=Some(false), focused=false
2026-10-07T01:08:33.5878190Z demo-mac: capture activity at 21.00s: frames=2, complete=2, idle=1205, visible=Some(true), minimized=Some(false), focused=false
2026-10-07T01:08:33.5879000Z demo-mac: capture activity at 22.00s: frames=2, complete=2, idle=1263, visible=Some(true), minimized=Some(false), focused=false
2026-10-07T01:08:33.5879810Z demo-mac: capture activity at 23.00s: frames=2, complete=2, idle=1321, visible=Some(true), minimized=Some(false), focused=false
2026-10-07T01:08:33.5880630Z demo-mac: capture activity at 24.00s: frames=2, complete=2, idle=1379, visible=Some(true), minimized=Some(false), focused=false
2026-10-07T01:08:33.5881630Z demo-mac: capture activity at 25.00s: frames=2, complete=2, idle=1437, visible=Some(true), minimized=Some(false), focused=false
2026-10-07T01:08:33.5882520Z demo-mac: capture activity at 26.00s: frames=2, complete=2, idle=1496, visible=Some(true), minimized=Some(false), focused=false
2026-10-07T01:08:33.5883300Z demo-mac: capture activity at 27.00s: frames=2, complete=2, idle=1554, visible=Some(true), minimized=Some(false), focused=false
2026-10-07T01:08:33.5884070Z demo-mac: capture activity at 28.00s: frames=2, complete=2, idle=1612, visible=Some(true), minimized=Some(false), focused=false
2026-10-07T01:08:33.5884840Z demo-mac: capture activity at 29.00s: frames=2, complete=2, idle=1671, visible=Some(true), minimized=Some(false), focused=false
2026-10-07T01:08:33.5885380Z demo-mac: capture-test: FAIL
2026-10-07T01:08:33.5885760Z   - captured 2 frame(s) within 30s without observing 5 frame(s) at every expected size
2026-10-07T01:08:33.5886210Z   - observed 2 frame(s) at 1024x1536, expected at least 5
2026-10-07T01:08:33.5886910Z   - pre-import frame diagnostics: no-latest-sample=565807, no-image-payload=1729, config-revision-pending=0, source-dimension-mismatch=0, empty-crop=0
2026-10-07T01:08:33.5887820Z   - SCK frame statuses: missing=0, complete=2, idle=1729, blank=0, suspended=0, started=0, stopped=0, unknown=0, last=Some(1)
2026-10-07T01:08:33.5888830Z   - capture revisions: requested=0, applied=0; last source dimensions=Some(PhysicalSize { width: 2048, height: 1592 }), expected host dimensions=Some(PhysicalSize { width: 2048, height: 1592 })
2026-10-07T01:08:33.5895310Z   -> FAIL (PASS receipt absent)
2026-10-07T01:08:33.5929760Z 
2026-10-07T01:08:33.5930160Z ==> --capture-test+resize
2026-10-07T01:09:07.2075820Z demo-mac: started loading scrying-test://capture
2026-10-07T01:09:07.2076250Z demo-mac: headed capture window activation requested
2026-10-07T01:09:07.2076680Z demo-mac: nav event: Starting { url: "scrying-test://capture" }
2026-10-07T01:09:07.2077210Z demo-mac: nav event: SourceChanged { url: "scrying-test://capture" }
2026-10-07T01:09:07.2077750Z demo-mac: nav event: Completed { url: "scrying-test://capture", success: true }
2026-10-07T01:09:07.2078200Z demo-mac: start_capture_async kicked off
2026-10-07T01:09:07.2078760Z demo-mac: capture activity at 0.00s: frames=0, complete=1, idle=0, visible=Some(true), minimized=Some(false), focused=false
2026-10-07T01:09:07.2079590Z demo-mac: capture activity at 1.00s: frames=2, complete=2, idle=45, visible=Some(true), minimized=Some(false), focused=false
2026-10-07T01:09:07.2080420Z demo-mac: capture activity at 2.00s: frames=2, complete=2, idle=104, visible=Some(true), minimized=Some(false), focused=false
2026-10-07T01:09:07.2081240Z demo-mac: capture activity at 3.00s: frames=2, complete=2, idle=162, visible=Some(true), minimized=Some(false), focused=false
2026-10-07T01:09:07.2082070Z demo-mac: capture activity at 4.00s: frames=2, complete=2, idle=220, visible=Some(true), minimized=Some(false), focused=false
2026-10-07T01:09:07.2083360Z demo-mac: capture activity at 5.00s: frames=2, complete=2, idle=278, visible=Some(true), minimized=Some(false), focused=false
2026-10-07T01:09:07.2084240Z demo-mac: resize-test step 0 → request logical inner_size = 1280x800
2026-10-07T01:09:07.2084910Z demo-mac: capture activity at 6.00s: frames=2, complete=2, idle=337, visible=Some(true), minimized=Some(false), focused=false
2026-10-07T01:09:07.2085740Z demo-mac: capture activity at 7.00s: frames=6, complete=6, idle=383, visible=Some(true), minimized=Some(false), focused=false
2026-10-07T01:09:07.2086560Z demo-mac: capture activity at 8.00s: frames=6, complete=6, idle=442, visible=Some(true), minimized=Some(false), focused=false
2026-10-07T01:09:07.2087380Z demo-mac: capture activity at 9.00s: frames=6, complete=6, idle=500, visible=Some(true), minimized=Some(false), focused=false
2026-10-07T01:09:07.2088100Z demo-mac: resize-test step 1 → request logical inner_size = 768x600
2026-10-07T01:09:07.2089010Z demo-mac: capture activity at 10.00s: frames=6, complete=6, idle=558, visible=Some(true), minimized=Some(false), focused=false
2026-10-07T01:09:07.2089950Z demo-mac: capture activity at 11.00s: frames=9, complete=10, idle=605, visible=Some(true), minimized=Some(false), focused=false
2026-10-07T01:09:07.2090770Z demo-mac: capture activity at 12.00s: frames=9, complete=10, idle=664, visible=Some(true), minimized=Some(false), focused=false
2026-10-07T01:09:07.2091580Z demo-mac: capture activity at 13.00s: frames=9, complete=10, idle=722, visible=Some(true), minimized=Some(false), focused=false
2026-10-07T01:09:07.2092290Z demo-mac: resize-test step 2 → request logical inner_size = 1024x700
2026-10-07T01:09:07.2093090Z demo-mac: capture activity at 14.01s: frames=9, complete=10, idle=780, visible=Some(true), minimized=Some(false), focused=false
2026-10-07T01:09:07.2093920Z demo-mac: capture activity at 15.01s: frames=12, complete=13, idle=827, visible=Some(true), minimized=Some(false), focused=false
2026-10-07T01:09:07.2094760Z demo-mac: capture activity at 16.01s: frames=12, complete=13, idle=885, visible=Some(true), minimized=Some(false), focused=false
2026-10-07T01:09:07.2095600Z demo-mac: capture activity at 17.01s: frames=12, complete=13, idle=943, visible=Some(true), minimized=Some(false), focused=false
2026-10-07T01:09:07.2096460Z demo-mac: capture activity at 18.01s: frames=12, complete=13, idle=1001, visible=Some(true), minimized=Some(false), focused=false
2026-10-07T01:09:07.2097300Z demo-mac: capture activity at 19.01s: frames=12, complete=13, idle=1059, visible=Some(true), minimized=Some(false), focused=false
2026-10-07T01:09:07.2098140Z demo-mac: capture activity at 20.01s: frames=12, complete=13, idle=1118, visible=Some(true), minimized=Some(false), focused=false
2026-10-07T01:09:07.2098980Z demo-mac: capture activity at 21.01s: frames=12, complete=13, idle=1176, visible=Some(true), minimized=Some(false), focused=false
2026-10-07T01:09:07.2099820Z demo-mac: capture activity at 22.01s: frames=12, complete=13, idle=1234, visible=Some(true), minimized=Some(false), focused=false
2026-10-07T01:09:07.2100650Z demo-mac: capture activity at 23.01s: frames=12, complete=13, idle=1292, visible=Some(true), minimized=Some(false), focused=false
2026-10-07T01:09:07.2101500Z demo-mac: capture activity at 24.01s: frames=12, complete=13, idle=1351, visible=Some(true), minimized=Some(false), focused=false
2026-10-07T01:09:07.2102340Z demo-mac: capture activity at 25.01s: frames=12, complete=13, idle=1409, visible=Some(true), minimized=Some(false), focused=false
2026-10-07T01:09:07.2103280Z demo-mac: capture activity at 26.01s: frames=12, complete=13, idle=1467, visible=Some(true), minimized=Some(false), focused=false
2026-10-07T01:09:07.2104100Z demo-mac: capture activity at 27.01s: frames=12, complete=13, idle=1525, visible=Some(true), minimized=Some(false), focused=false
2026-10-07T01:09:07.2104920Z demo-mac: capture activity at 28.01s: frames=12, complete=13, idle=1583, visible=Some(true), minimized=Some(false), focused=false
2026-10-07T01:09:07.2105980Z demo-mac: capture activity at 29.01s: frames=12, complete=13, idle=1642, visible=Some(true), minimized=Some(false), focused=false
2026-10-07T01:09:07.2106560Z demo-mac: capture-test: FAIL
2026-10-07T01:09:07.2106960Z   - captured 12 frame(s) within 30s without observing 3 frame(s) at every expected size
2026-10-07T01:09:07.2107450Z   - observed 2 frame(s) at 1024x1536, expected at least 3
2026-10-07T01:09:07.2108180Z   - pre-import frame diagnostics: no-latest-sample=558696, no-image-payload=1700, config-revision-pending=1, source-dimension-mismatch=0, empty-crop=0
2026-10-07T01:09:07.2109130Z   - SCK frame statuses: missing=0, complete=13, idle=1700, blank=0, suspended=0, started=0, stopped=0, unknown=0, last=Some(1)
2026-10-07T01:09:07.2110180Z   - capture revisions: requested=3, applied=3; last source dimensions=Some(PhysicalSize { width: 2048, height: 1456 }), expected host dimensions=Some(PhysicalSize { width: 2048, height: 1456 })
2026-10-07T01:09:07.2119160Z   -> FAIL (PASS receipt absent)
2026-10-07T01:09:07.2156510Z 
2026-10-07T01:09:07.2156840Z ==> summary
2026-10-07T01:09:07.2157100Z   passed: 8 / 10
2026-10-07T01:09:07.2157320Z   failed: 2
2026-10-07T01:09:07.2157530Z     - --capture-test
2026-10-07T01:09:07.2157780Z     - --capture-test+resize
2026-10-07T01:09:07.3709750Z ##[error]Process completed with exit code 1.
2026-10-07T01:09:07.3794240Z ##[group]Run bash scripts/test-mac.sh
2026-10-07T01:09:07.3794630Z [36;1mbash scripts/test-mac.sh[0m
2026-10-07T01:09:07.3813270Z shell: /bin/bash -e {0}
2026-10-07T01:09:07.3813520Z env:
2026-10-07T01:09:07.3813730Z   CARGO_NET_GIT_FETCH_WITH_CLI: true
2026-10-07T01:09:07.3814010Z   RUSTFLAGS: -D warnings
2026-10-07T01:09:07.3814340Z   CARGO_TARGET_DIR: /Users/markik/Code/targets/wgpu-scry-hardware
2026-10-07T01:09:07.3814700Z   CAPTURE: 1
2026-10-07T01:09:07.3814900Z   TIMEOUT: 90
2026-10-07T01:09:07.3815090Z   VISIBLE: 1
2026-10-07T01:09:07.3815300Z   CARGO_HOME: /Users/markik/.cargo
2026-10-07T01:09:07.3815580Z   CARGO_INCREMENTAL: 0
2026-10-07T01:09:07.3815810Z   CARGO_TERM_COLOR: always
2026-10-07T01:09:07.3816050Z   CAPTURE_ACTIVITY: 1
2026-10-07T01:09:07.3816260Z ##[endgroup]
2026-10-07T01:09:09.4129620Z ==> ScreenCaptureKit display-awake hold active
2026-10-07T01:09:09.4132250Z ==> building demo-mac
2026-10-07T01:09:10.4001040Z ==> code-signing identity: -
2026-10-07T01:09:10.4134670Z Executable=/Users/markik/Code/targets/wgpu-scry-hardware/debug/scry-demo-mac-hardware.app/Contents/MacOS/demo-mac
2026-10-07T01:09:10.4135540Z designated => identifier "org.merely.scry.hardware-demo"
2026-10-07T01:09:10.4139120Z ==> LaunchServices app: /Users/markik/Code/targets/wgpu-scry-hardware/debug/scry-demo-mac-hardware.app
2026-10-07T01:09:10.4141990Z 
2026-10-07T01:09:10.4142250Z ==> --capture-test
2026-10-07T01:09:44.7299550Z demo-mac: started loading scrying-test://capture?activity=1
2026-10-07T01:09:44.7300210Z demo-mac: headed capture window activation requested
2026-10-07T01:09:44.7300830Z demo-mac: nav event: Starting { url: "scrying-test://capture?activity=1" }
2026-10-07T01:09:44.7301480Z demo-mac: nav event: SourceChanged { url: "scrying-test://capture?activity=1" }
2026-10-07T01:09:44.7302160Z demo-mac: nav event: Completed { url: "scrying-test://capture?activity=1", success: true }
2026-10-07T01:09:44.7303400Z demo-mac: js->host: capture-activity:{"kind":"ready","elapsedMs":4,"visibility":"hidden","focused":false,"viewport":[512,768,2],"animationFrames":0,"timerTicks":0,"background":"rgb(23, 97, 181)","animations":[{"state":"running","currentTime":0}]}
2026-10-07T01:09:44.7305130Z demo-mac: js->host: capture-activity:{"kind":"timer","elapsedMs":1004,"visibility":"hidden","focused":false,"viewport":[512,768,2],"animationFrames":0,"timerTicks":1,"background":"rgb(23, 97, 181)","animations":[{"state":"running","currentTime":0}]}
2026-10-07T01:09:44.7306830Z demo-mac: js->host: capture-activity:{"kind":"timer","elapsedMs":2005,"visibility":"hidden","focused":false,"viewport":[512,768,2],"animationFrames":0,"timerTicks":2,"background":"rgb(23, 97, 181)","animations":[{"state":"running","currentTime":0}]}
2026-10-07T01:09:44.7307870Z demo-mac: start_capture_async kicked off
2026-10-07T01:09:44.7308900Z demo-mac: js->host: capture-activity:{"kind":"timer","elapsedMs":3005,"visibility":"hidden","focused":false,"viewport":[512,768,2],"animationFrames":0,"timerTicks":3,"background":"rgb(23, 97, 181)","animations":[{"state":"running","currentTime":0}]}
2026-10-07T01:09:44.7310200Z demo-mac: capture activity at 0.00s: frames=0, complete=1, idle=0, visible=Some(true), minimized=Some(false), focused=false
2026-10-07T01:09:44.7311130Z demo-mac: capture activity at 1.00s: frames=2, complete=2, idle=33, visible=Some(true), minimized=Some(false), focused=false
2026-10-07T01:09:44.7312420Z demo-mac: js->host: capture-activity:{"kind":"timer","elapsedMs":4081,"visibility":"hidden","focused":false,"viewport":[512,768,2],"animationFrames":0,"timerTicks":4,"background":"rgb(23, 97, 181)","animations":[{"state":"running","currentTime":0}]}
2026-10-07T01:09:44.7314510Z demo-mac: capture activity at 2.00s: frames=2, complete=2, idle=91, visible=Some(true), minimized=Some(false), focused=false
2026-10-07T01:09:44.7316410Z demo-mac: js->host: capture-activity:{"kind":"timer","elapsedMs":5081,"visibility":"hidden","focused":false,"viewport":[512,768,2],"animationFrames":0,"timerTicks":5,"background":"rgb(23, 97, 181)","animations":[{"state":"running","currentTime":0}]}
2026-10-07T01:09:44.7318110Z demo-mac: capture activity at 3.00s: frames=2, complete=2, idle=150, visible=Some(true), minimized=Some(false), focused=false
2026-10-07T01:09:44.7319430Z demo-mac: js->host: capture-activity:{"kind":"timer","elapsedMs":6181,"visibility":"hidden","focused":false,"viewport":[512,768,2],"animationFrames":0,"timerTicks":6,"background":"rgb(23, 97, 181)","animations":[{"state":"running","currentTime":0}]}
2026-10-07T01:09:44.7320730Z demo-mac: capture activity at 4.00s: frames=2, complete=2, idle=208, visible=Some(true), minimized=Some(false), focused=false
2026-10-07T01:09:44.7321630Z demo-mac: capture activity at 5.00s: frames=2, complete=2, idle=266, visible=Some(true), minimized=Some(false), focused=false
2026-10-07T01:09:44.7322540Z demo-mac: capture activity at 6.00s: frames=2, complete=2, idle=324, visible=Some(true), minimized=Some(false), focused=false
2026-10-07T01:09:44.7323440Z demo-mac: capture activity at 7.00s: frames=2, complete=2, idle=383, visible=Some(true), minimized=Some(false), focused=false
2026-10-07T01:09:44.7324360Z demo-mac: capture activity at 8.00s: frames=2, complete=2, idle=441, visible=Some(true), minimized=Some(false), focused=false
2026-10-07T01:09:44.7325250Z demo-mac: capture activity at 9.00s: frames=2, complete=2, idle=499, visible=Some(true), minimized=Some(false), focused=false
2026-10-07T01:09:44.7326150Z demo-mac: capture activity at 10.00s: frames=2, complete=2, idle=557, visible=Some(true), minimized=Some(false), focused=false
2026-10-07T01:09:44.7327050Z demo-mac: capture activity at 11.00s: frames=2, complete=2, idle=615, visible=Some(true), minimized=Some(false), focused=false
2026-10-07T01:09:44.7327960Z demo-mac: capture activity at 12.00s: frames=2, complete=2, idle=673, visible=Some(true), minimized=Some(false), focused=false
2026-10-07T01:09:44.7328950Z demo-mac: capture activity at 13.00s: frames=2, complete=2, idle=732, visible=Some(true), minimized=Some(false), focused=false
2026-10-07T01:09:44.7330010Z demo-mac: capture activity at 14.00s: frames=2, complete=2, idle=790, visible=Some(true), minimized=Some(false), focused=false
2026-10-07T01:09:44.7330950Z demo-mac: capture activity at 15.00s: frames=2, complete=2, idle=848, visible=Some(true), minimized=Some(false), focused=false
2026-10-07T01:09:44.7331840Z demo-mac: capture activity at 16.00s: frames=2, complete=2, idle=906, visible=Some(true), minimized=Some(false), focused=false
2026-10-07T01:09:44.7332780Z demo-mac: capture activity at 17.00s: frames=2, complete=2, idle=964, visible=Some(true), minimized=Some(false), focused=false
2026-10-07T01:09:44.7333680Z demo-mac: capture activity at 18.00s: frames=2, complete=2, idle=1022, visible=Some(true), minimized=Some(false), focused=false
2026-10-07T01:09:44.7334590Z demo-mac: capture activity at 19.00s: frames=2, complete=2, idle=1080, visible=Some(true), minimized=Some(false), focused=false
2026-10-07T01:09:44.7335500Z demo-mac: capture activity at 20.00s: frames=2, complete=2, idle=1138, visible=Some(true), minimized=Some(false), focused=false
2026-10-07T01:09:44.7336430Z demo-mac: capture activity at 21.00s: frames=2, complete=2, idle=1197, visible=Some(true), minimized=Some(false), focused=false
2026-10-07T01:09:44.7337330Z demo-mac: capture activity at 22.00s: frames=2, complete=2, idle=1255, visible=Some(true), minimized=Some(false), focused=false
2026-10-07T01:09:44.7338250Z demo-mac: capture activity at 23.00s: frames=2, complete=2, idle=1313, visible=Some(true), minimized=Some(false), focused=false
2026-10-07T01:09:44.7339150Z demo-mac: capture activity at 24.00s: frames=2, complete=2, idle=1371, visible=Some(true), minimized=Some(false), focused=false
2026-10-07T01:09:44.7340360Z demo-mac: capture activity at 25.00s: frames=2, complete=2, idle=1429, visible=Some(true), minimized=Some(false), focused=false
2026-10-07T01:09:44.7341270Z demo-mac: capture activity at 26.00s: frames=2, complete=2, idle=1488, visible=Some(true), minimized=Some(false), focused=false
2026-10-07T01:09:44.7342530Z demo-mac: capture activity at 27.00s: frames=2, complete=2, idle=1546, visible=Some(true), minimized=Some(false), focused=false
2026-10-07T01:09:44.7343440Z demo-mac: capture activity at 28.00s: frames=2, complete=2, idle=1604, visible=Some(true), minimized=Some(false), focused=false
2026-10-07T01:09:44.7344360Z demo-mac: capture activity at 29.00s: frames=2, complete=2, idle=1662, visible=Some(true), minimized=Some(false), focused=false
2026-10-07T01:09:44.7345010Z demo-mac: capture-test: FAIL
2026-10-07T01:09:44.7345500Z   - captured 2 frame(s) within 30s without observing 5 frame(s) at every expected size
2026-10-07T01:09:44.7346070Z   - observed 2 frame(s) at 1024x1536, expected at least 5
2026-10-07T01:09:44.7346890Z   - pre-import frame diagnostics: no-latest-sample=552953, no-image-payload=1720, config-revision-pending=0, source-dimension-mismatch=0, empty-crop=0
2026-10-07T01:09:44.7347970Z   - SCK frame statuses: missing=0, complete=2, idle=1720, blank=0, suspended=0, started=0, stopped=0, unknown=0, last=Some(1)
2026-10-07T01:09:44.7349130Z   - capture revisions: requested=0, applied=0; last source dimensions=Some(PhysicalSize { width: 2048, height: 1592 }), expected host dimensions=Some(PhysicalSize { width: 2048, height: 1592 })
2026-10-07T01:09:44.7350020Z   -> FAIL (PASS receipt absent)
2026-10-07T01:09:44.7373840Z 
2026-10-07T01:09:44.7374310Z ==> --capture-test+resize
2026-10-07T01:10:18.3700390Z demo-mac: started loading scrying-test://capture?activity=1
2026-10-07T01:10:18.3700940Z demo-mac: headed capture window activation requested
2026-10-07T01:10:18.3701520Z demo-mac: nav event: Starting { url: "scrying-test://capture?activity=1" }
2026-10-07T01:10:18.3702190Z demo-mac: nav event: SourceChanged { url: "scrying-test://capture?activity=1" }
2026-10-07T01:10:18.3702910Z demo-mac: nav event: Completed { url: "scrying-test://capture?activity=1", success: true }
2026-10-07T01:10:18.3704140Z demo-mac: js->host: capture-activity:{"kind":"ready","elapsedMs":3,"visibility":"hidden","focused":false,"viewport":[512,768,2],"animationFrames":0,"timerTicks":0,"background":"rgb(23, 97, 181)","animations":[{"state":"running","currentTime":0}]}
2026-10-07T01:10:18.3705860Z demo-mac: js->host: capture-activity:{"kind":"timer","elapsedMs":1003,"visibility":"hidden","focused":false,"viewport":[512,768,2],"animationFrames":0,"timerTicks":1,"background":"rgb(23, 97, 181)","animations":[{"state":"running","currentTime":0}]}
2026-10-07T01:10:18.3707540Z demo-mac: js->host: capture-activity:{"kind":"timer","elapsedMs":2004,"visibility":"hidden","focused":false,"viewport":[512,768,2],"animationFrames":0,"timerTicks":2,"background":"rgb(23, 97, 181)","animations":[{"state":"running","currentTime":0}]}
2026-10-07T01:10:18.3708640Z demo-mac: start_capture_async kicked off
2026-10-07T01:10:18.3709670Z demo-mac: js->host: capture-activity:{"kind":"timer","elapsedMs":3004,"visibility":"hidden","focused":false,"viewport":[512,768,2],"animationFrames":0,"timerTicks":3,"background":"rgb(23, 97, 181)","animations":[{"state":"running","currentTime":0}]}
2026-10-07T01:10:18.3710970Z demo-mac: capture activity at 0.00s: frames=0, complete=1, idle=0, visible=Some(true), minimized=Some(false), focused=false
2026-10-07T01:10:18.3712270Z demo-mac: js->host: capture-activity:{"kind":"timer","elapsedMs":4010,"visibility":"hidden","focused":false,"viewport":[512,768,2],"animationFrames":0,"timerTicks":4,"background":"rgb(23, 97, 181)","animations":[{"state":"running","currentTime":0}]}
2026-10-07T01:10:18.3713550Z demo-mac: capture activity at 1.00s: frames=2, complete=2, idle=49, visible=Some(true), minimized=Some(false), focused=false
2026-10-07T01:10:18.3715150Z demo-mac: capture activity at 2.00s: frames=2, complete=2, idle=107, visible=Some(true), minimized=Some(false), focused=false
2026-10-07T01:10:18.3716850Z demo-mac: js->host: capture-activity:{"kind":"timer","elapsedMs":5097,"visibility":"hidden","focused":false,"viewport":[512,768,2],"animationFrames":0,"timerTicks":5,"background":"rgb(23, 97, 181)","animations":[{"state":"running","currentTime":0}]}
2026-10-07T01:10:18.3718160Z demo-mac: capture activity at 3.00s: frames=2, complete=2, idle=166, visible=Some(true), minimized=Some(false), focused=false
2026-10-07T01:10:18.3719450Z demo-mac: js->host: capture-activity:{"kind":"timer","elapsedMs":6110,"visibility":"hidden","focused":false,"viewport":[512,768,2],"animationFrames":0,"timerTicks":6,"background":"rgb(23, 97, 181)","animations":[{"state":"running","currentTime":0}]}
2026-10-07T01:10:18.3720740Z demo-mac: capture activity at 4.00s: frames=2, complete=2, idle=224, visible=Some(true), minimized=Some(false), focused=false
2026-10-07T01:10:18.3721680Z demo-mac: capture activity at 5.00s: frames=2, complete=2, idle=282, visible=Some(true), minimized=Some(false), focused=false
2026-10-07T01:10:18.3722700Z demo-mac: resize-test step 0 → request logical inner_size = 1280x800
2026-10-07T01:10:18.3723430Z demo-mac: capture activity at 6.00s: frames=2, complete=2, idle=341, visible=Some(true), minimized=Some(false), focused=false
2026-10-07T01:10:18.3724720Z demo-mac: js->host: capture-activity:{"kind":"timer","elapsedMs":9019,"visibility":"hidden","focused":false,"viewport":[512,768,2],"animationFrames":0,"timerTicks":7,"background":"rgb(23, 97, 181)","animations":[{"state":"running","currentTime":0}]}
2026-10-07T01:10:18.3726400Z demo-mac: js->host: capture-activity:{"kind":"resize","elapsedMs":9020,"visibility":"hidden","focused":false,"viewport":[640,800,2],"animationFrames":0,"timerTicks":7,"background":"rgb(23, 97, 181)","animations":[{"state":"running","currentTime":0}]}
2026-10-07T01:10:18.3727710Z demo-mac: capture activity at 7.00s: frames=5, complete=6, idle=390, visible=Some(true), minimized=Some(false), focused=false
2026-10-07T01:10:18.3729040Z demo-mac: js->host: capture-activity:{"kind":"timer","elapsedMs":10597,"visibility":"hidden","focused":false,"viewport":[640,800,2],"animationFrames":0,"timerTicks":8,"background":"rgb(23, 97, 181)","animations":[{"state":"running","currentTime":0}]}
2026-10-07T01:10:18.3730340Z demo-mac: capture activity at 8.00s: frames=5, complete=6, idle=448, visible=Some(true), minimized=Some(false), focused=false
2026-10-07T01:10:18.3731230Z demo-mac: capture activity at 9.00s: frames=5, complete=6, idle=507, visible=Some(true), minimized=Some(false), focused=false
2026-10-07T01:10:18.3732520Z demo-mac: js->host: capture-activity:{"kind":"timer","elapsedMs":12597,"visibility":"hidden","focused":false,"viewport":[640,800,2],"animationFrames":0,"timerTicks":9,"background":"rgb(23, 97, 181)","animations":[{"state":"running","currentTime":0}]}
2026-10-07T01:10:18.3733740Z demo-mac: resize-test step 1 → request logical inner_size = 768x600
2026-10-07T01:10:18.3734900Z demo-mac: js->host: capture-activity:{"kind":"resize","elapsedMs":13018,"visibility":"hidden","focused":false,"viewport":[384,600,2],"animationFrames":0,"timerTicks":9,"background":"rgb(23, 97, 181)","animations":[{"state":"running","currentTime":0}]}
2026-10-07T01:10:18.3736220Z demo-mac: capture activity at 10.00s: frames=5, complete=6, idle=565, visible=Some(true), minimized=Some(false), focused=false
2026-10-07T01:10:18.3737130Z demo-mac: capture activity at 11.00s: frames=8, complete=9, idle=615, visible=Some(true), minimized=Some(false), focused=false
2026-10-07T01:10:18.3738440Z demo-mac: js->host: capture-activity:{"kind":"timer","elapsedMs":14597,"visibility":"hidden","focused":false,"viewport":[384,600,2],"animationFrames":0,"timerTicks":10,"background":"rgb(23, 97, 181)","animations":[{"state":"running","currentTime":0}]}
2026-10-07T01:10:18.3739750Z demo-mac: capture activity at 12.00s: frames=8, complete=9, idle=674, visible=Some(true), minimized=Some(false), focused=false
2026-10-07T01:10:18.3740870Z demo-mac: capture activity at 13.00s: frames=8, complete=9, idle=732, visible=Some(true), minimized=Some(false), focused=false
2026-10-07T01:10:18.3742500Z demo-mac: js->host: capture-activity:{"kind":"timer","elapsedMs":16597,"visibility":"hidden","focused":false,"viewport":[384,600,2],"animationFrames":0,"timerTicks":11,"background":"rgb(23, 97, 181)","animations":[{"state":"running","currentTime":0}]}
2026-10-07T01:10:18.3743720Z demo-mac: resize-test step 2 → request logical inner_size = 1024x700
2026-10-07T01:10:18.3744870Z demo-mac: js->host: capture-activity:{"kind":"resize","elapsedMs":17018,"visibility":"hidden","focused":false,"viewport":[512,700,2],"animationFrames":0,"timerTicks":11,"background":"rgb(23, 97, 181)","animations":[{"state":"running","currentTime":0}]}
2026-10-07T01:10:18.3746190Z demo-mac: capture activity at 14.00s: frames=8, complete=9, idle=790, visible=Some(true), minimized=Some(false), focused=false
2026-10-07T01:10:18.3747160Z demo-mac: capture activity at 15.01s: frames=11, complete=13, idle=838, visible=Some(true), minimized=Some(false), focused=false
2026-10-07T01:10:18.3748560Z demo-mac: js->host: capture-activity:{"kind":"timer","elapsedMs":18597,"visibility":"hidden","focused":false,"viewport":[512,700,2],"animationFrames":0,"timerTicks":12,"background":"rgb(23, 97, 181)","animations":[{"state":"running","currentTime":0}]}
2026-10-07T01:10:18.3749870Z demo-mac: capture activity at 16.01s: frames=11, complete=13, idle=896, visible=Some(true), minimized=Some(false), focused=false
2026-10-07T01:10:18.3750800Z demo-mac: capture activity at 17.01s: frames=11, complete=13, idle=955, visible=Some(true), minimized=Some(false), focused=false
2026-10-07T01:10:18.3752130Z demo-mac: js->host: capture-activity:{"kind":"timer","elapsedMs":20597,"visibility":"hidden","focused":false,"viewport":[512,700,2],"animationFrames":0,"timerTicks":13,"background":"rgb(23, 97, 181)","animations":[{"state":"running","currentTime":0}]}
2026-10-07T01:10:18.3753480Z demo-mac: capture activity at 18.01s: frames=11, complete=13, idle=1013, visible=Some(true), minimized=Some(false), focused=false
2026-10-07T01:10:18.3754400Z demo-mac: capture activity at 19.01s: frames=11, complete=13, idle=1071, visible=Some(true), minimized=Some(false), focused=false
2026-10-07T01:10:18.3755330Z demo-mac: capture activity at 20.01s: frames=11, complete=13, idle=1129, visible=Some(true), minimized=Some(false), focused=false
2026-10-07T01:10:18.3756250Z demo-mac: capture activity at 21.01s: frames=11, complete=13, idle=1187, visible=Some(true), minimized=Some(false), focused=false
2026-10-07T01:10:18.3757160Z demo-mac: capture activity at 22.01s: frames=11, complete=13, idle=1246, visible=Some(true), minimized=Some(false), focused=false
2026-10-07T01:10:18.3758080Z demo-mac: capture activity at 23.01s: frames=11, complete=13, idle=1304, visible=Some(true), minimized=Some(false), focused=false
2026-10-07T01:10:18.3758990Z demo-mac: capture activity at 24.01s: frames=11, complete=13, idle=1362, visible=Some(true), minimized=Some(false), focused=false
2026-10-07T01:10:18.3759930Z demo-mac: capture activity at 25.01s: frames=11, complete=13, idle=1421, visible=Some(true), minimized=Some(false), focused=false
2026-10-07T01:10:18.3760850Z demo-mac: capture activity at 26.01s: frames=11, complete=13, idle=1479, visible=Some(true), minimized=Some(false), focused=false
2026-10-07T01:10:18.3761760Z demo-mac: capture activity at 27.01s: frames=11, complete=13, idle=1537, visible=Some(true), minimized=Some(false), focused=false
2026-10-07T01:10:18.3762680Z demo-mac: capture activity at 28.01s: frames=11, complete=13, idle=1595, visible=Some(true), minimized=Some(false), focused=false
2026-10-07T01:10:18.3763590Z demo-mac: capture activity at 29.01s: frames=11, complete=13, idle=1654, visible=Some(true), minimized=Some(false), focused=false
2026-10-07T01:10:18.3764240Z demo-mac: capture-test: FAIL
2026-10-07T01:10:18.3764750Z   - captured 11 frame(s) within 30s without observing 3 frame(s) at every expected size
2026-10-07T01:10:18.3777930Z   - observed 2 frame(s) at 1024x1536, expected at least 3
2026-10-07T01:10:18.3779030Z   - pre-import frame diagnostics: no-latest-sample=553039, no-image-payload=1711, config-revision-pending=2, source-dimension-mismatch=0, empty-crop=0
2026-10-07T01:10:18.3780680Z   - SCK frame statuses: missing=0, complete=13, idle=1711, blank=0, suspended=0, started=0, stopped=0, unknown=0, last=Some(1)
2026-10-07T01:10:18.3781860Z   - capture revisions: requested=3, applied=3; last source dimensions=Some(PhysicalSize { width: 2048, height: 1456 }), expected host dimensions=Some(PhysicalSize { width: 2048, height: 1456 })
2026-10-07T01:10:18.3782760Z   -> FAIL (PASS receipt absent)
2026-10-07T01:10:18.3783440Z 
2026-10-07T01:10:18.3783990Z ==> summary
2026-10-07T01:10:18.3784300Z   passed: 0 / 2
2026-10-07T01:10:18.3784590Z   failed: 2
2026-10-07T01:10:18.3784870Z     - --capture-test
2026-10-07T01:10:18.3785190Z     - --capture-test+resize
2026-10-07T01:10:18.5327770Z ##[error]Process completed with exit code 1.
2026-10-07T01:10:18.5413370Z Post job cleanup.
2026-10-07T01:10:18.8093270Z Released host hardware lock at /var/folders/nt/xlxwlg695b399ck_h55sfwtc0000gn/T/merely-wgpu-hardware-lock/host.lock
2026-10-07T01:10:18.8275720Z Post job cleanup.
2026-10-07T01:10:18.9936360Z [command]/usr/bin/git version
2026-10-07T01:10:19.0171110Z git version 2.39.5 (Apple Git-154)
2026-10-07T01:10:19.0209170Z Copying '/Users/markik/.gitconfig' to '/Users/markik/actions-runner-wgpu/_work/_temp/93dbd40e-d9ad-4ae8-9ae4-c594ace90d71/.gitconfig'
2026-10-07T01:10:19.0218800Z Temporarily overriding HOME='/Users/markik/actions-runner-wgpu/_work/_temp/93dbd40e-d9ad-4ae8-9ae4-c594ace90d71' before making global git config changes
2026-10-07T01:10:19.0219780Z Adding repository directory to the temporary git global config as a safe directory
2026-10-07T01:10:19.0223890Z [command]/usr/bin/git config --global --add safe.directory /Users/markik/actions-runner-wgpu/_work/wgpu-scry/wgpu-scry/.host-hardware-lock
2026-10-07T01:10:19.0453060Z Removing SSH command configuration
2026-10-07T01:10:19.0458720Z [command]/usr/bin/git config --local --name-only --get-regexp core\.sshCommand
2026-10-07T01:10:19.0670510Z [command]/usr/bin/git submodule foreach --recursive sh -c "git config --local --name-only --get-regexp 'core\.sshCommand' && git config --local --unset-all 'core.sshCommand' || :"
2026-10-07T01:10:19.1970400Z Removing HTTP extra header
2026-10-07T01:10:19.1974830Z [command]/usr/bin/git config --local --name-only --get-regexp http\.https\:\/\/github\.com\/\.extraheader
2026-10-07T01:10:19.2181070Z [command]/usr/bin/git submodule foreach --recursive sh -c "git config --local --name-only --get-regexp 'http\.https\:\/\/github\.com\/\.extraheader' && git config --local --unset-all 'http.https://github.com/.extraheader' || :"
2026-10-07T01:10:19.3444300Z Removing includeIf entries pointing to credentials config files
2026-10-07T01:10:19.3449750Z [command]/usr/bin/git config --local --name-only --get-regexp ^includeIf\.gitdir:
2026-10-07T01:10:19.3657460Z includeif.gitdir:/Users/markik/actions-runner-wgpu/_work/wgpu-scry/wgpu-scry/.host-hardware-lock/.git.path
2026-10-07T01:10:19.3658430Z includeif.gitdir:/Users/markik/actions-runner-wgpu/_work/wgpu-scry/wgpu-scry/.host-hardware-lock/.git/worktrees/*.path
2026-10-07T01:10:19.3659250Z includeif.gitdir:/github/workspace/.host-hardware-lock/.git.path
2026-10-07T01:10:19.3659860Z includeif.gitdir:/github/workspace/.host-hardware-lock/.git/worktrees/*.path
2026-10-07T01:10:19.3666940Z [command]/usr/bin/git config --local --get-all includeif.gitdir:/Users/markik/actions-runner-wgpu/_work/wgpu-scry/wgpu-scry/.host-hardware-lock/.git.path
2026-10-07T01:10:19.3867870Z /Users/markik/actions-runner-wgpu/_work/_temp/git-credentials-411e1f43-3182-43d8-97a7-69fe8b0e0a4c.config
2026-10-07T01:10:19.3877770Z [command]/usr/bin/git config --local --unset includeif.gitdir:/Users/markik/actions-runner-wgpu/_work/wgpu-scry/wgpu-scry/.host-hardware-lock/.git.path \/Users\/markik\/actions\-runner\-wgpu\/_work\/_temp\/git\-credentials\-411e1f43\-3182\-43d8\-97a7\-69fe8b0e0a4c\.config
2026-10-07T01:10:19.4085390Z [command]/usr/bin/git config --local --get-all includeif.gitdir:/Users/markik/actions-runner-wgpu/_work/wgpu-scry/wgpu-scry/.host-hardware-lock/.git/worktrees/*.path
2026-10-07T01:10:19.4282390Z /Users/markik/actions-runner-wgpu/_work/_temp/git-credentials-411e1f43-3182-43d8-97a7-69fe8b0e0a4c.config
2026-10-07T01:10:19.4291910Z [command]/usr/bin/git config --local --unset includeif.gitdir:/Users/markik/actions-runner-wgpu/_work/wgpu-scry/wgpu-scry/.host-hardware-lock/.git/worktrees/*.path \/Users\/markik\/actions\-runner\-wgpu\/_work\/_temp\/git\-credentials\-411e1f43\-3182\-43d8\-97a7\-69fe8b0e0a4c\.config
2026-10-07T01:10:19.4505590Z [command]/usr/bin/git config --local --get-all includeif.gitdir:/github/workspace/.host-hardware-lock/.git.path
2026-10-07T01:10:19.4701560Z /github/runner_temp/git-credentials-411e1f43-3182-43d8-97a7-69fe8b0e0a4c.config
2026-10-07T01:10:19.4708740Z [command]/usr/bin/git config --local --unset includeif.gitdir:/github/workspace/.host-hardware-lock/.git.path \/github\/runner_temp\/git\-credentials\-411e1f43\-3182\-43d8\-97a7\-69fe8b0e0a4c\.config
2026-10-07T01:10:19.4921400Z [command]/usr/bin/git config --local --get-all includeif.gitdir:/github/workspace/.host-hardware-lock/.git/worktrees/*.path
2026-10-07T01:10:19.5118180Z /github/runner_temp/git-credentials-411e1f43-3182-43d8-97a7-69fe8b0e0a4c.config
2026-10-07T01:10:19.5126240Z [command]/usr/bin/git config --local --unset includeif.gitdir:/github/workspace/.host-hardware-lock/.git/worktrees/*.path \/github\/runner_temp\/git\-credentials\-411e1f43\-3182\-43d8\-97a7\-69fe8b0e0a4c\.config
2026-10-07T01:10:19.5334770Z [command]/usr/bin/git submodule foreach --recursive git config --local --show-origin --name-only --get-regexp remote.origin.url
2026-10-07T01:10:19.6559880Z Removing credentials config '/Users/markik/actions-runner-wgpu/_work/_temp/git-credentials-411e1f43-3182-43d8-97a7-69fe8b0e0a4c.config'
2026-10-07T01:10:19.6745900Z Post job cleanup.
2026-10-07T01:10:19.8026810Z [command]/usr/bin/git version
2026-10-07T01:10:19.8236900Z git version 2.39.5 (Apple Git-154)
2026-10-07T01:10:19.8264560Z Copying '/Users/markik/.gitconfig' to '/Users/markik/actions-runner-wgpu/_work/_temp/35b1effd-acc8-4cae-abea-d5192ea9f56f/.gitconfig'
2026-10-07T01:10:19.8274730Z Temporarily overriding HOME='/Users/markik/actions-runner-wgpu/_work/_temp/35b1effd-acc8-4cae-abea-d5192ea9f56f' before making global git config changes
2026-10-07T01:10:19.8275790Z Adding repository directory to the temporary git global config as a safe directory
2026-10-07T01:10:19.8279420Z [command]/usr/bin/git config --global --add safe.directory /Users/markik/actions-runner-wgpu/_work/wgpu-scry/wgpu-scry
2026-10-07T01:10:19.8495360Z Removing SSH command configuration
2026-10-07T01:10:19.8501070Z [command]/usr/bin/git config --local --name-only --get-regexp core\.sshCommand
2026-10-07T01:10:19.8705610Z [command]/usr/bin/git submodule foreach --recursive sh -c "git config --local --name-only --get-regexp 'core\.sshCommand' && git config --local --unset-all 'core.sshCommand' || :"
2026-10-07T01:10:19.9958420Z Removing HTTP extra header
2026-10-07T01:10:19.9963090Z [command]/usr/bin/git config --local --name-only --get-regexp http\.https\:\/\/github\.com\/\.extraheader
2026-10-07T01:10:20.0172900Z [command]/usr/bin/git submodule foreach --recursive sh -c "git config --local --name-only --get-regexp 'http\.https\:\/\/github\.com\/\.extraheader' && git config --local --unset-all 'http.https://github.com/.extraheader' || :"
2026-10-07T01:10:20.1444070Z Removing includeIf entries pointing to credentials config files
2026-10-07T01:10:20.1449130Z [command]/usr/bin/git config --local --name-only --get-regexp ^includeIf\.gitdir:
2026-10-07T01:10:20.1644290Z includeif.gitdir:/Users/markik/actions-runner-wgpu/_work/wgpu-scry/wgpu-scry/.git.path
2026-10-07T01:10:20.1645160Z includeif.gitdir:/Users/markik/actions-runner-wgpu/_work/wgpu-scry/wgpu-scry/.git/worktrees/*.path
2026-10-07T01:10:20.1646350Z includeif.gitdir:/github/workspace/.git.path
2026-10-07T01:10:20.1646820Z includeif.gitdir:/github/workspace/.git/worktrees/*.path
2026-10-07T01:10:20.1653040Z [command]/usr/bin/git config --local --get-all includeif.gitdir:/Users/markik/actions-runner-wgpu/_work/wgpu-scry/wgpu-scry/.git.path
2026-10-07T01:10:20.1843940Z /Users/markik/actions-runner-wgpu/_work/_temp/git-credentials-ae7119fe-d0ae-450e-bf3d-ce4f29f008fe.config
2026-10-07T01:10:20.1852870Z [command]/usr/bin/git config --local --unset includeif.gitdir:/Users/markik/actions-runner-wgpu/_work/wgpu-scry/wgpu-scry/.git.path \/Users\/markik\/actions\-runner\-wgpu\/_work\/_temp\/git\-credentials\-ae7119fe\-d0ae\-450e\-bf3d\-ce4f29f008fe\.config
2026-10-07T01:10:20.2060030Z [command]/usr/bin/git config --local --get-all includeif.gitdir:/Users/markik/actions-runner-wgpu/_work/wgpu-scry/wgpu-scry/.git/worktrees/*.path
2026-10-07T01:10:20.2257750Z /Users/markik/actions-runner-wgpu/_work/_temp/git-credentials-ae7119fe-d0ae-450e-bf3d-ce4f29f008fe.config
2026-10-07T01:10:20.2267290Z [command]/usr/bin/git config --local --unset includeif.gitdir:/Users/markik/actions-runner-wgpu/_work/wgpu-scry/wgpu-scry/.git/worktrees/*.path \/Users\/markik\/actions\-runner\-wgpu\/_work\/_temp\/git\-credentials\-ae7119fe\-d0ae\-450e\-bf3d\-ce4f29f008fe\.config
2026-10-07T01:10:20.2471690Z [command]/usr/bin/git config --local --get-all includeif.gitdir:/github/workspace/.git.path
2026-10-07T01:10:20.2664730Z /github/runner_temp/git-credentials-ae7119fe-d0ae-450e-bf3d-ce4f29f008fe.config
2026-10-07T01:10:20.2672760Z [command]/usr/bin/git config --local --unset includeif.gitdir:/github/workspace/.git.path \/github\/runner_temp\/git\-credentials\-ae7119fe\-d0ae\-450e\-bf3d\-ce4f29f008fe\.config
2026-10-07T01:10:20.2882370Z [command]/usr/bin/git config --local --get-all includeif.gitdir:/github/workspace/.git/worktrees/*.path
2026-10-07T01:10:20.3077280Z /github/runner_temp/git-credentials-ae7119fe-d0ae-450e-bf3d-ce4f29f008fe.config
2026-10-07T01:10:20.3085990Z [command]/usr/bin/git config --local --unset includeif.gitdir:/github/workspace/.git/worktrees/*.path \/github\/runner_temp\/git\-credentials\-ae7119fe\-d0ae\-450e\-bf3d\-ce4f29f008fe\.config
2026-10-07T01:10:20.3298670Z [command]/usr/bin/git submodule foreach --recursive git config --local --show-origin --name-only --get-regexp remote.origin.url
2026-10-07T01:10:20.4514880Z Removing credentials config '/Users/markik/actions-runner-wgpu/_work/_temp/git-credentials-ae7119fe-d0ae-450e-bf3d-ce4f29f008fe.config'
2026-10-07T01:10:20.4679480Z Cleaning up orphan processes
