2026-10-07T00:58:07.8658500Z Current runner version: '2.337.0'
2026-10-07T00:58:07.8661140Z Runner name: 'wgpu-imac-m4'
2026-10-07T00:58:07.8661470Z Runner group name: 'wgpu-hardware'
2026-10-07T00:58:07.8661900Z Machine name: 'Mayolas-iMac'
2026-10-07T00:58:07.8663150Z ##[group]GITHUB_TOKEN Permissions
2026-10-07T00:58:07.8664030Z Contents: read
2026-10-07T00:58:07.8664300Z Metadata: read
2026-10-07T00:58:07.8664560Z ##[endgroup]
2026-10-07T00:58:07.8665440Z Secret source: Actions
2026-10-07T00:58:07.8665820Z Cache mode: write
2026-10-07T00:58:07.8666100Z Prepare workflow directory
2026-10-07T00:58:07.8938970Z Prepare all required actions
2026-10-07T00:58:07.8960650Z Getting action download info
2026-10-07T00:58:08.2044090Z Download action repository 'actions/checkout@v7' (SHA:3d3c42e5aac5ba805825da76410c181273ba90b1)
2026-10-07T00:58:08.7940270Z Download action repository 'dtolnay/rust-toolchain@1.97.1' (SHA:9ca9f0b320e19763058bc9531663c225d20db487)
2026-10-07T00:58:09.1392530Z Complete job name: Apple M4 WKWebView and ScreenCaptureKit battery
2026-10-07T00:58:09.1700730Z ##[group]Run actions/checkout@v7
2026-10-07T00:58:09.1701090Z with:
2026-10-07T00:58:09.1701320Z   repository: merely-made/wgpu-scry
2026-10-07T00:58:09.1704290Z   token: ***
2026-10-07T00:58:09.1704500Z   ssh-strict: true
2026-10-07T00:58:09.1704720Z   ssh-user: git
2026-10-07T00:58:09.1704950Z   persist-credentials: true
2026-10-07T00:58:09.1705200Z   clean: true
2026-10-07T00:58:09.1705420Z   sparse-checkout-cone-mode: true
2026-10-07T00:58:09.1705700Z   fetch-depth: 1
2026-10-07T00:58:09.1705910Z   fetch-tags: false
2026-10-07T00:58:09.1706130Z   show-progress: true
2026-10-07T00:58:09.1706350Z   lfs: false
2026-10-07T00:58:09.1706560Z   submodules: false
2026-10-07T00:58:09.1706790Z   set-safe-directory: true
2026-10-07T00:58:09.1707050Z   allow-unsafe-pr-checkout: false
2026-10-07T00:58:09.1707380Z env:
2026-10-07T00:58:09.1707580Z   CARGO_NET_GIT_FETCH_WITH_CLI: true
2026-10-07T00:58:09.1707860Z   RUSTFLAGS: -D warnings
2026-10-07T00:58:09.1708220Z   CARGO_TARGET_DIR: /Users/markik/Code/targets/wgpu-scry-hardware
2026-10-07T00:58:09.1708590Z   CAPTURE: 1
2026-10-07T00:58:09.1708790Z   TIMEOUT: 90
2026-10-07T00:58:09.1708990Z   VISIBLE: 1
2026-10-07T00:58:09.1709190Z ##[endgroup]
2026-10-07T00:58:09.2390960Z Syncing repository: merely-made/wgpu-scry
2026-10-07T00:58:09.2391950Z ##[group]Getting Git version info
2026-10-07T00:58:09.2392520Z Working directory is '/Users/markik/actions-runner-wgpu/_work/wgpu-scry/wgpu-scry'
2026-10-07T00:58:09.2393310Z [command]/usr/bin/git version
2026-10-07T00:58:09.2443520Z git version 2.50.1 (Apple Git-155)
2026-10-07T00:58:09.2450510Z ##[endgroup]
2026-10-07T00:58:09.2455120Z Copying '/Users/markik/.gitconfig' to '/Users/markik/actions-runner-wgpu/_work/_temp/58c5010b-58b1-4e51-b3fd-c0542bd7e67c/.gitconfig'
2026-10-07T00:58:09.2458970Z Temporarily overriding HOME='/Users/markik/actions-runner-wgpu/_work/_temp/58c5010b-58b1-4e51-b3fd-c0542bd7e67c' before making global git config changes
2026-10-07T00:58:09.2460170Z Adding repository directory to the temporary git global config as a safe directory
2026-10-07T00:58:09.2461110Z [command]/usr/bin/git config --global --add safe.directory /Users/markik/actions-runner-wgpu/_work/wgpu-scry/wgpu-scry
2026-10-07T00:58:09.3422060Z [command]/usr/bin/git config --local --get remote.origin.url
2026-10-07T00:58:09.3486080Z https://github.com/merely-made/wgpu-scry
2026-10-07T00:58:09.3490990Z ##[group]Removing previously created refs, to avoid conflicts
2026-10-07T00:58:09.3492260Z [command]/usr/bin/git rev-parse --symbolic-full-name --verify --quiet HEAD
2026-10-07T00:58:09.3560610Z refs/heads/main
2026-10-07T00:58:09.3565210Z [command]/usr/bin/git checkout --detach
2026-10-07T00:58:09.3744120Z HEAD is now at 550b9fb Separate Mac capture activity diagnosis from native acceptance
2026-10-07T00:58:09.3826330Z [command]/usr/bin/git branch --delete --force main
2026-10-07T00:58:09.3898460Z Deleted branch main (was 550b9fb).
2026-10-07T00:58:09.3972270Z ##[endgroup]
2026-10-07T00:58:09.3973440Z [command]/usr/bin/git submodule status
2026-10-07T00:58:09.4504930Z ##[group]Cleaning the repository
2026-10-07T00:58:09.4505450Z [command]/usr/bin/git clean -ffdx
2026-10-07T00:58:09.4608580Z Removing .host-hardware-lock/
2026-10-07T00:58:09.4613030Z [command]/usr/bin/git reset --hard HEAD
2026-10-07T00:58:09.4750930Z HEAD is now at 550b9fb Separate Mac capture activity diagnosis from native acceptance
2026-10-07T00:58:09.4753370Z ##[endgroup]
2026-10-07T00:58:09.4754020Z ##[group]Disabling automatic garbage collection
2026-10-07T00:58:09.4755570Z [command]/usr/bin/git config --local gc.auto 0
2026-10-07T00:58:09.4820970Z ##[endgroup]
2026-10-07T00:58:09.4821450Z ##[group]Setting up auth
2026-10-07T00:58:09.4821790Z Removing SSH command configuration
2026-10-07T00:58:09.4825550Z [command]/usr/bin/git config --local --name-only --get-regexp core\.sshCommand
2026-10-07T00:58:09.4895870Z [command]/usr/bin/git submodule foreach --recursive sh -c "git config --local --name-only --get-regexp 'core\.sshCommand' && git config --local --unset-all 'core.sshCommand' || :"
2026-10-07T00:58:09.5440500Z Removing HTTP extra header
2026-10-07T00:58:09.5442340Z [command]/usr/bin/git config --local --name-only --get-regexp http\.https\:\/\/github\.com\/\.extraheader
2026-10-07T00:58:09.5511390Z [command]/usr/bin/git submodule foreach --recursive sh -c "git config --local --name-only --get-regexp 'http\.https\:\/\/github\.com\/\.extraheader' && git config --local --unset-all 'http.https://github.com/.extraheader' || :"
2026-10-07T00:58:09.6023200Z Removing includeIf entries pointing to credentials config files
2026-10-07T00:58:09.6025180Z [command]/usr/bin/git config --local --name-only --get-regexp ^includeIf\.gitdir:
2026-10-07T00:58:09.6096060Z [command]/usr/bin/git submodule foreach --recursive git config --local --show-origin --name-only --get-regexp remote.origin.url
2026-10-07T00:58:09.6617990Z [command]/usr/bin/git config --file /Users/markik/actions-runner-wgpu/_work/_temp/git-credentials-fb8d5fa6-fcfa-4592-8e8f-ad1af7a0467e.config http.https://github.com/.extraheader AUTHORIZATION: basic ***
2026-10-07T00:58:09.6710810Z [command]/usr/bin/git config --local includeIf.gitdir:/Users/markik/actions-runner-wgpu/_work/wgpu-scry/wgpu-scry/.git.path /Users/markik/actions-runner-wgpu/_work/_temp/git-credentials-fb8d5fa6-fcfa-4592-8e8f-ad1af7a0467e.config
2026-10-07T00:58:09.6784650Z [command]/usr/bin/git config --local includeIf.gitdir:/Users/markik/actions-runner-wgpu/_work/wgpu-scry/wgpu-scry/.git/worktrees/*.path /Users/markik/actions-runner-wgpu/_work/_temp/git-credentials-fb8d5fa6-fcfa-4592-8e8f-ad1af7a0467e.config
2026-10-07T00:58:09.6856160Z [command]/usr/bin/git config --local includeIf.gitdir:/github/workspace/.git.path /github/runner_temp/git-credentials-fb8d5fa6-fcfa-4592-8e8f-ad1af7a0467e.config
2026-10-07T00:58:09.6929140Z [command]/usr/bin/git config --local includeIf.gitdir:/github/workspace/.git/worktrees/*.path /github/runner_temp/git-credentials-fb8d5fa6-fcfa-4592-8e8f-ad1af7a0467e.config
2026-10-07T00:58:09.6998100Z ##[endgroup]
2026-10-07T00:58:09.6999090Z ##[group]Fetching the repository
2026-10-07T00:58:09.7000920Z [command]/usr/bin/git -c protocol.version=2 fetch --no-tags --prune --no-recurse-submodules --depth=1 origin +36c88881bbb090f6a18e87def7163f2e2659defe:refs/remotes/origin/main
2026-10-07T00:58:10.0984850Z From https://github.com/merely-made/wgpu-scry
2026-10-07T00:58:10.0985940Z  + 550b9fb...36c8888 36c88881bbb090f6a18e87def7163f2e2659defe -> origin/main  (forced update)
2026-10-07T00:58:10.1036420Z [command]/usr/bin/git branch --list --remote origin/main
2026-10-07T00:58:10.1114340Z   origin/main
2026-10-07T00:58:10.1118790Z [command]/usr/bin/git rev-parse refs/remotes/origin/main
2026-10-07T00:58:10.1181130Z 36c88881bbb090f6a18e87def7163f2e2659defe
2026-10-07T00:58:10.1183710Z ##[endgroup]
2026-10-07T00:58:10.1184550Z ##[group]Determining the checkout info
2026-10-07T00:58:10.1185510Z ##[endgroup]
2026-10-07T00:58:10.1186070Z [command]/usr/bin/git sparse-checkout disable
2026-10-07T00:58:10.1269970Z [command]/usr/bin/git config --local --unset-all extensions.worktreeConfig
2026-10-07T00:58:10.1331530Z ##[group]Checking out the ref
2026-10-07T00:58:10.1332340Z [command]/usr/bin/git checkout --progress --force -B main refs/remotes/origin/main
2026-10-07T00:58:10.1433910Z Warning: you are leaving 1 commit behind, not connected to
2026-10-07T00:58:10.1434630Z any of your branches:
2026-10-07T00:58:10.1434920Z 
2026-10-07T00:58:10.1435290Z   550b9fb Separate Mac capture activity diagnosis from native acceptance
2026-10-07T00:58:10.1435790Z 
2026-10-07T00:58:10.1436170Z If you want to keep it by creating a new branch, this may be a good time
2026-10-07T00:58:10.1436890Z to do so with:
2026-10-07T00:58:10.1437180Z 
2026-10-07T00:58:10.1437450Z  git branch <new-branch-name> 550b9fb
2026-10-07T00:58:10.1437820Z 
2026-10-07T00:58:10.1447890Z Switched to a new branch 'main'
2026-10-07T00:58:10.1451010Z branch 'main' set up to track 'origin/main'.
2026-10-07T00:58:10.1454510Z ##[endgroup]
2026-10-07T00:58:10.1532290Z [command]/usr/bin/git log -1 --format=%H
2026-10-07T00:58:10.1597070Z 36c88881bbb090f6a18e87def7163f2e2659defe
2026-10-07T00:58:10.1747880Z ##[group]Run actions/checkout@v7
2026-10-07T00:58:10.1748300Z with:
2026-10-07T00:58:10.1748650Z   repository: merely-made/wgpu-graft
2026-10-07T00:58:10.1749080Z   ref: 781aa6aad3f63b83ad48b192a6a5d078be1d71b8
2026-10-07T00:58:10.1749550Z   path: .host-hardware-lock
2026-10-07T00:58:10.1750010Z   sparse-checkout: .github/actions/host-hardware-lock
2026-10-07T00:58:10.1750530Z   sparse-checkout-cone-mode: false
2026-10-07T00:58:10.1753600Z   token: ***
2026-10-07T00:58:10.1753920Z   ssh-strict: true
2026-10-07T00:58:10.1754260Z   ssh-user: git
2026-10-07T00:58:10.1754600Z   persist-credentials: true
2026-10-07T00:58:10.1754950Z   clean: true
2026-10-07T00:58:10.1755270Z   fetch-depth: 1
2026-10-07T00:58:10.1755600Z   fetch-tags: false
2026-10-07T00:58:10.1755930Z   show-progress: true
2026-10-07T00:58:10.1756290Z   lfs: false
2026-10-07T00:58:10.1756630Z   submodules: false
2026-10-07T00:58:10.1757040Z   set-safe-directory: true
2026-10-07T00:58:10.1757490Z   allow-unsafe-pr-checkout: false
2026-10-07T00:58:10.1757920Z env:
2026-10-07T00:58:10.1758270Z   CARGO_NET_GIT_FETCH_WITH_CLI: true
2026-10-07T00:58:10.1758730Z   RUSTFLAGS: -D warnings
2026-10-07T00:58:10.1759220Z   CARGO_TARGET_DIR: /Users/markik/Code/targets/wgpu-scry-hardware
2026-10-07T00:58:10.1759770Z   CAPTURE: 1
2026-10-07T00:58:10.1760150Z   TIMEOUT: 90
2026-10-07T00:58:10.1760520Z   VISIBLE: 1
2026-10-07T00:58:10.1760880Z ##[endgroup]
2026-10-07T00:58:10.2358400Z Syncing repository: merely-made/wgpu-graft
2026-10-07T00:58:10.2359330Z ##[group]Getting Git version info
2026-10-07T00:58:10.2360170Z Working directory is '/Users/markik/actions-runner-wgpu/_work/wgpu-scry/wgpu-scry/.host-hardware-lock'
2026-10-07T00:58:10.2367270Z [command]/usr/bin/git version
2026-10-07T00:58:10.2443750Z git version 2.50.1 (Apple Git-155)
2026-10-07T00:58:10.2450890Z ##[endgroup]
2026-10-07T00:58:10.2453210Z Copying '/Users/markik/.gitconfig' to '/Users/markik/actions-runner-wgpu/_work/_temp/d4049139-4e83-42e1-93cb-713aa94c8c4a/.gitconfig'
2026-10-07T00:58:10.2456320Z Temporarily overriding HOME='/Users/markik/actions-runner-wgpu/_work/_temp/d4049139-4e83-42e1-93cb-713aa94c8c4a' before making global git config changes
2026-10-07T00:58:10.2457690Z Adding repository directory to the temporary git global config as a safe directory
2026-10-07T00:58:10.2460750Z [command]/usr/bin/git config --global --add safe.directory /Users/markik/actions-runner-wgpu/_work/wgpu-scry/wgpu-scry/.host-hardware-lock
2026-10-07T00:58:10.2968570Z ##[group]Determining repository object format
2026-10-07T00:58:10.2969420Z ##[endgroup]
2026-10-07T00:58:10.2970130Z ##[group]Initializing the repository
2026-10-07T00:58:10.2971360Z [command]/usr/bin/git init /Users/markik/actions-runner-wgpu/_work/wgpu-scry/wgpu-scry/.host-hardware-lock
2026-10-07T00:58:10.3080630Z Initialized empty Git repository in /Users/markik/actions-runner-wgpu/_work/wgpu-scry/wgpu-scry/.host-hardware-lock/.git/
2026-10-07T00:58:10.3084570Z [command]/usr/bin/git remote add origin https://github.com/merely-made/wgpu-graft
2026-10-07T00:58:10.3162840Z ##[endgroup]
2026-10-07T00:58:10.3163620Z ##[group]Disabling automatic garbage collection
2026-10-07T00:58:10.3164250Z [command]/usr/bin/git config --local gc.auto 0
2026-10-07T00:58:10.3233740Z ##[endgroup]
2026-10-07T00:58:10.3234480Z ##[group]Setting up auth
2026-10-07T00:58:10.3235000Z Removing SSH command configuration
2026-10-07T00:58:10.3235700Z [command]/usr/bin/git config --local --name-only --get-regexp core\.sshCommand
2026-10-07T00:58:10.3300630Z [command]/usr/bin/git submodule foreach --recursive sh -c "git config --local --name-only --get-regexp 'core\.sshCommand' && git config --local --unset-all 'core.sshCommand' || :"
2026-10-07T00:58:10.3774810Z Removing HTTP extra header
2026-10-07T00:58:10.3777200Z [command]/usr/bin/git config --local --name-only --get-regexp http\.https\:\/\/github\.com\/\.extraheader
2026-10-07T00:58:10.3845510Z [command]/usr/bin/git submodule foreach --recursive sh -c "git config --local --name-only --get-regexp 'http\.https\:\/\/github\.com\/\.extraheader' && git config --local --unset-all 'http.https://github.com/.extraheader' || :"
2026-10-07T00:58:10.4311070Z Removing includeIf entries pointing to credentials config files
2026-10-07T00:58:10.4312960Z [command]/usr/bin/git config --local --name-only --get-regexp ^includeIf\.gitdir:
2026-10-07T00:58:10.4381290Z [command]/usr/bin/git submodule foreach --recursive git config --local --show-origin --name-only --get-regexp remote.origin.url
2026-10-07T00:58:10.4848000Z [command]/usr/bin/git config --file /Users/markik/actions-runner-wgpu/_work/_temp/git-credentials-8086d1f2-e67f-4b90-8fc9-e185c87eef74.config http.https://github.com/.extraheader AUTHORIZATION: basic ***
2026-10-07T00:58:10.4919760Z [command]/usr/bin/git config --local includeIf.gitdir:/Users/markik/actions-runner-wgpu/_work/wgpu-scry/wgpu-scry/.host-hardware-lock/.git.path /Users/markik/actions-runner-wgpu/_work/_temp/git-credentials-8086d1f2-e67f-4b90-8fc9-e185c87eef74.config
2026-10-07T00:58:10.4978850Z [command]/usr/bin/git config --local includeIf.gitdir:/Users/markik/actions-runner-wgpu/_work/wgpu-scry/wgpu-scry/.host-hardware-lock/.git/worktrees/*.path /Users/markik/actions-runner-wgpu/_work/_temp/git-credentials-8086d1f2-e67f-4b90-8fc9-e185c87eef74.config
2026-10-07T00:58:10.5037810Z [command]/usr/bin/git config --local includeIf.gitdir:/github/workspace/.host-hardware-lock/.git.path /github/runner_temp/git-credentials-8086d1f2-e67f-4b90-8fc9-e185c87eef74.config
2026-10-07T00:58:10.5103120Z [command]/usr/bin/git config --local includeIf.gitdir:/github/workspace/.host-hardware-lock/.git/worktrees/*.path /github/runner_temp/git-credentials-8086d1f2-e67f-4b90-8fc9-e185c87eef74.config
2026-10-07T00:58:10.5165120Z ##[endgroup]
2026-10-07T00:58:10.5165780Z ##[group]Fetching the repository
2026-10-07T00:58:10.5167480Z [command]/usr/bin/git -c protocol.version=2 fetch --no-tags --prune --no-recurse-submodules --filter=blob:none --depth=1 origin 781aa6aad3f63b83ad48b192a6a5d078be1d71b8
2026-10-07T00:58:10.8243900Z From https://github.com/merely-made/wgpu-graft
2026-10-07T00:58:10.8244390Z  * branch            781aa6aad3f63b83ad48b192a6a5d078be1d71b8 -> FETCH_HEAD
2026-10-07T00:58:10.8308030Z [command]/usr/bin/git rev-parse --verify --quiet 781aa6aad3f63b83ad48b192a6a5d078be1d71b8^{object}
2026-10-07T00:58:10.8404870Z 781aa6aad3f63b83ad48b192a6a5d078be1d71b8
2026-10-07T00:58:10.8407890Z ##[endgroup]
2026-10-07T00:58:10.8408200Z ##[group]Determining the checkout info
2026-10-07T00:58:10.8408540Z ##[endgroup]
2026-10-07T00:58:10.8408840Z ##[group]Setting up sparse checkout
2026-10-07T00:58:10.8410580Z [command]/usr/bin/git config core.sparseCheckout true
2026-10-07T00:58:10.8497730Z [command]/usr/bin/git rev-parse --git-path info/sparse-checkout
2026-10-07T00:58:10.8564300Z .git/info/sparse-checkout
2026-10-07T00:58:10.8568620Z ##[endgroup]
2026-10-07T00:58:10.8568900Z ##[group]Checking out the ref
2026-10-07T00:58:10.8570070Z [command]/usr/bin/git checkout --progress --force 781aa6aad3f63b83ad48b192a6a5d078be1d71b8
2026-10-07T00:58:11.5899810Z Note: switching to '781aa6aad3f63b83ad48b192a6a5d078be1d71b8'.
2026-10-07T00:58:11.5900190Z 
2026-10-07T00:58:11.5900450Z You are in 'detached HEAD' state. You can look around, make experimental
2026-10-07T00:58:11.5901000Z changes and commit them, and you can discard any commits you make in this
2026-10-07T00:58:11.5901550Z state without impacting any branches by switching back to a branch.
2026-10-07T00:58:11.5901860Z 
2026-10-07T00:58:11.5902060Z If you want to create a new branch to retain commits you create, you may
2026-10-07T00:58:11.5902640Z do so (now or later) by using -c with the switch command. Example:
2026-10-07T00:58:11.5902940Z 
2026-10-07T00:58:11.5903070Z   git switch -c <new-branch-name>
2026-10-07T00:58:11.5903270Z 
2026-10-07T00:58:11.5903400Z Or undo this operation with:
2026-10-07T00:58:11.5903590Z 
2026-10-07T00:58:11.5903710Z   git switch -
2026-10-07T00:58:11.5903840Z 
2026-10-07T00:58:11.5904530Z Turn off this advice by setting config variable advice.detachedHead to false
2026-10-07T00:58:11.5904930Z 
2026-10-07T00:58:11.5905100Z HEAD is now at 781aa6a Document-node24-host-lock
2026-10-07T00:58:11.5911990Z ##[endgroup]
2026-10-07T00:58:11.6083150Z [command]/usr/bin/git log -1 --format=%H
2026-10-07T00:58:11.6189070Z 781aa6aad3f63b83ad48b192a6a5d078be1d71b8
2026-10-07T00:58:11.6263360Z ##[group]Run ./.host-hardware-lock/.github/actions/host-hardware-lock
2026-10-07T00:58:11.6263590Z with:
2026-10-07T00:58:11.6263710Z   timeout_seconds: 7200
2026-10-07T00:58:11.6263830Z   stale_seconds: 14400
2026-10-07T00:58:11.6263960Z   poll_seconds: 5
2026-10-07T00:58:11.6264080Z env:
2026-10-07T00:58:11.6264190Z   CARGO_NET_GIT_FETCH_WITH_CLI: true
2026-10-07T00:58:11.6264350Z   RUSTFLAGS: -D warnings
2026-10-07T00:58:11.6264520Z   CARGO_TARGET_DIR: /Users/markik/Code/targets/wgpu-scry-hardware
2026-10-07T00:58:11.6264720Z   CAPTURE: 1
2026-10-07T00:58:11.6264820Z   TIMEOUT: 90
2026-10-07T00:58:11.6264940Z   VISIBLE: 1
2026-10-07T00:58:11.6265050Z ##[endgroup]
2026-10-07T00:58:11.6660770Z Acquired host hardware lock at /var/folders/96/dck6q6xj3490x43zr8fb8pbm0000gp/T/merely-wgpu-hardware-lock/host.lock
2026-10-07T00:58:11.6745990Z ##[group]Run dtolnay/rust-toolchain@1.97.1
2026-10-07T00:58:11.6746140Z with:
2026-10-07T00:58:11.6746220Z env:
2026-10-07T00:58:11.6746320Z   CARGO_NET_GIT_FETCH_WITH_CLI: true
2026-10-07T00:58:11.6746440Z   RUSTFLAGS: -D warnings
2026-10-07T00:58:11.6746580Z   CARGO_TARGET_DIR: /Users/markik/Code/targets/wgpu-scry-hardware
2026-10-07T00:58:11.6746730Z   CAPTURE: 1
2026-10-07T00:58:11.6746820Z   TIMEOUT: 90
2026-10-07T00:58:11.6746900Z   VISIBLE: 1
2026-10-07T00:58:11.6746990Z ##[endgroup]
2026-10-07T00:58:11.6778240Z ##[start-action display=Parse toolchain version;id=__dtolnay_rust-toolchain.parse]
2026-10-07T00:58:11.6802300Z ##[group]Run if [[ -z $toolchain ]]; then
2026-10-07T00:58:11.6802490Z [36;1mif [[ -z $toolchain ]]; then[0m
2026-10-07T00:58:11.6802740Z [36;1m  # GitHub does not enforce `required: true` inputs itself. https://github.com/actions/runner/issues/1070[0m
2026-10-07T00:58:11.6802990Z [36;1m  echo "'toolchain' is a required input" >&2[0m
2026-10-07T00:58:11.6803170Z [36;1m  exit 1[0m
2026-10-07T00:58:11.6803320Z [36;1melif [[ $toolchain =~ ^stable' '[0-9]+' '(year|month|week|day)s?' 'ago$ ]]; then[0m
2026-10-07T00:58:11.6803510Z [36;1m  if [[ macOS == macOS ]]; then[0m
2026-10-07T00:58:11.6803750Z [36;1m    echo "toolchain=1.$((($(date -v-$(sed 's/stable \([0-9]*\) \(.\).*/\1\2/' <<< $toolchain) +%s)/60/60/24-16569)/7/6))" >> $GITHUB_OUTPUT[0m
2026-10-07T00:58:11.6804000Z [36;1m  else[0m
2026-10-07T00:58:11.6804180Z [36;1m    echo "toolchain=1.$((($(date --date "${toolchain#stable }" +%s)/60/60/24-16569)/7/6))" >> $GITHUB_OUTPUT[0m
2026-10-07T00:58:11.6804400Z [36;1m  fi[0m
2026-10-07T00:58:11.6804540Z [36;1melif [[ $toolchain =~ ^stable' 'minus' '[0-9]+' 'releases?$ ]]; then[0m
2026-10-07T00:58:11.6804780Z [36;1m  echo "toolchain=1.$((($(date +%s)/60/60/24-16569)/7/6-${toolchain//[^0-9]/}))" >> $GITHUB_OUTPUT[0m
2026-10-07T00:58:11.6805210Z [36;1melif [[ $toolchain =~ ^1\.[0-9]+$ ]]; then[0m
2026-10-07T00:58:11.6805450Z [36;1m  echo "toolchain=1.$((i=${toolchain#1.}, c=($(date +%s)/60/60/24-16569)/7/6, i+9*i*(10*i<=c)+90*i*(100*i<=c)))" >> $GITHUB_OUTPUT[0m
2026-10-07T00:58:11.6805690Z [36;1melse[0m
2026-10-07T00:58:11.6805800Z [36;1m  echo "toolchain=$toolchain" >> $GITHUB_OUTPUT[0m
2026-10-07T00:58:11.6805930Z [36;1mfi[0m
2026-10-07T00:58:11.6814760Z shell: /bin/bash --noprofile --norc -e -o pipefail {0}
2026-10-07T00:58:11.6814900Z env:
2026-10-07T00:58:11.6815000Z   CARGO_NET_GIT_FETCH_WITH_CLI: true
2026-10-07T00:58:11.6815130Z   RUSTFLAGS: -D warnings
2026-10-07T00:58:11.6815260Z   CARGO_TARGET_DIR: /Users/markik/Code/targets/wgpu-scry-hardware
2026-10-07T00:58:11.6815460Z   CAPTURE: 1
2026-10-07T00:58:11.6815540Z   TIMEOUT: 90
2026-10-07T00:58:11.6815610Z   VISIBLE: 1
2026-10-07T00:58:11.6815690Z   toolchain: 1.97.1
2026-10-07T00:58:11.6815790Z ##[endgroup]
2026-10-07T00:58:11.7055510Z ##[end-action id=__dtolnay_rust-toolchain.parse;outcome=success;conclusion=success;duration_ms=27]
2026-10-07T00:58:11.7060760Z ##[start-action display=Construct rustup command line;id=__dtolnay_rust-toolchain.flags]
2026-10-07T00:58:11.7073880Z ##[group]Run echo "targets=$(for t in ${targets//,/ }; do echo -n ' --target' $t; done)" >> $GITHUB_OUTPUT
2026-10-07T00:58:11.7074180Z [36;1mecho "targets=$(for t in ${targets//,/ }; do echo -n ' --target' $t; done)" >> $GITHUB_OUTPUT[0m
2026-10-07T00:58:11.7074480Z [36;1mecho "components=$(for c in ${components//,/ }; do echo -n ' --component' $c; done)" >> $GITHUB_OUTPUT[0m
2026-10-07T00:58:11.7074700Z [36;1mecho "downgrade=" >> $GITHUB_OUTPUT[0m
2026-10-07T00:58:11.7081130Z shell: /bin/bash --noprofile --norc -e -o pipefail {0}
2026-10-07T00:58:11.7081280Z env:
2026-10-07T00:58:11.7081380Z   CARGO_NET_GIT_FETCH_WITH_CLI: true
2026-10-07T00:58:11.7081520Z   RUSTFLAGS: -D warnings
2026-10-07T00:58:11.7081690Z   CARGO_TARGET_DIR: /Users/markik/Code/targets/wgpu-scry-hardware
2026-10-07T00:58:11.7081850Z   CAPTURE: 1
2026-10-07T00:58:11.7081940Z   TIMEOUT: 90
2026-10-07T00:58:11.7082040Z   VISIBLE: 1
2026-10-07T00:58:11.7082330Z   targets: 
2026-10-07T00:58:11.7082430Z   components: 
2026-10-07T00:58:11.7082520Z ##[endgroup]
2026-10-07T00:58:11.7305360Z ##[end-action id=__dtolnay_rust-toolchain.flags;outcome=success;conclusion=success;duration_ms=24]
2026-10-07T00:58:11.7306610Z ##[start-action display=Set $CARGO_HOME;id=__dtolnay_rust-toolchain.__run]
2026-10-07T00:58:11.7325800Z ##[group]Run echo CARGO_HOME=${CARGO_HOME:-"$HOME/.cargo"} >> $GITHUB_ENV
2026-10-07T00:58:11.7326040Z [36;1mecho CARGO_HOME=${CARGO_HOME:-"$HOME/.cargo"} >> $GITHUB_ENV[0m
2026-10-07T00:58:11.7332540Z shell: /bin/bash --noprofile --norc -e -o pipefail {0}
2026-10-07T00:58:11.7332690Z env:
2026-10-07T00:58:11.7332790Z   CARGO_NET_GIT_FETCH_WITH_CLI: true
2026-10-07T00:58:11.7332910Z   RUSTFLAGS: -D warnings
2026-10-07T00:58:11.7333070Z   CARGO_TARGET_DIR: /Users/markik/Code/targets/wgpu-scry-hardware
2026-10-07T00:58:11.7333230Z   CAPTURE: 1
2026-10-07T00:58:11.7333310Z   TIMEOUT: 90
2026-10-07T00:58:11.7333380Z   VISIBLE: 1
2026-10-07T00:58:11.7333460Z ##[endgroup]
2026-10-07T00:58:11.7546710Z ##[end-action id=__dtolnay_rust-toolchain.__run;outcome=success;conclusion=success;duration_ms=23]
2026-10-07T00:58:11.7547930Z ##[start-action display=Install rustup if needed;id=__dtolnay_rust-toolchain.__run_2]
2026-10-07T00:58:11.7560820Z ##[group]Run if ! command -v rustup &>/dev/null; then
2026-10-07T00:58:11.7560990Z [36;1mif ! command -v rustup &>/dev/null; then[0m
2026-10-07T00:58:11.7561350Z [36;1m  curl --proto '=https' --tlsv1.2 --retry 10 --retry-connrefused --location --silent --show-error --fail https://sh.rustup.rs | sh -s -- --default-toolchain none -y[0m
2026-10-07T00:58:11.7561680Z [36;1m  echo "$CARGO_HOME/bin" >> $GITHUB_PATH[0m
2026-10-07T00:58:11.7561820Z [36;1mfi[0m
2026-10-07T00:58:11.7568420Z shell: /bin/bash --noprofile --norc -e -o pipefail {0}
2026-10-07T00:58:11.7568570Z env:
2026-10-07T00:58:11.7568660Z   CARGO_NET_GIT_FETCH_WITH_CLI: true
2026-10-07T00:58:11.7568790Z   RUSTFLAGS: -D warnings
2026-10-07T00:58:11.7568940Z   CARGO_TARGET_DIR: /Users/markik/Code/targets/wgpu-scry-hardware
2026-10-07T00:58:11.7569110Z   CAPTURE: 1
2026-10-07T00:58:11.7569190Z   TIMEOUT: 90
2026-10-07T00:58:11.7569280Z   VISIBLE: 1
2026-10-07T00:58:11.7569370Z   CARGO_HOME: /Users/markik/.cargo
2026-10-07T00:58:11.7569490Z ##[endgroup]
2026-10-07T00:58:11.9121930Z info: downloading installer
2026-10-07T00:58:12.7147440Z warn: it looks like you have an existing rustup settings file at:
2026-10-07T00:58:12.7148210Z warn: /Users/markik/.rustup/settings.toml
2026-10-07T00:58:12.7148960Z warn: rustup will install the default toolchain as specified in the settings file,
2026-10-07T00:58:12.7149860Z warn: instead of the one inferred from the default host tuple.
2026-10-07T00:58:12.7346090Z info: profile set to default
2026-10-07T00:58:12.7346530Z 
2026-10-07T00:58:12.7346780Z info: default host tuple is aarch64-apple-darwin
2026-10-07T00:58:12.7347370Z info: skipping toolchain installation
2026-10-07T00:58:12.7349550Z 
2026-10-07T00:58:12.7350020Z Rust is installed now. Great!
2026-10-07T00:58:12.7350370Z 
2026-10-07T00:58:12.7350640Z To get started you may need to restart your current shell.
2026-10-07T00:58:12.7351360Z This would reload your PATH environment variable to include
2026-10-07T00:58:12.7352040Z Cargo's bin directory ($HOME/.cargo/bin).
2026-10-07T00:58:12.7352420Z 
2026-10-07T00:58:12.7352660Z To configure your current shell, you need to source the
2026-10-07T00:58:12.7353290Z corresponding env file under $HOME/.cargo.
2026-10-07T00:58:12.7353660Z 
2026-10-07T00:58:12.7354020Z Consider running the right command for your shell (note the leading DOT):
2026-10-07T00:58:12.7354860Z . "$HOME/.cargo/env"           # For sh/ash/dash/pdksh/zsh
2026-10-07T00:58:12.7355470Z source "$HOME/.cargo/env.tcsh" # For tcsh
2026-10-07T00:58:12.7458680Z ##[end-action id=__dtolnay_rust-toolchain.__run_2;outcome=success;conclusion=success;duration_ms=991]
2026-10-07T00:58:12.7461880Z ##[start-action display=Install rustup if needed on windows;id=__dtolnay_rust-toolchain.__run_3]
2026-10-07T00:58:12.7468900Z ##[end-action id=__dtolnay_rust-toolchain.__run_3;outcome=skipped;conclusion=skipped;duration_ms=0]
2026-10-07T00:58:12.7474250Z ##[start-action display=rustup toolchain install 1.97.1;id=__dtolnay_rust-toolchain.__run_4]
2026-10-07T00:58:12.7484940Z ##[group]Run log=$(mktemp)
2026-10-07T00:58:12.7485090Z [36;1mlog=$(mktemp)[0m
2026-10-07T00:58:12.7485220Z [36;1mtrap 'rm -f "$log"' EXIT[0m
2026-10-07T00:58:12.7485350Z [36;1mfor attempt in 1 2 3 4 5; do[0m
2026-10-07T00:58:12.7485600Z [36;1m  if rustup toolchain install 1.97.1 --profile minimal --no-self-update --force-non-host 2>&1 | tee "$log"; then[0m
2026-10-07T00:58:12.7485850Z [36;1m    break[0m
2026-10-07T00:58:12.7485940Z [36;1m  else[0m
2026-10-07T00:58:12.7486050Z [36;1m    status=$?[0m
2026-10-07T00:58:12.7486150Z [36;1m  fi[0m
2026-10-07T00:58:12.7486300Z [36;1m  if [[ $attempt == 5 ]] || ! grep -Fq 'checksum failed for ' "$log" \[0m
2026-10-07T00:58:12.7486570Z [36;1m      || ! grep -Fq 'this is likely due to an ongoing update of the official release server' "$log"; then[0m
2026-10-07T00:58:12.7486790Z [36;1m    exit "$status"[0m
2026-10-07T00:58:12.7486930Z [36;1m  fi[0m
2026-10-07T00:58:12.7487090Z [36;1m  echo "Retrying rustup toolchain install in 30 seconds (retry $attempt of 4)" >&2[0m
2026-10-07T00:58:12.7487290Z [36;1m  sleep 30[0m
2026-10-07T00:58:12.7487390Z [36;1mdone[0m
2026-10-07T00:58:12.7495500Z shell: /bin/bash --noprofile --norc -e -o pipefail {0}
2026-10-07T00:58:12.7495650Z env:
2026-10-07T00:58:12.7495750Z   CARGO_NET_GIT_FETCH_WITH_CLI: true
2026-10-07T00:58:12.7495880Z   RUSTFLAGS: -D warnings
2026-10-07T00:58:12.7496030Z   CARGO_TARGET_DIR: /Users/markik/Code/targets/wgpu-scry-hardware
2026-10-07T00:58:12.7496180Z   CAPTURE: 1
2026-10-07T00:58:12.7496410Z   TIMEOUT: 90
2026-10-07T00:58:12.7496500Z   VISIBLE: 1
2026-10-07T00:58:12.7496620Z   CARGO_HOME: /Users/markik/.cargo
2026-10-07T00:58:12.7496740Z   RUSTUP_PERMIT_COPY_RENAME: 1
2026-10-07T00:58:12.7496860Z ##[endgroup]
2026-10-07T00:58:13.0554930Z info: syncing channel updates for 1.97.1-aarch64-apple-darwin
2026-10-07T00:58:13.1505000Z 
2026-10-07T00:58:13.1570800Z   1.97.1-aarch64-apple-darwin unchanged - rustc 1.97.1 (8bab26f4f 2026-07-14)
2026-10-07T00:58:13.1570980Z 
2026-10-07T00:58:13.1604840Z ##[end-action id=__dtolnay_rust-toolchain.__run_4;outcome=success;conclusion=success;duration_ms=413]
2026-10-07T00:58:13.1607020Z ##[start-action display=rustup default 1.97.1;id=__dtolnay_rust-toolchain.__run_5]
2026-10-07T00:58:13.1616450Z ##[group]Run rustup default 1.97.1 --force-non-host
2026-10-07T00:58:13.1616630Z [36;1mrustup default 1.97.1 --force-non-host[0m
2026-10-07T00:58:13.1624270Z shell: /bin/bash --noprofile --norc -e -o pipefail {0}
2026-10-07T00:58:13.1624460Z env:
2026-10-07T00:58:13.1624560Z   CARGO_NET_GIT_FETCH_WITH_CLI: true
2026-10-07T00:58:13.1624700Z   RUSTFLAGS: -D warnings
2026-10-07T00:58:13.1624870Z   CARGO_TARGET_DIR: /Users/markik/Code/targets/wgpu-scry-hardware
2026-10-07T00:58:13.1625050Z   CAPTURE: 1
2026-10-07T00:58:13.1625130Z   TIMEOUT: 90
2026-10-07T00:58:13.1625230Z   VISIBLE: 1
2026-10-07T00:58:13.1625330Z   CARGO_HOME: /Users/markik/.cargo
2026-10-07T00:58:13.1625490Z ##[endgroup]
2026-10-07T00:58:13.1934890Z info: using existing install for 1.97.1-aarch64-apple-darwin
2026-10-07T00:58:13.1971900Z info: default toolchain set to 1.97.1-aarch64-apple-darwin
2026-10-07T00:58:13.1972050Z 
2026-10-07T00:58:13.2035980Z   1.97.1-aarch64-apple-darwin unchanged - rustc 1.97.1 (8bab26f4f 2026-07-14)
2026-10-07T00:58:13.2036160Z 
2026-10-07T00:58:13.2037660Z info: note that the toolchain '1.97.1-aarch64-apple-darwin' is currently in use (overridden by '/Users/markik/actions-runner-wgpu/_work/wgpu-scry/wgpu-scry/rust-toolchain.toml')
2026-10-07T00:58:13.2046980Z ##[end-action id=__dtolnay_rust-toolchain.__run_5;outcome=success;conclusion=success;duration_ms=43]
2026-10-07T00:58:13.2048280Z ##[start-action display=Create cachekey;id=__dtolnay_rust-toolchain.rustc-version]
2026-10-07T00:58:13.2057870Z ##[group]Run DATE=$(rustc +1.97.1 --version --verbose | sed -ne 's/^commit-date: \(20[0-9][0-9]\)-\([01][0-9]\)-\([0-3][0-9]\)$/\1\2\3/p')
2026-10-07T00:58:13.2058250Z [36;1mDATE=$(rustc +1.97.1 --version --verbose | sed -ne 's/^commit-date: \(20[0-9][0-9]\)-\([01][0-9]\)-\([0-3][0-9]\)$/\1\2\3/p')[0m
2026-10-07T00:58:13.2058540Z [36;1mHASH=$(rustc +1.97.1 --version --verbose | sed -ne 's/^commit-hash: //p')[0m
2026-10-07T00:58:13.2058770Z [36;1mecho "cachekey=$(echo $DATE$HASH | head -c12)" >> $GITHUB_OUTPUT[0m
2026-10-07T00:58:13.2065630Z shell: /bin/bash --noprofile --norc -e -o pipefail {0}
2026-10-07T00:58:13.2065770Z env:
2026-10-07T00:58:13.2065860Z   CARGO_NET_GIT_FETCH_WITH_CLI: true
2026-10-07T00:58:13.2065990Z   RUSTFLAGS: -D warnings
2026-10-07T00:58:13.2066150Z   CARGO_TARGET_DIR: /Users/markik/Code/targets/wgpu-scry-hardware
2026-10-07T00:58:13.2066310Z   CAPTURE: 1
2026-10-07T00:58:13.2066400Z   TIMEOUT: 90
2026-10-07T00:58:13.2066480Z   VISIBLE: 1
2026-10-07T00:58:13.2066570Z   CARGO_HOME: /Users/markik/.cargo
2026-10-07T00:58:13.2066680Z ##[endgroup]
2026-10-07T00:58:13.2571120Z ##[end-action id=__dtolnay_rust-toolchain.rustc-version;outcome=success;conclusion=success;duration_ms=52]
2026-10-07T00:58:13.2572390Z ##[start-action display=Disable incremental compilation;id=__dtolnay_rust-toolchain.__run_6]
2026-10-07T00:58:13.2582100Z ##[group]Run if [ -z "${CARGO_INCREMENTAL+set}" ]; then
2026-10-07T00:58:13.2582280Z [36;1mif [ -z "${CARGO_INCREMENTAL+set}" ]; then[0m
2026-10-07T00:58:13.2582430Z [36;1m  echo CARGO_INCREMENTAL=0 >> $GITHUB_ENV[0m
2026-10-07T00:58:13.2582560Z [36;1mfi[0m
2026-10-07T00:58:13.2589220Z shell: /bin/bash --noprofile --norc -e -o pipefail {0}
2026-10-07T00:58:13.2589370Z env:
2026-10-07T00:58:13.2589460Z   CARGO_NET_GIT_FETCH_WITH_CLI: true
2026-10-07T00:58:13.2589730Z   RUSTFLAGS: -D warnings
2026-10-07T00:58:13.2589880Z   CARGO_TARGET_DIR: /Users/markik/Code/targets/wgpu-scry-hardware
2026-10-07T00:58:13.2590050Z   CAPTURE: 1
2026-10-07T00:58:13.2590140Z   TIMEOUT: 90
2026-10-07T00:58:13.2590230Z   VISIBLE: 1
2026-10-07T00:58:13.2590320Z   CARGO_HOME: /Users/markik/.cargo
2026-10-07T00:58:13.2590440Z ##[endgroup]
2026-10-07T00:58:13.2805680Z ##[end-action id=__dtolnay_rust-toolchain.__run_6;outcome=success;conclusion=success;duration_ms=23]
2026-10-07T00:58:13.2806850Z ##[start-action display=Enable colors in Cargo output;id=__dtolnay_rust-toolchain.__run_7]
2026-10-07T00:58:13.2816220Z ##[group]Run if [ -z "${CARGO_TERM_COLOR+set}" ]; then
2026-10-07T00:58:13.2816410Z [36;1mif [ -z "${CARGO_TERM_COLOR+set}" ]; then[0m
2026-10-07T00:58:13.2816560Z [36;1m  echo CARGO_TERM_COLOR=always >> $GITHUB_ENV[0m
2026-10-07T00:58:13.2816700Z [36;1mfi[0m
2026-10-07T00:58:13.2823450Z shell: /bin/bash --noprofile --norc -e -o pipefail {0}
2026-10-07T00:58:13.2823600Z env:
2026-10-07T00:58:13.2823690Z   CARGO_NET_GIT_FETCH_WITH_CLI: true
2026-10-07T00:58:13.2823810Z   RUSTFLAGS: -D warnings
2026-10-07T00:58:13.2823960Z   CARGO_TARGET_DIR: /Users/markik/Code/targets/wgpu-scry-hardware
2026-10-07T00:58:13.2824130Z   CAPTURE: 1
2026-10-07T00:58:13.2824210Z   TIMEOUT: 90
2026-10-07T00:58:13.2824300Z   VISIBLE: 1
2026-10-07T00:58:13.2824400Z   CARGO_HOME: /Users/markik/.cargo
2026-10-07T00:58:13.2824520Z   CARGO_INCREMENTAL: 0
2026-10-07T00:58:13.2824620Z ##[endgroup]
2026-10-07T00:58:13.3037210Z ##[end-action id=__dtolnay_rust-toolchain.__run_7;outcome=success;conclusion=success;duration_ms=22]
2026-10-07T00:58:13.3038390Z ##[start-action display=Enable Cargo sparse registry;id=__dtolnay_rust-toolchain.__run_8]
2026-10-07T00:58:13.3047870Z ##[group]Run # implemented in 1.66, stabilized in 1.68, made default in 1.70
2026-10-07T00:58:13.3048120Z [36;1m# implemented in 1.66, stabilized in 1.68, made default in 1.70[0m
2026-10-07T00:58:13.3048500Z [36;1mif [ -z "${CARGO_REGISTRIES_CRATES_IO_PROTOCOL+set}" -o -f "/Users/markik/actions-runner-wgpu/_work/_temp"/.implicit_cargo_registries_crates_io_protocol ]; then[0m
2026-10-07T00:58:13.3048970Z [36;1m  if rustc +1.97.1 --version --verbose | grep -q '^release: 1\.6[89]\.'; then[0m
2026-10-07T00:58:13.3049280Z [36;1m    touch "/Users/markik/actions-runner-wgpu/_work/_temp"/.implicit_cargo_registries_crates_io_protocol || true[0m
2026-10-07T00:58:13.3049570Z [36;1m    echo CARGO_REGISTRIES_CRATES_IO_PROTOCOL=sparse >> $GITHUB_ENV[0m
2026-10-07T00:58:13.3049800Z [36;1m  elif rustc +1.97.1 --version --verbose | grep -q '^release: 1\.6[67]\.'; then[0m
2026-10-07T00:58:13.3050090Z [36;1m    touch "/Users/markik/actions-runner-wgpu/_work/_temp"/.implicit_cargo_registries_crates_io_protocol || true[0m
2026-10-07T00:58:13.3050360Z [36;1m    echo CARGO_REGISTRIES_CRATES_IO_PROTOCOL=git >> $GITHUB_ENV[0m
2026-10-07T00:58:13.3050520Z [36;1m  fi[0m
2026-10-07T00:58:13.3050610Z [36;1mfi[0m
2026-10-07T00:58:13.3057830Z shell: /bin/bash --noprofile --norc -e -o pipefail {0}
2026-10-07T00:58:13.3057980Z env:
2026-10-07T00:58:13.3058080Z   CARGO_NET_GIT_FETCH_WITH_CLI: true
2026-10-07T00:58:13.3058210Z   RUSTFLAGS: -D warnings
2026-10-07T00:58:13.3058360Z   CARGO_TARGET_DIR: /Users/markik/Code/targets/wgpu-scry-hardware
2026-10-07T00:58:13.3058510Z   CAPTURE: 1
2026-10-07T00:58:13.3058620Z   TIMEOUT: 90
2026-10-07T00:58:13.3058710Z   VISIBLE: 1
2026-10-07T00:58:13.3058810Z   CARGO_HOME: /Users/markik/.cargo
2026-10-07T00:58:13.3058920Z   CARGO_INCREMENTAL: 0
2026-10-07T00:58:13.3059030Z   CARGO_TERM_COLOR: always
2026-10-07T00:58:13.3059140Z ##[endgroup]
2026-10-07T00:58:13.3534940Z ##[end-action id=__dtolnay_rust-toolchain.__run_8;outcome=success;conclusion=success;duration_ms=49]
2026-10-07T00:58:13.3536190Z ##[start-action display=Work around spurious network errors in curl 8.0;id=__dtolnay_rust-toolchain.__run_9]
2026-10-07T00:58:13.3554810Z ##[group]Run # https://rust-lang.zulipchat.com/#narrow/stream/246057-t-cargo/topic/timeout.20investigation
2026-10-07T00:58:13.3555310Z [36;1m# https://rust-lang.zulipchat.com/#narrow/stream/246057-t-cargo/topic/timeout.20investigation[0m
2026-10-07T00:58:13.3555580Z [36;1mif rustc +1.97.1 --version --verbose | grep -q '^release: 1\.7[01]\.'; then[0m
2026-10-07T00:58:13.3555790Z [36;1m  echo CARGO_HTTP_MULTIPLEXING=false >> $GITHUB_ENV[0m
2026-10-07T00:58:13.3555950Z [36;1mfi[0m
2026-10-07T00:58:13.3562450Z shell: /bin/bash --noprofile --norc -e -o pipefail {0}
2026-10-07T00:58:13.3562620Z env:
2026-10-07T00:58:13.3562750Z   CARGO_NET_GIT_FETCH_WITH_CLI: true
2026-10-07T00:58:13.3562910Z   RUSTFLAGS: -D warnings
2026-10-07T00:58:13.3563110Z   CARGO_TARGET_DIR: /Users/markik/Code/targets/wgpu-scry-hardware
2026-10-07T00:58:13.3563440Z   CAPTURE: 1
2026-10-07T00:58:13.3563570Z   TIMEOUT: 90
2026-10-07T00:58:13.3563680Z   VISIBLE: 1
2026-10-07T00:58:13.3563780Z   CARGO_HOME: /Users/markik/.cargo
2026-10-07T00:58:13.3563910Z   CARGO_INCREMENTAL: 0
2026-10-07T00:58:13.3564030Z   CARGO_TERM_COLOR: always
2026-10-07T00:58:13.3564130Z ##[endgroup]
2026-10-07T00:58:13.3910850Z ##[end-action id=__dtolnay_rust-toolchain.__run_9;outcome=success;conclusion=success;duration_ms=37]
2026-10-07T00:58:13.3912680Z ##[start-action display=rustc +1.97.1 --version --verbose;id=__dtolnay_rust-toolchain.__run_10]
2026-10-07T00:58:13.3922110Z ##[group]Run rustc +1.97.1 --version --verbose
2026-10-07T00:58:13.3922280Z [36;1mrustc +1.97.1 --version --verbose[0m
2026-10-07T00:58:13.3928880Z shell: /bin/bash --noprofile --norc -e -o pipefail {0}
2026-10-07T00:58:13.3929040Z env:
2026-10-07T00:58:13.3929130Z   CARGO_NET_GIT_FETCH_WITH_CLI: true
2026-10-07T00:58:13.3929260Z   RUSTFLAGS: -D warnings
2026-10-07T00:58:13.3929410Z   CARGO_TARGET_DIR: /Users/markik/Code/targets/wgpu-scry-hardware
2026-10-07T00:58:13.3929570Z   CAPTURE: 1
2026-10-07T00:58:13.3929660Z   TIMEOUT: 90
2026-10-07T00:58:13.3929740Z   VISIBLE: 1
2026-10-07T00:58:13.3929850Z   CARGO_HOME: /Users/markik/.cargo
2026-10-07T00:58:13.3929970Z   CARGO_INCREMENTAL: 0
2026-10-07T00:58:13.3930080Z   CARGO_TERM_COLOR: always
2026-10-07T00:58:13.3930180Z ##[endgroup]
2026-10-07T00:58:13.4258280Z rustc 1.97.1 (8bab26f4f 2026-07-14)
2026-10-07T00:58:13.4258740Z binary: rustc
2026-10-07T00:58:13.4258890Z commit-hash: 8bab26f4f68e0e26f0bb7960be334d5b520ea452
2026-10-07T00:58:13.4259060Z commit-date: 2026-07-14
2026-10-07T00:58:13.4259190Z host: aarch64-apple-darwin
2026-10-07T00:58:13.4259310Z release: 1.97.1
2026-10-07T00:58:13.4261570Z LLVM version: 22.1.6
2026-10-07T00:58:13.4272290Z ##[end-action id=__dtolnay_rust-toolchain.__run_10;outcome=success;conclusion=success;duration_ms=35]
2026-10-07T00:58:13.4300070Z ##[group]Run cargo test --locked -p scrying --lib latest_image_sample
2026-10-07T00:58:13.4300310Z [36;1mcargo test --locked -p scrying --lib latest_image_sample[0m
2026-10-07T00:58:13.4307020Z shell: /bin/bash -e {0}
2026-10-07T00:58:13.4307120Z env:
2026-10-07T00:58:13.4307220Z   CARGO_NET_GIT_FETCH_WITH_CLI: true
2026-10-07T00:58:13.4307360Z   RUSTFLAGS: -D warnings
2026-10-07T00:58:13.4307500Z   CARGO_TARGET_DIR: /Users/markik/Code/targets/wgpu-scry-hardware
2026-10-07T00:58:13.4307660Z   CAPTURE: 1
2026-10-07T00:58:13.4307760Z   TIMEOUT: 90
2026-10-07T00:58:13.4307840Z   VISIBLE: 1
2026-10-07T00:58:13.4307940Z   CARGO_HOME: /Users/markik/.cargo
2026-10-07T00:58:13.4308050Z   CARGO_INCREMENTAL: 0
2026-10-07T00:58:13.4308150Z   CARGO_TERM_COLOR: always
2026-10-07T00:58:13.4308260Z ##[endgroup]
2026-10-07T00:58:13.5632620Z [1m[92m    Finished[0m `test` profile [unoptimized + debuginfo] target(s) in 0.09s
2026-10-07T00:58:13.5668780Z [1m[92m     Running[0m unittests src/lib.rs (/Users/markik/Code/targets/wgpu-scry-hardware/debug/deps/scrying-0a40c7f6f00520b3)
2026-10-07T00:58:13.5725850Z 
2026-10-07T00:58:13.5726110Z running 2 tests
2026-10-07T00:58:13.5729700Z test latest_image_sample::tests::newer_image_replaces_only_one_pending_image ... ok
2026-10-07T00:58:13.5730020Z test latest_image_sample::tests::status_only_burst_preserves_pending_image_and_its_custody ... ok
2026-10-07T00:58:13.5730490Z 
2026-10-07T00:58:13.5730630Z test result: ok. 2 passed; 0 failed; 0 ignored; 0 measured; 18 filtered out; finished in 0.00s
2026-10-07T00:58:13.5730810Z 
2026-10-07T00:58:13.5765710Z ##[group]Run cargo test --locked -p demo-mac --bin demo-mac capture_size_tests
2026-10-07T00:58:13.5765980Z [36;1mcargo test --locked -p demo-mac --bin demo-mac capture_size_tests[0m
2026-10-07T00:58:13.5773010Z shell: /bin/bash -e {0}
2026-10-07T00:58:13.5773130Z env:
2026-10-07T00:58:13.5773220Z   CARGO_NET_GIT_FETCH_WITH_CLI: true
2026-10-07T00:58:13.5773360Z   RUSTFLAGS: -D warnings
2026-10-07T00:58:13.5773500Z   CARGO_TARGET_DIR: /Users/markik/Code/targets/wgpu-scry-hardware
2026-10-07T00:58:13.5773660Z   CAPTURE: 1
2026-10-07T00:58:13.5773760Z   TIMEOUT: 90
2026-10-07T00:58:13.5773840Z   VISIBLE: 1
2026-10-07T00:58:13.5773940Z   CARGO_HOME: /Users/markik/.cargo
2026-10-07T00:58:13.5774050Z   CARGO_INCREMENTAL: 0
2026-10-07T00:58:13.5774170Z   CARGO_TERM_COLOR: always
2026-10-07T00:58:13.5774270Z ##[endgroup]
2026-10-07T00:58:13.7061740Z [1m[92m   Compiling[0m demo-mac v0.1.0 (/Users/markik/actions-runner-wgpu/_work/wgpu-scry/wgpu-scry/demo-mac)
2026-10-07T00:58:14.9067470Z [1m[92m    Finished[0m `test` profile [unoptimized + debuginfo] target(s) in 1.29s
2026-10-07T00:58:14.9124040Z [1m[92m     Running[0m unittests src/main.rs (/Users/markik/Code/targets/wgpu-scry-hardware/debug/deps/demo_mac-0640c1bcf540d6fd)
2026-10-07T00:58:15.1260110Z 
2026-10-07T00:58:15.1260920Z running 1 test
2026-10-07T00:58:15.1261760Z test capture_size_tests::capture_resize_expectations_follow_display_scale ... ok
2026-10-07T00:58:15.1262270Z 
2026-10-07T00:58:15.1262690Z test result: ok. 1 passed; 0 failed; 0 ignored; 0 measured; 0 filtered out; finished in 0.00s
2026-10-07T00:58:15.1263280Z 
2026-10-07T00:58:15.1389890Z ##[group]Run bash scripts/test-mac.sh
2026-10-07T00:58:15.1390060Z [36;1mbash scripts/test-mac.sh[0m
2026-10-07T00:58:15.1397660Z shell: /bin/bash -e {0}
2026-10-07T00:58:15.1397950Z env:
2026-10-07T00:58:15.1398150Z   CARGO_NET_GIT_FETCH_WITH_CLI: true
2026-10-07T00:58:15.1398430Z   RUSTFLAGS: -D warnings
2026-10-07T00:58:15.1398770Z   CARGO_TARGET_DIR: /Users/markik/Code/targets/wgpu-scry-hardware
2026-10-07T00:58:15.1399150Z   CAPTURE: 1
2026-10-07T00:58:15.1399370Z   TIMEOUT: 90
2026-10-07T00:58:15.1399590Z   VISIBLE: 1
2026-10-07T00:58:15.1399790Z   CARGO_HOME: /Users/markik/.cargo
2026-10-07T00:58:15.1400090Z   CARGO_INCREMENTAL: 0
2026-10-07T00:58:15.1400360Z   CARGO_TERM_COLOR: always
2026-10-07T00:58:15.1400610Z ##[endgroup]
2026-10-07T00:58:17.1908900Z ==> ScreenCaptureKit display-awake hold active
2026-10-07T00:58:17.1910040Z ==> building demo-mac
2026-10-07T00:58:18.5582940Z /Users/markik/Code/targets/wgpu-scry-hardware/debug/scry-demo-mac-hardware.app: replacing existing signature
2026-10-07T00:58:18.7165650Z ==> code-signing identity: -
2026-10-07T00:58:18.7200970Z Executable=/Users/markik/Code/targets/wgpu-scry-hardware/debug/scry-demo-mac-hardware.app/Contents/MacOS/demo-mac
2026-10-07T00:58:18.7201400Z designated => identifier "org.merely.scry.hardware-demo"
2026-10-07T00:58:18.7203240Z ==> LaunchServices app: /Users/markik/Code/targets/wgpu-scry-hardware/debug/scry-demo-mac-hardware.app
2026-10-07T00:58:18.7204750Z 
2026-10-07T00:58:18.7204940Z ==> --scripted
2026-10-07T00:58:23.7691170Z demo-mac: nav event: Starting { url: "about:blank" }
2026-10-07T00:58:23.7691430Z demo-mac: nav event: SourceChanged { url: "about:blank" }
2026-10-07T00:58:23.7691630Z demo-mac: js->host: ready
2026-10-07T00:58:23.7691790Z demo-mac: scripted: page ready
2026-10-07T00:58:23.7691990Z demo-mac: nav event: Completed { url: "about:blank", success: true }
2026-10-07T00:58:23.7692220Z demo-mac: nav event: TitleChanged { title: "scrying-test" }
2026-10-07T00:58:23.7692430Z demo-mac: js->host: echo:ping-from-host
2026-10-07T00:58:23.7692600Z demo-mac: scripted: JS echoed host message
2026-10-07T00:58:23.7692800Z demo-mac: scripted: 6 ScrollWheel events dispatched without error
2026-10-07T00:58:23.7696800Z demo-mac: cursor change: Default
2026-10-07T00:58:23.7697010Z demo-mac: scripted: 3 KeyDown/KeyUp pairs dispatched without error
2026-10-07T00:58:23.7697440Z demo-mac: scripted: PASS — slices E + G + I + cursor handler verified at runtime
2026-10-07T00:58:23.7697660Z   - cursor handler fired 1 time(s) over the run
2026-10-07T00:58:23.7707720Z   -> PASS
2026-10-07T00:58:23.7722100Z 
2026-10-07T00:58:23.7722280Z ==> --browser-test
2026-10-07T00:58:24.8597490Z demo-mac: nav event: Starting { url: "scrying-test://history-1" }
2026-10-07T00:58:24.8597790Z demo-mac: nav event: SourceChanged { url: "scrying-test://history-1" }
2026-10-07T00:58:24.8598030Z demo-mac: js->host: loaded:history-1
2026-10-07T00:58:24.8598180Z demo-mac: browser-test: history-1 loaded
2026-10-07T00:58:24.8598430Z demo-mac: nav event: Completed { url: "scrying-test://history-2", success: true }
2026-10-07T00:58:24.8598700Z demo-mac: nav event: Starting { url: "scrying-test://history-2" }
2026-10-07T00:58:24.8598920Z demo-mac: nav event: SourceChanged { url: "scrying-test://history-2" }
2026-10-07T00:58:24.8599250Z demo-mac: nav event: Completed { url: "scrying-test://history-2", success: true }
2026-10-07T00:58:24.8599500Z demo-mac: js->host: loaded:history-2
2026-10-07T00:58:24.8599660Z demo-mac: browser-test: history-2 loaded
2026-10-07T00:58:24.8599830Z demo-mac: nav event: Starting { url: "scrying-test://history-1" }
2026-10-07T00:58:24.8600110Z demo-mac: nav event: SourceChanged { url: "scrying-test://history-1" }
2026-10-07T00:58:24.8600420Z demo-mac: nav event: Completed { url: "scrying-test://history-1", success: true }
2026-10-07T00:58:24.8600680Z demo-mac: browser-test: go_back navigated to history-1
2026-10-07T00:58:24.8600930Z demo-mac: nav event: Starting { url: "scrying-test://history-2" }
2026-10-07T00:58:24.8601570Z demo-mac: nav event: SourceChanged { url: "scrying-test://history-2" }
2026-10-07T00:58:24.8601830Z demo-mac: nav event: Completed { url: "scrying-test://history-2", success: true }
2026-10-07T00:58:24.8602050Z demo-mac: browser-test: go_forward navigated to history-2
2026-10-07T00:58:24.8602230Z demo-mac: browser-test: apply_settings ok
2026-10-07T00:58:24.8602400Z demo-mac: nav event: Starting { url: "scrying-test://find-target" }
2026-10-07T00:58:24.8602630Z demo-mac: nav event: SourceChanged { url: "scrying-test://find-target" }
2026-10-07T00:58:24.8602830Z demo-mac: js->host: loaded:find-target
2026-10-07T00:58:24.8603040Z demo-mac: nav event: Completed { url: "scrying-test://find-target", success: true }
2026-10-07T00:58:24.8603280Z demo-mac: browser-test: find_in_page matched
2026-10-07T00:58:24.8603490Z demo-mac: browser-test: PDF rendered (12150 bytes)
2026-10-07T00:58:24.8603840Z demo-mac: browser-test: PASS — items 1, 3, 4, 9 verified at runtime
2026-10-07T00:58:24.8604060Z   - history controls (go_back/go_forward observed via SourceChanged events)
2026-10-07T00:58:24.8604270Z   - settings (apply_settings returned Ok)
2026-10-07T00:58:24.8604450Z   - URL schemes (scrying-test:// served 3 pages successfully)
2026-10-07T00:58:24.8604680Z   - find_in_page → Some(true), request_pdf → 12150 bytes
2026-10-07T00:58:24.8613020Z   -> PASS
2026-10-07T00:58:24.8626820Z 
2026-10-07T00:58:24.8626960Z ==> --interaction-state-test
2026-10-07T00:58:26.2970910Z demo-mac: nav event: Starting { url: "scrying-test://history-1" }
2026-10-07T00:58:26.2971190Z demo-mac: nav event: SourceChanged { url: "scrying-test://history-1" }
2026-10-07T00:58:26.2971410Z demo-mac: js->host: loaded:history-1
2026-10-07T00:58:26.2971630Z demo-mac: nav event: Completed { url: "scrying-test://history-1", success: true }
2026-10-07T00:58:26.2971890Z demo-mac: nav event: Starting { url: "scrying-test://history-2" }
2026-10-07T00:58:26.2972130Z demo-mac: nav event: SourceChanged { url: "scrying-test://history-2" }
2026-10-07T00:58:26.2972350Z demo-mac: js->host: loaded:history-2
2026-10-07T00:58:26.2972570Z demo-mac: nav event: Completed { url: "scrying-test://history-2", success: true }
2026-10-07T00:58:26.2973240Z demo-mac: nav event: Starting { url: "scrying-test://find-target" }
2026-10-07T00:58:26.2973500Z demo-mac: nav event: SourceChanged { url: "scrying-test://find-target" }
2026-10-07T00:58:26.2973700Z demo-mac: js->host: loaded:find-target
2026-10-07T00:58:26.2973910Z demo-mac: nav event: Completed { url: "scrying-test://find-target", success: true }
2026-10-07T00:58:26.2974190Z demo-mac: interaction-state-test: serialized 1024 bytes at C
2026-10-07T00:58:26.2974460Z demo-mac: nav event: Starting { url: "scrying-test://history-2" }
2026-10-07T00:58:26.2974790Z demo-mac: nav event: SourceChanged { url: "scrying-test://history-2" }
2026-10-07T00:58:26.2975120Z demo-mac: nav event: Completed { url: "scrying-test://history-2", success: true }
2026-10-07T00:58:26.2975380Z demo-mac: nav event: Starting { url: "scrying-test://history-1" }
2026-10-07T00:58:26.2975630Z demo-mac: nav event: SourceChanged { url: "scrying-test://history-1" }
2026-10-07T00:58:26.2975930Z demo-mac: nav event: Completed { url: "scrying-test://history-1", success: true }
2026-10-07T00:58:26.2976190Z demo-mac: interaction-state-test: restore_interaction_state ok
2026-10-07T00:58:26.2976410Z demo-mac: nav event: Starting { url: "scrying-test://find-target" }
2026-10-07T00:58:26.2976630Z demo-mac: nav event: SourceChanged { url: "scrying-test://find-target" }
2026-10-07T00:58:26.2976810Z demo-mac: js->host: loaded:find-target
2026-10-07T00:58:26.2977000Z demo-mac: nav event: Completed { url: "scrying-test://find-target", success: true }
2026-10-07T00:58:26.2977210Z demo-mac: interaction-state-test: restored to C
2026-10-07T00:58:26.2977500Z demo-mac: interaction-state-test: PASS — serialize/restore round-trip verified
2026-10-07T00:58:26.2977760Z   - serialized at C (1024 bytes), navigated back to A, restore landed on C
2026-10-07T00:58:26.2978250Z   - post-restore can_go_back == true, can_go_forward == false
2026-10-07T00:58:26.2987920Z   -> PASS
2026-10-07T00:58:26.3001050Z 
2026-10-07T00:58:26.3001110Z ==> --pointer-input-test
2026-10-07T00:58:27.3897930Z demo-mac: nav event: Starting { url: "scrying-test://pointer" }
2026-10-07T00:58:27.3898230Z demo-mac: nav event: SourceChanged { url: "scrying-test://pointer" }
2026-10-07T00:58:27.3898430Z demo-mac: js->host: ready
2026-10-07T00:58:27.3898590Z demo-mac: pointer-input-test: page ready
2026-10-07T00:58:27.3898810Z demo-mac: nav event: Completed { url: "scrying-test://pointer", success: true }
2026-10-07T00:58:27.3899020Z demo-mac: js->host: ptr:down:50,718:mouse
2026-10-07T00:58:27.3899160Z demo-mac: cursor change: Default
2026-10-07T00:58:27.3899280Z demo-mac: js->host: ptr:move:75,693:mouse
2026-10-07T00:58:27.3899430Z demo-mac: js->host: ptr:up:75,693:mouse
2026-10-07T00:58:27.3899830Z demo-mac: pointer-input-test: PASS — Down/Update/Up reached JS pointer listeners
2026-10-07T00:58:27.3900130Z   - JS observed: down=true move=true up=true leave=false
2026-10-07T00:58:27.3900350Z   - WebKit reported pointerType = Some("mouse") (macOS collapses every device to mouse)
2026-10-07T00:58:27.3912800Z   -> PASS
2026-10-07T00:58:27.3926190Z 
2026-10-07T00:58:27.3926280Z ==> --incognito-test
2026-10-07T00:58:28.0840990Z demo-mac: --incognito-test: spun up persistent comparison producer
2026-10-07T00:58:28.0841300Z demo-mac: incognito-test: set_cookie 'scrying-incognito-82395' on incognito producer
2026-10-07T00:58:28.0841560Z demo-mac: incognito-test: incognito store reports 1 cookie(s)
2026-10-07T00:58:28.0841800Z demo-mac: incognito-test: persistent store reports 0 cookie(s)
2026-10-07T00:58:28.0842180Z demo-mac: incognito-test: PASS — non_persistent stores stay isolated from persistent ones
2026-10-07T00:58:28.0842450Z   - set_cookie on incognito producer was visible to its own request_all_cookies
2026-10-07T00:58:28.0842700Z   - same cookie was absent from a separate persistent producer's store
2026-10-07T00:58:28.0856000Z   -> PASS
2026-10-07T00:58:28.0869470Z 
2026-10-07T00:58:28.0869660Z ==> --download-test
2026-10-07T00:58:35.2809430Z demo-mac: download-test: serving payload at http://127.0.0.1:57033/download
2026-10-07T00:58:35.2810150Z demo-mac: download-test: auth-required payload at http://127.0.0.1:57033/download-auth
2026-10-07T00:58:35.2810440Z demo-mac: nav event: Starting { url: "http://127.0.0.1:57033/download" }
2026-10-07T00:58:35.2811160Z demo-mac: nav event: DownloadStarted { id: DownloadId(1), url: "http://127.0.0.1:57033/download", suggested_filename: "scrying-download.bin", destination_path: "/Users/markik/Code/targets/wgpu-scry-hardware/demo-mac-download-test-82420/download-output/scrying-download.bin", total_bytes_expected: Some(262144) }
2026-10-07T00:58:35.2811800Z demo-mac: nav event: Completed { url: "", success: false }
2026-10-07T00:58:35.2812080Z demo-mac: nav event: DownloadProgress { id: DownloadId(1), bytes_written: 262144, total_bytes_expected: Some(262144) }
2026-10-07T00:58:35.2812650Z demo-mac: nav event: DownloadFinished { id: DownloadId(1), destination_path: "/Users/markik/Code/targets/wgpu-scry-hardware/demo-mac-download-test-82420/download-output/scrying-download.bin", error: None }
2026-10-07T00:58:35.2813350Z demo-mac: download-test: phase A: 262144 bytes landed at /Users/markik/Code/targets/wgpu-scry-hardware/demo-mac-download-test-82420/download-output/scrying-download.bin (matches served payload)
2026-10-07T00:58:35.2813830Z demo-mac: nav event: Starting { url: "http://127.0.0.1:57033/download" }
2026-10-07T00:58:35.2814050Z demo-mac: nav event: Completed { url: "", success: false }
2026-10-07T00:58:35.2814390Z demo-mac: nav event: DownloadCancelled { id: DownloadId(2), destination_path: "", resume_data: None }
2026-10-07T00:58:35.2814720Z demo-mac: download-test: phase B: DownloadCancelled fired for id 2 after host Cancel decision
2026-10-07T00:58:35.2815030Z demo-mac: download-test: phase C: cancel_download(unknown) returned Ok(false) as expected
2026-10-07T00:58:35.2815530Z demo-mac: download-test: auth challenge for host '127.0.0.1' method 'NSURLAuthenticationMethodHTTPBasic'
2026-10-07T00:58:35.2816000Z demo-mac: nav event: AuthChallenged { url: "http://127.0.0.1:57033/download-auth", host: "127.0.0.1", auth_method: "NSURLAuthenticationMethodHTTPBasic", source: Download }
2026-10-07T00:58:35.2816810Z demo-mac: nav event: DownloadStarted { id: DownloadId(3), url: "http://127.0.0.1:57033/download-auth", suggested_filename: "scrying-download.bin", destination_path: "/Users/markik/Code/targets/wgpu-scry-hardware/demo-mac-download-test-82420/download-output/scrying-download-1.bin", total_bytes_expected: Some(262144) }
2026-10-07T00:58:35.2817530Z demo-mac: nav event: DownloadProgress { id: DownloadId(3), bytes_written: 262144, total_bytes_expected: Some(262144) }
2026-10-07T00:58:35.2818040Z demo-mac: nav event: DownloadFinished { id: DownloadId(3), destination_path: "/Users/markik/Code/targets/wgpu-scry-hardware/demo-mac-download-test-82420/download-output/scrying-download-1.bin", error: None }
2026-10-07T00:58:35.2818550Z demo-mac: download-test: phase D: auth-protected download succeeded with 262144 bytes after credentials supplied
2026-10-07T00:58:35.2818840Z demo-mac: nav event: Starting { url: "http://127.0.0.1:57033/download-slow" }
2026-10-07T00:58:35.2819060Z demo-mac: nav event: Completed { url: "", success: false }
2026-10-07T00:58:35.2819610Z demo-mac: nav event: DownloadStarted { id: DownloadId(4), url: "http://127.0.0.1:57033/download-slow", suggested_filename: "scrying-download.bin", destination_path: "/Users/markik/Code/targets/wgpu-scry-hardware/demo-mac-download-test-82420/download-output/scrying-download-2.bin", total_bytes_expected: Some(262144) }
2026-10-07T00:58:35.2820210Z demo-mac: download-test: phase E: cancel_download(4) -> Ok(true), awaiting resume_data
2026-10-07T00:58:35.2851540Z demo-mac: nav event: DownloadCancelled { id: DownloadId(4), destination_path: "/Users/markik/Code/targets/wgpu-scry-hardware/demo-mac-download-test-82420/download-output/scrying-download-2.bin", resume_data: Some([98, 112, 108, 105, 115, 116, 48, 48, 212, 1, 2, 3, 4, 5, 6, 7, 10, 88, 36, 118, 101, 114, 115, 105, 111, 110, 89, 36, 97, 114, 99, 104, 105, 118, 101, 114, 84, 36, 116, 111, 112, 88, 36, 111, 98, 106, 101, 99, 116, 115, 18, 0, 1, 134, 160, 95, 16, 15, 78, 83, 75, 101, 121, 101, 100, 65, 114, 99, 104, 105, 118, 101, 114, 209, 8, 9, 95, 16, 27, 78, 83, 75, 101, 121, 101, 100, 65, 114, 99, 104, 105, 118, 101, 82, 111, 111, 116, 79, 98, 106, 101, 99, 116, 75, 101, 121, 128, 1, 167, 11, 12, 23, 24, 25, 26, 27, 85, 36, 110, 117, 108, 108, 211, 13, 14, 15, 16, 19, 22, 87, 78, 83, 46, 107, 101, 121, 115, 90, 78, 83, 46, 111, 98, 106, 101, 99, 116, 115, 86, 36, 99, 108, 97, 115, 115, 162, 17, 18, 128, 2, 128, 3, 162, 20, 21, 128, 4, 128, 5, 128, 6, 84, 100, 97, 116, 97, 95, 16, 31, 78, 83, 85, 82, 76, 83, 101, 115, 115, 105, 111, 110, 82, 101, 115, 117, 109, 101, 73, 110, 102, 111, 76, 111, 99, 97, 108, 80, 97, 116, 104, 79, 17, 28, 216, 54, 21, 8, 37, 18, 7, 67, 95, 212, 0, 1, 0, 2, 0, 3, 0, 4, 0, 5, 0, 6, 0, 7, 0, 10, 88, 36, 118, 101, 114, 115, 105, 111, 110, 89, 36, 97, 114, 99, 104, 105, 118, 101, 114, 84, 36, 116, 111, 112, 88, 36, 111, 98, 106, 101, 99, 116, 115, 18, 0, 1, 134, 160, 95, 16, 15, 78, 83, 75, 101, 121, 101, 100, 65, 114, 99, 104, 105, 118, 101, 114, 209, 0, 8, 0, 9, 84, 114, 111, 111, 116, 128, 1, 175, 16, 79, 0, 11, 0, 12, 0, 43, 0, 31, 0, 153, 0, 159, 0, 160, 0, 166, 0, 107, 0, 167, 0, 171, 0, 121, 0, 173, 0, 42, 0, 174, 0, 142, 0, 175, 0, 176, 0, 196, 0, 197, 0, 198, 0, 199, 0, 200, 0, 201, 0, 202, 0, 203, 0, 204, 0, 205, 0, 206, 0, 207, 0, 208, 0, 209, 0, 210, 0, 214, 0, 228, 0, 229, 0, 230, 0, 231, 0, 232, 0, 233, 0, 234, 0, 235, 0, 236, 0, 242, 0, 243, 0, 244, 0, 247, 0, 252, 1, 44, 1, 62, 1, 63, 1, 64, 1, 78, 1, 84, 1, 99, 0, 28, 1, 100, 1, 101, 1, 121, 1, 122, 1, 123, 1, 124, 1, 125, 1, 126, 1, 127, 1, 128, 1, 129, 1, 130, 1, 131, 1, 132, 1, 133, 1, 134, 1, 135, 1, 136, 1, 140, 1, 144, 1, 149, 1, 153, 1, 154, 85, 36, 110, 117, 108, 108, 223, 16, 15, 0, 13, 0, 14, 0, 15, 0, 16, 0, 17, 0, 18, 0, 19, 0, 20, 0, 21, 0, 22, 0, 23, 0, 24, 0, 25, 0, 26, 0, 27, 0, 28, 0, 29, 0, 30, 0, 31, 0, 32, 0, 33, 0, 34, 0, 35, 0, 36, 0, 37, 0, 29, 0, 31, 0, 40, 0, 29, 0, 42, 94, 116, 97, 115, 107, 73, 100, 101, 110, 116, 105, 102, 105, 101, 114, 95, 16, 15, 116, 97, 115, 107, 68, 101, 115, 99, 114, 105, 112, 116, 105, 111, 110, 95, 16, 31, 99, 111, 117, 110, 116, 79, 102, 66, 121, 116, 101, 115, 67, 108, 105, 101, 110, 116, 69, 120, 112, 101, 99, 116, 115, 84, 111, 83, 101, 110, 100, 95, 16, 21, 95, 107, 101, 101, 112, 68, 111, 119, 110, 108, 111, 97, 100, 84, 97, 115, 107, 70, 105, 108, 101, 88, 112, 114, 105, 111, 114, 105, 116, 121, 87, 102, 105, 108, 101, 85, 82, 76, 95, 16, 34, 99, 111, 117, 110, 116, 79, 102, 66, 121, 116, 101, 115, 67, 108, 105, 101, 110, 116, 69, 120, 112, 101, 99, 116, 115, 84, 111, 82, 101, 99, 101, 105, 118, 101, 95, 16, 15, 111, 114, 105, 103, 105, 110, 97, 108, 82, 101, 113, 117, 101, 115, 116, 86, 36, 99, 108, 97, 115, 115, 94, 99, 117, 114, 114, 101, 110, 116, 82, 101, 113, 117, 101, 115, 116, 95, 16, 17, 101, 97, 114, 108, 105, 101, 115, 116, 66, 101, 103, 105, 110, 68, 97, 116, 101, 95, 16, 26, 112, 114, 101, 102, 101, 114, 115, 73, 110, 99, 114, 101, 109, 101, 110, 116, 97, 108, 68, 101, 108, 105, 118, 101, 114, 121, 88, 114, 101, 115, 112, 111, 110, 115, 101, 92, 116, 101, 109, 112, 70, 105, 108, 101, 78, 97, 109, 101, 89, 115, 116, 97, 114, 116, 84, 105, 109, 101, 16, 0, 128, 0, 19, 255, 255, 255, 255, 255, 255, 255, 255, 8, 34, 63, 128, 0, 0, 128, 76, 18, 0, 4, 0, 0, 128, 2, 128, 78, 128, 47, 128, 0, 8, 128, 53, 128, 0, 35, 0, 0, 0, 0, 0, 0, 0, 0, 223, 16, 58, 0, 44, 0, 45, 0, 46, 0, 47, 0, 48, 0, 49, 0, 50, 0, 51, 0, 52, 0, 53, 0, 54, 0, 55, 0, 56, 0, 57, 0, 58, 0, 59, 0, 60, 0, 61, 0, 62, 0, 63, 0, 64, 0, 65, 0, 66, 0, 67, 0, 68, 0, 69, 0, 70, 0, 71, 0, 72, 0, 73, 0, 74, 0, 75, 0, 76, 0, 77, 0, 78, 0, 79, 0, 80, 0, 81, 0, 82, 0, 21, 0, 83, 0, 84, 0, 85, 0, 86, 0, 87, 0, 88, 0, 89, 0, 90, 0, 91, 0, 92, 0, 93, 0, 94, 0, 95, 0, 96, 0, 97, 0, 98, 0, 99, 0, 100, 0, 28, 0, 31, 0, 102, 0, 28, 0, 31, 0, 28, 0, 31, 0, 105, 0, 106, 0, 107, 0, 108, 0, 29, 0, 110, 0, 29, 0, 108, 0, 106, 0, 114, 0, 29, 0, 31, 0, 117, 0, 118, 0, 31, 0, 120, 0, 121, 0, 31, 0, 105, 0, 31, 0, 31, 0, 42, 0, 126, 0, 127, 0, 31, 0, 129, 0, 29, 0, 28, 0, 31, 0, 106, 0, 121, 0, 31, 0, 135, 0, 136, 0, 29, 0, 28, 0, 102, 0, 42, 0, 31, 0, 140, 0, 29, 0, 142, 0, 31, 0, 31, 0, 31, 0, 146, 0, 31, 0, 29, 0, 149, 0, 31, 0, 29, 95, 16, 24, 114, 101, 113, 117, 105, 114, 101, 115, 68, 78, 83, 83, 69, 67, 86, 97, 108, 105, 100, 97, 116, 105, 111, 110, 95, 16, 18, 105, 115, 87, 101, 98, 83, 101, 97, 114, 99, 104, 67, 111, 110, 116, 101, 110, 116, 95, 16, 31, 95, 95, 110, 115, 117, 114, 108, 114, 101, 113, 117, 101, 115, 116, 95, 112, 114, 111, 116, 111, 95, 112, 114, 111, 112, 95, 111, 98, 106, 95, 57, 95, 16, 20, 97, 108, 108, 111, 119, 101, 100, 80, 114, 111, 116, 111, 99, 111, 108, 84, 121, 112, 101, 115, 93, 98, 108, 111, 99, 107, 84, 114, 97, 99, 107, 101, 114, 115, 95, 16, 30, 97, 108, 108, 111, 119, 115, 67, 111, 110, 115, 116, 114, 97, 105, 110, 101, 100, 78, 101, 116, 119, 111, 114, 107, 65, 99, 99, 101, 115, 115, 95, 16, 19, 97, 115, 115, 117, 109, 101, 115, 72, 84, 84, 80, 51, 67, 97, 112, 97, 98, 108, 101, 95, 16, 32, 95, 95, 110, 115, 117, 114, 108, 114, 101, 113, 117, 101, 115, 116, 95, 112, 114, 111, 116, 111, 95, 112, 114, 111, 112, 95, 111, 98, 106, 95, 49, 48, 95, 16, 32, 95, 95, 110, 115, 117, 114, 108, 114, 101, 113, 117, 101, 115, 116, 95, 112, 114, 111, 116, 111, 95, 112, 114, 111, 112, 95, 111, 98, 106, 95, 49, 49, 91, 97, 116, 116, 114, 105, 98, 117, 116, 105, 111, 110, 95, 16, 32, 95, 95, 110, 115, 117, 114, 108, 114, 101, 113, 117, 101, 115, 116, 95, 112, 114, 111, 116, 111, 95, 112, 114, 111, 112, 95, 111, 98, 106, 95, 49, 50, 95, 16, 32, 95, 95, 110, 115, 117, 114, 108, 114, 101, 113, 117, 101, 115, 116, 95, 112, 114, 111, 116, 111, 95, 112, 114, 111, 112, 95, 111, 98, 106, 95, 50, 48, 95, 16, 26, 95, 95, 110, 115, 117, 114, 108, 114, 101, 113, 117, 101, 115, 116, 95, 112, 114, 111, 116, 111, 95, 112, 114, 111, 112, 115, 95, 16, 32, 95, 95, 110, 115, 117, 114, 108, 114, 101, 113, 117, 101, 115, 116, 95, 112, 114, 111, 116, 111, 95, 112, 114, 111, 112, 95, 111, 98, 106, 95, 50, 49, 95, 16, 32, 95, 95, 110, 115, 117, 114, 108, 114, 101, 113, 117, 101, 115, 116, 95, 112, 114, 111, 116, 111, 95, 112, 114, 111, 112, 95, 111, 98, 106, 95, 49, 51, 95, 16, 32, 95, 95, 110, 115, 117, 114, 108, 114, 101, 113, 117, 101, 115, 116, 95, 112, 114, 111, 116, 111, 95, 112, 114, 111, 112, 95, 111, 98, 106, 95, 49, 52, 95, 16, 32, 95, 95, 110, 115, 117, 114, 108, 114, 101, 113, 117, 101, 115, 116, 95, 112, 114, 111, 116, 111, 95, 112, 114, 111, 112, 95, 111, 98, 106, 95, 49, 53, 95, 16, 32, 95, 95, 110, 115, 117, 114, 108, 114, 101, 113, 117, 101, 115, 116, 95, 112, 114, 111, 116, 111, 95, 112, 114, 111, 112, 95, 111, 98, 106, 95, 49, 54, 95, 16, 24, 117, 110, 115, 97, 102, 101, 65, 108, 108, 111, 119, 101, 100, 73, 110, 69, 97, 114, 108, 121, 68, 97, 116, 97, 95, 16, 32, 95, 95, 110, 115, 117, 114, 108, 114, 101, 113, 117, 101, 115, 116, 95, 112, 114, 111, 116, 111, 95, 112, 114, 111, 112, 95, 111, 98, 106, 95, 49, 55, 95, 16, 32, 95, 95, 110, 115, 117, 114, 108, 114, 101, 113, 117, 101, 115, 116, 95, 112, 114, 111, 116, 111, 95, 112, 114, 111, 112, 95, 111, 98, 106, 95, 49, 56, 95, 16, 22, 117, 115, 101, 69, 110, 104, 97, 110, 99, 101, 100, 80, 114, 105, 118, 97, 99, 121, 77, 111, 100, 101, 95, 16, 32, 95, 95, 110, 115, 117, 114, 108, 114, 101, 113, 117, 101, 115, 116, 95, 112, 114, 111, 116, 111, 95, 112, 114, 111, 112, 95, 111, 98, 106, 95, 49, 57, 95, 16, 37, 97, 108, 108, 111, 119, 80, 114, 105, 118, 97, 116, 101, 65, 99, 99, 101, 115, 115, 84, 111, 107, 101, 110, 115, 70, 111, 114, 84, 104, 105, 114, 100, 80, 97, 114, 116, 121, 95, 16, 19, 97, 108, 108, 111, 119, 115, 80, 101, 114, 115, 105, 115, 116, 101, 110, 116, 68, 78, 83, 95, 16, 31, 95, 95, 110, 115, 117, 114, 108, 114, 101, 113, 117, 101, 115, 116, 95, 112, 114, 111, 116, 111, 95, 112, 114, 111, 112, 95, 111, 98, 106, 95, 48, 95, 16, 30, 114, 101, 113, 117, 105, 114, 101, 115, 83, 104, 111, 114, 116, 67, 111, 110, 110, 101, 99, 116, 105, 111, 110, 84, 105, 109, 101, 111, 117, 116, 95, 16, 22, 112, 114, 105, 118, 97, 99, 121, 80, 114, 111, 120, 121, 70, 97, 105, 108, 67, 108, 111, 115, 101, 100, 95, 16, 26, 112, 97, 121, 108, 111, 97, 100, 84, 114, 97, 110, 115, 109, 105, 115, 115, 105, 111, 110, 84, 105, 109, 101, 111, 117, 116, 95, 16, 31, 95, 95, 110, 115, 117, 114, 108, 114, 101, 113, 117, 101, 115, 116, 95, 112, 114, 111, 116, 111, 95, 112, 114, 111, 112, 95, 111, 98, 106, 95, 49, 95, 16, 39, 99, 111, 110, 116, 101, 110, 116, 68, 105, 115, 112, 111, 115, 105, 116, 105, 111, 110, 69, 110, 99, 111, 100, 105, 110, 103, 70, 97, 108, 108, 98, 97, 99, 107, 65, 114, 114, 97, 121, 95, 16, 28, 112, 114, 105, 118, 97, 99, 121, 80, 114, 111, 120, 121, 83, 116, 114, 105, 99, 116, 70, 97, 105, 108, 67, 108, 111, 115, 101, 100, 95, 16, 31, 95, 95, 110, 115, 117, 114, 108, 114, 101, 113, 117, 101, 115, 116, 95, 112, 114, 111, 116, 111, 95, 112, 114, 111, 112, 95, 111, 98, 106, 95, 50, 94, 116, 114, 97, 99, 107, 101, 114, 67, 111, 110, 116, 101, 120, 116, 89, 97, 108, 108, 111, 119, 115, 85, 67, 65, 95, 16, 20, 112, 114, 111, 104, 105, 98, 105, 116, 80, 114, 105, 118, 97, 99, 121, 80, 114, 111, 120, 121, 95, 16, 31, 95, 95, 110, 115, 117, 114, 108, 114, 101, 113, 117, 101, 115, 116, 95, 112, 114, 111, 116, 111, 95, 112, 114, 111, 112, 95, 111, 98, 106, 95, 51, 95, 16, 48, 112, 114, 105, 118, 97, 99, 121, 80, 114, 111, 120, 121, 70, 97, 105, 108, 67, 108, 111, 115, 101, 100, 70, 111, 114, 85, 110, 114, 101, 97, 99, 104, 97, 98, 108, 101, 78, 111, 110, 77, 97, 105, 110, 72, 111, 115, 116, 115, 95, 16, 41, 112, 114, 105, 118, 97, 99, 121, 80, 114, 111, 120, 121, 70, 97, 105, 108, 67, 108, 111, 115, 101, 100, 70, 111, 114, 85, 110, 114, 101, 97, 99, 104, 97, 98, 108, 101, 72, 111, 115, 116, 115, 95, 16, 31, 95, 95, 110, 115, 117, 114, 108, 114, 101, 113, 117, 101, 115, 116, 95, 112, 114, 111, 116, 111, 95, 112, 114, 111, 112, 95, 111, 98, 106, 95, 52, 95, 16, 24, 98, 111, 117, 110, 100, 73, 110, 116, 101, 114, 102, 97, 99, 101, 73, 100, 101, 110, 116, 105, 102, 105, 101, 114, 95, 16, 28, 97, 108, 108, 111, 119, 115, 69, 120, 112, 101, 110, 115, 105, 118, 101, 78, 101, 116, 119, 111, 114, 107, 65, 99, 99, 101, 115, 115, 95, 16, 31, 95, 95, 110, 115, 117, 114, 108, 114, 101, 113, 117, 101, 115, 116, 95, 112, 114, 111, 116, 111, 95, 112, 114, 111, 112, 95, 111, 98, 106, 95, 53, 95, 16, 16, 115, 116, 97, 114, 116, 84, 105, 109, 101, 111, 117, 116, 84, 105, 109, 101, 95, 16, 18, 112, 114, 101, 118, 101, 110, 116, 72, 83, 84, 83, 83, 116, 111, 114, 97, 103, 101, 95, 16, 31, 95, 95, 110, 115, 117, 114, 108, 114, 101, 113, 117, 101, 115, 116, 95, 112, 114, 111, 116, 111, 95, 112, 114, 111, 112, 95, 111, 98, 106, 95, 54, 95, 16, 25, 99, 111, 111, 107, 105, 101, 80, 97, 114, 116, 105, 116, 105, 111, 110, 73, 100, 101, 110, 116, 105, 102, 105, 101, 114, 82, 36, 48, 95, 16, 34, 102, 97, 105, 108, 73, 110, 115, 101, 99, 117, 114, 101, 76, 111, 97, 100, 87, 105, 116, 104, 72, 84, 84, 80, 83, 68, 78, 83, 82, 101, 99, 111, 114, 100, 92, 107, 110, 111, 119, 110, 84, 114, 97, 99, 107, 101, 114, 90, 105, 103, 110, 111, 114, 101, 72, 83, 84, 83, 82, 36, 49, 95, 16, 27, 97, 108, 108, 111, 119, 79, 110, 108, 121, 80, 97, 114, 116, 105, 116, 105, 111, 110, 101, 100, 67, 111, 111, 107, 105, 101, 115, 95, 16, 31, 95, 95, 110, 115, 117, 114, 108, 114, 101, 113, 117, 101, 115, 116, 95, 112, 114, 111, 116, 111, 95, 112, 114, 111, 112, 95, 111, 98, 106, 95, 55, 82, 36, 50, 95, 16, 33, 115, 99, 104, 101, 109, 101, 87, 97, 115, 85, 112, 103, 114, 97, 100, 101, 100, 68, 117, 101, 84, 111, 68, 121, 110, 97, 109, 105, 99, 72, 83, 84, 83, 95, 16, 31, 95, 95, 110, 115, 117, 114, 108, 114, 101, 113, 117, 101, 115, 116, 95, 112, 114, 111, 116, 111, 95, 112, 114, 111, 112, 95, 111, 98, 106, 95, 56, 8, 128, 11, 8, 8, 128, 3, 128, 8, 16, 0, 128, 13, 128, 0, 128, 33, 128, 0, 128, 13, 128, 8, 128, 14, 128, 0, 8, 128, 15, 128, 16, 8, 128, 17, 9, 8, 128, 3, 8, 8, 128, 4, 128, 42, 8, 128, 7, 128, 0, 8, 128, 8, 9, 8, 128, 46, 128, 9, 128, 0, 128, 11, 8, 128, 12, 128, 0, 16, 2, 8, 8, 8, 16, 9, 8, 128, 0, 16, 22, 8, 128, 0, 8, 211, 0, 154, 0, 21, 0, 155, 0, 29, 0, 157, 0, 158, 87, 78, 83, 46, 98, 97, 115, 101, 91, 78, 83, 46, 114, 101, 108, 97, 116, 105, 118, 101, 128, 0, 128, 6, 128, 5, 95, 16, 36, 104, 116, 116, 112, 58, 47, 47, 49, 50, 55, 46, 48, 46, 48, 46, 49, 58, 53, 55, 48, 51, 51, 47, 100, 111, 119, 110, 108, 111, 97, 100, 45, 115, 108, 111, 119, 210, 0, 161, 0, 162, 0, 163, 0, 164, 90, 36, 99, 108, 97, 115, 115, 110, 97, 109, 101, 88, 36, 99, 108, 97, 115, 115, 101, 115, 85, 78, 83, 85, 82, 76, 162, 0, 163, 0, 165, 88, 78, 83, 79, 98, 106, 101, 99, 116, 35, 64, 78, 0, 0, 0, 0, 0, 0, 211, 0, 154, 0, 21, 0, 155, 0, 29, 0, 157, 0, 170, 128, 0, 128, 6, 128, 10, 95, 16, 36, 104, 116, 116, 112, 58, 47, 47, 49, 50, 55, 46, 48, 46, 48, 46, 49, 58, 53, 55, 48, 51, 51, 47, 100, 111, 119, 110, 108, 111, 97, 100, 45, 115, 108, 111, 119, 9, 17, 1, 134, 16, 4, 83, 71, 69, 84, 211, 0, 177, 0, 178, 0, 21, 0, 179, 0, 187, 0, 195, 87, 78, 83, 46, 107, 101, 121, 115, 90, 78, 83, 46, 111, 98, 106, 101, 99, 116, 115, 167, 0, 180, 0, 181, 0, 182, 0, 183, 0, 184, 0, 185, 0, 186, 128, 18, 128, 19, 128, 20, 128, 21, 128, 22, 128, 23, 128, 24, 167, 0, 188, 0, 189, 0, 190, 0, 191, 0, 192, 0, 193, 0, 194, 128, 25, 128, 26, 128, 27, 128, 28, 128, 29, 128, 30, 128, 31, 128, 32, 86, 65, 99, 99, 101, 112, 116, 94, 83, 101, 99, 45, 70, 101, 116, 99, 104, 45, 83, 105, 116, 101, 88, 95, 95, 104, 104, 97, 97, 95, 95, 95, 16, 25, 85, 112, 103, 114, 97, 100, 101, 45, 73, 110, 115, 101, 99, 117, 114, 101, 45, 82, 101, 113, 117, 101, 115, 116, 115, 94, 83, 101, 99, 45, 70, 101, 116, 99, 104, 45, 77, 111, 100, 101, 90, 85, 115, 101, 114, 45, 65, 103, 101, 110, 116, 94, 83, 101, 99, 45, 70, 101, 116, 99, 104, 45, 68, 101, 115, 116, 95, 16, 63, 116, 101, 120, 116, 47, 104, 116, 109, 108, 44, 97, 112, 112, 108, 105, 99, 97, 116, 105, 111, 110, 47, 120, 104, 116, 109, 108, 43, 120, 109, 108, 44, 97, 112, 112, 108, 105, 99, 97, 116, 105, 111, 110, 47, 120, 109, 108, 59, 113, 61, 48, 46, 57, 44, 42, 47, 42, 59, 113, 61, 48, 46, 56, 84, 110, 111, 110, 101, 95, 17, 1, 252, 13, 10, 13, 10, 89, 110, 66, 115, 97, 88, 78, 48, 77, 68, 68, 87, 65, 81, 73, 68, 66, 65, 85, 71, 66, 119, 107, 76, 68, 81, 56, 82, 88, 108, 78, 108, 89, 121, 49, 71, 90, 88, 82, 106, 97, 67, 49, 69, 90, 88, 78, 48, 87, 108, 86, 122, 90, 88, 73, 116, 81, 87, 100, 108, 98, 110, 82, 102, 69, 66, 108, 86, 99, 71, 100, 121, 89, 87, 82, 108, 76, 85, 108, 117, 99, 50, 86, 106, 100, 88, 74, 108, 76, 86, 74, 108, 99, 88, 86, 108, 99, 51, 82, 122, 86, 107, 70, 106, 89, 50, 86, 119, 100, 70, 53, 84, 90, 87, 77, 116, 82, 109, 86, 48, 89, 50, 103, 116, 85, 50, 108, 48, 90, 86, 53, 84, 90, 87, 77, 116, 82, 109, 86, 48, 89, 50, 103, 116, 84, 87, 57, 107, 90, 97, 69, 73, 87, 71, 82, 118, 89, 51, 86, 116, 90, 87, 53, 48, 111, 81, 112, 102, 69, 70, 104, 78, 98, 51, 112, 112, 98, 71, 120, 104, 76, 122, 85, 117, 77, 67, 65, 111, 84, 87, 70, 106, 97, 87, 53, 48, 98, 51, 78, 111, 79, 121, 66, 74, 98, 110, 82, 108, 98, 67, 66, 78, 89, 87, 77, 103, 84, 49, 77, 103, 87, 67, 65, 120, 77, 70, 56, 120, 78, 86, 56, 51, 75, 83, 66, 66, 99, 72, 66, 115, 90, 86, 100, 108, 89, 107, 116, 112, 100, 67, 56, 50, 77, 68, 85, 117, 77, 83, 52, 120, 78, 83, 65, 111, 83, 48, 104, 85, 84, 85, 119, 115, 73, 71, 120, 112, 97, 50, 85, 103, 82, 50, 86, 106, 97, 50, 56, 112, 111, 81, 120, 82, 77, 97, 69, 79, 88, 120, 65, 47, 100, 71, 86, 52, 100, 67, 57, 111, 100, 71, 49, 115, 76, 71, 70, 119, 99, 71, 120, 112, 89, 50, 70, 48, 97, 87, 57, 117, 76, 51, 104, 111, 100, 71, 49, 115, 75, 51, 104, 116, 98, 67, 120, 104, 99, 72, 66, 115, 97, 87, 78, 104, 100, 71, 108, 118, 98, 105, 57, 52, 98, 87, 119, 55, 99, 84, 48, 119, 76, 106, 107, 115, 75, 105, 56, 113, 79, 51, 69, 57, 77, 67, 52, 52, 111, 82, 66, 85, 98, 109, 57, 117, 90, 97, 69, 83, 87, 71, 53, 104, 100, 109, 108, 110, 89, 88, 82, 108, 65, 65, 103, 65, 70, 81, 65, 107, 65, 67, 56, 65, 83, 119, 66, 83, 65, 71, 69, 65, 99, 65, 66, 121, 65, 72, 115, 65, 102, 81, 68, 89, 65, 78, 111, 65, 51, 65, 68, 101, 65, 83, 65, 66, 73, 103, 69, 110, 65, 83, 107, 65, 65, 65, 65, 65, 65, 65, 65, 67, 65, 81, 65, 65, 65, 65, 65, 65, 65, 65, 65, 84, 65, 65, 65, 65, 65, 65, 65, 65, 65, 65, 65, 65, 65, 65, 65, 65, 65, 65, 65, 66, 77, 103, 61, 61, 81, 49, 88, 110, 97, 118, 105, 103, 97, 116, 101, 95, 16, 88, 77, 111, 122, 105, 108, 108, 97, 47, 53, 46, 48, 32, 40, 77, 97, 99, 105, 110, 116, 111, 115, 104, 59, 32, 73, 110, 116, 101, 108, 32, 77, 97, 99, 32, 79, 83, 32, 88, 32, 49, 48, 95, 49, 53, 95, 55, 41, 32, 65, 112, 112, 108, 101, 87, 101, 98, 75, 105, 116, 47, 54, 48, 53, 46, 49, 46, 49, 53, 32, 40, 75, 72, 84, 77, 76, 44, 32, 108, 105, 107, 101, 32, 71, 101, 99, 107, 111, 41, 88, 100, 111, 99, 117, 109, 101, 110, 116, 210, 0, 161, 0, 162, 0, 211, 0, 212, 95, 16, 19, 78, 83, 77, 117, 116, 97, 98, 108, 101, 68, 105, 99, 116, 105, 111, 110, 97, 114, 121, 163, 0, 211, 0, 213, 0, 165, 92, 78, 83, 68, 105, 99, 116, 105, 111, 110, 97, 114, 121, 211, 0, 177, 0, 178, 0, 21, 0, 215, 0, 221, 0, 195, 165, 0, 216, 0, 217, 0, 218, 0, 219, 0, 220, 128, 34, 128, 35, 128, 36, 128, 37, 128, 38, 165, 0, 222, 0, 223, 0, 223, 0, 225, 0, 223, 128, 39, 128, 40, 128, 40, 128, 41, 128, 40, 128, 32, 95, 16, 42, 95, 107, 67, 70, 72, 84, 84, 80, 67, 111, 111, 107, 105, 101, 80, 111, 108, 105, 99, 121, 80, 114, 111, 112, 101, 114, 116, 121, 83, 105, 116, 101, 70, 111, 114, 67, 111, 111, 107, 105, 101, 115, 95, 16, 48, 95, 107, 67, 70, 72, 84, 84, 80, 67, 111, 111, 107, 105, 101, 80, 111, 108, 105, 99, 121, 80, 114, 111, 112, 101, 114, 116, 121, 73, 115, 84, 111, 112, 76, 101, 118, 101, 108, 78, 97, 118, 105, 103, 97, 116, 105, 111, 110, 95, 16, 21, 87, 75, 86, 101, 114, 121, 76, 111, 119, 76, 111, 97, 100, 80, 114, 105, 111, 114, 105, 116, 121, 95, 16, 24, 95, 107, 67, 70, 85, 82, 76, 67, 97, 99, 104, 101, 80, 97, 114, 116, 105, 116, 105, 111, 110, 75, 101, 121, 95, 16, 32, 107, 67, 70, 85, 82, 76, 82, 101, 113, 117, 101, 115, 116, 65, 108, 108, 111, 119, 65, 108, 108, 80, 79, 83, 84, 67, 97, 99, 104, 105, 110, 103, 95, 16, 36, 104, 116, 116, 112, 58, 47, 47, 49, 50, 55, 46, 48, 46, 48, 46, 49, 58, 53, 55, 48, 51, 51, 47, 100, 111, 119, 110, 108, 111, 97, 100, 45, 115, 108, 111, 119, 16, 1, 89, 49, 50, 55, 46, 48, 46, 48, 46, 49, 210, 0, 178, 0, 21, 0, 237, 0, 241, 163, 0, 114, 0, 239, 0, 240, 128, 14, 128, 43, 128, 44, 128, 45, 16, 12, 16, 5, 210, 0, 161, 0, 162, 0, 245, 0, 246, 87, 78, 83, 65, 114, 114, 97, 121, 162, 0, 245, 0, 165, 210, 0, 161, 0, 162, 0, 248, 0, 249, 95, 16, 19, 78, 83, 77, 117, 116, 97, 98, 108, 101, 85, 82, 76, 82, 101, 113, 117, 101, 115, 116, 163, 0, 250, 0, 251, 0, 165, 95, 16, 19, 78, 83, 77, 117, 116, 97, 98, 108, 101, 85, 82, 76, 82, 101, 113, 117, 101, 115, 116, 92, 78, 83, 85, 82, 76, 82, 101, 113, 117, 101, 115, 116, 223, 16, 58, 0, 44, 0, 45, 0, 46, 0, 47, 0, 48, 0, 49, 0, 50, 0, 51, 0, 52, 0, 53, 0, 54, 0, 55, 0, 56, 0, 57, 0, 58, 0, 59, 0, 60, 0, 61, 0, 62, 0, 63, 0, 64, 0, 65, 0, 66, 0, 67, 0, 68, 0, 69, 0, 70, 0, 71, 0, 72, 0, 73, 0, 74, 0, 75, 0, 76, 0, 77, 0, 78, 0, 79, 0, 80, 0, 81, 0, 82, 0, 21, 0, 83, 0, 84, 0, 85, 0, 86, 0, 87, 0, 88, 0, 89, 0, 90, 0, 91, 0, 92, 0, 93, 0, 94, 0, 95, 0, 96, 0, 97, 0, 98, 0, 99, 0, 100, 0, 28, 0, 31, 0, 102, 0, 28, 0, 31, 0, 28, 0, 31, 0, 105, 0, 106, 0, 107, 0, 108, 0, 29, 1, 5, 0, 29, 0, 108, 0, 106, 0, 114, 0, 29, 0, 31, 0, 117, 0, 118, 0, 31, 1, 15, 0, 121, 0, 31, 0, 105, 0, 31, 0, 31, 0, 42, 0, 126, 1, 22, 0, 31, 0, 129, 0, 29, 0, 28, 0, 31, 0, 106, 0, 121, 0, 31, 0, 135, 0, 136, 0, 29, 0, 28, 0, 102, 0, 42, 0, 31, 0, 140, 0, 29, 0, 142, 0, 31, 0, 31, 0, 31, 0, 146, 0, 31, 0, 29, 0, 149, 0, 31, 0, 29, 8, 128, 11, 8, 8, 128, 3, 128, 8, 128, 13, 128, 0, 128, 51, 128, 0, 128, 13, 128, 8, 128, 14, 128, 0, 8, 128, 15, 128, 16, 8, 128, 48, 9, 8, 128, 3, 8, 8, 128, 4, 128, 52, 8, 128, 7, 128, 0, 8, 128, 8, 9, 8, 128, 46, 128, 9, 128, 0, 128, 11, 8, 128, 12, 128, 0, 8, 8, 8, 8, 128, 0, 8, 128, 0, 211, 0, 177, 0, 178, 0, 21, 1, 45, 1, 53, 0, 195, 167, 0, 180, 0, 181, 0, 182, 0, 183, 0, 184, 0, 185, 0, 186, 128, 18, 128, 19, 128, 20, 128, 21, 128, 22, 128, 23, 128, 24, 167, 0, 188, 0, 189, 1, 56, 0, 191, 0, 192, 1, 59, 0, 194, 128, 25, 128, 26, 128, 49, 128, 28, 128, 29, 128, 50, 128, 31, 128, 32, 95, 17, 1, 252, 13, 10, 13, 10, 89, 110, 66, 115, 97, 88, 78, 48, 77, 68, 68, 87, 65, 81, 73, 68, 66, 65, 85, 71, 66, 119, 107, 76, 68, 81, 56, 82, 88, 108, 78, 108, 89, 121, 49, 71, 90, 88, 82, 106, 97, 67, 49, 69, 90, 88, 78, 48, 87, 108, 86, 122, 90, 88, 73, 116, 81, 87, 100, 108, 98, 110, 82, 102, 69, 66, 108, 86, 99, 71, 100, 121, 89, 87, 82, 108, 76, 85, 108, 117, 99, 50, 86, 106, 100, 88, 74, 108, 76, 86, 74, 108, 99, 88, 86, 108, 99, 51, 82, 122, 86, 107, 70, 106, 89, 50, 86, 119, 100, 70, 53, 84, 90, 87, 77, 116, 82, 109, 86, 48, 89, 50, 103, 116, 85, 50, 108, 48, 90, 86, 53, 84, 90, 87, 77, 116, 82, 109, 86, 48, 89, 50, 103, 116, 84, 87, 57, 107, 90, 97, 69, 73, 87, 71, 82, 118, 89, 51, 86, 116, 90, 87, 53, 48, 111, 81, 112, 102, 69, 70, 104, 78, 98, 51, 112, 112, 98, 71, 120, 104, 76, 122, 85, 117, 77, 67, 65, 111, 84, 87, 70, 106, 97, 87, 53, 48, 98, 51, 78, 111, 79, 121, 66, 74, 98, 110, 82, 108, 98, 67, 66, 78, 89, 87, 77, 103, 84, 49, 77, 103, 87, 67, 65, 120, 77, 70, 56, 120, 78, 86, 56, 51, 75, 83, 66, 66, 99, 72, 66, 115, 90, 86, 100, 108, 89, 107, 116, 112, 100, 67, 56, 50, 77, 68, 85, 117, 77, 83, 52, 120, 78, 83, 65, 111, 83, 48, 104, 85, 84, 85, 119, 115, 73, 71, 120, 112, 97, 50, 85, 103, 82, 50, 86, 106, 97, 50, 56, 112, 111, 81, 120, 82, 77, 97, 69, 79, 88, 120, 65, 47, 100, 71, 86, 52, 100, 67, 57, 111, 100, 71, 49, 115, 76, 71, 70, 119, 99, 71, 120, 112, 89, 50, 70, 48, 97, 87, 57, 117, 76, 51, 104, 111, 100, 71, 49, 115, 75, 51, 104, 116, 98, 67, 120, 104, 99, 72, 66, 115, 97, 87, 78, 104, 100, 71, 108, 118, 98, 105, 57, 52, 98, 87, 119, 55, 99, 84, 48, 119, 76, 106, 107, 115, 75, 105, 56, 113, 79, 51, 69, 57, 77, 67, 52, 52, 111, 82, 66, 85, 98, 109, 57, 117, 90, 97, 69, 83, 87, 71, 53, 104, 100, 109, 108, 110, 89, 88, 82, 108, 65, 65, 103, 65, 70, 81, 65, 107, 65, 67, 56, 65, 83, 119, 66, 83, 65, 71, 69, 65, 99, 65, 66, 121, 65, 72, 115, 65, 102, 81, 68, 89, 65, 78, 111, 65, 51, 65, 68, 101, 65, 83, 65, 66, 73, 103, 69, 110, 65, 83, 107, 65, 65, 65, 65, 65, 65, 65, 65, 67, 65, 81, 65, 65, 65, 65, 65, 65, 65, 65, 65, 84, 65, 65, 65, 65, 65, 65, 65, 65, 65, 65, 65, 65, 65, 65, 65, 65, 65, 65, 65, 66, 77, 103, 61, 61, 95, 16, 88, 77, 111, 122, 105, 108, 108, 97, 47, 53, 46, 48, 32, 40, 77, 97, 99, 105, 110, 116, 111, 115, 104, 59, 32, 73, 110, 116, 101, 108, 32, 77, 97, 99, 32, 79, 83, 32, 88, 32, 49, 48, 95, 49, 53, 95, 55, 41, 32, 65, 112, 112, 108, 101, 87, 101, 98, 75, 105, 116, 47, 54, 48, 53, 46, 49, 46, 49, 53, 32, 40, 75, 72, 84, 77, 76, 44, 32, 108, 105, 107, 101, 32, 71, 101, 99, 107, 111, 41, 211, 0, 177, 0, 178, 0, 21, 1, 65, 1, 71, 0, 195, 165, 0, 216, 0, 217, 0, 218, 0, 219, 0, 220, 128, 34, 128, 35, 128, 36, 128, 37, 128, 38, 165, 0, 222, 0, 223, 0, 223, 0, 225, 0, 223, 128, 39, 128, 40, 128, 40, 128, 41, 128, 40, 128, 32, 210, 0, 178, 0, 21, 1, 79, 0, 241, 163, 0, 114, 0, 239, 0, 240, 128, 14, 128, 43, 128, 44, 128, 45, 221, 0, 89, 0, 80, 0, 98, 0, 69, 1, 85, 0, 83, 0, 21, 0, 73, 1, 86, 0, 91, 0, 86, 0, 76, 0, 95, 1, 87, 1, 88, 1, 89, 0, 126, 0, 146, 1, 91, 1, 92, 1, 93, 0, 31, 1, 95, 0, 29, 1, 97, 1, 98, 82, 36, 51, 82, 36, 52, 128, 73, 128, 56, 16, 7, 128, 4, 128, 57, 128, 75, 128, 54, 8, 16, 8, 128, 0, 128, 55, 16, 1, 35, 65, 200, 58, 232, 90, 120, 122, 158, 16, 200, 211, 0, 177, 0, 178, 0, 21, 1, 102, 1, 111, 0, 195, 168, 1, 103, 1, 104, 0, 182, 1, 106, 1, 107, 1, 108, 1, 109, 1, 110, 128, 58, 128, 59, 128, 20, 128, 60, 128, 61, 128, 62, 128, 63, 128, 64, 168, 1, 112, 1, 113, 1, 114, 1, 115, 1, 116, 1, 117, 1, 118, 1, 119, 128, 65, 128, 66, 128, 67, 128, 68, 128, 69, 128, 70, 128, 71, 128, 72, 128, 32, 84, 69, 116, 97, 103, 92, 67, 111, 110, 116, 101, 110, 116, 45, 84, 121, 112, 101, 93, 76, 97, 115, 116, 45, 77, 111, 100, 105, 102, 105, 101, 100, 93, 65, 99, 99, 101, 112, 116, 45, 82, 97, 110, 103, 101, 115, 95, 16, 19, 67, 111, 110, 116, 101, 110, 116, 45, 68, 105, 115, 112, 111, 115, 105, 116, 105, 111, 110, 94, 67, 111, 110, 116, 101, 110, 116, 45, 76, 101, 110, 103, 116, 104, 90, 67, 111, 110, 110, 101, 99, 116, 105, 111, 110, 95, 16, 28, 34, 115, 99, 114, 121, 105, 110, 103, 45, 116, 101, 115, 116, 45, 101, 116, 97, 103, 45, 100, 101, 97, 100, 98, 101, 101, 102, 34, 95, 16, 24, 97, 112, 112, 108, 105, 99, 97, 116, 105, 111, 110, 47, 111, 99, 116, 101, 116, 45, 115, 116, 114, 101, 97, 109, 95, 17, 1, 232, 13, 10, 13, 10, 89, 110, 66, 115, 97, 88, 78, 48, 77, 68, 68, 88, 65, 81, 73, 68, 66, 65, 85, 71, 66, 119, 103, 75, 68, 65, 52, 81, 69, 104, 82, 97, 81, 50, 57, 117, 98, 109, 86, 106, 100, 71, 108, 118, 98, 108, 120, 68, 98, 50, 53, 48, 90, 87, 53, 48, 76, 86, 82, 53, 99, 71, 86, 100, 84, 71, 70, 122, 100, 67, 49, 78, 98, 50, 82, 112, 90, 109, 108, 108, 90, 70, 49, 66, 89, 50, 78, 108, 99, 72, 81, 116, 85, 109, 70, 117, 90, 50, 86, 122, 88, 120, 65, 84, 81, 50, 57, 117, 100, 71, 86, 117, 100, 67, 49, 69, 97, 88, 78, 119, 98, 51, 78, 112, 100, 71, 108, 118, 98, 108, 53, 68, 98, 50, 53, 48, 90, 87, 53, 48, 76, 85, 120, 108, 98, 109, 100, 48, 97, 70, 82, 70, 100, 71, 70, 110, 111, 81, 108, 86, 89, 50, 120, 118, 99, 50, 87, 104, 67, 49, 56, 81, 71, 71, 70, 119, 99, 71, 120, 112, 89, 50, 70, 48, 97, 87, 57, 117, 76, 50, 57, 106, 100, 71, 86, 48, 76, 88, 78, 48, 99, 109, 86, 104, 98, 97, 69, 78, 88, 120, 65, 100, 84, 87, 57, 117, 76, 67, 65, 119, 77, 83, 66, 75, 89, 87, 52, 103, 77, 106, 65, 121, 78, 67, 65, 119, 77, 68, 111, 119, 77, 68, 111, 119, 77, 67, 66, 72, 84, 86, 83, 104, 68, 49, 86, 105, 101, 88, 82, 108, 99, 54, 69, 82, 88, 120, 65, 114, 89, 88, 82, 48, 89, 87, 78, 111, 98, 87, 86, 117, 100, 68, 115, 103, 90, 109, 108, 115, 90, 87, 53, 104, 98, 87, 85, 57, 73, 110, 78, 106, 99, 110, 108, 112, 98, 109, 99, 116, 90, 71, 57, 51, 98, 109, 120, 118, 89, 87, 81, 117, 89, 109, 108, 117, 73, 113, 69, 84, 86, 106, 73, 50, 77, 106, 69, 48, 78, 75, 69, 86, 88, 120, 65, 99, 73, 110, 78, 106, 99, 110, 108, 112, 98, 109, 99, 116, 100, 71, 86, 122, 100, 67, 49, 108, 100, 71, 70, 110, 76, 87, 82, 108, 89, 87, 82, 105, 90, 87, 86, 109, 73, 103, 65, 73, 65, 66, 99, 65, 73, 103, 65, 118, 65, 68, 48, 65, 83, 119, 66, 104, 65, 72, 65, 65, 100, 81, 66, 51, 65, 72, 48, 65, 102, 119, 67, 97, 65, 74, 119, 65, 118, 65, 67, 43, 65, 77, 81, 65, 120, 103, 68, 48, 65, 80, 89, 65, 47, 81, 68, 47, 65, 65, 65, 65, 65, 65, 65, 65, 65, 103, 69, 65, 65, 65, 65, 65, 65, 65, 65, 65, 70, 103, 65, 65, 65, 65, 65, 65, 65, 65, 65, 65, 65, 65, 65, 65, 65, 65, 65, 65, 65, 82, 52, 61, 95, 16, 29, 77, 111, 110, 44, 32, 48, 49, 32, 74, 97, 110, 32, 50, 48, 50, 52, 32, 48, 48, 58, 48, 48, 58, 48, 48, 32, 71, 77, 84, 85, 98, 121, 116, 101, 115, 95, 16, 43, 97, 116, 116, 97, 99, 104, 109, 101, 110, 116, 59, 32, 102, 105, 108, 101, 110, 97, 109, 101, 61, 34, 115, 99, 114, 121, 105, 110, 103, 45, 100, 111, 119, 110, 108, 111, 97, 100, 46, 98, 105, 110, 34, 86, 50, 54, 50, 49, 52, 52, 85, 99, 108, 111, 115, 101, 210, 0, 21, 1, 137, 1, 138, 1, 139, 89, 78, 83, 46, 115, 116, 114, 105, 110, 103, 128, 74, 95, 16, 24, 97, 112, 112, 108, 105, 99, 97, 116, 105, 111, 110, 47, 111, 99, 116, 101, 116, 45, 115, 116, 114, 101, 97, 109, 210, 0, 161, 0, 162, 1, 141, 1, 142, 95, 16, 15, 78, 83, 77, 117, 116, 97, 98, 108, 101, 83, 116, 114, 105, 110, 103, 163, 1, 141, 1, 143, 0, 165, 88, 78, 83, 83, 116, 114, 105, 110, 103, 210, 0, 161, 0, 162, 1, 145, 1, 146, 95, 16, 17, 78, 83, 72, 84, 84, 80, 85, 82, 76, 82, 101, 115, 112, 111, 110, 115, 101, 163, 1, 147, 1, 148, 0, 165, 95, 16, 17, 78, 83, 72, 84, 84, 80, 85, 82, 76, 82, 101, 115, 112, 111, 110, 115, 101, 93, 78, 83, 85, 82, 76, 82, 101, 115, 112, 111, 110, 115, 101, 211, 0, 154, 0, 21, 0, 155, 0, 29, 0, 157, 1, 152, 128, 0, 128, 6, 128, 77, 95, 16, 120, 102, 105, 108, 101, 58, 47, 47, 47, 85, 115, 101, 114, 115, 47, 109, 97, 114, 107, 105, 107, 47, 67, 111, 100, 101, 47, 116, 97, 114, 103, 101, 116, 115, 47, 119, 103, 112, 117, 45, 115, 99, 114, 121, 45, 104, 97, 114, 100, 119, 97, 114, 101, 47, 100, 101, 109, 111, 45, 109, 97, 99, 45, 100, 111, 119, 110, 108, 111, 97, 100, 45, 116, 101, 115, 116, 45, 56, 50, 52, 50, 48, 47, 100, 111, 119, 110, 108, 111, 97, 100, 45, 111, 117, 116, 112, 117, 116, 47, 115, 99, 114, 121, 105, 110, 103, 45, 100, 111, 119, 110, 108, 111, 97, 100, 45, 50, 46, 98, 105, 110, 210, 0, 161, 0, 162, 1, 155, 1, 156, 95, 16, 30, 78, 87, 85, 82, 76, 83, 101, 115, 115, 105, 111, 110, 68, 111, 119, 110, 108, 111, 97, 100, 82, 101, 115, 117, 109, 101, 73, 110, 102, 111, 163, 1, 157, 1, 158, 0, 165, 95, 16, 30, 78, 87, 85, 82, 76, 83, 101, 115, 115, 105, 111, 110, 68, 111, 119, 110, 108, 111, 97, 100, 82, 101, 115, 117, 109, 101, 73, 110, 102, 111, 95, 16, 22, 78, 87, 85, 82, 76, 83, 101, 115, 115, 105, 111, 110, 82, 101, 115, 117, 109, 101, 73, 110, 102, 111, 0, 8, 0, 25, 0, 34, 0, 44, 0, 49, 0, 58, 0, 63, 0, 81, 0, 86, 0, 91, 0, 93, 0, 254, 1, 4, 1, 67, 1, 82, 1, 100, 1, 134, 1, 158, 1, 167, 1, 175, 1, 212, 1, 230, 1, 237, 1, 252, 2, 16, 2, 45, 2, 54, 2, 67, 2, 77, 2, 79, 2, 81, 2, 90, 2, 91, 2, 96, 2, 98, 2, 103, 2, 105, 2, 107, 2, 109, 2, 111, 2, 112, 2, 114, 2, 116, 2, 125, 3, 104, 3, 131, 3, 152, 3, 186, 3, 209, 3, 223, 4, 0, 4, 22, 4, 57, 4, 92, 4, 104, 4, 139, 4, 174, 4, 203, 4, 238, 5, 17, 5, 52, 5, 87, 5, 122, 5, 149, 5, 184, 5, 219, 5, 244, 6, 23, 6, 63, 6, 85, 6, 119, 6, 152, 6, 177, 6, 206, 6, 240, 7, 26, 7, 57, 7, 91, 7, 106, 7, 116, 7, 139, 7, 173, 7, 224, 8, 12, 8, 46, 8, 73, 8, 104, 8, 138, 8, 157, 8, 178, 8, 212, 8, 240, 8, 243, 9, 24, 9, 37, 9, 48, 9, 51, 9, 81, 9, 115, 9, 118, 9, 154, 9, 188, 9, 189, 9, 191, 9, 192, 9, 193, 9, 195, 9, 197, 9, 199, 9, 201, 9, 203, 9, 205, 9, 207, 9, 209, 9, 211, 9, 213, 9, 215, 9, 216, 9, 218, 9, 220, 9, 221, 9, 223, 9, 224, 9, 225, 9, 227, 9, 228, 9, 229, 9, 231, 9, 233, 9, 234, 9, 236, 9, 238, 9, 239, 9, 241, 9, 242, 9, 243, 9, 245, 9, 247, 9, 249, 9, 251, 9, 252, 9, 254, 10, 0, 10, 2, 10, 3, 10, 4, 10, 5, 10, 7, 10, 8, 10, 10, 10, 12, 10, 13, 10, 15, 10, 16, 10, 29, 10, 37, 10, 49, 10, 51, 10, 53, 10, 55, 10, 94, 10, 103, 10, 114, 10, 123, 10, 129, 10, 134, 10, 143, 10, 152, 10, 165, 10, 167, 10, 169, 10, 171, 10, 210, 10, 211, 10, 214, 10, 216, 10, 220, 10, 233, 10, 241, 10, 252, 11, 11, 11, 13, 11, 15, 11, 17, 11, 19, 11, 21, 11, 23, 11, 25, 11, 40, 11, 42, 11, 44, 11, 46, 11, 48, 11, 50, 11, 52, 11, 54, 11, 56, 11, 63, 11, 78, 11, 87, 11, 115, 11, 130, 11, 141, 11, 156, 11, 222, 11, 227, 13, 227, 13, 229, 13, 238, 14, 73, 14, 82, 14, 91, 14, 113, 14, 120, 14, 133, 14, 146, 14, 157, 14, 159, 14, 161, 14, 163, 14, 165, 14, 167, 14, 178, 14, 180, 14, 182, 14, 184, 14, 186, 14, 188, 14, 190, 14, 235, 15, 30, 15, 54, 15, 81, 15, 116, 15, 155, 15, 157, 15, 167, 15, 176, 15, 183, 15, 185, 15, 187, 15, 189, 15, 191, 15, 193, 15, 195, 15, 204, 15, 212, 15, 217, 15, 226, 15, 248, 15, 255, 16, 21, 16, 34, 17, 13, 17, 14, 17, 16, 17, 17, 17, 18, 17, 20, 17, 22, 17, 24, 17, 26, 17, 28, 17, 30, 17, 32, 17, 34, 17, 36, 17, 38, 17, 39, 17, 41, 17, 43, 17, 44, 17, 46, 17, 47, 17, 48, 17, 50, 17, 51, 17, 52, 17, 54, 17, 56, 17, 57, 17, 59, 17, 61, 17, 62, 17, 64, 17, 65, 17, 66, 17, 68, 17, 70, 17, 72, 17, 74, 17, 75, 17, 77, 17, 79, 17, 80, 17, 81, 17, 82, 17, 83, 17, 85, 17, 86, 17, 88, 17, 101, 17, 116, 17, 118, 17, 120, 17, 122, 17, 124, 17, 126, 17, 128, 17, 130, 17, 145, 17, 147, 17, 149, 17, 151, 17, 153, 17, 155, 17, 157, 17, 159, 17, 161, 19, 161, 19, 252, 20, 9, 20, 20, 20, 22, 20, 24, 20, 26, 20, 28, 20, 30, 20, 41, 20, 43, 20, 45, 20, 47, 20, 49, 20, 51, 20, 53, 20, 62, 20, 69, 20, 71, 20, 73, 20, 75, 20, 77, 20, 130, 20, 133, 20, 136, 20, 138, 20, 140, 20, 142, 20, 144, 20, 146, 20, 148, 20, 150, 20, 151, 20, 153, 20, 155, 20, 157, 20, 159, 20, 168, 20, 170, 20, 183, 20, 200, 20, 202, 20, 204, 20, 206, 20, 208, 20, 210, 20, 212, 20, 214, 20, 216, 20, 233, 20, 235, 20, 237, 20, 239, 20, 241, 20, 243, 20, 245, 20, 247, 20, 249, 20, 251, 21, 0, 21, 13, 21, 27, 21, 41, 21, 63, 21, 78, 21, 89, 21, 120, 21, 147, 23, 127, 23, 159, 23, 165, 23, 211, 23, 218, 23, 224, 23, 233, 23, 243, 23, 245, 24, 16, 24, 25, 24, 43, 24, 50, 24, 59, 24, 68, 24, 88, 24, 95, 24, 115, 24, 129, 24, 142, 24, 144, 24, 146, 24, 148, 25, 15, 25, 24, 25, 57, 25, 64, 25, 97, 0, 0, 0, 0, 0, 0, 2, 2, 0, 0, 0, 0, 0, 0, 1, 159, 0, 0, 0, 0, 0, 0, 0, 0, 0, 0, 0, 0, 0, 0, 25, 122, 95, 16, 113, 47, 85, 115, 101, 114, 115, 47, 109, 97, 114, 107, 105, 107, 47, 67, 111, 100, 101, 47, 116, 97, 114, 103, 101, 116, 115, 47, 119, 103, 112, 117, 45, 115, 99, 114, 121, 45, 104, 97, 114, 100, 119, 97, 114, 101, 47, 100, 101, 109, 111, 45, 109, 97, 99, 45, 100, 111, 119, 110, 108, 111, 97, 100, 45, 116, 101, 115, 116, 45, 56, 50, 52, 50, 48, 47, 100, 111, 119, 110, 108, 111, 97, 100, 45, 111, 117, 116, 112, 117, 116, 47, 115, 99, 114, 121, 105, 110, 103, 45, 100, 111, 119, 110, 108, 111, 97, 100, 45, 50, 46, 98, 105, 110, 210, 28, 29, 30, 31, 90, 36, 99, 108, 97, 115, 115, 110, 97, 109, 101, 88, 36, 99, 108, 97, 115, 115, 101, 115, 92, 78, 83, 68, 105, 99, 116, 105, 111, 110, 97, 114, 121, 162, 30, 32, 88, 78, 83, 79, 98, 106, 101, 99, 116, 0, 8, 0, 17, 0, 26, 0, 36, 0, 41, 0, 50, 0, 55, 0, 73, 0, 76, 0, 106, 0, 108, 0, 116, 0, 122, 0, 129, 0, 137, 0, 148, 0, 155, 0, 158, 0, 160, 0, 162, 0, 165, 0, 167, 0, 169, 0, 171, 0, 176, 0, 210, 29, 174, 30, 34, 30, 39, 30, 50, 30, 59, 30, 72, 30, 75, 0, 0, 0, 0, 0, 0, 2, 1, 0, 0, 0, 0, 0, 0, 0, 33, 0, 0, 0, 0, 0, 0, 0, 0, 0, 0, 0, 0, 0, 0, 30, 84]) }
2026-10-07T00:58:35.2882680Z demo-mac: download-test: phase E: DownloadCancelled with 7862 bytes of resume_data
2026-10-07T00:58:35.2882950Z demo-mac: download-test: phase E: resume_download issued, resumed id = 5
2026-10-07T00:58:35.2883540Z demo-mac: nav event: DownloadStarted { id: DownloadId(5), url: "", suggested_filename: "scrying-download-2.bin", destination_path: "/Users/markik/Code/targets/wgpu-scry-hardware/demo-mac-download-test-82420/download-output/scrying-download-2.bin", total_bytes_expected: None }
2026-10-07T00:58:35.2884200Z demo-mac: nav event: DownloadProgress { id: DownloadId(5), bytes_written: 262144, total_bytes_expected: None }
2026-10-07T00:58:35.2884710Z demo-mac: nav event: DownloadFinished { id: DownloadId(5), destination_path: "/Users/markik/Code/targets/wgpu-scry-hardware/demo-mac-download-test-82420/download-output/scrying-download-2.bin", error: None }
2026-10-07T00:58:35.2885310Z demo-mac: download-test: phase E: resumed download produced 262144 bytes matching the expected payload
2026-10-07T00:58:35.2885680Z demo-mac: download-test: PASS — item 8 download pipeline verified
2026-10-07T00:58:35.2886090Z   - basic: DownloadStarted/Progress/Finished events landed with id 1 and bytes match served payload
2026-10-07T00:58:35.2886410Z   - host Cancel decision: DownloadCancelled fired (no Started, no Finished) for id 2
2026-10-07T00:58:35.2886680Z   - cancel_download(unknown_id): returned Ok(false) as expected
2026-10-07T00:58:35.2887030Z   - basic-auth download via start_download: shared auth handler supplied credentials, download succeeded (download-level auth callback fired = true)
2026-10-07T00:58:35.2887450Z   - resume: cancelled mid-stream (id 4), resume_download produced complete bytes (resumed id 5)
2026-10-07T00:58:35.2887770Z demo-mac: download-test: PASS — item 8 download pipeline verified
2026-10-07T00:58:35.2888050Z   - basic: DownloadStarted/Progress/Finished events landed with id 1 and bytes match served payload
2026-10-07T00:58:35.2888370Z   - host Cancel decision: DownloadCancelled fired (no Started, no Finished) for id 2
2026-10-07T00:58:35.2888630Z   - cancel_download(unknown_id): returned Ok(false) as expected
2026-10-07T00:58:35.2888990Z   - basic-auth download via start_download: shared auth handler supplied credentials, download succeeded (download-level auth callback fired = true)
2026-10-07T00:58:35.2889380Z   - resume: cancelled mid-stream (id 4), resume_download produced complete bytes (resumed id 5)
2026-10-07T00:58:35.2889680Z demo-mac: download-test: PASS — item 8 download pipeline verified
2026-10-07T00:58:35.2889980Z   - basic: DownloadStarted/Progress/Finished events landed with id 1 and bytes match served payload
2026-10-07T00:58:35.2890260Z   - host Cancel decision: DownloadCancelled fired (no Started, no Finished) for id 2
2026-10-07T00:58:35.2890480Z   - cancel_download(unknown_id): returned Ok(false) as expected
2026-10-07T00:58:35.2890790Z   - basic-auth download via start_download: shared auth handler supplied credentials, download succeeded (download-level auth callback fired = true)
2026-10-07T00:58:35.2891160Z   - resume: cancelled mid-stream (id 4), resume_download produced complete bytes (resumed id 5)
2026-10-07T00:58:35.2891520Z demo-mac: download-test: PASS — item 8 download pipeline verified
2026-10-07T00:58:35.2891820Z   - basic: DownloadStarted/Progress/Finished events landed with id 1 and bytes match served payload
2026-10-07T00:58:35.2892120Z   - host Cancel decision: DownloadCancelled fired (no Started, no Finished) for id 2
2026-10-07T00:58:35.2892380Z   - cancel_download(unknown_id): returned Ok(false) as expected
2026-10-07T00:58:35.2892720Z   - basic-auth download via start_download: shared auth handler supplied credentials, download succeeded (download-level auth callback fired = true)
2026-10-07T00:58:35.2893160Z   - resume: cancelled mid-stream (id 4), resume_download produced complete bytes (resumed id 5)
2026-10-07T00:58:35.2893440Z demo-mac: download-test: PASS — item 8 download pipeline verified
2026-10-07T00:58:35.2893720Z   - basic: DownloadStarted/Progress/Finished events landed with id 1 and bytes match served payload
2026-10-07T00:58:35.2894060Z   - host Cancel decision: DownloadCancelled fired (no Started, no Finished) for id 2
2026-10-07T00:58:35.2894300Z   - cancel_download(unknown_id): returned Ok(false) as expected
2026-10-07T00:58:35.2894650Z   - basic-auth download via start_download: shared auth handler supplied credentials, download succeeded (download-level auth callback fired = true)
2026-10-07T00:58:35.2895000Z   - resume: cancelled mid-stream (id 4), resume_download produced complete bytes (resumed id 5)
2026-10-07T00:58:35.2895270Z demo-mac: download-test: PASS — item 8 download pipeline verified
2026-10-07T00:58:35.2895520Z   - basic: DownloadStarted/Progress/Finished events landed with id 1 and bytes match served payload
2026-10-07T00:58:35.2895910Z   - host Cancel decision: DownloadCancelled fired (no Started, no Finished) for id 2
2026-10-07T00:58:35.2896160Z   - cancel_download(unknown_id): returned Ok(false) as expected
2026-10-07T00:58:35.2896550Z   - basic-auth download via start_download: shared auth handler supplied credentials, download succeeded (download-level auth callback fired = true)
2026-10-07T00:58:35.2896960Z   - resume: cancelled mid-stream (id 4), resume_download produced complete bytes (resumed id 5)
2026-10-07T00:58:35.2897250Z demo-mac: download-test: PASS — item 8 download pipeline verified
2026-10-07T00:58:35.2897530Z   - basic: DownloadStarted/Progress/Finished events landed with id 1 and bytes match served payload
2026-10-07T00:58:35.2897820Z   - host Cancel decision: DownloadCancelled fired (no Started, no Finished) for id 2
2026-10-07T00:58:35.2898070Z   - cancel_download(unknown_id): returned Ok(false) as expected
2026-10-07T00:58:35.2898400Z   - basic-auth download via start_download: shared auth handler supplied credentials, download succeeded (download-level auth callback fired = true)
2026-10-07T00:58:35.2898800Z   - resume: cancelled mid-stream (id 4), resume_download produced complete bytes (resumed id 5)
2026-10-07T00:58:35.2899100Z demo-mac: download-test: PASS — item 8 download pipeline verified
2026-10-07T00:58:35.2899370Z   - basic: DownloadStarted/Progress/Finished events landed with id 1 and bytes match served payload
2026-10-07T00:58:35.2899670Z   - host Cancel decision: DownloadCancelled fired (no Started, no Finished) for id 2
2026-10-07T00:58:35.2899900Z   - cancel_download(unknown_id): returned Ok(false) as expected
2026-10-07T00:58:35.2900220Z   - basic-auth download via start_download: shared auth handler supplied credentials, download succeeded (download-level auth callback fired = true)
2026-10-07T00:58:35.2900570Z   - resume: cancelled mid-stream (id 4), resume_download produced complete bytes (resumed id 5)
2026-10-07T00:58:35.2900860Z demo-mac: download-test: PASS — item 8 download pipeline verified
2026-10-07T00:58:35.2901160Z   - basic: DownloadStarted/Progress/Finished events landed with id 1 and bytes match served payload
2026-10-07T00:58:35.2901520Z   - host Cancel decision: DownloadCancelled fired (no Started, no Finished) for id 2
2026-10-07T00:58:35.2901800Z   - cancel_download(unknown_id): returned Ok(false) as expected
2026-10-07T00:58:35.2902160Z   - basic-auth download via start_download: shared auth handler supplied credentials, download succeeded (download-level auth callback fired = true)
2026-10-07T00:58:35.2902550Z   - resume: cancelled mid-stream (id 4), resume_download produced complete bytes (resumed id 5)
2026-10-07T00:58:35.2902840Z demo-mac: download-test: PASS — item 8 download pipeline verified
2026-10-07T00:58:35.2903120Z   - basic: DownloadStarted/Progress/Finished events landed with id 1 and bytes match served payload
2026-10-07T00:58:35.2908640Z   - host Cancel decision: DownloadCancelled fired (no Started, no Finished) for id 2
2026-10-07T00:58:35.2908980Z   - cancel_download(unknown_id): returned Ok(false) as expected
2026-10-07T00:58:35.2909330Z   - basic-auth download via start_download: shared auth handler supplied credentials, download succeeded (download-level auth callback fired = true)
2026-10-07T00:58:35.2909720Z   - resume: cancelled mid-stream (id 4), resume_download produced complete bytes (resumed id 5)
2026-10-07T00:58:35.2910020Z demo-mac: download-test: PASS — item 8 download pipeline verified
2026-10-07T00:58:35.2910290Z   - basic: DownloadStarted/Progress/Finished events landed with id 1 and bytes match served payload
2026-10-07T00:58:35.2910590Z   - host Cancel decision: DownloadCancelled fired (no Started, no Finished) for id 2
2026-10-07T00:58:35.2910830Z   - cancel_download(unknown_id): returned Ok(false) as expected
2026-10-07T00:58:35.2911170Z   - basic-auth download via start_download: shared auth handler supplied credentials, download succeeded (download-level auth callback fired = true)
2026-10-07T00:58:35.2911610Z   - resume: cancelled mid-stream (id 4), resume_download produced complete bytes (resumed id 5)
2026-10-07T00:58:35.2912000Z demo-mac: download-test: PASS — item 8 download pipeline verified
2026-10-07T00:58:35.2912280Z   - basic: DownloadStarted/Progress/Finished events landed with id 1 and bytes match served payload
2026-10-07T00:58:35.2912600Z   - host Cancel decision: DownloadCancelled fired (no Started, no Finished) for id 2
2026-10-07T00:58:35.2912830Z   - cancel_download(unknown_id): returned Ok(false) as expected
2026-10-07T00:58:35.2913180Z   - basic-auth download via start_download: shared auth handler supplied credentials, download succeeded (download-level auth callback fired = true)
2026-10-07T00:58:35.2913570Z   - resume: cancelled mid-stream (id 4), resume_download produced complete bytes (resumed id 5)
2026-10-07T00:58:35.2913890Z demo-mac: download-test: PASS — item 8 download pipeline verified
2026-10-07T00:58:35.2914150Z   - basic: DownloadStarted/Progress/Finished events landed with id 1 and bytes match served payload
2026-10-07T00:58:35.2914450Z   - host Cancel decision: DownloadCancelled fired (no Started, no Finished) for id 2
2026-10-07T00:58:35.2914690Z   - cancel_download(unknown_id): returned Ok(false) as expected
2026-10-07T00:58:35.2915030Z   - basic-auth download via start_download: shared auth handler supplied credentials, download succeeded (download-level auth callback fired = true)
2026-10-07T00:58:35.2915420Z   - resume: cancelled mid-stream (id 4), resume_download produced complete bytes (resumed id 5)
2026-10-07T00:58:35.2915690Z demo-mac: download-test: PASS — item 8 download pipeline verified
2026-10-07T00:58:35.2915950Z   - basic: DownloadStarted/Progress/Finished events landed with id 1 and bytes match served payload
2026-10-07T00:58:35.2916250Z   - host Cancel decision: DownloadCancelled fired (no Started, no Finished) for id 2
2026-10-07T00:58:35.2916480Z   - cancel_download(unknown_id): returned Ok(false) as expected
2026-10-07T00:58:35.2916820Z   - basic-auth download via start_download: shared auth handler supplied credentials, download succeeded (download-level auth callback fired = true)
2026-10-07T00:58:35.2917210Z   - resume: cancelled mid-stream (id 4), resume_download produced complete bytes (resumed id 5)
2026-10-07T00:58:35.2917510Z demo-mac: download-test: PASS — item 8 download pipeline verified
2026-10-07T00:58:35.2917820Z   - basic: DownloadStarted/Progress/Finished events landed with id 1 and bytes match served payload
2026-10-07T00:58:35.2918100Z   - host Cancel decision: DownloadCancelled fired (no Started, no Finished) for id 2
2026-10-07T00:58:35.2918300Z   - cancel_download(unknown_id): returned Ok(false) as expected
2026-10-07T00:58:35.2918610Z   - basic-auth download via start_download: shared auth handler supplied credentials, download succeeded (download-level auth callback fired = true)
2026-10-07T00:58:35.2918970Z   - resume: cancelled mid-stream (id 4), resume_download produced complete bytes (resumed id 5)
2026-10-07T00:58:35.2919280Z demo-mac: download-test: PASS — item 8 download pipeline verified
2026-10-07T00:58:35.2919540Z   - basic: DownloadStarted/Progress/Finished events landed with id 1 and bytes match served payload
2026-10-07T00:58:35.2919810Z   - host Cancel decision: DownloadCancelled fired (no Started, no Finished) for id 2
2026-10-07T00:58:35.2920030Z   - cancel_download(unknown_id): returned Ok(false) as expected
2026-10-07T00:58:35.2920360Z   - basic-auth download via start_download: shared auth handler supplied credentials, download succeeded (download-level auth callback fired = true)
2026-10-07T00:58:35.2920750Z   - resume: cancelled mid-stream (id 4), resume_download produced complete bytes (resumed id 5)
2026-10-07T00:58:35.2921060Z demo-mac: download-test: PASS — item 8 download pipeline verified
2026-10-07T00:58:35.2921330Z   - basic: DownloadStarted/Progress/Finished events landed with id 1 and bytes match served payload
2026-10-07T00:58:35.2921630Z   - host Cancel decision: DownloadCancelled fired (no Started, no Finished) for id 2
2026-10-07T00:58:35.2921920Z   - cancel_download(unknown_id): returned Ok(false) as expected
2026-10-07T00:58:35.2922410Z   - basic-auth download via start_download: shared auth handler supplied credentials, download succeeded (download-level auth callback fired = true)
2026-10-07T00:58:35.2922810Z   - resume: cancelled mid-stream (id 4), resume_download produced complete bytes (resumed id 5)
2026-10-07T00:58:35.2923100Z demo-mac: download-test: PASS — item 8 download pipeline verified
2026-10-07T00:58:35.2923380Z   - basic: DownloadStarted/Progress/Finished events landed with id 1 and bytes match served payload
2026-10-07T00:58:35.2923670Z   - host Cancel decision: DownloadCancelled fired (no Started, no Finished) for id 2
2026-10-07T00:58:35.2923920Z   - cancel_download(unknown_id): returned Ok(false) as expected
2026-10-07T00:58:35.2924250Z   - basic-auth download via start_download: shared auth handler supplied credentials, download succeeded (download-level auth callback fired = true)
2026-10-07T00:58:35.2924630Z   - resume: cancelled mid-stream (id 4), resume_download produced complete bytes (resumed id 5)
2026-10-07T00:58:35.2924900Z demo-mac: download-test: PASS — item 8 download pipeline verified
2026-10-07T00:58:35.2925230Z   - basic: DownloadStarted/Progress/Finished events landed with id 1 and bytes match served payload
2026-10-07T00:58:35.2925540Z   - host Cancel decision: DownloadCancelled fired (no Started, no Finished) for id 2
2026-10-07T00:58:35.2925770Z   - cancel_download(unknown_id): returned Ok(false) as expected
2026-10-07T00:58:35.2926110Z   - basic-auth download via start_download: shared auth handler supplied credentials, download succeeded (download-level auth callback fired = true)
2026-10-07T00:58:35.2926440Z   - resume: cancelled mid-stream (id 4), resume_download produced complete bytes (resumed id 5)
2026-10-07T00:58:35.2926710Z demo-mac: download-test: PASS — item 8 download pipeline verified
2026-10-07T00:58:35.2926990Z   - basic: DownloadStarted/Progress/Finished events landed with id 1 and bytes match served payload
2026-10-07T00:58:35.2927290Z   - host Cancel decision: DownloadCancelled fired (no Started, no Finished) for id 2
2026-10-07T00:58:35.2927530Z   - cancel_download(unknown_id): returned Ok(false) as expected
2026-10-07T00:58:35.2927870Z   - basic-auth download via start_download: shared auth handler supplied credentials, download succeeded (download-level auth callback fired = true)
2026-10-07T00:58:35.2928290Z   - resume: cancelled mid-stream (id 4), resume_download produced complete bytes (resumed id 5)
2026-10-07T00:58:35.2928560Z demo-mac: download-test: PASS — item 8 download pipeline verified
2026-10-07T00:58:35.2928820Z   - basic: DownloadStarted/Progress/Finished events landed with id 1 and bytes match served payload
2026-10-07T00:58:35.2929110Z   - host Cancel decision: DownloadCancelled fired (no Started, no Finished) for id 2
2026-10-07T00:58:35.2929340Z   - cancel_download(unknown_id): returned Ok(false) as expected
2026-10-07T00:58:35.2929660Z   - basic-auth download via start_download: shared auth handler supplied credentials, download succeeded (download-level auth callback fired = true)
2026-10-07T00:58:35.2929990Z   - resume: cancelled mid-stream (id 4), resume_download produced complete bytes (resumed id 5)
2026-10-07T00:58:35.2930230Z demo-mac: download-test: PASS — item 8 download pipeline verified
2026-10-07T00:58:35.2930480Z   - basic: DownloadStarted/Progress/Finished events landed with id 1 and bytes match served payload
2026-10-07T00:58:35.2930760Z   - host Cancel decision: DownloadCancelled fired (no Started, no Finished) for id 2
2026-10-07T00:58:35.2930990Z   - cancel_download(unknown_id): returned Ok(false) as expected
2026-10-07T00:58:35.2931310Z   - basic-auth download via start_download: shared auth handler supplied credentials, download succeeded (download-level auth callback fired = true)
2026-10-07T00:58:35.2931690Z   - resume: cancelled mid-stream (id 4), resume_download produced complete bytes (resumed id 5)
2026-10-07T00:58:35.2931950Z demo-mac: download-test: PASS — item 8 download pipeline verified
2026-10-07T00:58:35.2932290Z   - basic: DownloadStarted/Progress/Finished events landed with id 1 and bytes match served payload
2026-10-07T00:58:35.2932600Z   - host Cancel decision: DownloadCancelled fired (no Started, no Finished) for id 2
2026-10-07T00:58:35.2932840Z   - cancel_download(unknown_id): returned Ok(false) as expected
2026-10-07T00:58:35.2933170Z   - basic-auth download via start_download: shared auth handler supplied credentials, download succeeded (download-level auth callback fired = true)
2026-10-07T00:58:35.2933540Z   - resume: cancelled mid-stream (id 4), resume_download produced complete bytes (resumed id 5)
2026-10-07T00:58:35.2933810Z demo-mac: download-test: PASS — item 8 download pipeline verified
2026-10-07T00:58:35.2934070Z   - basic: DownloadStarted/Progress/Finished events landed with id 1 and bytes match served payload
2026-10-07T00:58:35.2934350Z   - host Cancel decision: DownloadCancelled fired (no Started, no Finished) for id 2
2026-10-07T00:58:35.2934570Z   - cancel_download(unknown_id): returned Ok(false) as expected
2026-10-07T00:58:35.2934870Z   - basic-auth download via start_download: shared auth handler supplied credentials, download succeeded (download-level auth callback fired = true)
2026-10-07T00:58:35.2935210Z   - resume: cancelled mid-stream (id 4), resume_download produced complete bytes (resumed id 5)
2026-10-07T00:58:35.2935460Z demo-mac: download-test: PASS — item 8 download pipeline verified
2026-10-07T00:58:35.2935710Z   - basic: DownloadStarted/Progress/Finished events landed with id 1 and bytes match served payload
2026-10-07T00:58:35.2935990Z   - host Cancel decision: DownloadCancelled fired (no Started, no Finished) for id 2
2026-10-07T00:58:35.2936220Z   - cancel_download(unknown_id): returned Ok(false) as expected
2026-10-07T00:58:35.2936540Z   - basic-auth download via start_download: shared auth handler supplied credentials, download succeeded (download-level auth callback fired = true)
2026-10-07T00:58:35.2936910Z   - resume: cancelled mid-stream (id 4), resume_download produced complete bytes (resumed id 5)
2026-10-07T00:58:35.2937190Z demo-mac: download-test: PASS — item 8 download pipeline verified
2026-10-07T00:58:35.2937440Z   - basic: DownloadStarted/Progress/Finished events landed with id 1 and bytes match served payload
2026-10-07T00:58:35.2937770Z   - host Cancel decision: DownloadCancelled fired (no Started, no Finished) for id 2
2026-10-07T00:58:35.2937990Z   - cancel_download(unknown_id): returned Ok(false) as expected
2026-10-07T00:58:35.2938310Z   - basic-auth download via start_download: shared auth handler supplied credentials, download succeeded (download-level auth callback fired = true)
2026-10-07T00:58:35.2938680Z   - resume: cancelled mid-stream (id 4), resume_download produced complete bytes (resumed id 5)
2026-10-07T00:58:35.2938950Z demo-mac: download-test: PASS — item 8 download pipeline verified
2026-10-07T00:58:35.2939210Z   - basic: DownloadStarted/Progress/Finished events landed with id 1 and bytes match served payload
2026-10-07T00:58:35.2939500Z   - host Cancel decision: DownloadCancelled fired (no Started, no Finished) for id 2
2026-10-07T00:58:35.2939700Z   - cancel_download(unknown_id): returned Ok(false) as expected
2026-10-07T00:58:35.2940000Z   - basic-auth download via start_download: shared auth handler supplied credentials, download succeeded (download-level auth callback fired = true)
2026-10-07T00:58:35.2940330Z   - resume: cancelled mid-stream (id 4), resume_download produced complete bytes (resumed id 5)
2026-10-07T00:58:35.2940590Z demo-mac: download-test: PASS — item 8 download pipeline verified
2026-10-07T00:58:35.2940850Z   - basic: DownloadStarted/Progress/Finished events landed with id 1 and bytes match served payload
2026-10-07T00:58:35.2941220Z   - host Cancel decision: DownloadCancelled fired (no Started, no Finished) for id 2
2026-10-07T00:58:35.2941460Z   - cancel_download(unknown_id): returned Ok(false) as expected
2026-10-07T00:58:35.2941880Z   - basic-auth download via start_download: shared auth handler supplied credentials, download succeeded (download-level auth callback fired = true)
2026-10-07T00:58:35.2942260Z   - resume: cancelled mid-stream (id 4), resume_download produced complete bytes (resumed id 5)
2026-10-07T00:58:35.2942550Z demo-mac: download-test: PASS — item 8 download pipeline verified
2026-10-07T00:58:35.2942820Z   - basic: DownloadStarted/Progress/Finished events landed with id 1 and bytes match served payload
2026-10-07T00:58:35.2943100Z   - host Cancel decision: DownloadCancelled fired (no Started, no Finished) for id 2
2026-10-07T00:58:35.2943330Z   - cancel_download(unknown_id): returned Ok(false) as expected
2026-10-07T00:58:35.2943720Z   - basic-auth download via start_download: shared auth handler supplied credentials, download succeeded (download-level auth callback fired = true)
2026-10-07T00:58:35.2944100Z   - resume: cancelled mid-stream (id 4), resume_download produced complete bytes (resumed id 5)
2026-10-07T00:58:35.2944370Z demo-mac: download-test: PASS — item 8 download pipeline verified
2026-10-07T00:58:35.2944610Z   - basic: DownloadStarted/Progress/Finished events landed with id 1 and bytes match served payload
2026-10-07T00:58:35.2944870Z   - host Cancel decision: DownloadCancelled fired (no Started, no Finished) for id 2
2026-10-07T00:58:35.2945070Z   - cancel_download(unknown_id): returned Ok(false) as expected
2026-10-07T00:58:35.2945370Z   - basic-auth download via start_download: shared auth handler supplied credentials, download succeeded (download-level auth callback fired = true)
2026-10-07T00:58:35.2945740Z   - resume: cancelled mid-stream (id 4), resume_download produced complete bytes (resumed id 5)
2026-10-07T00:58:35.2946010Z demo-mac: download-test: PASS — item 8 download pipeline verified
2026-10-07T00:58:35.2946270Z   - basic: DownloadStarted/Progress/Finished events landed with id 1 and bytes match served payload
2026-10-07T00:58:35.2946550Z   - host Cancel decision: DownloadCancelled fired (no Started, no Finished) for id 2
2026-10-07T00:58:35.2946760Z   - cancel_download(unknown_id): returned Ok(false) as expected
2026-10-07T00:58:35.2947090Z   - basic-auth download via start_download: shared auth handler supplied credentials, download succeeded (download-level auth callback fired = true)
2026-10-07T00:58:35.2947520Z   - resume: cancelled mid-stream (id 4), resume_download produced complete bytes (resumed id 5)
2026-10-07T00:58:35.2947790Z demo-mac: download-test: PASS — item 8 download pipeline verified
2026-10-07T00:58:35.2948050Z   - basic: DownloadStarted/Progress/Finished events landed with id 1 and bytes match served payload
2026-10-07T00:58:35.2948340Z   - host Cancel decision: DownloadCancelled fired (no Started, no Finished) for id 2
2026-10-07T00:58:35.2948560Z   - cancel_download(unknown_id): returned Ok(false) as expected
2026-10-07T00:58:35.2948890Z   - basic-auth download via start_download: shared auth handler supplied credentials, download succeeded (download-level auth callback fired = true)
2026-10-07T00:58:35.2949260Z   - resume: cancelled mid-stream (id 4), resume_download produced complete bytes (resumed id 5)
2026-10-07T00:58:35.2949520Z demo-mac: download-test: PASS — item 8 download pipeline verified
2026-10-07T00:58:35.2949750Z   - basic: DownloadStarted/Progress/Finished events landed with id 1 and bytes match served payload
2026-10-07T00:58:35.2950010Z   - host Cancel decision: DownloadCancelled fired (no Started, no Finished) for id 2
2026-10-07T00:58:35.2950200Z   - cancel_download(unknown_id): returned Ok(false) as expected
2026-10-07T00:58:35.2950500Z   - basic-auth download via start_download: shared auth handler supplied credentials, download succeeded (download-level auth callback fired = true)
2026-10-07T00:58:35.2950870Z   - resume: cancelled mid-stream (id 4), resume_download produced complete bytes (resumed id 5)
2026-10-07T00:58:35.2951130Z demo-mac: download-test: PASS — item 8 download pipeline verified
2026-10-07T00:58:35.2951380Z   - basic: DownloadStarted/Progress/Finished events landed with id 1 and bytes match served payload
2026-10-07T00:58:35.2951690Z   - host Cancel decision: DownloadCancelled fired (no Started, no Finished) for id 2
2026-10-07T00:58:35.2951920Z   - cancel_download(unknown_id): returned Ok(false) as expected
2026-10-07T00:58:35.2952250Z   - basic-auth download via start_download: shared auth handler supplied credentials, download succeeded (download-level auth callback fired = true)
2026-10-07T00:58:35.2952620Z   - resume: cancelled mid-stream (id 4), resume_download produced complete bytes (resumed id 5)
2026-10-07T00:58:35.2952880Z demo-mac: download-test: PASS — item 8 download pipeline verified
2026-10-07T00:58:35.2953130Z   - basic: DownloadStarted/Progress/Finished events landed with id 1 and bytes match served payload
2026-10-07T00:58:35.2953410Z   - host Cancel decision: DownloadCancelled fired (no Started, no Finished) for id 2
2026-10-07T00:58:35.2953630Z   - cancel_download(unknown_id): returned Ok(false) as expected
2026-10-07T00:58:35.2953950Z   - basic-auth download via start_download: shared auth handler supplied credentials, download succeeded (download-level auth callback fired = true)
2026-10-07T00:58:35.2954330Z   - resume: cancelled mid-stream (id 4), resume_download produced complete bytes (resumed id 5)
2026-10-07T00:58:35.2954590Z demo-mac: download-test: PASS — item 8 download pipeline verified
2026-10-07T00:58:35.2954820Z   - basic: DownloadStarted/Progress/Finished events landed with id 1 and bytes match served payload
2026-10-07T00:58:35.2955070Z   - host Cancel decision: DownloadCancelled fired (no Started, no Finished) for id 2
2026-10-07T00:58:35.2955270Z   - cancel_download(unknown_id): returned Ok(false) as expected
2026-10-07T00:58:35.2955570Z   - basic-auth download via start_download: shared auth handler supplied credentials, download succeeded (download-level auth callback fired = true)
2026-10-07T00:58:35.2955940Z   - resume: cancelled mid-stream (id 4), resume_download produced complete bytes (resumed id 5)
2026-10-07T00:58:35.2956210Z demo-mac: download-test: PASS — item 8 download pipeline verified
2026-10-07T00:58:35.2956480Z   - basic: DownloadStarted/Progress/Finished events landed with id 1 and bytes match served payload
2026-10-07T00:58:35.2956790Z   - host Cancel decision: DownloadCancelled fired (no Started, no Finished) for id 2
2026-10-07T00:58:35.2957070Z   - cancel_download(unknown_id): returned Ok(false) as expected
2026-10-07T00:58:35.2957390Z   - basic-auth download via start_download: shared auth handler supplied credentials, download succeeded (download-level auth callback fired = true)
2026-10-07T00:58:35.2957760Z   - resume: cancelled mid-stream (id 4), resume_download produced complete bytes (resumed id 5)
2026-10-07T00:58:35.2958030Z demo-mac: download-test: PASS — item 8 download pipeline verified
2026-10-07T00:58:35.2958290Z   - basic: DownloadStarted/Progress/Finished events landed with id 1 and bytes match served payload
2026-10-07T00:58:35.2958580Z   - host Cancel decision: DownloadCancelled fired (no Started, no Finished) for id 2
2026-10-07T00:58:35.2958800Z   - cancel_download(unknown_id): returned Ok(false) as expected
2026-10-07T00:58:35.2959120Z   - basic-auth download via start_download: shared auth handler supplied credentials, download succeeded (download-level auth callback fired = true)
2026-10-07T00:58:35.2959490Z   - resume: cancelled mid-stream (id 4), resume_download produced complete bytes (resumed id 5)
2026-10-07T00:58:35.2959730Z demo-mac: download-test: PASS — item 8 download pipeline verified
2026-10-07T00:58:35.2959960Z   - basic: DownloadStarted/Progress/Finished events landed with id 1 and bytes match served payload
2026-10-07T00:58:35.2960220Z   - host Cancel decision: DownloadCancelled fired (no Started, no Finished) for id 2
2026-10-07T00:58:35.2960450Z   - cancel_download(unknown_id): returned Ok(false) as expected
2026-10-07T00:58:35.2960770Z   - basic-auth download via start_download: shared auth handler supplied credentials, download succeeded (download-level auth callback fired = true)
2026-10-07T00:58:35.2961170Z   - resume: cancelled mid-stream (id 4), resume_download produced complete bytes (resumed id 5)
2026-10-07T00:58:35.2961440Z demo-mac: download-test: PASS — item 8 download pipeline verified
2026-10-07T00:58:35.2961710Z   - basic: DownloadStarted/Progress/Finished events landed with id 1 and bytes match served payload
2026-10-07T00:58:35.2961990Z   - host Cancel decision: DownloadCancelled fired (no Started, no Finished) for id 2
2026-10-07T00:58:35.2962210Z   - cancel_download(unknown_id): returned Ok(false) as expected
2026-10-07T00:58:35.2962530Z   - basic-auth download via start_download: shared auth handler supplied credentials, download succeeded (download-level auth callback fired = true)
2026-10-07T00:58:35.2962900Z   - resume: cancelled mid-stream (id 4), resume_download produced complete bytes (resumed id 5)
2026-10-07T00:58:35.2963160Z demo-mac: download-test: PASS — item 8 download pipeline verified
2026-10-07T00:58:35.2963420Z   - basic: DownloadStarted/Progress/Finished events landed with id 1 and bytes match served payload
2026-10-07T00:58:35.2963700Z   - host Cancel decision: DownloadCancelled fired (no Started, no Finished) for id 2
2026-10-07T00:58:35.2963930Z   - cancel_download(unknown_id): returned Ok(false) as expected
2026-10-07T00:58:35.2964250Z   - basic-auth download via start_download: shared auth handler supplied credentials, download succeeded (download-level auth callback fired = true)
2026-10-07T00:58:35.2964610Z   - resume: cancelled mid-stream (id 4), resume_download produced complete bytes (resumed id 5)
2026-10-07T00:58:35.2964860Z demo-mac: download-test: PASS — item 8 download pipeline verified
2026-10-07T00:58:35.2965090Z   - basic: DownloadStarted/Progress/Finished events landed with id 1 and bytes match served payload
2026-10-07T00:58:35.2965370Z   - host Cancel decision: DownloadCancelled fired (no Started, no Finished) for id 2
2026-10-07T00:58:35.2965590Z   - cancel_download(unknown_id): returned Ok(false) as expected
2026-10-07T00:58:35.2965920Z   - basic-auth download via start_download: shared auth handler supplied credentials, download succeeded (download-level auth callback fired = true)
2026-10-07T00:58:35.2966290Z   - resume: cancelled mid-stream (id 4), resume_download produced complete bytes (resumed id 5)
2026-10-07T00:58:35.2966610Z demo-mac: download-test: PASS — item 8 download pipeline verified
2026-10-07T00:58:35.2966860Z   - basic: DownloadStarted/Progress/Finished events landed with id 1 and bytes match served payload
2026-10-07T00:58:35.2967150Z   - host Cancel decision: DownloadCancelled fired (no Started, no Finished) for id 2
2026-10-07T00:58:35.2967370Z   - cancel_download(unknown_id): returned Ok(false) as expected
2026-10-07T00:58:35.2967700Z   - basic-auth download via start_download: shared auth handler supplied credentials, download succeeded (download-level auth callback fired = true)
2026-10-07T00:58:35.2968070Z   - resume: cancelled mid-stream (id 4), resume_download produced complete bytes (resumed id 5)
2026-10-07T00:58:35.2968340Z demo-mac: download-test: PASS — item 8 download pipeline verified
2026-10-07T00:58:35.2968600Z   - basic: DownloadStarted/Progress/Finished events landed with id 1 and bytes match served payload
2026-10-07T00:58:35.2968880Z   - host Cancel decision: DownloadCancelled fired (no Started, no Finished) for id 2
2026-10-07T00:58:35.2969110Z   - cancel_download(unknown_id): returned Ok(false) as expected
2026-10-07T00:58:35.2969430Z   - basic-auth download via start_download: shared auth handler supplied credentials, download succeeded (download-level auth callback fired = true)
2026-10-07T00:58:35.2969770Z   - resume: cancelled mid-stream (id 4), resume_download produced complete bytes (resumed id 5)
2026-10-07T00:58:35.2969970Z   -> PASS
2026-10-07T00:58:35.2970020Z 
2026-10-07T00:58:35.2970060Z ==> --profile-test
2026-10-07T00:58:35.9817440Z demo-mac: --profile-test: spun up persistent counterpart at same data_dir
2026-10-07T00:58:35.9817730Z demo-mac: profile-test: set_cookie 'scrying-profile-82596' on producer #1
2026-10-07T00:58:35.9818130Z demo-mac: profile-test: producer #1 store reports 1 cookie(s)
2026-10-07T00:58:35.9818340Z demo-mac: profile-test: producer #2 store reports 1 cookie(s)
2026-10-07T00:58:35.9818670Z demo-mac: profile-test: PASS — persistent stores at the same data_dir share cookies
2026-10-07T00:58:35.9818910Z   - set_cookie on producer #1 was visible to its own request_all_cookies
2026-10-07T00:58:35.9819130Z   - same cookie was visible to a separate persistent producer at the same data_dir
2026-10-07T00:58:35.9833730Z   -> PASS
2026-10-07T00:58:35.9848160Z 
2026-10-07T00:58:35.9848270Z ==> --two-tabs
2026-10-07T00:58:44.3449600Z demo-mac: --two-tabs: spun up second producer
2026-10-07T00:58:44.3449840Z demo-mac: nav event: Starting { url: "scrying-test://history-1" }
2026-10-07T00:58:44.3450080Z demo-mac: nav event: SourceChanged { url: "scrying-test://history-1" }
2026-10-07T00:58:44.3450300Z demo-mac: js->host: loaded:history-1
2026-10-07T00:58:44.3450490Z demo-mac: nav event: Completed { url: "scrying-test://history-1", success: true }
2026-10-07T00:58:44.3450770Z demo-mac: [tab2] nav event: Starting { url: "scrying-test://history-2" }
2026-10-07T00:58:44.3451010Z demo-mac: [tab2] nav event: SourceChanged { url: "scrying-test://history-2" }
2026-10-07T00:58:44.3451220Z demo-mac: [tab2] js->host: loaded:history-2
2026-10-07T00:58:44.3451480Z demo-mac: [tab2] nav event: Completed { url: "scrying-test://history-2", success: true }
2026-10-07T00:58:44.3452000Z demo-mac: two-tabs: PASS — multi-instance independence verified (3 tab-1 urls, 3 tab-2 urls, no cross-talk)
2026-10-07T00:58:44.3465870Z   -> PASS
2026-10-07T00:58:44.3479740Z 
2026-10-07T00:58:44.3479850Z ==> --capture-test
2026-10-07T00:59:00.2367050Z demo-mac: started loading scrying-test://capture
2026-10-07T00:59:00.2367270Z demo-mac: headed capture window activation requested
2026-10-07T00:59:00.2367480Z demo-mac: nav event: Starting { url: "scrying-test://capture" }
2026-10-07T00:59:00.2367710Z demo-mac: nav event: SourceChanged { url: "scrying-test://capture" }
2026-10-07T00:59:00.2367980Z demo-mac: nav event: Completed { url: "scrying-test://capture", success: true }
2026-10-07T00:59:00.2368180Z demo-mac: start_capture_async kicked off
2026-10-07T00:59:00.2368770Z demo-mac: capture activity at 0.00s: frames=0, complete=1, idle=0, visible=Some(true), minimized=Some(false), focused=false
2026-10-07T00:59:00.2369150Z demo-mac: capture activity at 1.00s: frames=3, complete=3, idle=0, visible=Some(true), minimized=Some(false), focused=false
2026-10-07T00:59:00.2369520Z demo-mac: capture activity at 2.00s: frames=3, complete=3, idle=0, visible=Some(true), minimized=Some(false), focused=false
2026-10-07T00:59:00.2369890Z demo-mac: capture activity at 3.00s: frames=3, complete=3, idle=0, visible=Some(true), minimized=Some(false), focused=false
2026-10-07T00:59:00.2370250Z demo-mac: capture activity at 4.00s: frames=3, complete=3, idle=0, visible=Some(true), minimized=Some(false), focused=false
2026-10-07T00:59:00.2370620Z demo-mac: capture activity at 5.00s: frames=3, complete=3, idle=0, visible=Some(true), minimized=Some(false), focused=false
2026-10-07T00:59:00.2370980Z demo-mac: capture activity at 6.00s: frames=3, complete=3, idle=0, visible=Some(true), minimized=Some(false), focused=false
2026-10-07T00:59:00.2371330Z demo-mac: capture activity at 7.00s: frames=3, complete=3, idle=0, visible=Some(true), minimized=Some(false), focused=false
2026-10-07T00:59:00.2371650Z demo-mac: capture activity at 8.00s: frames=3, complete=3, idle=0, visible=Some(true), minimized=Some(false), focused=false
2026-10-07T00:59:00.2372020Z demo-mac: capture activity at 9.00s: frames=3, complete=3, idle=0, visible=Some(true), minimized=Some(false), focused=false
2026-10-07T00:59:00.2372350Z demo-mac: capture activity at 10.00s: frames=3, complete=3, idle=0, visible=Some(true), minimized=Some(false), focused=false
2026-10-07T00:59:00.2372680Z demo-mac: capture activity at 11.00s: frames=3, complete=3, idle=0, visible=Some(true), minimized=Some(false), focused=false
2026-10-07T00:59:00.2373180Z demo-mac: capture activity at 12.00s: frames=3, complete=3, idle=0, visible=Some(true), minimized=Some(false), focused=false
2026-10-07T00:59:00.2373660Z demo-mac: capture-test: PASS — SCK pipeline delivered 5 frames across [1024x1536]
2026-10-07T00:59:00.2382670Z   -> PASS
2026-10-07T00:59:00.2395920Z 
2026-10-07T00:59:00.2396070Z ==> --capture-test+resize
2026-10-07T00:59:33.7720800Z demo-mac: started loading scrying-test://capture
2026-10-07T00:59:33.7721020Z demo-mac: headed capture window activation requested
2026-10-07T00:59:33.7721230Z demo-mac: nav event: Starting { url: "scrying-test://capture" }
2026-10-07T00:59:33.7721460Z demo-mac: nav event: SourceChanged { url: "scrying-test://capture" }
2026-10-07T00:59:33.7721710Z demo-mac: nav event: Completed { url: "scrying-test://capture", success: true }
2026-10-07T00:59:33.7721910Z demo-mac: start_capture_async kicked off
2026-10-07T00:59:33.7722180Z demo-mac: capture activity at 0.00s: frames=0, complete=1, idle=0, visible=Some(true), minimized=Some(false), focused=false
2026-10-07T00:59:33.7722580Z demo-mac: capture activity at 1.00s: frames=2, complete=2, idle=0, visible=Some(true), minimized=Some(false), focused=false
2026-10-07T00:59:33.7722960Z demo-mac: capture activity at 2.00s: frames=2, complete=2, idle=0, visible=Some(true), minimized=Some(false), focused=false
2026-10-07T00:59:33.7723330Z demo-mac: capture activity at 3.00s: frames=2, complete=2, idle=0, visible=Some(true), minimized=Some(false), focused=false
2026-10-07T00:59:33.7723690Z demo-mac: capture activity at 4.00s: frames=2, complete=2, idle=0, visible=Some(true), minimized=Some(false), focused=false
2026-10-07T00:59:33.7724060Z demo-mac: capture activity at 5.00s: frames=2, complete=2, idle=0, visible=Some(true), minimized=Some(false), focused=false
2026-10-07T00:59:33.7724450Z demo-mac: resize-test step 0 → request logical inner_size = 1280x800
2026-10-07T00:59:33.7724750Z demo-mac: capture activity at 6.00s: frames=2, complete=2, idle=0, visible=Some(true), minimized=Some(false), focused=false
2026-10-07T00:59:33.7725120Z demo-mac: capture activity at 7.00s: frames=5, complete=5, idle=0, visible=Some(true), minimized=Some(false), focused=false
2026-10-07T00:59:33.7725470Z demo-mac: capture activity at 8.00s: frames=5, complete=5, idle=0, visible=Some(true), minimized=Some(false), focused=false
2026-10-07T00:59:33.7726170Z demo-mac: capture activity at 9.00s: frames=5, complete=5, idle=0, visible=Some(true), minimized=Some(false), focused=false
2026-10-07T00:59:33.7726490Z demo-mac: resize-test step 1 → request logical inner_size = 768x600
2026-10-07T00:59:33.7726790Z demo-mac: capture activity at 10.00s: frames=5, complete=5, idle=0, visible=Some(true), minimized=Some(false), focused=false
2026-10-07T00:59:33.7727150Z demo-mac: capture activity at 11.00s: frames=8, complete=8, idle=0, visible=Some(true), minimized=Some(false), focused=false
2026-10-07T00:59:33.7727510Z demo-mac: capture activity at 12.00s: frames=8, complete=8, idle=0, visible=Some(true), minimized=Some(false), focused=false
2026-10-07T00:59:33.7727910Z demo-mac: capture activity at 13.00s: frames=8, complete=8, idle=0, visible=Some(true), minimized=Some(false), focused=false
2026-10-07T00:59:33.7728230Z demo-mac: resize-test step 2 → request logical inner_size = 1024x700
2026-10-07T00:59:33.7728490Z demo-mac: capture activity at 14.00s: frames=8, complete=8, idle=0, visible=Some(true), minimized=Some(false), focused=false
2026-10-07T00:59:33.7728820Z demo-mac: capture activity at 15.00s: frames=11, complete=11, idle=0, visible=Some(true), minimized=Some(false), focused=false
2026-10-07T00:59:33.7729150Z demo-mac: capture activity at 16.00s: frames=11, complete=11, idle=0, visible=Some(true), minimized=Some(false), focused=false
2026-10-07T00:59:33.7729490Z demo-mac: capture activity at 17.00s: frames=11, complete=11, idle=0, visible=Some(true), minimized=Some(false), focused=false
2026-10-07T00:59:33.7729860Z demo-mac: capture activity at 18.00s: frames=11, complete=11, idle=0, visible=Some(true), minimized=Some(false), focused=false
2026-10-07T00:59:33.7730370Z demo-mac: capture activity at 19.00s: frames=11, complete=11, idle=0, visible=Some(true), minimized=Some(false), focused=false
2026-10-07T00:59:33.7730740Z demo-mac: capture activity at 20.00s: frames=11, complete=11, idle=0, visible=Some(true), minimized=Some(false), focused=false
2026-10-07T00:59:33.7731090Z demo-mac: capture activity at 21.00s: frames=11, complete=11, idle=0, visible=Some(true), minimized=Some(false), focused=false
2026-10-07T00:59:33.7731590Z demo-mac: capture activity at 22.00s: frames=11, complete=11, idle=0, visible=Some(true), minimized=Some(false), focused=false
2026-10-07T00:59:33.7731990Z demo-mac: capture activity at 23.00s: frames=11, complete=11, idle=0, visible=Some(true), minimized=Some(false), focused=false
2026-10-07T00:59:33.7732340Z demo-mac: capture activity at 24.00s: frames=11, complete=11, idle=0, visible=Some(true), minimized=Some(false), focused=false
2026-10-07T00:59:33.7732690Z demo-mac: capture activity at 25.00s: frames=11, complete=11, idle=0, visible=Some(true), minimized=Some(false), focused=false
2026-10-07T00:59:33.7733050Z demo-mac: capture activity at 26.00s: frames=11, complete=11, idle=0, visible=Some(true), minimized=Some(false), focused=false
2026-10-07T00:59:33.7733410Z demo-mac: capture activity at 27.00s: frames=11, complete=11, idle=0, visible=Some(true), minimized=Some(false), focused=false
2026-10-07T00:59:33.7733770Z demo-mac: capture activity at 28.00s: frames=11, complete=11, idle=0, visible=Some(true), minimized=Some(false), focused=false
2026-10-07T00:59:33.7734150Z demo-mac: capture activity at 29.00s: frames=11, complete=11, idle=0, visible=Some(true), minimized=Some(false), focused=false
2026-10-07T00:59:33.7734400Z demo-mac: capture-test: FAIL
2026-10-07T00:59:33.7738210Z   - captured 11 frame(s) within 30s without observing 3 frame(s) at every expected size
2026-10-07T00:59:33.7738440Z   - observed 2 frame(s) at 1024x1536, expected at least 3
2026-10-07T00:59:33.7738790Z   - pre-import frame diagnostics: no-latest-sample=1287550, no-image-payload=0, config-revision-pending=0, source-dimension-mismatch=0, empty-crop=0
2026-10-07T00:59:33.7739230Z   - SCK frame statuses: missing=0, complete=11, idle=0, blank=0, suspended=0, started=0, stopped=0, unknown=0, last=Some(0)
2026-10-07T00:59:33.7740090Z   - capture revisions: requested=3, applied=3; last source dimensions=Some(PhysicalSize { width: 2048, height: 1464 }), expected host dimensions=Some(PhysicalSize { width: 2048, height: 1464 })
2026-10-07T00:59:33.7740450Z   -> FAIL (PASS receipt absent)
2026-10-07T00:59:33.7753450Z 
2026-10-07T00:59:33.7753620Z ==> summary
2026-10-07T00:59:33.7753750Z   passed: 9 / 10
2026-10-07T00:59:33.7753850Z   failed: 1
2026-10-07T00:59:33.7753940Z     - --capture-test+resize
2026-10-07T00:59:33.8332600Z ##[error]Process completed with exit code 1.
2026-10-07T00:59:33.8359830Z ##[group]Run bash scripts/test-mac.sh
2026-10-07T00:59:33.8359990Z [36;1mbash scripts/test-mac.sh[0m
2026-10-07T00:59:33.8367390Z shell: /bin/bash -e {0}
2026-10-07T00:59:33.8367500Z env:
2026-10-07T00:59:33.8367590Z   CARGO_NET_GIT_FETCH_WITH_CLI: true
2026-10-07T00:59:33.8367710Z   RUSTFLAGS: -D warnings
2026-10-07T00:59:33.8367850Z   CARGO_TARGET_DIR: /Users/markik/Code/targets/wgpu-scry-hardware
2026-10-07T00:59:33.8368020Z   CAPTURE: 1
2026-10-07T00:59:33.8368100Z   TIMEOUT: 90
2026-10-07T00:59:33.8368180Z   VISIBLE: 1
2026-10-07T00:59:33.8368260Z   CARGO_HOME: /Users/markik/.cargo
2026-10-07T00:59:33.8368360Z   CARGO_INCREMENTAL: 0
2026-10-07T00:59:33.8368450Z   CARGO_TERM_COLOR: always
2026-10-07T00:59:33.8368550Z   CAPTURE_ACTIVITY: 1
2026-10-07T00:59:33.8368630Z ##[endgroup]
2026-10-07T00:59:35.8690090Z ==> ScreenCaptureKit display-awake hold active
2026-10-07T00:59:35.8691210Z ==> building demo-mac
2026-10-07T00:59:36.1731920Z /Users/markik/Code/targets/wgpu-scry-hardware/debug/scry-demo-mac-hardware.app: replacing existing signature
2026-10-07T00:59:36.3373550Z ==> code-signing identity: -
2026-10-07T00:59:36.3408280Z Executable=/Users/markik/Code/targets/wgpu-scry-hardware/debug/scry-demo-mac-hardware.app/Contents/MacOS/demo-mac
2026-10-07T00:59:36.3408620Z designated => identifier "org.merely.scry.hardware-demo"
2026-10-07T00:59:36.3410640Z ==> LaunchServices app: /Users/markik/Code/targets/wgpu-scry-hardware/debug/scry-demo-mac-hardware.app
2026-10-07T00:59:36.3412100Z 
2026-10-07T00:59:36.3412310Z ==> --capture-test
2026-10-07T01:00:00.2109990Z demo-mac: started loading scrying-test://capture?activity=1
2026-10-07T01:00:00.2110270Z demo-mac: headed capture window activation requested
2026-10-07T01:00:00.2110500Z demo-mac: nav event: Starting { url: "scrying-test://capture?activity=1" }
2026-10-07T01:00:00.2110790Z demo-mac: nav event: SourceChanged { url: "scrying-test://capture?activity=1" }
2026-10-07T01:00:00.2111350Z demo-mac: js->host: capture-activity:{"kind":"ready","elapsedMs":1,"visibility":"hidden","focused":false,"viewport":[512,768,2],"animationFrames":0,"timerTicks":0,"background":"rgb(23, 97, 181)","animations":[{"state":"running","currentTime":0}]}
2026-10-07T01:00:00.2111910Z demo-mac: nav event: Completed { url: "scrying-test://capture?activity=1", success: true }
2026-10-07T01:00:00.2112460Z demo-mac: js->host: capture-activity:{"kind":"timer","elapsedMs":1001,"visibility":"hidden","focused":false,"viewport":[512,768,2],"animationFrames":0,"timerTicks":1,"background":"rgb(23, 97, 181)","animations":[{"state":"running","currentTime":0}]}
2026-10-07T01:00:00.2113210Z demo-mac: js->host: capture-activity:{"kind":"timer","elapsedMs":2002,"visibility":"hidden","focused":false,"viewport":[512,768,2],"animationFrames":0,"timerTicks":2,"background":"rgb(23, 97, 181)","animations":[{"state":"running","currentTime":0}]}
2026-10-07T01:00:00.2113670Z demo-mac: start_capture_async kicked off
2026-10-07T01:00:00.2113970Z demo-mac: capture activity at 0.00s: frames=0, complete=1, idle=0, visible=Some(true), minimized=Some(false), focused=false
2026-10-07T01:00:00.2114530Z demo-mac: js->host: capture-activity:{"kind":"timer","elapsedMs":3102,"visibility":"hidden","focused":false,"viewport":[512,768,2],"animationFrames":0,"timerTicks":3,"background":"rgb(23, 97, 181)","animations":[{"state":"running","currentTime":0}]}
2026-10-07T01:00:00.2115440Z demo-mac: capture activity at 1.00s: frames=2, complete=2, idle=0, visible=Some(true), minimized=Some(false), focused=false
2026-10-07T01:00:00.2115940Z demo-mac: js->host: capture-activity:{"kind":"timer","elapsedMs":4201,"visibility":"hidden","focused":false,"viewport":[512,768,2],"animationFrames":0,"timerTicks":4,"background":"rgb(23, 97, 181)","animations":[{"state":"running","currentTime":0}]}
2026-10-07T01:00:00.2116470Z demo-mac: capture activity at 2.00s: frames=2, complete=2, idle=0, visible=Some(true), minimized=Some(false), focused=false
2026-10-07T01:00:00.2117340Z demo-mac: js->host: capture-activity:{"kind":"timer","elapsedMs":5301,"visibility":"hidden","focused":false,"viewport":[512,768,2],"animationFrames":0,"timerTicks":5,"background":"rgb(23, 97, 181)","animations":[{"state":"running","currentTime":0}]}
2026-10-07T01:00:00.2117850Z demo-mac: capture activity at 3.00s: frames=2, complete=2, idle=0, visible=Some(true), minimized=Some(false), focused=false
2026-10-07T01:00:00.2118360Z demo-mac: js->host: capture-activity:{"kind":"timer","elapsedMs":6414,"visibility":"hidden","focused":false,"viewport":[512,768,2],"animationFrames":0,"timerTicks":6,"background":"rgb(23, 97, 181)","animations":[{"state":"running","currentTime":0}]}
2026-10-07T01:00:00.2118900Z demo-mac: capture activity at 4.00s: frames=2, complete=2, idle=0, visible=Some(true), minimized=Some(false), focused=false
2026-10-07T01:00:00.2119280Z demo-mac: capture activity at 5.00s: frames=2, complete=2, idle=0, visible=Some(true), minimized=Some(false), focused=false
2026-10-07T01:00:00.2119680Z demo-mac: capture activity at 6.00s: frames=2, complete=2, idle=0, visible=Some(true), minimized=Some(false), focused=false
2026-10-07T01:00:00.2120080Z demo-mac: capture activity at 7.00s: frames=2, complete=2, idle=0, visible=Some(true), minimized=Some(false), focused=false
2026-10-07T01:00:00.2120460Z demo-mac: capture activity at 8.00s: frames=2, complete=2, idle=0, visible=Some(true), minimized=Some(false), focused=false
2026-10-07T01:00:00.2120930Z demo-mac: capture activity at 9.00s: frames=2, complete=2, idle=0, visible=Some(true), minimized=Some(false), focused=false
2026-10-07T01:00:00.2121370Z demo-mac: capture activity at 10.00s: frames=2, complete=2, idle=0, visible=Some(true), minimized=Some(false), focused=false
2026-10-07T01:00:00.2121840Z demo-mac: capture activity at 11.00s: frames=2, complete=2, idle=0, visible=Some(true), minimized=Some(false), focused=false
2026-10-07T01:00:00.2122270Z demo-mac: capture activity at 12.00s: frames=2, complete=2, idle=0, visible=Some(true), minimized=Some(false), focused=false
2026-10-07T01:00:00.2122620Z demo-mac: capture activity at 13.00s: frames=2, complete=2, idle=0, visible=Some(true), minimized=Some(false), focused=false
2026-10-07T01:00:00.2122950Z demo-mac: capture activity at 14.00s: frames=2, complete=2, idle=0, visible=Some(true), minimized=Some(false), focused=false
2026-10-07T01:00:00.2123290Z demo-mac: capture activity at 15.00s: frames=2, complete=2, idle=0, visible=Some(true), minimized=Some(false), focused=false
2026-10-07T01:00:00.2123650Z demo-mac: capture activity at 16.00s: frames=2, complete=2, idle=0, visible=Some(true), minimized=Some(false), focused=false
2026-10-07T01:00:00.2124020Z demo-mac: capture activity at 17.00s: frames=2, complete=2, idle=0, visible=Some(true), minimized=Some(false), focused=false
2026-10-07T01:00:00.2124380Z demo-mac: capture activity at 18.00s: frames=2, complete=2, idle=0, visible=Some(true), minimized=Some(false), focused=false
2026-10-07T01:00:00.2124770Z demo-mac: capture activity at 19.00s: frames=2, complete=2, idle=0, visible=Some(true), minimized=Some(false), focused=false
2026-10-07T01:00:00.2125260Z demo-mac: capture-test: PASS — SCK pipeline delivered 5 frames across [1024x1536]
2026-10-07T01:00:00.2128160Z   -> PASS
2026-10-07T01:00:00.2143400Z 
2026-10-07T01:00:00.2143600Z ==> --capture-test+resize
2026-10-07T01:00:33.7037650Z demo-mac: started loading scrying-test://capture?activity=1
2026-10-07T01:00:33.7037920Z demo-mac: headed capture window activation requested
2026-10-07T01:00:33.7042400Z demo-mac: nav event: Starting { url: "scrying-test://capture?activity=1" }
2026-10-07T01:00:33.7042680Z demo-mac: nav event: SourceChanged { url: "scrying-test://capture?activity=1" }
2026-10-07T01:00:33.7043250Z demo-mac: js->host: capture-activity:{"kind":"ready","elapsedMs":1,"visibility":"hidden","focused":false,"viewport":[512,768,2],"animationFrames":0,"timerTicks":0,"background":"rgb(23, 97, 181)","animations":[{"state":"running","currentTime":0}]}
2026-10-07T01:00:33.7044020Z demo-mac: nav event: Completed { url: "scrying-test://capture?activity=1", success: true }
2026-10-07T01:00:33.7044570Z demo-mac: js->host: capture-activity:{"kind":"timer","elapsedMs":1002,"visibility":"hidden","focused":false,"viewport":[512,768,2],"animationFrames":0,"timerTicks":1,"background":"rgb(23, 97, 181)","animations":[{"state":"running","currentTime":0}]}
2026-10-07T01:00:33.7045240Z demo-mac: js->host: capture-activity:{"kind":"timer","elapsedMs":2003,"visibility":"hidden","focused":false,"viewport":[512,768,2],"animationFrames":0,"timerTicks":2,"background":"rgb(23, 97, 181)","animations":[{"state":"running","currentTime":0}]}
2026-10-07T01:00:33.7045650Z demo-mac: start_capture_async kicked off
2026-10-07T01:00:33.7045900Z demo-mac: capture activity at 0.00s: frames=0, complete=1, idle=0, visible=Some(true), minimized=Some(false), focused=false
2026-10-07T01:00:33.7046400Z demo-mac: js->host: capture-activity:{"kind":"timer","elapsedMs":3102,"visibility":"hidden","focused":false,"viewport":[512,768,2],"animationFrames":0,"timerTicks":3,"background":"rgb(23, 97, 181)","animations":[{"state":"running","currentTime":0}]}
2026-10-07T01:00:33.7046900Z demo-mac: capture activity at 1.00s: frames=2, complete=2, idle=0, visible=Some(true), minimized=Some(false), focused=false
2026-10-07T01:00:33.7047430Z demo-mac: js->host: capture-activity:{"kind":"timer","elapsedMs":4200,"visibility":"hidden","focused":false,"viewport":[512,768,2],"animationFrames":0,"timerTicks":4,"background":"rgb(23, 97, 181)","animations":[{"state":"running","currentTime":0}]}
2026-10-07T01:00:33.7047960Z demo-mac: capture activity at 2.00s: frames=2, complete=2, idle=0, visible=Some(true), minimized=Some(false), focused=false
2026-10-07T01:00:33.7048530Z demo-mac: js->host: capture-activity:{"kind":"timer","elapsedMs":5300,"visibility":"hidden","focused":false,"viewport":[512,768,2],"animationFrames":0,"timerTicks":5,"background":"rgb(23, 97, 181)","animations":[{"state":"running","currentTime":0}]}
2026-10-07T01:00:33.7049060Z demo-mac: capture activity at 3.00s: frames=2, complete=2, idle=0, visible=Some(true), minimized=Some(false), focused=false
2026-10-07T01:00:33.7049560Z demo-mac: js->host: capture-activity:{"kind":"timer","elapsedMs":6400,"visibility":"hidden","focused":false,"viewport":[512,768,2],"animationFrames":0,"timerTicks":6,"background":"rgb(23, 97, 181)","animations":[{"state":"running","currentTime":0}]}
2026-10-07T01:00:33.7050050Z demo-mac: capture activity at 4.00s: frames=2, complete=2, idle=0, visible=Some(true), minimized=Some(false), focused=false
2026-10-07T01:00:33.7050410Z demo-mac: capture activity at 5.00s: frames=2, complete=2, idle=0, visible=Some(true), minimized=Some(false), focused=false
2026-10-07T01:00:33.7050830Z demo-mac: resize-test step 0 → request logical inner_size = 1280x800
2026-10-07T01:00:33.7051170Z demo-mac: capture activity at 6.00s: frames=2, complete=2, idle=0, visible=Some(true), minimized=Some(false), focused=false
2026-10-07T01:00:33.7051740Z demo-mac: js->host: capture-activity:{"kind":"timer","elapsedMs":9019,"visibility":"hidden","focused":false,"viewport":[512,768,2],"animationFrames":0,"timerTicks":7,"background":"rgb(23, 97, 181)","animations":[{"state":"running","currentTime":0}]}
2026-10-07T01:00:33.7052460Z demo-mac: js->host: capture-activity:{"kind":"resize","elapsedMs":9019,"visibility":"hidden","focused":false,"viewport":[640,800,2],"animationFrames":0,"timerTicks":7,"background":"rgb(23, 97, 181)","animations":[{"state":"running","currentTime":0}]}
2026-10-07T01:00:33.7053100Z demo-mac: capture activity at 7.00s: frames=5, complete=5, idle=0, visible=Some(true), minimized=Some(false), focused=false
2026-10-07T01:00:33.7053670Z demo-mac: js->host: capture-activity:{"kind":"timer","elapsedMs":10825,"visibility":"hidden","focused":false,"viewport":[640,800,2],"animationFrames":0,"timerTicks":8,"background":"rgb(23, 97, 181)","animations":[{"state":"running","currentTime":0}]}
2026-10-07T01:00:33.7054190Z demo-mac: capture activity at 8.00s: frames=5, complete=5, idle=0, visible=Some(true), minimized=Some(false), focused=false
2026-10-07T01:00:33.7054640Z demo-mac: capture activity at 9.00s: frames=5, complete=5, idle=0, visible=Some(true), minimized=Some(false), focused=false
2026-10-07T01:00:33.7055260Z demo-mac: js->host: capture-activity:{"kind":"timer","elapsedMs":12792,"visibility":"hidden","focused":false,"viewport":[640,800,2],"animationFrames":0,"timerTicks":9,"background":"rgb(23, 97, 181)","animations":[{"state":"running","currentTime":0}]}
2026-10-07T01:00:33.7055790Z demo-mac: resize-test step 1 → request logical inner_size = 768x600
2026-10-07T01:00:33.7056110Z demo-mac: capture activity at 10.00s: frames=5, complete=5, idle=0, visible=Some(true), minimized=Some(false), focused=false
2026-10-07T01:00:33.7056490Z demo-mac: capture activity at 11.00s: frames=8, complete=8, idle=0, visible=Some(true), minimized=Some(false), focused=false
2026-10-07T01:00:33.7057120Z demo-mac: js->host: capture-activity:{"kind":"timer","elapsedMs":14800,"visibility":"hidden","focused":false,"viewport":[384,600,2],"animationFrames":0,"timerTicks":10,"background":"rgb(23, 97, 181)","animations":[{"state":"running","currentTime":0}]}
2026-10-07T01:00:33.7057700Z demo-mac: capture activity at 12.00s: frames=8, complete=8, idle=0, visible=Some(true), minimized=Some(false), focused=false
2026-10-07T01:00:33.7058080Z demo-mac: capture activity at 13.00s: frames=8, complete=8, idle=0, visible=Some(true), minimized=Some(false), focused=false
2026-10-07T01:00:33.7058650Z demo-mac: js->host: capture-activity:{"kind":"timer","elapsedMs":16875,"visibility":"hidden","focused":false,"viewport":[384,600,2],"animationFrames":0,"timerTicks":11,"background":"rgb(23, 97, 181)","animations":[{"state":"running","currentTime":0}]}
2026-10-07T01:00:33.7059130Z demo-mac: resize-test step 2 → request logical inner_size = 1024x700
2026-10-07T01:00:33.7059580Z demo-mac: js->host: capture-activity:{"kind":"resize","elapsedMs":17018,"visibility":"hidden","focused":false,"viewport":[512,700,2],"animationFrames":0,"timerTicks":11,"background":"rgb(23, 97, 181)","animations":[{"state":"running","currentTime":0}]}
2026-10-07T01:00:33.7060130Z demo-mac: capture activity at 14.00s: frames=8, complete=8, idle=0, visible=Some(true), minimized=Some(false), focused=false
2026-10-07T01:00:33.7060540Z demo-mac: capture activity at 15.00s: frames=11, complete=11, idle=0, visible=Some(true), minimized=Some(false), focused=false
2026-10-07T01:00:33.7061110Z demo-mac: js->host: capture-activity:{"kind":"timer","elapsedMs":18875,"visibility":"hidden","focused":false,"viewport":[512,700,2],"animationFrames":0,"timerTicks":12,"background":"rgb(23, 97, 181)","animations":[{"state":"running","currentTime":0}]}
2026-10-07T01:00:33.7061660Z demo-mac: capture activity at 16.00s: frames=11, complete=11, idle=0, visible=Some(true), minimized=Some(false), focused=false
2026-10-07T01:00:33.7062040Z demo-mac: capture activity at 17.00s: frames=11, complete=11, idle=0, visible=Some(true), minimized=Some(false), focused=false
2026-10-07T01:00:33.7062600Z demo-mac: js->host: capture-activity:{"kind":"timer","elapsedMs":20875,"visibility":"hidden","focused":false,"viewport":[512,700,2],"animationFrames":0,"timerTicks":13,"background":"rgb(23, 97, 181)","animations":[{"state":"running","currentTime":0}]}
2026-10-07T01:00:33.7063160Z demo-mac: capture activity at 18.00s: frames=11, complete=11, idle=0, visible=Some(true), minimized=Some(false), focused=false
2026-10-07T01:00:33.7063560Z demo-mac: capture activity at 19.00s: frames=11, complete=11, idle=0, visible=Some(true), minimized=Some(false), focused=false
2026-10-07T01:00:33.7064040Z demo-mac: capture activity at 20.00s: frames=11, complete=11, idle=0, visible=Some(true), minimized=Some(false), focused=false
2026-10-07T01:00:33.7064380Z demo-mac: capture activity at 21.00s: frames=11, complete=11, idle=0, visible=Some(true), minimized=Some(false), focused=false
2026-10-07T01:00:33.7064710Z demo-mac: capture activity at 22.00s: frames=11, complete=11, idle=0, visible=Some(true), minimized=Some(false), focused=false
2026-10-07T01:00:33.7065140Z demo-mac: capture activity at 23.00s: frames=11, complete=11, idle=0, visible=Some(true), minimized=Some(false), focused=false
2026-10-07T01:00:33.7065600Z demo-mac: capture activity at 24.00s: frames=11, complete=11, idle=0, visible=Some(true), minimized=Some(false), focused=false
2026-10-07T01:00:33.7066020Z demo-mac: capture activity at 25.00s: frames=11, complete=11, idle=0, visible=Some(true), minimized=Some(false), focused=false
2026-10-07T01:00:33.7066400Z demo-mac: capture activity at 26.00s: frames=11, complete=11, idle=0, visible=Some(true), minimized=Some(false), focused=false
2026-10-07T01:00:33.7066770Z demo-mac: capture activity at 27.00s: frames=11, complete=11, idle=0, visible=Some(true), minimized=Some(false), focused=false
2026-10-07T01:00:33.7067150Z demo-mac: capture activity at 28.00s: frames=11, complete=11, idle=0, visible=Some(true), minimized=Some(false), focused=false
2026-10-07T01:00:33.7067530Z demo-mac: capture activity at 29.00s: frames=11, complete=11, idle=0, visible=Some(true), minimized=Some(false), focused=false
2026-10-07T01:00:33.7067810Z demo-mac: capture-test: FAIL
2026-10-07T01:00:33.7068010Z   - captured 11 frame(s) within 30s without observing 3 frame(s) at every expected size
2026-10-07T01:00:33.7068260Z   - observed 2 frame(s) at 1024x1536, expected at least 3
2026-10-07T01:00:33.7068630Z   - pre-import frame diagnostics: no-latest-sample=1294759, no-image-payload=0, config-revision-pending=0, source-dimension-mismatch=0, empty-crop=0
2026-10-07T01:00:33.7069060Z   - SCK frame statuses: missing=0, complete=11, idle=0, blank=0, suspended=0, started=0, stopped=0, unknown=0, last=Some(0)
2026-10-07T01:00:33.7069510Z   - capture revisions: requested=3, applied=3; last source dimensions=Some(PhysicalSize { width: 2048, height: 1464 }), expected host dimensions=Some(PhysicalSize { width: 2048, height: 1464 })
2026-10-07T01:00:33.7069880Z   -> FAIL (PASS receipt absent)
2026-10-07T01:00:33.7073730Z 
2026-10-07T01:00:33.7073840Z ==> summary
2026-10-07T01:00:33.7073960Z   passed: 1 / 2
2026-10-07T01:00:33.7074070Z   failed: 1
2026-10-07T01:00:33.7074190Z     - --capture-test+resize
2026-10-07T01:00:33.7630020Z ##[error]Process completed with exit code 1.
2026-10-07T01:00:33.7670340Z Post job cleanup.
2026-10-07T01:00:33.8083850Z Released host hardware lock at /var/folders/96/dck6q6xj3490x43zr8fb8pbm0000gp/T/merely-wgpu-hardware-lock/host.lock
2026-10-07T01:00:33.8130960Z Post job cleanup.
2026-10-07T01:00:33.8751720Z [command]/usr/bin/git version
2026-10-07T01:00:33.8834880Z git version 2.50.1 (Apple Git-155)
2026-10-07T01:00:33.8845660Z Copying '/Users/markik/.gitconfig' to '/Users/markik/actions-runner-wgpu/_work/_temp/eb3b5c31-8176-40c0-a3de-84805f813d1b/.gitconfig'
2026-10-07T01:00:33.8849710Z Temporarily overriding HOME='/Users/markik/actions-runner-wgpu/_work/_temp/eb3b5c31-8176-40c0-a3de-84805f813d1b' before making global git config changes
2026-10-07T01:00:33.8850140Z Adding repository directory to the temporary git global config as a safe directory
2026-10-07T01:00:33.8851830Z [command]/usr/bin/git config --global --add safe.directory /Users/markik/actions-runner-wgpu/_work/wgpu-scry/wgpu-scry/.host-hardware-lock
2026-10-07T01:00:33.9683830Z Removing SSH command configuration
2026-10-07T01:00:33.9686370Z [command]/usr/bin/git config --local --name-only --get-regexp core\.sshCommand
2026-10-07T01:00:33.9763630Z [command]/usr/bin/git submodule foreach --recursive sh -c "git config --local --name-only --get-regexp 'core\.sshCommand' && git config --local --unset-all 'core.sshCommand' || :"
2026-10-07T01:00:34.0298440Z Removing HTTP extra header
2026-10-07T01:00:34.0300750Z [command]/usr/bin/git config --local --name-only --get-regexp http\.https\:\/\/github\.com\/\.extraheader
2026-10-07T01:00:34.0375590Z [command]/usr/bin/git submodule foreach --recursive sh -c "git config --local --name-only --get-regexp 'http\.https\:\/\/github\.com\/\.extraheader' && git config --local --unset-all 'http.https://github.com/.extraheader' || :"
2026-10-07T01:00:34.0869590Z Removing includeIf entries pointing to credentials config files
2026-10-07T01:00:34.0872120Z [command]/usr/bin/git config --local --name-only --get-regexp ^includeIf\.gitdir:
2026-10-07T01:00:34.0942380Z includeif.gitdir:/Users/markik/actions-runner-wgpu/_work/wgpu-scry/wgpu-scry/.host-hardware-lock/.git.path
2026-10-07T01:00:34.0942820Z includeif.gitdir:/Users/markik/actions-runner-wgpu/_work/wgpu-scry/wgpu-scry/.host-hardware-lock/.git/worktrees/*.path
2026-10-07T01:00:34.0943160Z includeif.gitdir:/github/workspace/.host-hardware-lock/.git.path
2026-10-07T01:00:34.0943420Z includeif.gitdir:/github/workspace/.host-hardware-lock/.git/worktrees/*.path
2026-10-07T01:00:34.0946660Z [command]/usr/bin/git config --local --get-all includeif.gitdir:/Users/markik/actions-runner-wgpu/_work/wgpu-scry/wgpu-scry/.host-hardware-lock/.git.path
2026-10-07T01:00:34.1009410Z /Users/markik/actions-runner-wgpu/_work/_temp/git-credentials-8086d1f2-e67f-4b90-8fc9-e185c87eef74.config
2026-10-07T01:00:34.1014080Z [command]/usr/bin/git config --local --unset includeif.gitdir:/Users/markik/actions-runner-wgpu/_work/wgpu-scry/wgpu-scry/.host-hardware-lock/.git.path \/Users\/markik\/actions\-runner\-wgpu\/_work\/_temp\/git\-credentials\-8086d1f2\-e67f\-4b90\-8fc9\-e185c87eef74\.config
2026-10-07T01:00:34.1083600Z [command]/usr/bin/git config --local --get-all includeif.gitdir:/Users/markik/actions-runner-wgpu/_work/wgpu-scry/wgpu-scry/.host-hardware-lock/.git/worktrees/*.path
2026-10-07T01:00:34.1151540Z /Users/markik/actions-runner-wgpu/_work/_temp/git-credentials-8086d1f2-e67f-4b90-8fc9-e185c87eef74.config
2026-10-07T01:00:34.1155970Z [command]/usr/bin/git config --local --unset includeif.gitdir:/Users/markik/actions-runner-wgpu/_work/wgpu-scry/wgpu-scry/.host-hardware-lock/.git/worktrees/*.path \/Users\/markik\/actions\-runner\-wgpu\/_work\/_temp\/git\-credentials\-8086d1f2\-e67f\-4b90\-8fc9\-e185c87eef74\.config
2026-10-07T01:00:34.1228750Z [command]/usr/bin/git config --local --get-all includeif.gitdir:/github/workspace/.host-hardware-lock/.git.path
2026-10-07T01:00:34.1295200Z /github/runner_temp/git-credentials-8086d1f2-e67f-4b90-8fc9-e185c87eef74.config
2026-10-07T01:00:34.1299670Z [command]/usr/bin/git config --local --unset includeif.gitdir:/github/workspace/.host-hardware-lock/.git.path \/github\/runner_temp\/git\-credentials\-8086d1f2\-e67f\-4b90\-8fc9\-e185c87eef74\.config
2026-10-07T01:00:34.1375360Z [command]/usr/bin/git config --local --get-all includeif.gitdir:/github/workspace/.host-hardware-lock/.git/worktrees/*.path
2026-10-07T01:00:34.1438170Z /github/runner_temp/git-credentials-8086d1f2-e67f-4b90-8fc9-e185c87eef74.config
2026-10-07T01:00:34.1441560Z [command]/usr/bin/git config --local --unset includeif.gitdir:/github/workspace/.host-hardware-lock/.git/worktrees/*.path \/github\/runner_temp\/git\-credentials\-8086d1f2\-e67f\-4b90\-8fc9\-e185c87eef74\.config
2026-10-07T01:00:34.1506980Z [command]/usr/bin/git submodule foreach --recursive git config --local --show-origin --name-only --get-regexp remote.origin.url
2026-10-07T01:00:34.1997960Z Removing credentials config '/Users/markik/actions-runner-wgpu/_work/_temp/git-credentials-8086d1f2-e67f-4b90-8fc9-e185c87eef74.config'
2026-10-07T01:00:34.2061240Z Post job cleanup.
2026-10-07T01:00:34.2668030Z [command]/usr/bin/git version
2026-10-07T01:00:34.2745530Z git version 2.50.1 (Apple Git-155)
2026-10-07T01:00:34.2756820Z Copying '/Users/markik/.gitconfig' to '/Users/markik/actions-runner-wgpu/_work/_temp/6650b931-bc6d-49df-b2cc-6466e25c9c77/.gitconfig'
2026-10-07T01:00:34.2760950Z Temporarily overriding HOME='/Users/markik/actions-runner-wgpu/_work/_temp/6650b931-bc6d-49df-b2cc-6466e25c9c77' before making global git config changes
2026-10-07T01:00:34.2761370Z Adding repository directory to the temporary git global config as a safe directory
2026-10-07T01:00:34.2763240Z [command]/usr/bin/git config --global --add safe.directory /Users/markik/actions-runner-wgpu/_work/wgpu-scry/wgpu-scry
2026-10-07T01:00:34.3253010Z Removing SSH command configuration
2026-10-07T01:00:34.3255660Z [command]/usr/bin/git config --local --name-only --get-regexp core\.sshCommand
2026-10-07T01:00:34.3333180Z [command]/usr/bin/git submodule foreach --recursive sh -c "git config --local --name-only --get-regexp 'core\.sshCommand' && git config --local --unset-all 'core.sshCommand' || :"
2026-10-07T01:00:34.3837610Z Removing HTTP extra header
2026-10-07T01:00:34.3839910Z [command]/usr/bin/git config --local --name-only --get-regexp http\.https\:\/\/github\.com\/\.extraheader
2026-10-07T01:00:34.3916480Z [command]/usr/bin/git submodule foreach --recursive sh -c "git config --local --name-only --get-regexp 'http\.https\:\/\/github\.com\/\.extraheader' && git config --local --unset-all 'http.https://github.com/.extraheader' || :"
2026-10-07T01:00:34.4416190Z Removing includeIf entries pointing to credentials config files
2026-10-07T01:00:34.4418810Z [command]/usr/bin/git config --local --name-only --get-regexp ^includeIf\.gitdir:
2026-10-07T01:00:34.4489970Z includeif.gitdir:/Users/markik/actions-runner-wgpu/_work/wgpu-scry/wgpu-scry/.git.path
2026-10-07T01:00:34.4490360Z includeif.gitdir:/Users/markik/actions-runner-wgpu/_work/wgpu-scry/wgpu-scry/.git/worktrees/*.path
2026-10-07T01:00:34.4490650Z includeif.gitdir:/github/workspace/.git.path
2026-10-07T01:00:34.4490840Z includeif.gitdir:/github/workspace/.git/worktrees/*.path
2026-10-07T01:00:34.4494220Z [command]/usr/bin/git config --local --get-all includeif.gitdir:/Users/markik/actions-runner-wgpu/_work/wgpu-scry/wgpu-scry/.git.path
2026-10-07T01:00:34.4554970Z /Users/markik/actions-runner-wgpu/_work/_temp/git-credentials-fb8d5fa6-fcfa-4592-8e8f-ad1af7a0467e.config
2026-10-07T01:00:34.4559290Z [command]/usr/bin/git config --local --unset includeif.gitdir:/Users/markik/actions-runner-wgpu/_work/wgpu-scry/wgpu-scry/.git.path \/Users\/markik\/actions\-runner\-wgpu\/_work\/_temp\/git\-credentials\-fb8d5fa6\-fcfa\-4592\-8e8f\-ad1af7a0467e\.config
2026-10-07T01:00:34.4623570Z [command]/usr/bin/git config --local --get-all includeif.gitdir:/Users/markik/actions-runner-wgpu/_work/wgpu-scry/wgpu-scry/.git/worktrees/*.path
2026-10-07T01:00:34.4680560Z /Users/markik/actions-runner-wgpu/_work/_temp/git-credentials-fb8d5fa6-fcfa-4592-8e8f-ad1af7a0467e.config
2026-10-07T01:00:34.4684800Z [command]/usr/bin/git config --local --unset includeif.gitdir:/Users/markik/actions-runner-wgpu/_work/wgpu-scry/wgpu-scry/.git/worktrees/*.path \/Users\/markik\/actions\-runner\-wgpu\/_work\/_temp\/git\-credentials\-fb8d5fa6\-fcfa\-4592\-8e8f\-ad1af7a0467e\.config
2026-10-07T01:00:34.4748320Z [command]/usr/bin/git config --local --get-all includeif.gitdir:/github/workspace/.git.path
2026-10-07T01:00:34.4805520Z /github/runner_temp/git-credentials-fb8d5fa6-fcfa-4592-8e8f-ad1af7a0467e.config
2026-10-07T01:00:34.4809240Z [command]/usr/bin/git config --local --unset includeif.gitdir:/github/workspace/.git.path \/github\/runner_temp\/git\-credentials\-fb8d5fa6\-fcfa\-4592\-8e8f\-ad1af7a0467e\.config
2026-10-07T01:00:34.4880610Z [command]/usr/bin/git config --local --get-all includeif.gitdir:/github/workspace/.git/worktrees/*.path
2026-10-07T01:00:34.4940030Z /github/runner_temp/git-credentials-fb8d5fa6-fcfa-4592-8e8f-ad1af7a0467e.config
2026-10-07T01:00:34.4943990Z [command]/usr/bin/git config --local --unset includeif.gitdir:/github/workspace/.git/worktrees/*.path \/github\/runner_temp\/git\-credentials\-fb8d5fa6\-fcfa\-4592\-8e8f\-ad1af7a0467e\.config
2026-10-07T01:00:34.5008580Z [command]/usr/bin/git submodule foreach --recursive git config --local --show-origin --name-only --get-regexp remote.origin.url
2026-10-07T01:00:34.5506800Z Removing credentials config '/Users/markik/actions-runner-wgpu/_work/_temp/git-credentials-fb8d5fa6-fcfa-4592-8e8f-ad1af7a0467e.config'
2026-10-07T01:00:34.5566140Z Cleaning up orphan processes
