2026-10-07T00:51:12.8268100Z Current runner version: '2.337.0'
2026-10-07T00:51:12.8270470Z Runner name: 'wgpu-imac-m4'
2026-10-07T00:51:12.8270790Z Runner group name: 'wgpu-hardware'
2026-10-07T00:51:12.8271200Z Machine name: 'Mayolas-iMac'
2026-10-07T00:51:12.8272380Z ##[group]GITHUB_TOKEN Permissions
2026-10-07T00:51:12.8273060Z Contents: read
2026-10-07T00:51:12.8273290Z Metadata: read
2026-10-07T00:51:12.8273530Z ##[endgroup]
2026-10-07T00:51:12.8274280Z Secret source: Actions
2026-10-07T00:51:12.8274650Z Cache mode: write
2026-10-07T00:51:12.8274930Z Prepare workflow directory
2026-10-07T00:51:12.8563420Z Prepare all required actions
2026-10-07T00:51:12.8586060Z Getting action download info
2026-10-07T00:51:13.1438880Z Download action repository 'actions/checkout@v7' (SHA:3d3c42e5aac5ba805825da76410c181273ba90b1)
2026-10-07T00:51:13.6413050Z Download action repository 'dtolnay/rust-toolchain@1.97.1' (SHA:9ca9f0b320e19763058bc9531663c225d20db487)
2026-10-07T00:51:13.9645340Z Complete job name: Apple M4 WKWebView and ScreenCaptureKit battery
2026-10-07T00:51:13.9935530Z ##[group]Run actions/checkout@v7
2026-10-07T00:51:13.9935850Z with:
2026-10-07T00:51:13.9936070Z   repository: merely-made/wgpu-scry
2026-10-07T00:51:13.9937840Z   token: ***
2026-10-07T00:51:13.9938050Z   ssh-strict: true
2026-10-07T00:51:13.9938270Z   ssh-user: git
2026-10-07T00:51:13.9938480Z   persist-credentials: true
2026-10-07T00:51:13.9938710Z   clean: true
2026-10-07T00:51:13.9938920Z   sparse-checkout-cone-mode: true
2026-10-07T00:51:13.9939170Z   fetch-depth: 1
2026-10-07T00:51:13.9939380Z   fetch-tags: false
2026-10-07T00:51:13.9939590Z   show-progress: true
2026-10-07T00:51:13.9939800Z   lfs: false
2026-10-07T00:51:13.9940010Z   submodules: false
2026-10-07T00:51:13.9940230Z   set-safe-directory: true
2026-10-07T00:51:13.9940470Z   allow-unsafe-pr-checkout: false
2026-10-07T00:51:13.9940770Z env:
2026-10-07T00:51:13.9940980Z   CARGO_NET_GIT_FETCH_WITH_CLI: true
2026-10-07T00:51:13.9941230Z   RUSTFLAGS: -D warnings
2026-10-07T00:51:13.9941520Z   CARGO_TARGET_DIR: /Users/markik/Code/targets/wgpu-scry-hardware
2026-10-07T00:51:13.9941840Z   CAPTURE: 1
2026-10-07T00:51:13.9942040Z   TIMEOUT: 90
2026-10-07T00:51:13.9942240Z   VISIBLE: 1
2026-10-07T00:51:13.9942430Z ##[endgroup]
2026-10-07T00:51:14.1552540Z Syncing repository: merely-made/wgpu-scry
2026-10-07T00:51:14.1553400Z ##[group]Getting Git version info
2026-10-07T00:51:14.1553840Z Working directory is '/Users/markik/actions-runner-wgpu/_work/wgpu-scry/wgpu-scry'
2026-10-07T00:51:14.1554440Z [command]/usr/bin/git version
2026-10-07T00:51:14.1654060Z git version 2.50.1 (Apple Git-155)
2026-10-07T00:51:14.1661690Z ##[endgroup]
2026-10-07T00:51:14.1664560Z Copying '/Users/markik/.gitconfig' to '/Users/markik/actions-runner-wgpu/_work/_temp/dbfa7e29-4a8f-4a2d-85bb-316e897a3a9f/.gitconfig'
2026-10-07T00:51:14.1670610Z Temporarily overriding HOME='/Users/markik/actions-runner-wgpu/_work/_temp/dbfa7e29-4a8f-4a2d-85bb-316e897a3a9f' before making global git config changes
2026-10-07T00:51:14.1671470Z Adding repository directory to the temporary git global config as a safe directory
2026-10-07T00:51:14.1672280Z [command]/usr/bin/git config --global --add safe.directory /Users/markik/actions-runner-wgpu/_work/wgpu-scry/wgpu-scry
2026-10-07T00:51:14.3169230Z [command]/usr/bin/git config --local --get remote.origin.url
2026-10-07T00:51:14.3236510Z https://github.com/merely-made/wgpu-scry
2026-10-07T00:51:14.3244250Z ##[group]Removing previously created refs, to avoid conflicts
2026-10-07T00:51:14.3245790Z [command]/usr/bin/git rev-parse --symbolic-full-name --verify --quiet HEAD
2026-10-07T00:51:14.3314100Z refs/heads/main
2026-10-07T00:51:14.3318440Z [command]/usr/bin/git checkout --detach
2026-10-07T00:51:14.3467430Z HEAD is now at f952abc Preserve pending ScreenCaptureKit images across status callbacks
2026-10-07T00:51:14.3545730Z [command]/usr/bin/git branch --delete --force main
2026-10-07T00:51:14.3617380Z Deleted branch main (was f952abc).
2026-10-07T00:51:14.3690440Z ##[endgroup]
2026-10-07T00:51:14.3691080Z [command]/usr/bin/git submodule status
2026-10-07T00:51:14.4230190Z ##[group]Cleaning the repository
2026-10-07T00:51:14.4230900Z [command]/usr/bin/git clean -ffdx
2026-10-07T00:51:14.4354100Z Removing .host-hardware-lock/
2026-10-07T00:51:14.4358270Z [command]/usr/bin/git reset --hard HEAD
2026-10-07T00:51:14.4496270Z HEAD is now at f952abc Preserve pending ScreenCaptureKit images across status callbacks
2026-10-07T00:51:14.4498760Z ##[endgroup]
2026-10-07T00:51:14.4499340Z ##[group]Disabling automatic garbage collection
2026-10-07T00:51:14.4500870Z [command]/usr/bin/git config --local gc.auto 0
2026-10-07T00:51:14.4566610Z ##[endgroup]
2026-10-07T00:51:14.4567160Z ##[group]Setting up auth
2026-10-07T00:51:14.4567570Z Removing SSH command configuration
2026-10-07T00:51:14.4572090Z [command]/usr/bin/git config --local --name-only --get-regexp core\.sshCommand
2026-10-07T00:51:14.4642110Z [command]/usr/bin/git submodule foreach --recursive sh -c "git config --local --name-only --get-regexp 'core\.sshCommand' && git config --local --unset-all 'core.sshCommand' || :"
2026-10-07T00:51:14.5148290Z Removing HTTP extra header
2026-10-07T00:51:14.5150030Z [command]/usr/bin/git config --local --name-only --get-regexp http\.https\:\/\/github\.com\/\.extraheader
2026-10-07T00:51:14.5220430Z [command]/usr/bin/git submodule foreach --recursive sh -c "git config --local --name-only --get-regexp 'http\.https\:\/\/github\.com\/\.extraheader' && git config --local --unset-all 'http.https://github.com/.extraheader' || :"
2026-10-07T00:51:14.5772250Z Removing includeIf entries pointing to credentials config files
2026-10-07T00:51:14.5773560Z [command]/usr/bin/git config --local --name-only --get-regexp ^includeIf\.gitdir:
2026-10-07T00:51:14.5842160Z [command]/usr/bin/git submodule foreach --recursive git config --local --show-origin --name-only --get-regexp remote.origin.url
2026-10-07T00:51:14.6437530Z [command]/usr/bin/git config --file /Users/markik/actions-runner-wgpu/_work/_temp/git-credentials-570c4334-b923-446c-bac5-df87f1c7eb04.config http.https://github.com/.extraheader AUTHORIZATION: basic ***
2026-10-07T00:51:14.6516320Z [command]/usr/bin/git config --local includeIf.gitdir:/Users/markik/actions-runner-wgpu/_work/wgpu-scry/wgpu-scry/.git.path /Users/markik/actions-runner-wgpu/_work/_temp/git-credentials-570c4334-b923-446c-bac5-df87f1c7eb04.config
2026-10-07T00:51:14.6585140Z [command]/usr/bin/git config --local includeIf.gitdir:/Users/markik/actions-runner-wgpu/_work/wgpu-scry/wgpu-scry/.git/worktrees/*.path /Users/markik/actions-runner-wgpu/_work/_temp/git-credentials-570c4334-b923-446c-bac5-df87f1c7eb04.config
2026-10-07T00:51:14.6649800Z [command]/usr/bin/git config --local includeIf.gitdir:/github/workspace/.git.path /github/runner_temp/git-credentials-570c4334-b923-446c-bac5-df87f1c7eb04.config
2026-10-07T00:51:14.6737900Z [command]/usr/bin/git config --local includeIf.gitdir:/github/workspace/.git/worktrees/*.path /github/runner_temp/git-credentials-570c4334-b923-446c-bac5-df87f1c7eb04.config
2026-10-07T00:51:14.6819680Z ##[endgroup]
2026-10-07T00:51:14.6820640Z ##[group]Fetching the repository
2026-10-07T00:51:14.6822410Z [command]/usr/bin/git -c protocol.version=2 fetch --no-tags --prune --no-recurse-submodules --depth=1 origin +550b9fb86c272f6ad9949734023288dd0eb1b90b:refs/remotes/origin/main
2026-10-07T00:51:15.0965740Z From https://github.com/merely-made/wgpu-scry
2026-10-07T00:51:15.0966330Z  + f952abc...550b9fb 550b9fb86c272f6ad9949734023288dd0eb1b90b -> origin/main  (forced update)
2026-10-07T00:51:15.1012360Z [command]/usr/bin/git branch --list --remote origin/main
2026-10-07T00:51:15.1088220Z   origin/main
2026-10-07T00:51:15.1092780Z [command]/usr/bin/git rev-parse refs/remotes/origin/main
2026-10-07T00:51:15.1163490Z 550b9fb86c272f6ad9949734023288dd0eb1b90b
2026-10-07T00:51:15.1165860Z ##[endgroup]
2026-10-07T00:51:15.1166120Z ##[group]Determining the checkout info
2026-10-07T00:51:15.1166450Z ##[endgroup]
2026-10-07T00:51:15.1168230Z [command]/usr/bin/git sparse-checkout disable
2026-10-07T00:51:15.1255910Z [command]/usr/bin/git config --local --unset-all extensions.worktreeConfig
2026-10-07T00:51:15.1324250Z ##[group]Checking out the ref
2026-10-07T00:51:15.1325660Z [command]/usr/bin/git checkout --progress --force -B main refs/remotes/origin/main
2026-10-07T00:51:15.1439610Z Warning: you are leaving 1 commit behind, not connected to
2026-10-07T00:51:15.1439900Z any of your branches:
2026-10-07T00:51:15.1440060Z 
2026-10-07T00:51:15.1440210Z   f952abc Preserve pending ScreenCaptureKit images across status callbacks
2026-10-07T00:51:15.1440390Z 
2026-10-07T00:51:15.1440530Z If you want to keep it by creating a new branch, this may be a good time
2026-10-07T00:51:15.1440780Z to do so with:
2026-10-07T00:51:15.1440880Z 
2026-10-07T00:51:15.1440980Z  git branch <new-branch-name> f952abc
2026-10-07T00:51:15.1441110Z 
2026-10-07T00:51:15.1459440Z Switched to a new branch 'main'
2026-10-07T00:51:15.1462500Z branch 'main' set up to track 'origin/main'.
2026-10-07T00:51:15.1465390Z ##[endgroup]
2026-10-07T00:51:15.1553570Z [command]/usr/bin/git log -1 --format=%H
2026-10-07T00:51:15.1631090Z 550b9fb86c272f6ad9949734023288dd0eb1b90b
2026-10-07T00:51:15.1768860Z ##[group]Run actions/checkout@v7
2026-10-07T00:51:15.1769010Z with:
2026-10-07T00:51:15.1769130Z   repository: merely-made/wgpu-graft
2026-10-07T00:51:15.1769280Z   ref: 781aa6aad3f63b83ad48b192a6a5d078be1d71b8
2026-10-07T00:51:15.1769430Z   path: .host-hardware-lock
2026-10-07T00:51:15.1769650Z   sparse-checkout: .github/actions/host-hardware-lock
2026-10-07T00:51:15.1769840Z   sparse-checkout-cone-mode: false
2026-10-07T00:51:15.1771180Z   token: ***
2026-10-07T00:51:15.1771310Z   ssh-strict: true
2026-10-07T00:51:15.1771440Z   ssh-user: git
2026-10-07T00:51:15.1771550Z   persist-credentials: true
2026-10-07T00:51:15.1771700Z   clean: true
2026-10-07T00:51:15.1771850Z   fetch-depth: 1
2026-10-07T00:51:15.1771990Z   fetch-tags: false
2026-10-07T00:51:15.1772150Z   show-progress: true
2026-10-07T00:51:15.1772280Z   lfs: false
2026-10-07T00:51:15.1772380Z   submodules: false
2026-10-07T00:51:15.1772500Z   set-safe-directory: true
2026-10-07T00:51:15.1772650Z   allow-unsafe-pr-checkout: false
2026-10-07T00:51:15.1772780Z env:
2026-10-07T00:51:15.1772880Z   CARGO_NET_GIT_FETCH_WITH_CLI: true
2026-10-07T00:51:15.1773010Z   RUSTFLAGS: -D warnings
2026-10-07T00:51:15.1773160Z   CARGO_TARGET_DIR: /Users/markik/Code/targets/wgpu-scry-hardware
2026-10-07T00:51:15.1773330Z   CAPTURE: 1
2026-10-07T00:51:15.1773420Z   TIMEOUT: 90
2026-10-07T00:51:15.1773520Z   VISIBLE: 1
2026-10-07T00:51:15.1773610Z ##[endgroup]
2026-10-07T00:51:15.2494170Z Syncing repository: merely-made/wgpu-graft
2026-10-07T00:51:15.2495550Z ##[group]Getting Git version info
2026-10-07T00:51:15.2495870Z Working directory is '/Users/markik/actions-runner-wgpu/_work/wgpu-scry/wgpu-scry/.host-hardware-lock'
2026-10-07T00:51:15.2504350Z [command]/usr/bin/git version
2026-10-07T00:51:15.2584880Z git version 2.50.1 (Apple Git-155)
2026-10-07T00:51:15.2591690Z ##[endgroup]
2026-10-07T00:51:15.2596370Z Copying '/Users/markik/.gitconfig' to '/Users/markik/actions-runner-wgpu/_work/_temp/3925d3c7-2270-4ca7-838c-1b6905cb8784/.gitconfig'
2026-10-07T00:51:15.2600410Z Temporarily overriding HOME='/Users/markik/actions-runner-wgpu/_work/_temp/3925d3c7-2270-4ca7-838c-1b6905cb8784' before making global git config changes
2026-10-07T00:51:15.2600930Z Adding repository directory to the temporary git global config as a safe directory
2026-10-07T00:51:15.2602260Z [command]/usr/bin/git config --global --add safe.directory /Users/markik/actions-runner-wgpu/_work/wgpu-scry/wgpu-scry/.host-hardware-lock
2026-10-07T00:51:15.3062900Z ##[group]Determining repository object format
2026-10-07T00:51:15.3063550Z ##[endgroup]
2026-10-07T00:51:15.3063800Z ##[group]Initializing the repository
2026-10-07T00:51:15.3065530Z [command]/usr/bin/git init /Users/markik/actions-runner-wgpu/_work/wgpu-scry/wgpu-scry/.host-hardware-lock
2026-10-07T00:51:15.3178210Z Initialized empty Git repository in /Users/markik/actions-runner-wgpu/_work/wgpu-scry/wgpu-scry/.host-hardware-lock/.git/
2026-10-07T00:51:15.3183000Z [command]/usr/bin/git remote add origin https://github.com/merely-made/wgpu-graft
2026-10-07T00:51:15.3257920Z ##[endgroup]
2026-10-07T00:51:15.3258190Z ##[group]Disabling automatic garbage collection
2026-10-07T00:51:15.3259070Z [command]/usr/bin/git config --local gc.auto 0
2026-10-07T00:51:15.3329910Z ##[endgroup]
2026-10-07T00:51:15.3330170Z ##[group]Setting up auth
2026-10-07T00:51:15.3330380Z Removing SSH command configuration
2026-10-07T00:51:15.3332180Z [command]/usr/bin/git config --local --name-only --get-regexp core\.sshCommand
2026-10-07T00:51:15.3399610Z [command]/usr/bin/git submodule foreach --recursive sh -c "git config --local --name-only --get-regexp 'core\.sshCommand' && git config --local --unset-all 'core.sshCommand' || :"
2026-10-07T00:51:15.3907760Z Removing HTTP extra header
2026-10-07T00:51:15.3909870Z [command]/usr/bin/git config --local --name-only --get-regexp http\.https\:\/\/github\.com\/\.extraheader
2026-10-07T00:51:15.3981780Z [command]/usr/bin/git submodule foreach --recursive sh -c "git config --local --name-only --get-regexp 'http\.https\:\/\/github\.com\/\.extraheader' && git config --local --unset-all 'http.https://github.com/.extraheader' || :"
2026-10-07T00:51:15.4490420Z Removing includeIf entries pointing to credentials config files
2026-10-07T00:51:15.4492700Z [command]/usr/bin/git config --local --name-only --get-regexp ^includeIf\.gitdir:
2026-10-07T00:51:15.4568110Z [command]/usr/bin/git submodule foreach --recursive git config --local --show-origin --name-only --get-regexp remote.origin.url
2026-10-07T00:51:15.5085650Z [command]/usr/bin/git config --file /Users/markik/actions-runner-wgpu/_work/_temp/git-credentials-647c66c5-7252-4a37-9b96-45b13f5b2511.config http.https://github.com/.extraheader AUTHORIZATION: basic ***
2026-10-07T00:51:15.5180870Z [command]/usr/bin/git config --local includeIf.gitdir:/Users/markik/actions-runner-wgpu/_work/wgpu-scry/wgpu-scry/.host-hardware-lock/.git.path /Users/markik/actions-runner-wgpu/_work/_temp/git-credentials-647c66c5-7252-4a37-9b96-45b13f5b2511.config
2026-10-07T00:51:15.5252110Z [command]/usr/bin/git config --local includeIf.gitdir:/Users/markik/actions-runner-wgpu/_work/wgpu-scry/wgpu-scry/.host-hardware-lock/.git/worktrees/*.path /Users/markik/actions-runner-wgpu/_work/_temp/git-credentials-647c66c5-7252-4a37-9b96-45b13f5b2511.config
2026-10-07T00:51:15.5316890Z [command]/usr/bin/git config --local includeIf.gitdir:/github/workspace/.host-hardware-lock/.git.path /github/runner_temp/git-credentials-647c66c5-7252-4a37-9b96-45b13f5b2511.config
2026-10-07T00:51:15.5386470Z [command]/usr/bin/git config --local includeIf.gitdir:/github/workspace/.host-hardware-lock/.git/worktrees/*.path /github/runner_temp/git-credentials-647c66c5-7252-4a37-9b96-45b13f5b2511.config
2026-10-07T00:51:15.5458610Z ##[endgroup]
2026-10-07T00:51:15.5459150Z ##[group]Fetching the repository
2026-10-07T00:51:15.5460810Z [command]/usr/bin/git -c protocol.version=2 fetch --no-tags --prune --no-recurse-submodules --filter=blob:none --depth=1 origin 781aa6aad3f63b83ad48b192a6a5d078be1d71b8
2026-10-07T00:51:15.8655280Z From https://github.com/merely-made/wgpu-graft
2026-10-07T00:51:15.8656090Z  * branch            781aa6aad3f63b83ad48b192a6a5d078be1d71b8 -> FETCH_HEAD
2026-10-07T00:51:15.8778920Z [command]/usr/bin/git rev-parse --verify --quiet 781aa6aad3f63b83ad48b192a6a5d078be1d71b8^{object}
2026-10-07T00:51:15.8929850Z 781aa6aad3f63b83ad48b192a6a5d078be1d71b8
2026-10-07T00:51:15.8933220Z ##[endgroup]
2026-10-07T00:51:15.8933580Z ##[group]Determining the checkout info
2026-10-07T00:51:15.8933940Z ##[endgroup]
2026-10-07T00:51:15.8934250Z ##[group]Setting up sparse checkout
2026-10-07T00:51:15.8936410Z [command]/usr/bin/git config core.sparseCheckout true
2026-10-07T00:51:15.9033080Z [command]/usr/bin/git rev-parse --git-path info/sparse-checkout
2026-10-07T00:51:15.9107270Z .git/info/sparse-checkout
2026-10-07T00:51:15.9112100Z ##[endgroup]
2026-10-07T00:51:15.9112360Z ##[group]Checking out the ref
2026-10-07T00:51:15.9113800Z [command]/usr/bin/git checkout --progress --force 781aa6aad3f63b83ad48b192a6a5d078be1d71b8
2026-10-07T00:51:16.5640560Z Note: switching to '781aa6aad3f63b83ad48b192a6a5d078be1d71b8'.
2026-10-07T00:51:16.5640770Z 
2026-10-07T00:51:16.5640900Z You are in 'detached HEAD' state. You can look around, make experimental
2026-10-07T00:51:16.5641240Z changes and commit them, and you can discard any commits you make in this
2026-10-07T00:51:16.5641540Z state without impacting any branches by switching back to a branch.
2026-10-07T00:51:16.5641710Z 
2026-10-07T00:51:16.5641840Z If you want to create a new branch to retain commits you create, you may
2026-10-07T00:51:16.5642150Z do so (now or later) by using -c with the switch command. Example:
2026-10-07T00:51:16.5642330Z 
2026-10-07T00:51:16.5642410Z   git switch -c <new-branch-name>
2026-10-07T00:51:16.5642520Z 
2026-10-07T00:51:16.5642570Z Or undo this operation with:
2026-10-07T00:51:16.5642680Z 
2026-10-07T00:51:16.5642730Z   git switch -
2026-10-07T00:51:16.5642850Z 
2026-10-07T00:51:16.5643300Z Turn off this advice by setting config variable advice.detachedHead to false
2026-10-07T00:51:16.5643510Z 
2026-10-07T00:51:16.5643600Z HEAD is now at 781aa6a Document-node24-host-lock
2026-10-07T00:51:16.5646960Z ##[endgroup]
2026-10-07T00:51:16.5743900Z [command]/usr/bin/git log -1 --format=%H
2026-10-07T00:51:16.5814490Z 781aa6aad3f63b83ad48b192a6a5d078be1d71b8
2026-10-07T00:51:16.5874700Z ##[group]Run ./.host-hardware-lock/.github/actions/host-hardware-lock
2026-10-07T00:51:16.5874900Z with:
2026-10-07T00:51:16.5875010Z   timeout_seconds: 7200
2026-10-07T00:51:16.5875120Z   stale_seconds: 14400
2026-10-07T00:51:16.5875230Z   poll_seconds: 5
2026-10-07T00:51:16.5875340Z env:
2026-10-07T00:51:16.5875440Z   CARGO_NET_GIT_FETCH_WITH_CLI: true
2026-10-07T00:51:16.5875580Z   RUSTFLAGS: -D warnings
2026-10-07T00:51:16.5875730Z   CARGO_TARGET_DIR: /Users/markik/Code/targets/wgpu-scry-hardware
2026-10-07T00:51:16.5875910Z   CAPTURE: 1
2026-10-07T00:51:16.5876000Z   TIMEOUT: 90
2026-10-07T00:51:16.5876110Z   VISIBLE: 1
2026-10-07T00:51:16.5876220Z ##[endgroup]
2026-10-07T00:51:16.6262280Z Acquired host hardware lock at /var/folders/96/dck6q6xj3490x43zr8fb8pbm0000gp/T/merely-wgpu-hardware-lock/host.lock
2026-10-07T00:51:16.6355160Z ##[group]Run dtolnay/rust-toolchain@1.97.1
2026-10-07T00:51:16.6355300Z with:
2026-10-07T00:51:16.6355390Z env:
2026-10-07T00:51:16.6355480Z   CARGO_NET_GIT_FETCH_WITH_CLI: true
2026-10-07T00:51:16.6355610Z   RUSTFLAGS: -D warnings
2026-10-07T00:51:16.6355760Z   CARGO_TARGET_DIR: /Users/markik/Code/targets/wgpu-scry-hardware
2026-10-07T00:51:16.6355920Z   CAPTURE: 1
2026-10-07T00:51:16.6355990Z   TIMEOUT: 90
2026-10-07T00:51:16.6356090Z   VISIBLE: 1
2026-10-07T00:51:16.6356190Z ##[endgroup]
2026-10-07T00:51:16.6388340Z ##[start-action display=Parse toolchain version;id=__dtolnay_rust-toolchain.parse]
2026-10-07T00:51:16.6412910Z ##[group]Run if [[ -z $toolchain ]]; then
2026-10-07T00:51:16.6413100Z [36;1mif [[ -z $toolchain ]]; then[0m
2026-10-07T00:51:16.6413370Z [36;1m  # GitHub does not enforce `required: true` inputs itself. https://github.com/actions/runner/issues/1070[0m
2026-10-07T00:51:16.6413620Z [36;1m  echo "'toolchain' is a required input" >&2[0m
2026-10-07T00:51:16.6413830Z [36;1m  exit 1[0m
2026-10-07T00:51:16.6413990Z [36;1melif [[ $toolchain =~ ^stable' '[0-9]+' '(year|month|week|day)s?' 'ago$ ]]; then[0m
2026-10-07T00:51:16.6414190Z [36;1m  if [[ macOS == macOS ]]; then[0m
2026-10-07T00:51:16.6414440Z [36;1m    echo "toolchain=1.$((($(date -v-$(sed 's/stable \([0-9]*\) \(.\).*/\1\2/' <<< $toolchain) +%s)/60/60/24-16569)/7/6))" >> $GITHUB_OUTPUT[0m
2026-10-07T00:51:16.6414690Z [36;1m  else[0m
2026-10-07T00:51:16.6414880Z [36;1m    echo "toolchain=1.$((($(date --date "${toolchain#stable }" +%s)/60/60/24-16569)/7/6))" >> $GITHUB_OUTPUT[0m
2026-10-07T00:51:16.6415100Z [36;1m  fi[0m
2026-10-07T00:51:16.6415240Z [36;1melif [[ $toolchain =~ ^stable' 'minus' '[0-9]+' 'releases?$ ]]; then[0m
2026-10-07T00:51:16.6415510Z [36;1m  echo "toolchain=1.$((($(date +%s)/60/60/24-16569)/7/6-${toolchain//[^0-9]/}))" >> $GITHUB_OUTPUT[0m
2026-10-07T00:51:16.6415880Z [36;1melif [[ $toolchain =~ ^1\.[0-9]+$ ]]; then[0m
2026-10-07T00:51:16.6416130Z [36;1m  echo "toolchain=1.$((i=${toolchain#1.}, c=($(date +%s)/60/60/24-16569)/7/6, i+9*i*(10*i<=c)+90*i*(100*i<=c)))" >> $GITHUB_OUTPUT[0m
2026-10-07T00:51:16.6416370Z [36;1melse[0m
2026-10-07T00:51:16.6416490Z [36;1m  echo "toolchain=$toolchain" >> $GITHUB_OUTPUT[0m
2026-10-07T00:51:16.6416630Z [36;1mfi[0m
2026-10-07T00:51:16.6425170Z shell: /bin/bash --noprofile --norc -e -o pipefail {0}
2026-10-07T00:51:16.6425320Z env:
2026-10-07T00:51:16.6425420Z   CARGO_NET_GIT_FETCH_WITH_CLI: true
2026-10-07T00:51:16.6425600Z   RUSTFLAGS: -D warnings
2026-10-07T00:51:16.6425750Z   CARGO_TARGET_DIR: /Users/markik/Code/targets/wgpu-scry-hardware
2026-10-07T00:51:16.6425900Z   CAPTURE: 1
2026-10-07T00:51:16.6425990Z   TIMEOUT: 90
2026-10-07T00:51:16.6426070Z   VISIBLE: 1
2026-10-07T00:51:16.6426140Z   toolchain: 1.97.1
2026-10-07T00:51:16.6426250Z ##[endgroup]
2026-10-07T00:51:16.6666850Z ##[end-action id=__dtolnay_rust-toolchain.parse;outcome=success;conclusion=success;duration_ms=27]
2026-10-07T00:51:16.6672660Z ##[start-action display=Construct rustup command line;id=__dtolnay_rust-toolchain.flags]
2026-10-07T00:51:16.6687770Z ##[group]Run echo "targets=$(for t in ${targets//,/ }; do echo -n ' --target' $t; done)" >> $GITHUB_OUTPUT
2026-10-07T00:51:16.6688090Z [36;1mecho "targets=$(for t in ${targets//,/ }; do echo -n ' --target' $t; done)" >> $GITHUB_OUTPUT[0m
2026-10-07T00:51:16.6688390Z [36;1mecho "components=$(for c in ${components//,/ }; do echo -n ' --component' $c; done)" >> $GITHUB_OUTPUT[0m
2026-10-07T00:51:16.6688640Z [36;1mecho "downgrade=" >> $GITHUB_OUTPUT[0m
2026-10-07T00:51:16.6695370Z shell: /bin/bash --noprofile --norc -e -o pipefail {0}
2026-10-07T00:51:16.6695530Z env:
2026-10-07T00:51:16.6695630Z   CARGO_NET_GIT_FETCH_WITH_CLI: true
2026-10-07T00:51:16.6695760Z   RUSTFLAGS: -D warnings
2026-10-07T00:51:16.6695930Z   CARGO_TARGET_DIR: /Users/markik/Code/targets/wgpu-scry-hardware
2026-10-07T00:51:16.6696100Z   CAPTURE: 1
2026-10-07T00:51:16.6696190Z   TIMEOUT: 90
2026-10-07T00:51:16.6696280Z   VISIBLE: 1
2026-10-07T00:51:16.6696630Z   targets: 
2026-10-07T00:51:16.6696730Z   components: 
2026-10-07T00:51:16.6696850Z ##[endgroup]
2026-10-07T00:51:16.6910520Z ##[end-action id=__dtolnay_rust-toolchain.flags;outcome=success;conclusion=success;duration_ms=23]
2026-10-07T00:51:16.6911870Z ##[start-action display=Set $CARGO_HOME;id=__dtolnay_rust-toolchain.__run]
2026-10-07T00:51:16.6932000Z ##[group]Run echo CARGO_HOME=${CARGO_HOME:-"$HOME/.cargo"} >> $GITHUB_ENV
2026-10-07T00:51:16.6932220Z [36;1mecho CARGO_HOME=${CARGO_HOME:-"$HOME/.cargo"} >> $GITHUB_ENV[0m
2026-10-07T00:51:16.6939220Z shell: /bin/bash --noprofile --norc -e -o pipefail {0}
2026-10-07T00:51:16.6939370Z env:
2026-10-07T00:51:16.6939470Z   CARGO_NET_GIT_FETCH_WITH_CLI: true
2026-10-07T00:51:16.6939600Z   RUSTFLAGS: -D warnings
2026-10-07T00:51:16.6939780Z   CARGO_TARGET_DIR: /Users/markik/Code/targets/wgpu-scry-hardware
2026-10-07T00:51:16.6939960Z   CAPTURE: 1
2026-10-07T00:51:16.6940050Z   TIMEOUT: 90
2026-10-07T00:51:16.6940130Z   VISIBLE: 1
2026-10-07T00:51:16.6940210Z ##[endgroup]
2026-10-07T00:51:16.7142580Z ##[end-action id=__dtolnay_rust-toolchain.__run;outcome=success;conclusion=success;duration_ms=23]
2026-10-07T00:51:16.7143820Z ##[start-action display=Install rustup if needed;id=__dtolnay_rust-toolchain.__run_2]
2026-10-07T00:51:16.7157060Z ##[group]Run if ! command -v rustup &>/dev/null; then
2026-10-07T00:51:16.7157250Z [36;1mif ! command -v rustup &>/dev/null; then[0m
2026-10-07T00:51:16.7157630Z [36;1m  curl --proto '=https' --tlsv1.2 --retry 10 --retry-connrefused --location --silent --show-error --fail https://sh.rustup.rs | sh -s -- --default-toolchain none -y[0m
2026-10-07T00:51:16.7157990Z [36;1m  echo "$CARGO_HOME/bin" >> $GITHUB_PATH[0m
2026-10-07T00:51:16.7158120Z [36;1mfi[0m
2026-10-07T00:51:16.7164440Z shell: /bin/bash --noprofile --norc -e -o pipefail {0}
2026-10-07T00:51:16.7164590Z env:
2026-10-07T00:51:16.7164690Z   CARGO_NET_GIT_FETCH_WITH_CLI: true
2026-10-07T00:51:16.7164820Z   RUSTFLAGS: -D warnings
2026-10-07T00:51:16.7164980Z   CARGO_TARGET_DIR: /Users/markik/Code/targets/wgpu-scry-hardware
2026-10-07T00:51:16.7165130Z   CAPTURE: 1
2026-10-07T00:51:16.7165220Z   TIMEOUT: 90
2026-10-07T00:51:16.7165300Z   VISIBLE: 1
2026-10-07T00:51:16.7165400Z   CARGO_HOME: /Users/markik/.cargo
2026-10-07T00:51:16.7165520Z ##[endgroup]
2026-10-07T00:51:16.9038580Z info: downloading installer
2026-10-07T00:51:17.9363540Z warn: it looks like you have an existing rustup settings file at:
2026-10-07T00:51:17.9364270Z warn: /Users/markik/.rustup/settings.toml
2026-10-07T00:51:17.9365050Z warn: rustup will install the default toolchain as specified in the settings file,
2026-10-07T00:51:17.9365950Z warn: instead of the one inferred from the default host tuple.
2026-10-07T00:51:17.9561540Z info: profile set to default
2026-10-07T00:51:17.9561910Z 
2026-10-07T00:51:17.9562100Z info: default host tuple is aarch64-apple-darwin
2026-10-07T00:51:17.9562530Z info: skipping toolchain installation
2026-10-07T00:51:17.9564180Z 
2026-10-07T00:51:17.9564570Z Rust is installed now. Great!
2026-10-07T00:51:17.9564820Z 
2026-10-07T00:51:17.9565020Z To get started you may need to restart your current shell.
2026-10-07T00:51:17.9565560Z This would reload your PATH environment variable to include
2026-10-07T00:51:17.9566050Z Cargo's bin directory ($HOME/.cargo/bin).
2026-10-07T00:51:17.9566320Z 
2026-10-07T00:51:17.9566530Z To configure your current shell, you need to source the
2026-10-07T00:51:17.9566980Z corresponding env file under $HOME/.cargo.
2026-10-07T00:51:17.9567240Z 
2026-10-07T00:51:17.9567520Z Consider running the right command for your shell (note the leading DOT):
2026-10-07T00:51:17.9568100Z . "$HOME/.cargo/env"           # For sh/ash/dash/pdksh/zsh
2026-10-07T00:51:17.9568570Z source "$HOME/.cargo/env.tcsh" # For tcsh
2026-10-07T00:51:17.9667780Z ##[end-action id=__dtolnay_rust-toolchain.__run_2;outcome=success;conclusion=success;duration_ms=1252]
2026-10-07T00:51:17.9669480Z ##[start-action display=Install rustup if needed on windows;id=__dtolnay_rust-toolchain.__run_3]
2026-10-07T00:51:17.9673150Z ##[end-action id=__dtolnay_rust-toolchain.__run_3;outcome=skipped;conclusion=skipped;duration_ms=0]
2026-10-07T00:51:17.9677630Z ##[start-action display=rustup toolchain install 1.97.1;id=__dtolnay_rust-toolchain.__run_4]
2026-10-07T00:51:17.9688650Z ##[group]Run log=$(mktemp)
2026-10-07T00:51:17.9688820Z [36;1mlog=$(mktemp)[0m
2026-10-07T00:51:17.9688920Z [36;1mtrap 'rm -f "$log"' EXIT[0m
2026-10-07T00:51:17.9689050Z [36;1mfor attempt in 1 2 3 4 5; do[0m
2026-10-07T00:51:17.9689300Z [36;1m  if rustup toolchain install 1.97.1 --profile minimal --no-self-update --force-non-host 2>&1 | tee "$log"; then[0m
2026-10-07T00:51:17.9689550Z [36;1m    break[0m
2026-10-07T00:51:17.9689650Z [36;1m  else[0m
2026-10-07T00:51:17.9689750Z [36;1m    status=$?[0m
2026-10-07T00:51:17.9689850Z [36;1m  fi[0m
2026-10-07T00:51:17.9689990Z [36;1m  if [[ $attempt == 5 ]] || ! grep -Fq 'checksum failed for ' "$log" \[0m
2026-10-07T00:51:17.9690260Z [36;1m      || ! grep -Fq 'this is likely due to an ongoing update of the official release server' "$log"; then[0m
2026-10-07T00:51:17.9690490Z [36;1m    exit "$status"[0m
2026-10-07T00:51:17.9690600Z [36;1m  fi[0m
2026-10-07T00:51:17.9690770Z [36;1m  echo "Retrying rustup toolchain install in 30 seconds (retry $attempt of 4)" >&2[0m
2026-10-07T00:51:17.9690980Z [36;1m  sleep 30[0m
2026-10-07T00:51:17.9691070Z [36;1mdone[0m
2026-10-07T00:51:17.9699510Z shell: /bin/bash --noprofile --norc -e -o pipefail {0}
2026-10-07T00:51:17.9699670Z env:
2026-10-07T00:51:17.9699780Z   CARGO_NET_GIT_FETCH_WITH_CLI: true
2026-10-07T00:51:17.9699920Z   RUSTFLAGS: -D warnings
2026-10-07T00:51:17.9700090Z   CARGO_TARGET_DIR: /Users/markik/Code/targets/wgpu-scry-hardware
2026-10-07T00:51:17.9700270Z   CAPTURE: 1
2026-10-07T00:51:17.9700500Z   TIMEOUT: 90
2026-10-07T00:51:17.9700590Z   VISIBLE: 1
2026-10-07T00:51:17.9700690Z   CARGO_HOME: /Users/markik/.cargo
2026-10-07T00:51:17.9700810Z   RUSTUP_PERMIT_COPY_RENAME: 1
2026-10-07T00:51:17.9700930Z ##[endgroup]
2026-10-07T00:51:18.3716610Z info: syncing channel updates for 1.97.1-aarch64-apple-darwin
2026-10-07T00:51:18.5088330Z 
2026-10-07T00:51:18.5175710Z   1.97.1-aarch64-apple-darwin unchanged - rustc 1.97.1 (8bab26f4f 2026-07-14)
2026-10-07T00:51:18.5175940Z 
2026-10-07T00:51:18.5215540Z ##[end-action id=__dtolnay_rust-toolchain.__run_4;outcome=success;conclusion=success;duration_ms=553]
2026-10-07T00:51:18.5218030Z ##[start-action display=rustup default 1.97.1;id=__dtolnay_rust-toolchain.__run_5]
2026-10-07T00:51:18.5229790Z ##[group]Run rustup default 1.97.1 --force-non-host
2026-10-07T00:51:18.5230010Z [36;1mrustup default 1.97.1 --force-non-host[0m
2026-10-07T00:51:18.5238320Z shell: /bin/bash --noprofile --norc -e -o pipefail {0}
2026-10-07T00:51:18.5238530Z env:
2026-10-07T00:51:18.5238680Z   CARGO_NET_GIT_FETCH_WITH_CLI: true
2026-10-07T00:51:18.5238840Z   RUSTFLAGS: -D warnings
2026-10-07T00:51:18.5239040Z   CARGO_TARGET_DIR: /Users/markik/Code/targets/wgpu-scry-hardware
2026-10-07T00:51:18.5239240Z   CAPTURE: 1
2026-10-07T00:51:18.5239360Z   TIMEOUT: 90
2026-10-07T00:51:18.5239470Z   VISIBLE: 1
2026-10-07T00:51:18.5239600Z   CARGO_HOME: /Users/markik/.cargo
2026-10-07T00:51:18.5239750Z ##[endgroup]
2026-10-07T00:51:18.5591540Z info: using existing install for 1.97.1-aarch64-apple-darwin
2026-10-07T00:51:18.5637180Z info: default toolchain set to 1.97.1-aarch64-apple-darwin
2026-10-07T00:51:18.5637330Z 
2026-10-07T00:51:18.5698470Z   1.97.1-aarch64-apple-darwin unchanged - rustc 1.97.1 (8bab26f4f 2026-07-14)
2026-10-07T00:51:18.5698640Z 
2026-10-07T00:51:18.5702000Z info: note that the toolchain '1.97.1-aarch64-apple-darwin' is currently in use (overridden by '/Users/markik/actions-runner-wgpu/_work/wgpu-scry/wgpu-scry/rust-toolchain.toml')
2026-10-07T00:51:18.5712330Z ##[end-action id=__dtolnay_rust-toolchain.__run_5;outcome=success;conclusion=success;duration_ms=49]
2026-10-07T00:51:18.5713890Z ##[start-action display=Create cachekey;id=__dtolnay_rust-toolchain.rustc-version]
2026-10-07T00:51:18.5725120Z ##[group]Run DATE=$(rustc +1.97.1 --version --verbose | sed -ne 's/^commit-date: \(20[0-9][0-9]\)-\([01][0-9]\)-\([0-3][0-9]\)$/\1\2\3/p')
2026-10-07T00:51:18.5725510Z [36;1mDATE=$(rustc +1.97.1 --version --verbose | sed -ne 's/^commit-date: \(20[0-9][0-9]\)-\([01][0-9]\)-\([0-3][0-9]\)$/\1\2\3/p')[0m
2026-10-07T00:51:18.5725810Z [36;1mHASH=$(rustc +1.97.1 --version --verbose | sed -ne 's/^commit-hash: //p')[0m
2026-10-07T00:51:18.5726040Z [36;1mecho "cachekey=$(echo $DATE$HASH | head -c12)" >> $GITHUB_OUTPUT[0m
2026-10-07T00:51:18.5732790Z shell: /bin/bash --noprofile --norc -e -o pipefail {0}
2026-10-07T00:51:18.5732940Z env:
2026-10-07T00:51:18.5733040Z   CARGO_NET_GIT_FETCH_WITH_CLI: true
2026-10-07T00:51:18.5733170Z   RUSTFLAGS: -D warnings
2026-10-07T00:51:18.5733320Z   CARGO_TARGET_DIR: /Users/markik/Code/targets/wgpu-scry-hardware
2026-10-07T00:51:18.5733500Z   CAPTURE: 1
2026-10-07T00:51:18.5733590Z   TIMEOUT: 90
2026-10-07T00:51:18.5733690Z   VISIBLE: 1
2026-10-07T00:51:18.5733790Z   CARGO_HOME: /Users/markik/.cargo
2026-10-07T00:51:18.5733930Z ##[endgroup]
2026-10-07T00:51:18.6325460Z ##[end-action id=__dtolnay_rust-toolchain.rustc-version;outcome=success;conclusion=success;duration_ms=61]
2026-10-07T00:51:18.6326760Z ##[start-action display=Disable incremental compilation;id=__dtolnay_rust-toolchain.__run_6]
2026-10-07T00:51:18.6336670Z ##[group]Run if [ -z "${CARGO_INCREMENTAL+set}" ]; then
2026-10-07T00:51:18.6336870Z [36;1mif [ -z "${CARGO_INCREMENTAL+set}" ]; then[0m
2026-10-07T00:51:18.6337050Z [36;1m  echo CARGO_INCREMENTAL=0 >> $GITHUB_ENV[0m
2026-10-07T00:51:18.6337200Z [36;1mfi[0m
2026-10-07T00:51:18.6343620Z shell: /bin/bash --noprofile --norc -e -o pipefail {0}
2026-10-07T00:51:18.6343770Z env:
2026-10-07T00:51:18.6344000Z   CARGO_NET_GIT_FETCH_WITH_CLI: true
2026-10-07T00:51:18.6344130Z   RUSTFLAGS: -D warnings
2026-10-07T00:51:18.6344280Z   CARGO_TARGET_DIR: /Users/markik/Code/targets/wgpu-scry-hardware
2026-10-07T00:51:18.6344440Z   CAPTURE: 1
2026-10-07T00:51:18.6344540Z   TIMEOUT: 90
2026-10-07T00:51:18.6344630Z   VISIBLE: 1
2026-10-07T00:51:18.6344730Z   CARGO_HOME: /Users/markik/.cargo
2026-10-07T00:51:18.6344850Z ##[endgroup]
2026-10-07T00:51:18.6550400Z ##[end-action id=__dtolnay_rust-toolchain.__run_6;outcome=success;conclusion=success;duration_ms=22]
2026-10-07T00:51:18.6551630Z ##[start-action display=Enable colors in Cargo output;id=__dtolnay_rust-toolchain.__run_7]
2026-10-07T00:51:18.6561400Z ##[group]Run if [ -z "${CARGO_TERM_COLOR+set}" ]; then
2026-10-07T00:51:18.6561580Z [36;1mif [ -z "${CARGO_TERM_COLOR+set}" ]; then[0m
2026-10-07T00:51:18.6561750Z [36;1m  echo CARGO_TERM_COLOR=always >> $GITHUB_ENV[0m
2026-10-07T00:51:18.6561890Z [36;1mfi[0m
2026-10-07T00:51:18.6568710Z shell: /bin/bash --noprofile --norc -e -o pipefail {0}
2026-10-07T00:51:18.6568890Z env:
2026-10-07T00:51:18.6568980Z   CARGO_NET_GIT_FETCH_WITH_CLI: true
2026-10-07T00:51:18.6569110Z   RUSTFLAGS: -D warnings
2026-10-07T00:51:18.6569270Z   CARGO_TARGET_DIR: /Users/markik/Code/targets/wgpu-scry-hardware
2026-10-07T00:51:18.6569430Z   CAPTURE: 1
2026-10-07T00:51:18.6569520Z   TIMEOUT: 90
2026-10-07T00:51:18.6569610Z   VISIBLE: 1
2026-10-07T00:51:18.6569710Z   CARGO_HOME: /Users/markik/.cargo
2026-10-07T00:51:18.6569830Z   CARGO_INCREMENTAL: 0
2026-10-07T00:51:18.6569940Z ##[endgroup]
2026-10-07T00:51:18.6785190Z ##[end-action id=__dtolnay_rust-toolchain.__run_7;outcome=success;conclusion=success;duration_ms=23]
2026-10-07T00:51:18.6786370Z ##[start-action display=Enable Cargo sparse registry;id=__dtolnay_rust-toolchain.__run_8]
2026-10-07T00:51:18.6795960Z ##[group]Run # implemented in 1.66, stabilized in 1.68, made default in 1.70
2026-10-07T00:51:18.6796200Z [36;1m# implemented in 1.66, stabilized in 1.68, made default in 1.70[0m
2026-10-07T00:51:18.6796610Z [36;1mif [ -z "${CARGO_REGISTRIES_CRATES_IO_PROTOCOL+set}" -o -f "/Users/markik/actions-runner-wgpu/_work/_temp"/.implicit_cargo_registries_crates_io_protocol ]; then[0m
2026-10-07T00:51:18.6797100Z [36;1m  if rustc +1.97.1 --version --verbose | grep -q '^release: 1\.6[89]\.'; then[0m
2026-10-07T00:51:18.6797410Z [36;1m    touch "/Users/markik/actions-runner-wgpu/_work/_temp"/.implicit_cargo_registries_crates_io_protocol || true[0m
2026-10-07T00:51:18.6797710Z [36;1m    echo CARGO_REGISTRIES_CRATES_IO_PROTOCOL=sparse >> $GITHUB_ENV[0m
2026-10-07T00:51:18.6797940Z [36;1m  elif rustc +1.97.1 --version --verbose | grep -q '^release: 1\.6[67]\.'; then[0m
2026-10-07T00:51:18.6798250Z [36;1m    touch "/Users/markik/actions-runner-wgpu/_work/_temp"/.implicit_cargo_registries_crates_io_protocol || true[0m
2026-10-07T00:51:18.6798530Z [36;1m    echo CARGO_REGISTRIES_CRATES_IO_PROTOCOL=git >> $GITHUB_ENV[0m
2026-10-07T00:51:18.6798690Z [36;1m  fi[0m
2026-10-07T00:51:18.6798790Z [36;1mfi[0m
2026-10-07T00:51:18.6805340Z shell: /bin/bash --noprofile --norc -e -o pipefail {0}
2026-10-07T00:51:18.6805490Z env:
2026-10-07T00:51:18.6805580Z   CARGO_NET_GIT_FETCH_WITH_CLI: true
2026-10-07T00:51:18.6805720Z   RUSTFLAGS: -D warnings
2026-10-07T00:51:18.6805860Z   CARGO_TARGET_DIR: /Users/markik/Code/targets/wgpu-scry-hardware
2026-10-07T00:51:18.6806030Z   CAPTURE: 1
2026-10-07T00:51:18.6806120Z   TIMEOUT: 90
2026-10-07T00:51:18.6806210Z   VISIBLE: 1
2026-10-07T00:51:18.6806310Z   CARGO_HOME: /Users/markik/.cargo
2026-10-07T00:51:18.6806420Z   CARGO_INCREMENTAL: 0
2026-10-07T00:51:18.6806530Z   CARGO_TERM_COLOR: always
2026-10-07T00:51:18.6806630Z ##[endgroup]
2026-10-07T00:51:18.7258680Z ##[end-action id=__dtolnay_rust-toolchain.__run_8;outcome=success;conclusion=success;duration_ms=47]
2026-10-07T00:51:18.7259940Z ##[start-action display=Work around spurious network errors in curl 8.0;id=__dtolnay_rust-toolchain.__run_9]
2026-10-07T00:51:18.7278840Z ##[group]Run # https://rust-lang.zulipchat.com/#narrow/stream/246057-t-cargo/topic/timeout.20investigation
2026-10-07T00:51:18.7279360Z [36;1m# https://rust-lang.zulipchat.com/#narrow/stream/246057-t-cargo/topic/timeout.20investigation[0m
2026-10-07T00:51:18.7279650Z [36;1mif rustc +1.97.1 --version --verbose | grep -q '^release: 1\.7[01]\.'; then[0m
2026-10-07T00:51:18.7279860Z [36;1m  echo CARGO_HTTP_MULTIPLEXING=false >> $GITHUB_ENV[0m
2026-10-07T00:51:18.7280010Z [36;1mfi[0m
2026-10-07T00:51:18.7286520Z shell: /bin/bash --noprofile --norc -e -o pipefail {0}
2026-10-07T00:51:18.7286660Z env:
2026-10-07T00:51:18.7286760Z   CARGO_NET_GIT_FETCH_WITH_CLI: true
2026-10-07T00:51:18.7286880Z   RUSTFLAGS: -D warnings
2026-10-07T00:51:18.7287020Z   CARGO_TARGET_DIR: /Users/markik/Code/targets/wgpu-scry-hardware
2026-10-07T00:51:18.7287180Z   CAPTURE: 1
2026-10-07T00:51:18.7287270Z   TIMEOUT: 90
2026-10-07T00:51:18.7287350Z   VISIBLE: 1
2026-10-07T00:51:18.7287440Z   CARGO_HOME: /Users/markik/.cargo
2026-10-07T00:51:18.7287560Z   CARGO_INCREMENTAL: 0
2026-10-07T00:51:18.7287660Z   CARGO_TERM_COLOR: always
2026-10-07T00:51:18.7287780Z ##[endgroup]
2026-10-07T00:51:18.7625310Z ##[end-action id=__dtolnay_rust-toolchain.__run_9;outcome=success;conclusion=success;duration_ms=36]
2026-10-07T00:51:18.7627120Z ##[start-action display=rustc +1.97.1 --version --verbose;id=__dtolnay_rust-toolchain.__run_10]
2026-10-07T00:51:18.7636930Z ##[group]Run rustc +1.97.1 --version --verbose
2026-10-07T00:51:18.7637110Z [36;1mrustc +1.97.1 --version --verbose[0m
2026-10-07T00:51:18.7643810Z shell: /bin/bash --noprofile --norc -e -o pipefail {0}
2026-10-07T00:51:18.7643970Z env:
2026-10-07T00:51:18.7644060Z   CARGO_NET_GIT_FETCH_WITH_CLI: true
2026-10-07T00:51:18.7644190Z   RUSTFLAGS: -D warnings
2026-10-07T00:51:18.7644340Z   CARGO_TARGET_DIR: /Users/markik/Code/targets/wgpu-scry-hardware
2026-10-07T00:51:18.7644520Z   CAPTURE: 1
2026-10-07T00:51:18.7644600Z   TIMEOUT: 90
2026-10-07T00:51:18.7644690Z   VISIBLE: 1
2026-10-07T00:51:18.7644800Z   CARGO_HOME: /Users/markik/.cargo
2026-10-07T00:51:18.7644940Z   CARGO_INCREMENTAL: 0
2026-10-07T00:51:18.7645050Z   CARGO_TERM_COLOR: always
2026-10-07T00:51:18.7645150Z ##[endgroup]
2026-10-07T00:51:18.7969270Z rustc 1.97.1 (8bab26f4f 2026-07-14)
2026-10-07T00:51:18.7969890Z binary: rustc
2026-10-07T00:51:18.7970060Z commit-hash: 8bab26f4f68e0e26f0bb7960be334d5b520ea452
2026-10-07T00:51:18.7970240Z commit-date: 2026-07-14
2026-10-07T00:51:18.7970360Z host: aarch64-apple-darwin
2026-10-07T00:51:18.7970480Z release: 1.97.1
2026-10-07T00:51:18.7972730Z LLVM version: 22.1.6
2026-10-07T00:51:18.7984220Z ##[end-action id=__dtolnay_rust-toolchain.__run_10;outcome=success;conclusion=success;duration_ms=35]
2026-10-07T00:51:18.8012340Z ##[group]Run cargo test --locked -p scrying --lib latest_image_sample
2026-10-07T00:51:18.8012580Z [36;1mcargo test --locked -p scrying --lib latest_image_sample[0m
2026-10-07T00:51:18.8019740Z shell: /bin/bash -e {0}
2026-10-07T00:51:18.8019850Z env:
2026-10-07T00:51:18.8019950Z   CARGO_NET_GIT_FETCH_WITH_CLI: true
2026-10-07T00:51:18.8020100Z   RUSTFLAGS: -D warnings
2026-10-07T00:51:18.8020260Z   CARGO_TARGET_DIR: /Users/markik/Code/targets/wgpu-scry-hardware
2026-10-07T00:51:18.8020420Z   CAPTURE: 1
2026-10-07T00:51:18.8020510Z   TIMEOUT: 90
2026-10-07T00:51:18.8020600Z   VISIBLE: 1
2026-10-07T00:51:18.8020700Z   CARGO_HOME: /Users/markik/.cargo
2026-10-07T00:51:18.8020810Z   CARGO_INCREMENTAL: 0
2026-10-07T00:51:18.8020930Z   CARGO_TERM_COLOR: always
2026-10-07T00:51:18.8021040Z ##[endgroup]
2026-10-07T00:51:19.1707110Z [1m[92m    Finished[0m `test` profile [unoptimized + debuginfo] target(s) in 0.32s
2026-10-07T00:51:19.1748850Z [1m[92m     Running[0m unittests src/lib.rs (/Users/markik/Code/targets/wgpu-scry-hardware/debug/deps/scrying-0a40c7f6f00520b3)
2026-10-07T00:51:19.1816180Z 
2026-10-07T00:51:19.1816600Z running 2 tests
2026-10-07T00:51:19.1819550Z test latest_image_sample::tests::newer_image_replaces_only_one_pending_image ... ok
2026-10-07T00:51:19.1819890Z test latest_image_sample::tests::status_only_burst_preserves_pending_image_and_its_custody ... ok
2026-10-07T00:51:19.1820500Z 
2026-10-07T00:51:19.1820650Z test result: ok. 2 passed; 0 failed; 0 ignored; 0 measured; 18 filtered out; finished in 0.00s
2026-10-07T00:51:19.1820840Z 
2026-10-07T00:51:19.1854540Z ##[group]Run cargo test --locked -p demo-mac --bin demo-mac capture_size_tests
2026-10-07T00:51:19.1854800Z [36;1mcargo test --locked -p demo-mac --bin demo-mac capture_size_tests[0m
2026-10-07T00:51:19.1861340Z shell: /bin/bash -e {0}
2026-10-07T00:51:19.1861450Z env:
2026-10-07T00:51:19.1861550Z   CARGO_NET_GIT_FETCH_WITH_CLI: true
2026-10-07T00:51:19.1861670Z   RUSTFLAGS: -D warnings
2026-10-07T00:51:19.1861820Z   CARGO_TARGET_DIR: /Users/markik/Code/targets/wgpu-scry-hardware
2026-10-07T00:51:19.1861980Z   CAPTURE: 1
2026-10-07T00:51:19.1862060Z   TIMEOUT: 90
2026-10-07T00:51:19.1862150Z   VISIBLE: 1
2026-10-07T00:51:19.1862240Z   CARGO_HOME: /Users/markik/.cargo
2026-10-07T00:51:19.1862360Z   CARGO_INCREMENTAL: 0
2026-10-07T00:51:19.1862470Z   CARGO_TERM_COLOR: always
2026-10-07T00:51:19.1862580Z ##[endgroup]
2026-10-07T00:51:19.3405920Z [1m[92m   Compiling[0m demo-mac v0.1.0 (/Users/markik/actions-runner-wgpu/_work/wgpu-scry/wgpu-scry/demo-mac)
2026-10-07T00:51:20.6604070Z [1m[92m    Finished[0m `test` profile [unoptimized + debuginfo] target(s) in 1.44s
2026-10-07T00:51:20.6667850Z [1m[92m     Running[0m unittests src/main.rs (/Users/markik/Code/targets/wgpu-scry-hardware/debug/deps/demo_mac-0640c1bcf540d6fd)
2026-10-07T00:51:20.8839340Z 
2026-10-07T00:51:20.8840100Z running 1 test
2026-10-07T00:51:20.8840930Z test capture_size_tests::capture_resize_expectations_follow_display_scale ... ok
2026-10-07T00:51:20.8841500Z 
2026-10-07T00:51:20.8841930Z test result: ok. 1 passed; 0 failed; 0 ignored; 0 measured; 0 filtered out; finished in 0.00s
2026-10-07T00:51:20.8842520Z 
2026-10-07T00:51:20.8979220Z ##[group]Run bash scripts/test-mac.sh
2026-10-07T00:51:20.8979400Z [36;1mbash scripts/test-mac.sh[0m
2026-10-07T00:51:20.8987670Z shell: /bin/bash -e {0}
2026-10-07T00:51:20.8987800Z env:
2026-10-07T00:51:20.8987940Z   CARGO_NET_GIT_FETCH_WITH_CLI: true
2026-10-07T00:51:20.8988070Z   RUSTFLAGS: -D warnings
2026-10-07T00:51:20.8988240Z   CARGO_TARGET_DIR: /Users/markik/Code/targets/wgpu-scry-hardware
2026-10-07T00:51:20.8988460Z   CAPTURE: 1
2026-10-07T00:51:20.8988570Z   TIMEOUT: 90
2026-10-07T00:51:20.8988670Z   VISIBLE: 1
2026-10-07T00:51:20.8988810Z   CARGO_HOME: /Users/markik/.cargo
2026-10-07T00:51:20.8988940Z   CARGO_INCREMENTAL: 0
2026-10-07T00:51:20.8989090Z   CARGO_TERM_COLOR: always
2026-10-07T00:51:20.8989220Z ##[endgroup]
2026-10-07T00:51:22.9475100Z ==> ScreenCaptureKit display-awake hold active
2026-10-07T00:51:22.9476760Z ==> building demo-mac
2026-10-07T00:51:24.3518390Z /Users/markik/Code/targets/wgpu-scry-hardware/debug/scry-demo-mac-hardware.app: replacing existing signature
2026-10-07T00:51:24.5134410Z ==> code-signing identity: -
2026-10-07T00:51:24.5170330Z Executable=/Users/markik/Code/targets/wgpu-scry-hardware/debug/scry-demo-mac-hardware.app/Contents/MacOS/demo-mac
2026-10-07T00:51:24.5170760Z designated => identifier "org.merely.scry.hardware-demo"
2026-10-07T00:51:24.5172580Z ==> LaunchServices app: /Users/markik/Code/targets/wgpu-scry-hardware/debug/scry-demo-mac-hardware.app
2026-10-07T00:51:24.5174070Z 
2026-10-07T00:51:24.5174220Z ==> --scripted
2026-10-07T00:51:29.5576800Z demo-mac: nav event: Starting { url: "about:blank" }
2026-10-07T00:51:29.5577050Z demo-mac: nav event: SourceChanged { url: "about:blank" }
2026-10-07T00:51:29.5577240Z demo-mac: js->host: ready
2026-10-07T00:51:29.5577380Z demo-mac: scripted: page ready
2026-10-07T00:51:29.5577570Z demo-mac: nav event: Completed { url: "about:blank", success: true }
2026-10-07T00:51:29.5577810Z demo-mac: nav event: TitleChanged { title: "scrying-test" }
2026-10-07T00:51:29.5578010Z demo-mac: js->host: echo:ping-from-host
2026-10-07T00:51:29.5578170Z demo-mac: scripted: JS echoed host message
2026-10-07T00:51:29.5578360Z demo-mac: scripted: 6 ScrollWheel events dispatched without error
2026-10-07T00:51:29.5582540Z demo-mac: cursor change: Default
2026-10-07T00:51:29.5582730Z demo-mac: scripted: 3 KeyDown/KeyUp pairs dispatched without error
2026-10-07T00:51:29.5583090Z demo-mac: scripted: PASS — slices E + G + I + cursor handler verified at runtime
2026-10-07T00:51:29.5583310Z   - cursor handler fired 1 time(s) over the run
2026-10-07T00:51:29.5592970Z   -> PASS
2026-10-07T00:51:29.5606510Z 
2026-10-07T00:51:29.5606680Z ==> --browser-test
2026-10-07T00:51:30.6310200Z demo-mac: nav event: Starting { url: "scrying-test://history-1" }
2026-10-07T00:51:30.6310520Z demo-mac: nav event: SourceChanged { url: "scrying-test://history-1" }
2026-10-07T00:51:30.6310790Z demo-mac: js->host: loaded:history-1
2026-10-07T00:51:30.6310950Z demo-mac: browser-test: history-1 loaded
2026-10-07T00:51:30.6311200Z demo-mac: nav event: Completed { url: "scrying-test://history-2", success: true }
2026-10-07T00:51:30.6311520Z demo-mac: nav event: Starting { url: "scrying-test://history-2" }
2026-10-07T00:51:30.6311770Z demo-mac: nav event: SourceChanged { url: "scrying-test://history-2" }
2026-10-07T00:51:30.6312050Z demo-mac: nav event: Completed { url: "scrying-test://history-2", success: true }
2026-10-07T00:51:30.6312280Z demo-mac: js->host: loaded:history-2
2026-10-07T00:51:30.6312430Z demo-mac: browser-test: history-2 loaded
2026-10-07T00:51:30.6312660Z demo-mac: nav event: Starting { url: "scrying-test://history-1" }
2026-10-07T00:51:30.6312910Z demo-mac: nav event: SourceChanged { url: "scrying-test://history-1" }
2026-10-07T00:51:30.6313190Z demo-mac: nav event: Completed { url: "scrying-test://history-1", success: true }
2026-10-07T00:51:30.6313440Z demo-mac: browser-test: go_back navigated to history-1
2026-10-07T00:51:30.6313660Z demo-mac: nav event: Starting { url: "scrying-test://history-2" }
2026-10-07T00:51:30.6314610Z demo-mac: nav event: SourceChanged { url: "scrying-test://history-2" }
2026-10-07T00:51:30.6314940Z demo-mac: nav event: Completed { url: "scrying-test://history-2", success: true }
2026-10-07T00:51:30.6315190Z demo-mac: browser-test: go_forward navigated to history-2
2026-10-07T00:51:30.6315400Z demo-mac: browser-test: apply_settings ok
2026-10-07T00:51:30.6315610Z demo-mac: nav event: Starting { url: "scrying-test://find-target" }
2026-10-07T00:51:30.6315860Z demo-mac: nav event: SourceChanged { url: "scrying-test://find-target" }
2026-10-07T00:51:30.6316070Z demo-mac: js->host: loaded:find-target
2026-10-07T00:51:30.6316290Z demo-mac: nav event: Completed { url: "scrying-test://find-target", success: true }
2026-10-07T00:51:30.6316530Z demo-mac: browser-test: find_in_page matched
2026-10-07T00:51:30.6316690Z demo-mac: browser-test: PDF rendered (12150 bytes)
2026-10-07T00:51:30.6317010Z demo-mac: browser-test: PASS — items 1, 3, 4, 9 verified at runtime
2026-10-07T00:51:30.6317270Z   - history controls (go_back/go_forward observed via SourceChanged events)
2026-10-07T00:51:30.6317500Z   - settings (apply_settings returned Ok)
2026-10-07T00:51:30.6317700Z   - URL schemes (scrying-test:// served 3 pages successfully)
2026-10-07T00:51:30.6317960Z   - find_in_page → Some(true), request_pdf → 12150 bytes
2026-10-07T00:51:30.6318200Z demo-mac: browser-test: PASS — items 1, 3, 4, 9 verified at runtime
2026-10-07T00:51:30.6318430Z   - history controls (go_back/go_forward observed via SourceChanged events)
2026-10-07T00:51:30.6318650Z   - settings (apply_settings returned Ok)
2026-10-07T00:51:30.6318830Z   - URL schemes (scrying-test:// served 3 pages successfully)
2026-10-07T00:51:30.6319050Z   - find_in_page → Some(true), request_pdf → 12150 bytes
2026-10-07T00:51:30.6319280Z demo-mac: browser-test: PASS — items 1, 3, 4, 9 verified at runtime
2026-10-07T00:51:30.6319530Z   - history controls (go_back/go_forward observed via SourceChanged events)
2026-10-07T00:51:30.6319760Z   - settings (apply_settings returned Ok)
2026-10-07T00:51:30.6319930Z   - URL schemes (scrying-test:// served 3 pages successfully)
2026-10-07T00:51:30.6320150Z   - find_in_page → Some(true), request_pdf → 12150 bytes
2026-10-07T00:51:30.6320540Z demo-mac: browser-test: PASS — items 1, 3, 4, 9 verified at runtime
2026-10-07T00:51:30.6320790Z   - history controls (go_back/go_forward observed via SourceChanged events)
2026-10-07T00:51:30.6320990Z   - settings (apply_settings returned Ok)
2026-10-07T00:51:30.6321170Z   - URL schemes (scrying-test:// served 3 pages successfully)
2026-10-07T00:51:30.6321390Z   - find_in_page → Some(true), request_pdf → 12150 bytes
2026-10-07T00:51:30.6321620Z demo-mac: browser-test: PASS — items 1, 3, 4, 9 verified at runtime
2026-10-07T00:51:30.6321860Z   - history controls (go_back/go_forward observed via SourceChanged events)
2026-10-07T00:51:30.6322070Z   - settings (apply_settings returned Ok)
2026-10-07T00:51:30.6322250Z   - URL schemes (scrying-test:// served 3 pages successfully)
2026-10-07T00:51:30.6322460Z   - find_in_page → Some(true), request_pdf → 12150 bytes
2026-10-07T00:51:30.6322700Z demo-mac: browser-test: PASS — items 1, 3, 4, 9 verified at runtime
2026-10-07T00:51:30.6322920Z   - history controls (go_back/go_forward observed via SourceChanged events)
2026-10-07T00:51:30.6323110Z   - settings (apply_settings returned Ok)
2026-10-07T00:51:30.6323270Z   - URL schemes (scrying-test:// served 3 pages successfully)
2026-10-07T00:51:30.6323460Z   - find_in_page → Some(true), request_pdf → 12150 bytes
2026-10-07T00:51:30.6323660Z demo-mac: browser-test: PASS — items 1, 3, 4, 9 verified at runtime
2026-10-07T00:51:30.6323870Z   - history controls (go_back/go_forward observed via SourceChanged events)
2026-10-07T00:51:30.6324060Z   - settings (apply_settings returned Ok)
2026-10-07T00:51:30.6324250Z   - URL schemes (scrying-test:// served 3 pages successfully)
2026-10-07T00:51:30.6324470Z   - find_in_page → Some(true), request_pdf → 12150 bytes
2026-10-07T00:51:30.6324800Z demo-mac: browser-test: PASS — items 1, 3, 4, 9 verified at runtime
2026-10-07T00:51:30.6325010Z   - history controls (go_back/go_forward observed via SourceChanged events)
2026-10-07T00:51:30.6325210Z   - settings (apply_settings returned Ok)
2026-10-07T00:51:30.6325370Z   - URL schemes (scrying-test:// served 3 pages successfully)
2026-10-07T00:51:30.6325560Z   - find_in_page → Some(true), request_pdf → 12150 bytes
2026-10-07T00:51:30.6325770Z demo-mac: browser-test: PASS — items 1, 3, 4, 9 verified at runtime
2026-10-07T00:51:30.6325970Z   - history controls (go_back/go_forward observed via SourceChanged events)
2026-10-07T00:51:30.6326170Z   - settings (apply_settings returned Ok)
2026-10-07T00:51:30.6326320Z   - URL schemes (scrying-test:// served 3 pages successfully)
2026-10-07T00:51:30.6326520Z   - find_in_page → Some(true), request_pdf → 12150 bytes
2026-10-07T00:51:30.6326720Z demo-mac: browser-test: PASS — items 1, 3, 4, 9 verified at runtime
2026-10-07T00:51:30.6326940Z   - history controls (go_back/go_forward observed via SourceChanged events)
2026-10-07T00:51:30.6327130Z   - settings (apply_settings returned Ok)
2026-10-07T00:51:30.6327340Z   - URL schemes (scrying-test:// served 3 pages successfully)
2026-10-07T00:51:30.6327590Z   - find_in_page → Some(true), request_pdf → 12150 bytes
2026-10-07T00:51:30.6327810Z demo-mac: browser-test: PASS — items 1, 3, 4, 9 verified at runtime
2026-10-07T00:51:30.6328080Z   - history controls (go_back/go_forward observed via SourceChanged events)
2026-10-07T00:51:30.6328270Z   - settings (apply_settings returned Ok)
2026-10-07T00:51:30.6328460Z   - URL schemes (scrying-test:// served 3 pages successfully)
2026-10-07T00:51:30.6328670Z   - find_in_page → Some(true), request_pdf → 12150 bytes
2026-10-07T00:51:30.6328890Z demo-mac: browser-test: PASS — items 1, 3, 4, 9 verified at runtime
2026-10-07T00:51:30.6329170Z   - history controls (go_back/go_forward observed via SourceChanged events)
2026-10-07T00:51:30.6329420Z   - settings (apply_settings returned Ok)
2026-10-07T00:51:30.6329590Z   - URL schemes (scrying-test:// served 3 pages successfully)
2026-10-07T00:51:30.6329860Z   - find_in_page → Some(true), request_pdf → 12150 bytes
2026-10-07T00:51:30.6330240Z demo-mac: browser-test: PASS — items 1, 3, 4, 9 verified at runtime
2026-10-07T00:51:30.6330460Z   - history controls (go_back/go_forward observed via SourceChanged events)
2026-10-07T00:51:30.6330650Z   - settings (apply_settings returned Ok)
2026-10-07T00:51:30.6330800Z   - URL schemes (scrying-test:// served 3 pages successfully)
2026-10-07T00:51:30.6331000Z   - find_in_page → Some(true), request_pdf → 12150 bytes
2026-10-07T00:51:30.6331210Z demo-mac: browser-test: PASS — items 1, 3, 4, 9 verified at runtime
2026-10-07T00:51:30.6331420Z   - history controls (go_back/go_forward observed via SourceChanged events)
2026-10-07T00:51:30.6331600Z   - settings (apply_settings returned Ok)
2026-10-07T00:51:30.6331750Z   - URL schemes (scrying-test:// served 3 pages successfully)
2026-10-07T00:51:30.6331950Z   - find_in_page → Some(true), request_pdf → 12150 bytes
2026-10-07T00:51:30.6332150Z demo-mac: browser-test: PASS — items 1, 3, 4, 9 verified at runtime
2026-10-07T00:51:30.6332370Z   - history controls (go_back/go_forward observed via SourceChanged events)
2026-10-07T00:51:30.6332620Z   - settings (apply_settings returned Ok)
2026-10-07T00:51:30.6332840Z   - URL schemes (scrying-test:// served 3 pages successfully)
2026-10-07T00:51:30.6333050Z   - find_in_page → Some(true), request_pdf → 12150 bytes
2026-10-07T00:51:30.6333250Z demo-mac: browser-test: PASS — items 1, 3, 4, 9 verified at runtime
2026-10-07T00:51:30.6333470Z   - history controls (go_back/go_forward observed via SourceChanged events)
2026-10-07T00:51:30.6333680Z   - settings (apply_settings returned Ok)
2026-10-07T00:51:30.6333840Z   - URL schemes (scrying-test:// served 3 pages successfully)
2026-10-07T00:51:30.6334020Z   - find_in_page → Some(true), request_pdf → 12150 bytes
2026-10-07T00:51:30.6334260Z demo-mac: browser-test: PASS — items 1, 3, 4, 9 verified at runtime
2026-10-07T00:51:30.6334550Z   - history controls (go_back/go_forward observed via SourceChanged events)
2026-10-07T00:51:30.6334740Z   - settings (apply_settings returned Ok)
2026-10-07T00:51:30.6334910Z   - URL schemes (scrying-test:// served 3 pages successfully)
2026-10-07T00:51:30.6335100Z   - find_in_page → Some(true), request_pdf → 12150 bytes
2026-10-07T00:51:30.6335320Z demo-mac: browser-test: PASS — items 1, 3, 4, 9 verified at runtime
2026-10-07T00:51:30.6335520Z   - history controls (go_back/go_forward observed via SourceChanged events)
2026-10-07T00:51:30.6335700Z   - settings (apply_settings returned Ok)
2026-10-07T00:51:30.6335850Z   - URL schemes (scrying-test:// served 3 pages successfully)
2026-10-07T00:51:30.6336050Z   - find_in_page → Some(true), request_pdf → 12150 bytes
2026-10-07T00:51:30.6336250Z demo-mac: browser-test: PASS — items 1, 3, 4, 9 verified at runtime
2026-10-07T00:51:30.6336470Z   - history controls (go_back/go_forward observed via SourceChanged events)
2026-10-07T00:51:30.6336660Z   - settings (apply_settings returned Ok)
2026-10-07T00:51:30.6336820Z   - URL schemes (scrying-test:// served 3 pages successfully)
2026-10-07T00:51:30.6337020Z   - find_in_page → Some(true), request_pdf → 12150 bytes
2026-10-07T00:51:30.6337220Z demo-mac: browser-test: PASS — items 1, 3, 4, 9 verified at runtime
2026-10-07T00:51:30.6337430Z   - history controls (go_back/go_forward observed via SourceChanged events)
2026-10-07T00:51:30.6337600Z   - settings (apply_settings returned Ok)
2026-10-07T00:51:30.6337780Z   - URL schemes (scrying-test:// served 3 pages successfully)
2026-10-07T00:51:30.6338010Z   - find_in_page → Some(true), request_pdf → 12150 bytes
2026-10-07T00:51:30.6338220Z demo-mac: browser-test: PASS — items 1, 3, 4, 9 verified at runtime
2026-10-07T00:51:30.6338430Z   - history controls (go_back/go_forward observed via SourceChanged events)
2026-10-07T00:51:30.6338600Z   - settings (apply_settings returned Ok)
2026-10-07T00:51:30.6338760Z   - URL schemes (scrying-test:// served 3 pages successfully)
2026-10-07T00:51:30.6339020Z   - find_in_page → Some(true), request_pdf → 12150 bytes
2026-10-07T00:51:30.6339220Z demo-mac: browser-test: PASS — items 1, 3, 4, 9 verified at runtime
2026-10-07T00:51:30.6339540Z   - history controls (go_back/go_forward observed via SourceChanged events)
2026-10-07T00:51:30.6339720Z   - settings (apply_settings returned Ok)
2026-10-07T00:51:30.6339880Z   - URL schemes (scrying-test:// served 3 pages successfully)
2026-10-07T00:51:30.6340080Z   - find_in_page → Some(true), request_pdf → 12150 bytes
2026-10-07T00:51:30.6340270Z demo-mac: browser-test: PASS — items 1, 3, 4, 9 verified at runtime
2026-10-07T00:51:30.6340490Z   - history controls (go_back/go_forward observed via SourceChanged events)
2026-10-07T00:51:30.6340680Z   - settings (apply_settings returned Ok)
2026-10-07T00:51:30.6340830Z   - URL schemes (scrying-test:// served 3 pages successfully)
2026-10-07T00:51:30.6341030Z   - find_in_page → Some(true), request_pdf → 12150 bytes
2026-10-07T00:51:30.6341230Z demo-mac: browser-test: PASS — items 1, 3, 4, 9 verified at runtime
2026-10-07T00:51:30.6341460Z   - history controls (go_back/go_forward observed via SourceChanged events)
2026-10-07T00:51:30.6341640Z   - settings (apply_settings returned Ok)
2026-10-07T00:51:30.6341800Z   - URL schemes (scrying-test:// served 3 pages successfully)
2026-10-07T00:51:30.6341990Z   - find_in_page → Some(true), request_pdf → 12150 bytes
2026-10-07T00:51:30.6342230Z demo-mac: browser-test: PASS — items 1, 3, 4, 9 verified at runtime
2026-10-07T00:51:30.6342510Z   - history controls (go_back/go_forward observed via SourceChanged events)
2026-10-07T00:51:30.6342720Z   - settings (apply_settings returned Ok)
2026-10-07T00:51:30.6342900Z   - URL schemes (scrying-test:// served 3 pages successfully)
2026-10-07T00:51:30.6343120Z   - find_in_page → Some(true), request_pdf → 12150 bytes
2026-10-07T00:51:30.6343350Z demo-mac: browser-test: PASS — items 1, 3, 4, 9 verified at runtime
2026-10-07T00:51:30.6343670Z   - history controls (go_back/go_forward observed via SourceChanged events)
2026-10-07T00:51:30.6343880Z   - settings (apply_settings returned Ok)
2026-10-07T00:51:30.6344040Z   - URL schemes (scrying-test:// served 3 pages successfully)
2026-10-07T00:51:30.6344230Z   - find_in_page → Some(true), request_pdf → 12150 bytes
2026-10-07T00:51:30.6344480Z demo-mac: browser-test: PASS — items 1, 3, 4, 9 verified at runtime
2026-10-07T00:51:30.6344740Z   - history controls (go_back/go_forward observed via SourceChanged events)
2026-10-07T00:51:30.6344980Z   - settings (apply_settings returned Ok)
2026-10-07T00:51:30.6345190Z   - URL schemes (scrying-test:// served 3 pages successfully)
2026-10-07T00:51:30.6345470Z   - find_in_page → Some(true), request_pdf → 12150 bytes
2026-10-07T00:51:30.6345750Z demo-mac: browser-test: PASS — items 1, 3, 4, 9 verified at runtime
2026-10-07T00:51:30.6346050Z   - history controls (go_back/go_forward observed via SourceChanged events)
2026-10-07T00:51:30.6346260Z   - settings (apply_settings returned Ok)
2026-10-07T00:51:30.6346410Z   - URL schemes (scrying-test:// served 3 pages successfully)
2026-10-07T00:51:30.6346620Z   - find_in_page → Some(true), request_pdf → 12150 bytes
2026-10-07T00:51:30.6346830Z demo-mac: browser-test: PASS — items 1, 3, 4, 9 verified at runtime
2026-10-07T00:51:30.6347090Z   - history controls (go_back/go_forward observed via SourceChanged events)
2026-10-07T00:51:30.6347310Z   - settings (apply_settings returned Ok)
2026-10-07T00:51:30.6347490Z   - URL schemes (scrying-test:// served 3 pages successfully)
2026-10-07T00:51:30.6347690Z   - find_in_page → Some(true), request_pdf → 12150 bytes
2026-10-07T00:51:30.6347900Z demo-mac: browser-test: PASS — items 1, 3, 4, 9 verified at runtime
2026-10-07T00:51:30.6348130Z   - history controls (go_back/go_forward observed via SourceChanged events)
2026-10-07T00:51:30.6348320Z   - settings (apply_settings returned Ok)
2026-10-07T00:51:30.6348540Z   - URL schemes (scrying-test:// served 3 pages successfully)
2026-10-07T00:51:30.6348800Z   - find_in_page → Some(true), request_pdf → 12150 bytes
2026-10-07T00:51:30.6349010Z demo-mac: browser-test: PASS — items 1, 3, 4, 9 verified at runtime
2026-10-07T00:51:30.6349320Z   - history controls (go_back/go_forward observed via SourceChanged events)
2026-10-07T00:51:30.6349500Z   - settings (apply_settings returned Ok)
2026-10-07T00:51:30.6349650Z   - URL schemes (scrying-test:// served 3 pages successfully)
2026-10-07T00:51:30.6349870Z   - find_in_page → Some(true), request_pdf → 12150 bytes
2026-10-07T00:51:30.6350070Z demo-mac: browser-test: PASS — items 1, 3, 4, 9 verified at runtime
2026-10-07T00:51:30.6350300Z   - history controls (go_back/go_forward observed via SourceChanged events)
2026-10-07T00:51:30.6350550Z   - settings (apply_settings returned Ok)
2026-10-07T00:51:30.6350740Z   - URL schemes (scrying-test:// served 3 pages successfully)
2026-10-07T00:51:30.6351010Z   - find_in_page → Some(true), request_pdf → 12150 bytes
2026-10-07T00:51:30.6351280Z demo-mac: browser-test: PASS — items 1, 3, 4, 9 verified at runtime
2026-10-07T00:51:30.6351580Z   - history controls (go_back/go_forward observed via SourceChanged events)
2026-10-07T00:51:30.6358650Z   - settings (apply_settings returned Ok)
2026-10-07T00:51:30.6358890Z   - URL schemes (scrying-test:// served 3 pages successfully)
2026-10-07T00:51:30.6359130Z   - find_in_page → Some(true), request_pdf → 12150 bytes
2026-10-07T00:51:30.6359350Z demo-mac: browser-test: PASS — items 1, 3, 4, 9 verified at runtime
2026-10-07T00:51:30.6359580Z   - history controls (go_back/go_forward observed via SourceChanged events)
2026-10-07T00:51:30.6359780Z   - settings (apply_settings returned Ok)
2026-10-07T00:51:30.6359960Z   - URL schemes (scrying-test:// served 3 pages successfully)
2026-10-07T00:51:30.6360180Z   - find_in_page → Some(true), request_pdf → 12150 bytes
2026-10-07T00:51:30.6360400Z demo-mac: browser-test: PASS — items 1, 3, 4, 9 verified at runtime
2026-10-07T00:51:30.6360650Z   - history controls (go_back/go_forward observed via SourceChanged events)
2026-10-07T00:51:30.6360930Z   - settings (apply_settings returned Ok)
2026-10-07T00:51:30.6361100Z   - URL schemes (scrying-test:// served 3 pages successfully)
2026-10-07T00:51:30.6361310Z   - find_in_page → Some(true), request_pdf → 12150 bytes
2026-10-07T00:51:30.6361510Z demo-mac: browser-test: PASS — items 1, 3, 4, 9 verified at runtime
2026-10-07T00:51:30.6361720Z   - history controls (go_back/go_forward observed via SourceChanged events)
2026-10-07T00:51:30.6361900Z   - settings (apply_settings returned Ok)
2026-10-07T00:51:30.6362050Z   - URL schemes (scrying-test:// served 3 pages successfully)
2026-10-07T00:51:30.6362240Z   - find_in_page → Some(true), request_pdf → 12150 bytes
2026-10-07T00:51:30.6362440Z demo-mac: browser-test: PASS — items 1, 3, 4, 9 verified at runtime
2026-10-07T00:51:30.6362640Z   - history controls (go_back/go_forward observed via SourceChanged events)
2026-10-07T00:51:30.6362810Z   - settings (apply_settings returned Ok)
2026-10-07T00:51:30.6362960Z   - URL schemes (scrying-test:// served 3 pages successfully)
2026-10-07T00:51:30.6363150Z   - find_in_page → Some(true), request_pdf → 12150 bytes
2026-10-07T00:51:30.6363340Z demo-mac: browser-test: PASS — items 1, 3, 4, 9 verified at runtime
2026-10-07T00:51:30.6363550Z   - history controls (go_back/go_forward observed via SourceChanged events)
2026-10-07T00:51:30.6363740Z   - settings (apply_settings returned Ok)
2026-10-07T00:51:30.6363900Z   - URL schemes (scrying-test:// served 3 pages successfully)
2026-10-07T00:51:30.6364110Z   - find_in_page → Some(true), request_pdf → 12150 bytes
2026-10-07T00:51:30.6364320Z demo-mac: browser-test: PASS — items 1, 3, 4, 9 verified at runtime
2026-10-07T00:51:30.6364530Z   - history controls (go_back/go_forward observed via SourceChanged events)
2026-10-07T00:51:30.6364730Z   - settings (apply_settings returned Ok)
2026-10-07T00:51:30.6364880Z   - URL schemes (scrying-test:// served 3 pages successfully)
2026-10-07T00:51:30.6365080Z   - find_in_page → Some(true), request_pdf → 12150 bytes
2026-10-07T00:51:30.6365270Z demo-mac: browser-test: PASS — items 1, 3, 4, 9 verified at runtime
2026-10-07T00:51:30.6365610Z   - history controls (go_back/go_forward observed via SourceChanged events)
2026-10-07T00:51:30.6365860Z   - settings (apply_settings returned Ok)
2026-10-07T00:51:30.6366020Z   - URL schemes (scrying-test:// served 3 pages successfully)
2026-10-07T00:51:30.6366210Z   - find_in_page → Some(true), request_pdf → 12150 bytes
2026-10-07T00:51:30.6366420Z demo-mac: browser-test: PASS — items 1, 3, 4, 9 verified at runtime
2026-10-07T00:51:30.6366630Z   - history controls (go_back/go_forward observed via SourceChanged events)
2026-10-07T00:51:30.6366810Z   - settings (apply_settings returned Ok)
2026-10-07T00:51:30.6366970Z   - URL schemes (scrying-test:// served 3 pages successfully)
2026-10-07T00:51:30.6367170Z   - find_in_page → Some(true), request_pdf → 12150 bytes
2026-10-07T00:51:30.6367380Z demo-mac: browser-test: PASS — items 1, 3, 4, 9 verified at runtime
2026-10-07T00:51:30.6367590Z   - history controls (go_back/go_forward observed via SourceChanged events)
2026-10-07T00:51:30.6367780Z   - settings (apply_settings returned Ok)
2026-10-07T00:51:30.6367950Z   - URL schemes (scrying-test:// served 3 pages successfully)
2026-10-07T00:51:30.6368140Z   - find_in_page → Some(true), request_pdf → 12150 bytes
2026-10-07T00:51:30.6368340Z demo-mac: browser-test: PASS — items 1, 3, 4, 9 verified at runtime
2026-10-07T00:51:30.6368550Z   - history controls (go_back/go_forward observed via SourceChanged events)
2026-10-07T00:51:30.6368730Z   - settings (apply_settings returned Ok)
2026-10-07T00:51:30.6368870Z   - URL schemes (scrying-test:// served 3 pages successfully)
2026-10-07T00:51:30.6369050Z   - find_in_page → Some(true), request_pdf → 12150 bytes
2026-10-07T00:51:30.6369240Z demo-mac: browser-test: PASS — items 1, 3, 4, 9 verified at runtime
2026-10-07T00:51:30.6369430Z   - history controls (go_back/go_forward observed via SourceChanged events)
2026-10-07T00:51:30.6369670Z   - settings (apply_settings returned Ok)
2026-10-07T00:51:30.6369820Z   - URL schemes (scrying-test:// served 3 pages successfully)
2026-10-07T00:51:30.6370020Z   - find_in_page → Some(true), request_pdf → 12150 bytes
2026-10-07T00:51:30.6370220Z demo-mac: browser-test: PASS — items 1, 3, 4, 9 verified at runtime
2026-10-07T00:51:30.6370430Z   - history controls (go_back/go_forward observed via SourceChanged events)
2026-10-07T00:51:30.6370610Z   - settings (apply_settings returned Ok)
2026-10-07T00:51:30.6370760Z   - URL schemes (scrying-test:// served 3 pages successfully)
2026-10-07T00:51:30.6370940Z   - find_in_page → Some(true), request_pdf → 12150 bytes
2026-10-07T00:51:30.6371130Z demo-mac: browser-test: PASS — items 1, 3, 4, 9 verified at runtime
2026-10-07T00:51:30.6371330Z   - history controls (go_back/go_forward observed via SourceChanged events)
2026-10-07T00:51:30.6371500Z   - settings (apply_settings returned Ok)
2026-10-07T00:51:30.6371650Z   - URL schemes (scrying-test:// served 3 pages successfully)
2026-10-07T00:51:30.6371830Z   - find_in_page → Some(true), request_pdf → 12150 bytes
2026-10-07T00:51:30.6372010Z demo-mac: browser-test: PASS — items 1, 3, 4, 9 verified at runtime
2026-10-07T00:51:30.6372220Z   - history controls (go_back/go_forward observed via SourceChanged events)
2026-10-07T00:51:30.6372390Z   - settings (apply_settings returned Ok)
2026-10-07T00:51:30.6372530Z   - URL schemes (scrying-test:// served 3 pages successfully)
2026-10-07T00:51:30.6372710Z   - find_in_page → Some(true), request_pdf → 12150 bytes
2026-10-07T00:51:30.6372900Z demo-mac: browser-test: PASS — items 1, 3, 4, 9 verified at runtime
2026-10-07T00:51:30.6373100Z   - history controls (go_back/go_forward observed via SourceChanged events)
2026-10-07T00:51:30.6373270Z   - settings (apply_settings returned Ok)
2026-10-07T00:51:30.6373410Z   - URL schemes (scrying-test:// served 3 pages successfully)
2026-10-07T00:51:30.6373600Z   - find_in_page → Some(true), request_pdf → 12150 bytes
2026-10-07T00:51:30.6373790Z demo-mac: browser-test: PASS — items 1, 3, 4, 9 verified at runtime
2026-10-07T00:51:30.6373990Z   - history controls (go_back/go_forward observed via SourceChanged events)
2026-10-07T00:51:30.6374250Z   - settings (apply_settings returned Ok)
2026-10-07T00:51:30.6374390Z   - URL schemes (scrying-test:// served 3 pages successfully)
2026-10-07T00:51:30.6374570Z   - find_in_page → Some(true), request_pdf → 12150 bytes
2026-10-07T00:51:30.6374760Z demo-mac: browser-test: PASS — items 1, 3, 4, 9 verified at runtime
2026-10-07T00:51:30.6374960Z   - history controls (go_back/go_forward observed via SourceChanged events)
2026-10-07T00:51:30.6375120Z   - settings (apply_settings returned Ok)
2026-10-07T00:51:30.6375270Z   - URL schemes (scrying-test:// served 3 pages successfully)
2026-10-07T00:51:30.6375440Z   - find_in_page → Some(true), request_pdf → 12150 bytes
2026-10-07T00:51:30.6375640Z demo-mac: browser-test: PASS — items 1, 3, 4, 9 verified at runtime
2026-10-07T00:51:30.6375840Z   - history controls (go_back/go_forward observed via SourceChanged events)
2026-10-07T00:51:30.6376010Z   - settings (apply_settings returned Ok)
2026-10-07T00:51:30.6376150Z   - URL schemes (scrying-test:// served 3 pages successfully)
2026-10-07T00:51:30.6376330Z   - find_in_page → Some(true), request_pdf → 12150 bytes
2026-10-07T00:51:30.6376520Z demo-mac: browser-test: PASS — items 1, 3, 4, 9 verified at runtime
2026-10-07T00:51:30.6376720Z   - history controls (go_back/go_forward observed via SourceChanged events)
2026-10-07T00:51:30.6376890Z   - settings (apply_settings returned Ok)
2026-10-07T00:51:30.6377030Z   - URL schemes (scrying-test:// served 3 pages successfully)
2026-10-07T00:51:30.6377210Z   - find_in_page → Some(true), request_pdf → 12150 bytes
2026-10-07T00:51:30.6377400Z demo-mac: browser-test: PASS — items 1, 3, 4, 9 verified at runtime
2026-10-07T00:51:30.6377590Z   - history controls (go_back/go_forward observed via SourceChanged events)
2026-10-07T00:51:30.6377760Z   - settings (apply_settings returned Ok)
2026-10-07T00:51:30.6377970Z   - URL schemes (scrying-test:// served 3 pages successfully)
2026-10-07T00:51:30.6378150Z   - find_in_page → Some(true), request_pdf → 12150 bytes
2026-10-07T00:51:30.6378340Z demo-mac: browser-test: PASS — items 1, 3, 4, 9 verified at runtime
2026-10-07T00:51:30.6378540Z   - history controls (go_back/go_forward observed via SourceChanged events)
2026-10-07T00:51:30.6378710Z   - settings (apply_settings returned Ok)
2026-10-07T00:51:30.6378850Z   - URL schemes (scrying-test:// served 3 pages successfully)
2026-10-07T00:51:30.6379030Z   - find_in_page → Some(true), request_pdf → 12150 bytes
2026-10-07T00:51:30.6379220Z demo-mac: browser-test: PASS — items 1, 3, 4, 9 verified at runtime
2026-10-07T00:51:30.6379410Z   - history controls (go_back/go_forward observed via SourceChanged events)
2026-10-07T00:51:30.6379580Z   - settings (apply_settings returned Ok)
2026-10-07T00:51:30.6379730Z   - URL schemes (scrying-test:// served 3 pages successfully)
2026-10-07T00:51:30.6379910Z   - find_in_page → Some(true), request_pdf → 12150 bytes
2026-10-07T00:51:30.6380090Z demo-mac: browser-test: PASS — items 1, 3, 4, 9 verified at runtime
2026-10-07T00:51:30.6380290Z   - history controls (go_back/go_forward observed via SourceChanged events)
2026-10-07T00:51:30.6380460Z   - settings (apply_settings returned Ok)
2026-10-07T00:51:30.6380610Z   - URL schemes (scrying-test:// served 3 pages successfully)
2026-10-07T00:51:30.6380790Z   - find_in_page → Some(true), request_pdf → 12150 bytes
2026-10-07T00:51:30.6380970Z demo-mac: browser-test: PASS — items 1, 3, 4, 9 verified at runtime
2026-10-07T00:51:30.6381170Z   - history controls (go_back/go_forward observed via SourceChanged events)
2026-10-07T00:51:30.6381340Z   - settings (apply_settings returned Ok)
2026-10-07T00:51:30.6381480Z   - URL schemes (scrying-test:// served 3 pages successfully)
2026-10-07T00:51:30.6381660Z   - find_in_page → Some(true), request_pdf → 12150 bytes
2026-10-07T00:51:30.6381850Z demo-mac: browser-test: PASS — items 1, 3, 4, 9 verified at runtime
2026-10-07T00:51:30.6382050Z   - history controls (go_back/go_forward observed via SourceChanged events)
2026-10-07T00:51:30.6382220Z   - settings (apply_settings returned Ok)
2026-10-07T00:51:30.6382410Z   - URL schemes (scrying-test:// served 3 pages successfully)
2026-10-07T00:51:30.6382590Z   - find_in_page → Some(true), request_pdf → 12150 bytes
2026-10-07T00:51:30.6382770Z demo-mac: browser-test: PASS — items 1, 3, 4, 9 verified at runtime
2026-10-07T00:51:30.6382970Z   - history controls (go_back/go_forward observed via SourceChanged events)
2026-10-07T00:51:30.6383140Z   - settings (apply_settings returned Ok)
2026-10-07T00:51:30.6383290Z   - URL schemes (scrying-test:// served 3 pages successfully)
2026-10-07T00:51:30.6383460Z   - find_in_page → Some(true), request_pdf → 12150 bytes
2026-10-07T00:51:30.6383650Z demo-mac: browser-test: PASS — items 1, 3, 4, 9 verified at runtime
2026-10-07T00:51:30.6383850Z   - history controls (go_back/go_forward observed via SourceChanged events)
2026-10-07T00:51:30.6384020Z   - settings (apply_settings returned Ok)
2026-10-07T00:51:30.6384170Z   - URL schemes (scrying-test:// served 3 pages successfully)
2026-10-07T00:51:30.6384350Z   - find_in_page → Some(true), request_pdf → 12150 bytes
2026-10-07T00:51:30.6384540Z demo-mac: browser-test: PASS — items 1, 3, 4, 9 verified at runtime
2026-10-07T00:51:30.6384750Z   - history controls (go_back/go_forward observed via SourceChanged events)
2026-10-07T00:51:30.6384920Z   - settings (apply_settings returned Ok)
2026-10-07T00:51:30.6385060Z   - URL schemes (scrying-test:// served 3 pages successfully)
2026-10-07T00:51:30.6385240Z   - find_in_page → Some(true), request_pdf → 12150 bytes
2026-10-07T00:51:30.6385420Z demo-mac: browser-test: PASS — items 1, 3, 4, 9 verified at runtime
2026-10-07T00:51:30.6385630Z   - history controls (go_back/go_forward observed via SourceChanged events)
2026-10-07T00:51:30.6385800Z   - settings (apply_settings returned Ok)
2026-10-07T00:51:30.6386080Z   - URL schemes (scrying-test:// served 3 pages successfully)
2026-10-07T00:51:30.6386330Z   - find_in_page → Some(true), request_pdf → 12150 bytes
2026-10-07T00:51:30.6386540Z demo-mac: browser-test: PASS — items 1, 3, 4, 9 verified at runtime
2026-10-07T00:51:30.6386770Z   - history controls (go_back/go_forward observed via SourceChanged events)
2026-10-07T00:51:30.6386960Z   - settings (apply_settings returned Ok)
2026-10-07T00:51:30.6387120Z   - URL schemes (scrying-test:// served 3 pages successfully)
2026-10-07T00:51:30.6387320Z   - find_in_page → Some(true), request_pdf → 12150 bytes
2026-10-07T00:51:30.6387530Z demo-mac: browser-test: PASS — items 1, 3, 4, 9 verified at runtime
2026-10-07T00:51:30.6387750Z   - history controls (go_back/go_forward observed via SourceChanged events)
2026-10-07T00:51:30.6387940Z   - settings (apply_settings returned Ok)
2026-10-07T00:51:30.6388100Z   - URL schemes (scrying-test:// served 3 pages successfully)
2026-10-07T00:51:30.6388310Z   - find_in_page → Some(true), request_pdf → 12150 bytes
2026-10-07T00:51:30.6388520Z demo-mac: browser-test: PASS — items 1, 3, 4, 9 verified at runtime
2026-10-07T00:51:30.6388740Z   - history controls (go_back/go_forward observed via SourceChanged events)
2026-10-07T00:51:30.6388930Z   - settings (apply_settings returned Ok)
2026-10-07T00:51:30.6389100Z   - URL schemes (scrying-test:// served 3 pages successfully)
2026-10-07T00:51:30.6389300Z   - find_in_page → Some(true), request_pdf → 12150 bytes
2026-10-07T00:51:30.6389510Z demo-mac: browser-test: PASS — items 1, 3, 4, 9 verified at runtime
2026-10-07T00:51:30.6389700Z   - history controls (go_back/go_forward observed via SourceChanged events)
2026-10-07T00:51:30.6389870Z   - settings (apply_settings returned Ok)
2026-10-07T00:51:30.6390010Z   - URL schemes (scrying-test:// served 3 pages successfully)
2026-10-07T00:51:30.6390190Z   - find_in_page → Some(true), request_pdf → 12150 bytes
2026-10-07T00:51:30.6390380Z demo-mac: browser-test: PASS — items 1, 3, 4, 9 verified at runtime
2026-10-07T00:51:30.6390580Z   - history controls (go_back/go_forward observed via SourceChanged events)
2026-10-07T00:51:30.6390750Z   - settings (apply_settings returned Ok)
2026-10-07T00:51:30.6390960Z   - URL schemes (scrying-test:// served 3 pages successfully)
2026-10-07T00:51:30.6391140Z   - find_in_page → Some(true), request_pdf → 12150 bytes
2026-10-07T00:51:30.6391330Z demo-mac: browser-test: PASS — items 1, 3, 4, 9 verified at runtime
2026-10-07T00:51:30.6391530Z   - history controls (go_back/go_forward observed via SourceChanged events)
2026-10-07T00:51:30.6391690Z   - settings (apply_settings returned Ok)
2026-10-07T00:51:30.6391840Z   - URL schemes (scrying-test:// served 3 pages successfully)
2026-10-07T00:51:30.6392010Z   - find_in_page → Some(true), request_pdf → 12150 bytes
2026-10-07T00:51:30.6392200Z demo-mac: browser-test: PASS — items 1, 3, 4, 9 verified at runtime
2026-10-07T00:51:30.6392400Z   - history controls (go_back/go_forward observed via SourceChanged events)
2026-10-07T00:51:30.6392570Z   - settings (apply_settings returned Ok)
2026-10-07T00:51:30.6392710Z   - URL schemes (scrying-test:// served 3 pages successfully)
2026-10-07T00:51:30.6392890Z   - find_in_page → Some(true), request_pdf → 12150 bytes
2026-10-07T00:51:30.6393080Z demo-mac: browser-test: PASS — items 1, 3, 4, 9 verified at runtime
2026-10-07T00:51:30.6393280Z   - history controls (go_back/go_forward observed via SourceChanged events)
2026-10-07T00:51:30.6393450Z   - settings (apply_settings returned Ok)
2026-10-07T00:51:30.6393590Z   - URL schemes (scrying-test:// served 3 pages successfully)
2026-10-07T00:51:30.6393770Z   - find_in_page → Some(true), request_pdf → 12150 bytes
2026-10-07T00:51:30.6393960Z demo-mac: browser-test: PASS — items 1, 3, 4, 9 verified at runtime
2026-10-07T00:51:30.6394160Z   - history controls (go_back/go_forward observed via SourceChanged events)
2026-10-07T00:51:30.6394330Z   - settings (apply_settings returned Ok)
2026-10-07T00:51:30.6394470Z   - URL schemes (scrying-test:// served 3 pages successfully)
2026-10-07T00:51:30.6394730Z   - find_in_page → Some(true), request_pdf → 12150 bytes
2026-10-07T00:51:30.6394920Z demo-mac: browser-test: PASS — items 1, 3, 4, 9 verified at runtime
2026-10-07T00:51:30.6395120Z   - history controls (go_back/go_forward observed via SourceChanged events)
2026-10-07T00:51:30.6395290Z   - settings (apply_settings returned Ok)
2026-10-07T00:51:30.6395440Z   - URL schemes (scrying-test:// served 3 pages successfully)
2026-10-07T00:51:30.6395620Z   - find_in_page → Some(true), request_pdf → 12150 bytes
2026-10-07T00:51:30.6395820Z demo-mac: browser-test: PASS — items 1, 3, 4, 9 verified at runtime
2026-10-07T00:51:30.6396020Z   - history controls (go_back/go_forward observed via SourceChanged events)
2026-10-07T00:51:30.6396190Z   - settings (apply_settings returned Ok)
2026-10-07T00:51:30.6396330Z   - URL schemes (scrying-test:// served 3 pages successfully)
2026-10-07T00:51:30.6396510Z   - find_in_page → Some(true), request_pdf → 12150 bytes
2026-10-07T00:51:30.6396700Z demo-mac: browser-test: PASS — items 1, 3, 4, 9 verified at runtime
2026-10-07T00:51:30.6396900Z   - history controls (go_back/go_forward observed via SourceChanged events)
2026-10-07T00:51:30.6397070Z   - settings (apply_settings returned Ok)
2026-10-07T00:51:30.6397220Z   - URL schemes (scrying-test:// served 3 pages successfully)
2026-10-07T00:51:30.6397400Z   - find_in_page → Some(true), request_pdf → 12150 bytes
2026-10-07T00:51:30.6397590Z demo-mac: browser-test: PASS — items 1, 3, 4, 9 verified at runtime
2026-10-07T00:51:30.6397790Z   - history controls (go_back/go_forward observed via SourceChanged events)
2026-10-07T00:51:30.6397950Z   - settings (apply_settings returned Ok)
2026-10-07T00:51:30.6398100Z   - URL schemes (scrying-test:// served 3 pages successfully)
2026-10-07T00:51:30.6398270Z   - find_in_page → Some(true), request_pdf → 12150 bytes
2026-10-07T00:51:30.6398460Z demo-mac: browser-test: PASS — items 1, 3, 4, 9 verified at runtime
2026-10-07T00:51:30.6398670Z   - history controls (go_back/go_forward observed via SourceChanged events)
2026-10-07T00:51:30.6398840Z   - settings (apply_settings returned Ok)
2026-10-07T00:51:30.6398980Z   - URL schemes (scrying-test:// served 3 pages successfully)
2026-10-07T00:51:30.6399200Z   - find_in_page → Some(true), request_pdf → 12150 bytes
2026-10-07T00:51:30.6399380Z demo-mac: browser-test: PASS — items 1, 3, 4, 9 verified at runtime
2026-10-07T00:51:30.6399580Z   - history controls (go_back/go_forward observed via SourceChanged events)
2026-10-07T00:51:30.6399750Z   - settings (apply_settings returned Ok)
2026-10-07T00:51:30.6399900Z   - URL schemes (scrying-test:// served 3 pages successfully)
2026-10-07T00:51:30.6400070Z   - find_in_page → Some(true), request_pdf → 12150 bytes
2026-10-07T00:51:30.6400260Z demo-mac: browser-test: PASS — items 1, 3, 4, 9 verified at runtime
2026-10-07T00:51:30.6400460Z   - history controls (go_back/go_forward observed via SourceChanged events)
2026-10-07T00:51:30.6400640Z   - settings (apply_settings returned Ok)
2026-10-07T00:51:30.6400800Z   - URL schemes (scrying-test:// served 3 pages successfully)
2026-10-07T00:51:30.6401000Z   - find_in_page → Some(true), request_pdf → 12150 bytes
2026-10-07T00:51:30.6401210Z demo-mac: browser-test: PASS — items 1, 3, 4, 9 verified at runtime
2026-10-07T00:51:30.6401430Z   - history controls (go_back/go_forward observed via SourceChanged events)
2026-10-07T00:51:30.6401620Z   - settings (apply_settings returned Ok)
2026-10-07T00:51:30.6401780Z   - URL schemes (scrying-test:// served 3 pages successfully)
2026-10-07T00:51:30.6401980Z   - find_in_page → Some(true), request_pdf → 12150 bytes
2026-10-07T00:51:30.6402180Z demo-mac: browser-test: PASS — items 1, 3, 4, 9 verified at runtime
2026-10-07T00:51:30.6402400Z   - history controls (go_back/go_forward observed via SourceChanged events)
2026-10-07T00:51:30.6402590Z   - settings (apply_settings returned Ok)
2026-10-07T00:51:30.6402750Z   - URL schemes (scrying-test:// served 3 pages successfully)
2026-10-07T00:51:30.6403010Z   - find_in_page → Some(true), request_pdf → 12150 bytes
2026-10-07T00:51:30.6403220Z demo-mac: browser-test: PASS — items 1, 3, 4, 9 verified at runtime
2026-10-07T00:51:30.6403440Z   - history controls (go_back/go_forward observed via SourceChanged events)
2026-10-07T00:51:30.6403620Z   - settings (apply_settings returned Ok)
2026-10-07T00:51:30.6403770Z   - URL schemes (scrying-test:// served 3 pages successfully)
2026-10-07T00:51:30.6403940Z   - find_in_page → Some(true), request_pdf → 12150 bytes
2026-10-07T00:51:30.6404140Z demo-mac: browser-test: PASS — items 1, 3, 4, 9 verified at runtime
2026-10-07T00:51:30.6404330Z   - history controls (go_back/go_forward observed via SourceChanged events)
2026-10-07T00:51:30.6404500Z   - settings (apply_settings returned Ok)
2026-10-07T00:51:30.6404640Z   - URL schemes (scrying-test:// served 3 pages successfully)
2026-10-07T00:51:30.6404820Z   - find_in_page → Some(true), request_pdf → 12150 bytes
2026-10-07T00:51:30.6405010Z demo-mac: browser-test: PASS — items 1, 3, 4, 9 verified at runtime
2026-10-07T00:51:30.6405260Z   - history controls (go_back/go_forward observed via SourceChanged events)
2026-10-07T00:51:30.6405430Z   - settings (apply_settings returned Ok)
2026-10-07T00:51:30.6405570Z   - URL schemes (scrying-test:// served 3 pages successfully)
2026-10-07T00:51:30.6405750Z   - find_in_page → Some(true), request_pdf → 12150 bytes
2026-10-07T00:51:30.6405960Z demo-mac: browser-test: PASS — items 1, 3, 4, 9 verified at runtime
2026-10-07T00:51:30.6406160Z   - history controls (go_back/go_forward observed via SourceChanged events)
2026-10-07T00:51:30.6406330Z   - settings (apply_settings returned Ok)
2026-10-07T00:51:30.6406470Z   - URL schemes (scrying-test:// served 3 pages successfully)
2026-10-07T00:51:30.6406650Z   - find_in_page → Some(true), request_pdf → 12150 bytes
2026-10-07T00:51:30.6406840Z demo-mac: browser-test: PASS — items 1, 3, 4, 9 verified at runtime
2026-10-07T00:51:30.6407030Z   - history controls (go_back/go_forward observed via SourceChanged events)
2026-10-07T00:51:30.6407200Z   - settings (apply_settings returned Ok)
2026-10-07T00:51:30.6407350Z   - URL schemes (scrying-test:// served 3 pages successfully)
2026-10-07T00:51:30.6407600Z   - find_in_page → Some(true), request_pdf → 12150 bytes
2026-10-07T00:51:30.6407790Z demo-mac: browser-test: PASS — items 1, 3, 4, 9 verified at runtime
2026-10-07T00:51:30.6407990Z   - history controls (go_back/go_forward observed via SourceChanged events)
2026-10-07T00:51:30.6408160Z   - settings (apply_settings returned Ok)
2026-10-07T00:51:30.6408380Z   - URL schemes (scrying-test:// served 3 pages successfully)
2026-10-07T00:51:30.6408560Z   - find_in_page → Some(true), request_pdf → 12150 bytes
2026-10-07T00:51:30.6408750Z demo-mac: browser-test: PASS — items 1, 3, 4, 9 verified at runtime
2026-10-07T00:51:30.6408940Z   - history controls (go_back/go_forward observed via SourceChanged events)
2026-10-07T00:51:30.6409110Z   - settings (apply_settings returned Ok)
2026-10-07T00:51:30.6409260Z   - URL schemes (scrying-test:// served 3 pages successfully)
2026-10-07T00:51:30.6409440Z   - find_in_page → Some(true), request_pdf → 12150 bytes
2026-10-07T00:51:30.6409630Z demo-mac: browser-test: PASS — items 1, 3, 4, 9 verified at runtime
2026-10-07T00:51:30.6409900Z   - history controls (go_back/go_forward observed via SourceChanged events)
2026-10-07T00:51:30.6410080Z   - settings (apply_settings returned Ok)
2026-10-07T00:51:30.6410240Z   - URL schemes (scrying-test:// served 3 pages successfully)
2026-10-07T00:51:30.6410440Z   - find_in_page → Some(true), request_pdf → 12150 bytes
2026-10-07T00:51:30.6410650Z demo-mac: browser-test: PASS — items 1, 3, 4, 9 verified at runtime
2026-10-07T00:51:30.6410870Z   - history controls (go_back/go_forward observed via SourceChanged events)
2026-10-07T00:51:30.6411050Z   - settings (apply_settings returned Ok)
2026-10-07T00:51:30.6411210Z   - URL schemes (scrying-test:// served 3 pages successfully)
2026-10-07T00:51:30.6411410Z   - find_in_page → Some(true), request_pdf → 12150 bytes
2026-10-07T00:51:30.6411700Z demo-mac: browser-test: PASS — items 1, 3, 4, 9 verified at runtime
2026-10-07T00:51:30.6411920Z   - history controls (go_back/go_forward observed via SourceChanged events)
2026-10-07T00:51:30.6412120Z   - settings (apply_settings returned Ok)
2026-10-07T00:51:30.6412280Z   - URL schemes (scrying-test:// served 3 pages successfully)
2026-10-07T00:51:30.6412480Z   - find_in_page → Some(true), request_pdf → 12150 bytes
2026-10-07T00:51:30.6412690Z demo-mac: browser-test: PASS — items 1, 3, 4, 9 verified at runtime
2026-10-07T00:51:30.6412910Z   - history controls (go_back/go_forward observed via SourceChanged events)
2026-10-07T00:51:30.6413100Z   - settings (apply_settings returned Ok)
2026-10-07T00:51:30.6413260Z   - URL schemes (scrying-test:// served 3 pages successfully)
2026-10-07T00:51:30.6413450Z   - find_in_page → Some(true), request_pdf → 12150 bytes
2026-10-07T00:51:30.6413640Z demo-mac: browser-test: PASS — items 1, 3, 4, 9 verified at runtime
2026-10-07T00:51:30.6413840Z   - history controls (go_back/go_forward observed via SourceChanged events)
2026-10-07T00:51:30.6414010Z   - settings (apply_settings returned Ok)
2026-10-07T00:51:30.6414160Z   - URL schemes (scrying-test:// served 3 pages successfully)
2026-10-07T00:51:30.6414340Z   - find_in_page → Some(true), request_pdf → 12150 bytes
2026-10-07T00:51:30.6414530Z demo-mac: browser-test: PASS — items 1, 3, 4, 9 verified at runtime
2026-10-07T00:51:30.6414730Z   - history controls (go_back/go_forward observed via SourceChanged events)
2026-10-07T00:51:30.6414890Z   - settings (apply_settings returned Ok)
2026-10-07T00:51:30.6415040Z   - URL schemes (scrying-test:// served 3 pages successfully)
2026-10-07T00:51:30.6415220Z   - find_in_page → Some(true), request_pdf → 12150 bytes
2026-10-07T00:51:30.6415400Z demo-mac: browser-test: PASS — items 1, 3, 4, 9 verified at runtime
2026-10-07T00:51:30.6415600Z   - history controls (go_back/go_forward observed via SourceChanged events)
2026-10-07T00:51:30.6415770Z   - settings (apply_settings returned Ok)
2026-10-07T00:51:30.6415920Z   - URL schemes (scrying-test:// served 3 pages successfully)
2026-10-07T00:51:30.6416100Z   - find_in_page → Some(true), request_pdf → 12150 bytes
2026-10-07T00:51:30.6416320Z demo-mac: browser-test: PASS — items 1, 3, 4, 9 verified at runtime
2026-10-07T00:51:30.6416520Z   - history controls (go_back/go_forward observed via SourceChanged events)
2026-10-07T00:51:30.6416690Z   - settings (apply_settings returned Ok)
2026-10-07T00:51:30.6416830Z   - URL schemes (scrying-test:// served 3 pages successfully)
2026-10-07T00:51:30.6417010Z   - find_in_page → Some(true), request_pdf → 12150 bytes
2026-10-07T00:51:30.6417200Z demo-mac: browser-test: PASS — items 1, 3, 4, 9 verified at runtime
2026-10-07T00:51:30.6417400Z   - history controls (go_back/go_forward observed via SourceChanged events)
2026-10-07T00:51:30.6417570Z   - settings (apply_settings returned Ok)
2026-10-07T00:51:30.6417740Z   - URL schemes (scrying-test:// served 3 pages successfully)
2026-10-07T00:51:30.6417960Z   - find_in_page → Some(true), request_pdf → 12150 bytes
2026-10-07T00:51:30.6418230Z demo-mac: browser-test: PASS — items 1, 3, 4, 9 verified at runtime
2026-10-07T00:51:30.6418440Z   - history controls (go_back/go_forward observed via SourceChanged events)
2026-10-07T00:51:30.6418640Z   - settings (apply_settings returned Ok)
2026-10-07T00:51:30.6418810Z   - URL schemes (scrying-test:// served 3 pages successfully)
2026-10-07T00:51:30.6419020Z   - find_in_page → Some(true), request_pdf → 12150 bytes
2026-10-07T00:51:30.6419220Z demo-mac: browser-test: PASS — items 1, 3, 4, 9 verified at runtime
2026-10-07T00:51:30.6419480Z   - history controls (go_back/go_forward observed via SourceChanged events)
2026-10-07T00:51:30.6419670Z   - settings (apply_settings returned Ok)
2026-10-07T00:51:30.6419860Z   - URL schemes (scrying-test:// served 3 pages successfully)
2026-10-07T00:51:30.6423690Z   - find_in_page → Some(true), request_pdf → 12150 bytes
2026-10-07T00:51:30.6424010Z demo-mac: browser-test: PASS — items 1, 3, 4, 9 verified at runtime
2026-10-07T00:51:30.6424210Z   - history controls (go_back/go_forward observed via SourceChanged events)
2026-10-07T00:51:30.6424380Z   - settings (apply_settings returned Ok)
2026-10-07T00:51:30.6424550Z   - URL schemes (scrying-test:// served 3 pages successfully)
2026-10-07T00:51:30.6424800Z   - find_in_page → Some(true), request_pdf → 12150 bytes
2026-10-07T00:51:30.6425050Z demo-mac: browser-test: PASS — items 1, 3, 4, 9 verified at runtime
2026-10-07T00:51:30.6425250Z   - history controls (go_back/go_forward observed via SourceChanged events)
2026-10-07T00:51:30.6425410Z   - settings (apply_settings returned Ok)
2026-10-07T00:51:30.6425560Z   - URL schemes (scrying-test:// served 3 pages successfully)
2026-10-07T00:51:30.6425730Z   - find_in_page → Some(true), request_pdf → 12150 bytes
2026-10-07T00:51:30.6425920Z demo-mac: browser-test: PASS — items 1, 3, 4, 9 verified at runtime
2026-10-07T00:51:30.6426120Z   - history controls (go_back/go_forward observed via SourceChanged events)
2026-10-07T00:51:30.6426290Z   - settings (apply_settings returned Ok)
2026-10-07T00:51:30.6426440Z   - URL schemes (scrying-test:// served 3 pages successfully)
2026-10-07T00:51:30.6426620Z   - find_in_page → Some(true), request_pdf → 12150 bytes
2026-10-07T00:51:30.6426810Z demo-mac: browser-test: PASS — items 1, 3, 4, 9 verified at runtime
2026-10-07T00:51:30.6427000Z   - history controls (go_back/go_forward observed via SourceChanged events)
2026-10-07T00:51:30.6427170Z   - settings (apply_settings returned Ok)
2026-10-07T00:51:30.6427310Z   - URL schemes (scrying-test:// served 3 pages successfully)
2026-10-07T00:51:30.6427490Z   - find_in_page → Some(true), request_pdf → 12150 bytes
2026-10-07T00:51:30.6427680Z demo-mac: browser-test: PASS — items 1, 3, 4, 9 verified at runtime
2026-10-07T00:51:30.6427880Z   - history controls (go_back/go_forward observed via SourceChanged events)
2026-10-07T00:51:30.6428050Z   - settings (apply_settings returned Ok)
2026-10-07T00:51:30.6428200Z   - URL schemes (scrying-test:// served 3 pages successfully)
2026-10-07T00:51:30.6428380Z   - find_in_page → Some(true), request_pdf → 12150 bytes
2026-10-07T00:51:30.6428570Z demo-mac: browser-test: PASS — items 1, 3, 4, 9 verified at runtime
2026-10-07T00:51:30.6428810Z   - history controls (go_back/go_forward observed via SourceChanged events)
2026-10-07T00:51:30.6428980Z   - settings (apply_settings returned Ok)
2026-10-07T00:51:30.6429130Z   - URL schemes (scrying-test:// served 3 pages successfully)
2026-10-07T00:51:30.6429310Z   - find_in_page → Some(true), request_pdf → 12150 bytes
2026-10-07T00:51:30.6429500Z demo-mac: browser-test: PASS — items 1, 3, 4, 9 verified at runtime
2026-10-07T00:51:30.6429700Z   - history controls (go_back/go_forward observed via SourceChanged events)
2026-10-07T00:51:30.6429870Z   - settings (apply_settings returned Ok)
2026-10-07T00:51:30.6430020Z   - URL schemes (scrying-test:// served 3 pages successfully)
2026-10-07T00:51:30.6430220Z   - find_in_page → Some(true), request_pdf → 12150 bytes
2026-10-07T00:51:30.6430430Z demo-mac: browser-test: PASS — items 1, 3, 4, 9 verified at runtime
2026-10-07T00:51:30.6430650Z   - history controls (go_back/go_forward observed via SourceChanged events)
2026-10-07T00:51:30.6430840Z   - settings (apply_settings returned Ok)
2026-10-07T00:51:30.6431000Z   - URL schemes (scrying-test:// served 3 pages successfully)
2026-10-07T00:51:30.6431200Z   - find_in_page → Some(true), request_pdf → 12150 bytes
2026-10-07T00:51:30.6431400Z demo-mac: browser-test: PASS — items 1, 3, 4, 9 verified at runtime
2026-10-07T00:51:30.6431620Z   - history controls (go_back/go_forward observed via SourceChanged events)
2026-10-07T00:51:30.6431810Z   - settings (apply_settings returned Ok)
2026-10-07T00:51:30.6431970Z   - URL schemes (scrying-test:// served 3 pages successfully)
2026-10-07T00:51:30.6432160Z   - find_in_page → Some(true), request_pdf → 12150 bytes
2026-10-07T00:51:30.6432370Z demo-mac: browser-test: PASS — items 1, 3, 4, 9 verified at runtime
2026-10-07T00:51:30.6432700Z   - history controls (go_back/go_forward observed via SourceChanged events)
2026-10-07T00:51:30.6432890Z   - settings (apply_settings returned Ok)
2026-10-07T00:51:30.6433060Z   - URL schemes (scrying-test:// served 3 pages successfully)
2026-10-07T00:51:30.6433260Z   - find_in_page → Some(true), request_pdf → 12150 bytes
2026-10-07T00:51:30.6433470Z demo-mac: browser-test: PASS — items 1, 3, 4, 9 verified at runtime
2026-10-07T00:51:30.6433670Z   - history controls (go_back/go_forward observed via SourceChanged events)
2026-10-07T00:51:30.6433830Z   - settings (apply_settings returned Ok)
2026-10-07T00:51:30.6433980Z   - URL schemes (scrying-test:// served 3 pages successfully)
2026-10-07T00:51:30.6434160Z   - find_in_page → Some(true), request_pdf → 12150 bytes
2026-10-07T00:51:30.6434340Z demo-mac: browser-test: PASS — items 1, 3, 4, 9 verified at runtime
2026-10-07T00:51:30.6434540Z   - history controls (go_back/go_forward observed via SourceChanged events)
2026-10-07T00:51:30.6434710Z   - settings (apply_settings returned Ok)
2026-10-07T00:51:30.6434860Z   - URL schemes (scrying-test:// served 3 pages successfully)
2026-10-07T00:51:30.6435030Z   - find_in_page → Some(true), request_pdf → 12150 bytes
2026-10-07T00:51:30.6435230Z demo-mac: browser-test: PASS — items 1, 3, 4, 9 verified at runtime
2026-10-07T00:51:30.6435430Z   - history controls (go_back/go_forward observed via SourceChanged events)
2026-10-07T00:51:30.6435590Z   - settings (apply_settings returned Ok)
2026-10-07T00:51:30.6435740Z   - URL schemes (scrying-test:// served 3 pages successfully)
2026-10-07T00:51:30.6435920Z   - find_in_page → Some(true), request_pdf → 12150 bytes
2026-10-07T00:51:30.6436100Z demo-mac: browser-test: PASS — items 1, 3, 4, 9 verified at runtime
2026-10-07T00:51:30.6436300Z   - history controls (go_back/go_forward observed via SourceChanged events)
2026-10-07T00:51:30.6436470Z   - settings (apply_settings returned Ok)
2026-10-07T00:51:30.6436620Z   - URL schemes (scrying-test:// served 3 pages successfully)
2026-10-07T00:51:30.6436800Z   - find_in_page → Some(true), request_pdf → 12150 bytes
2026-10-07T00:51:30.6436990Z demo-mac: browser-test: PASS — items 1, 3, 4, 9 verified at runtime
2026-10-07T00:51:30.6437220Z   - history controls (go_back/go_forward observed via SourceChanged events)
2026-10-07T00:51:30.6437390Z   - settings (apply_settings returned Ok)
2026-10-07T00:51:30.6437530Z   - URL schemes (scrying-test:// served 3 pages successfully)
2026-10-07T00:51:30.6437710Z   - find_in_page → Some(true), request_pdf → 12150 bytes
2026-10-07T00:51:30.6437900Z demo-mac: browser-test: PASS — items 1, 3, 4, 9 verified at runtime
2026-10-07T00:51:30.6438100Z   - history controls (go_back/go_forward observed via SourceChanged events)
2026-10-07T00:51:30.6438270Z   - settings (apply_settings returned Ok)
2026-10-07T00:51:30.6438410Z   - URL schemes (scrying-test:// served 3 pages successfully)
2026-10-07T00:51:30.6438590Z   - find_in_page → Some(true), request_pdf → 12150 bytes
2026-10-07T00:51:30.6438780Z demo-mac: browser-test: PASS — items 1, 3, 4, 9 verified at runtime
2026-10-07T00:51:30.6438980Z   - history controls (go_back/go_forward observed via SourceChanged events)
2026-10-07T00:51:30.6439150Z   - settings (apply_settings returned Ok)
2026-10-07T00:51:30.6439290Z   - URL schemes (scrying-test:// served 3 pages successfully)
2026-10-07T00:51:30.6439500Z   - find_in_page → Some(true), request_pdf → 12150 bytes
2026-10-07T00:51:30.6439730Z demo-mac: browser-test: PASS — items 1, 3, 4, 9 verified at runtime
2026-10-07T00:51:30.6439950Z   - history controls (go_back/go_forward observed via SourceChanged events)
2026-10-07T00:51:30.6440140Z   - settings (apply_settings returned Ok)
2026-10-07T00:51:30.6440300Z   - URL schemes (scrying-test:// served 3 pages successfully)
2026-10-07T00:51:30.6440490Z   - find_in_page → Some(true), request_pdf → 12150 bytes
2026-10-07T00:51:30.6440700Z demo-mac: browser-test: PASS — items 1, 3, 4, 9 verified at runtime
2026-10-07T00:51:30.6440990Z   - history controls (go_back/go_forward observed via SourceChanged events)
2026-10-07T00:51:30.6441180Z   - settings (apply_settings returned Ok)
2026-10-07T00:51:30.6441340Z   - URL schemes (scrying-test:// served 3 pages successfully)
2026-10-07T00:51:30.6441550Z   - find_in_page → Some(true), request_pdf → 12150 bytes
2026-10-07T00:51:30.6441760Z demo-mac: browser-test: PASS — items 1, 3, 4, 9 verified at runtime
2026-10-07T00:51:30.6441980Z   - history controls (go_back/go_forward observed via SourceChanged events)
2026-10-07T00:51:30.6442160Z   - settings (apply_settings returned Ok)
2026-10-07T00:51:30.6442320Z   - URL schemes (scrying-test:// served 3 pages successfully)
2026-10-07T00:51:30.6442520Z   - find_in_page → Some(true), request_pdf → 12150 bytes
2026-10-07T00:51:30.6442730Z demo-mac: browser-test: PASS — items 1, 3, 4, 9 verified at runtime
2026-10-07T00:51:30.6442950Z   - history controls (go_back/go_forward observed via SourceChanged events)
2026-10-07T00:51:30.6443140Z   - settings (apply_settings returned Ok)
2026-10-07T00:51:30.6443300Z   - URL schemes (scrying-test:// served 3 pages successfully)
2026-10-07T00:51:30.6443500Z   - find_in_page → Some(true), request_pdf → 12150 bytes
2026-10-07T00:51:30.6443690Z demo-mac: browser-test: PASS — items 1, 3, 4, 9 verified at runtime
2026-10-07T00:51:30.6443880Z   - history controls (go_back/go_forward observed via SourceChanged events)
2026-10-07T00:51:30.6444050Z   - settings (apply_settings returned Ok)
2026-10-07T00:51:30.6444200Z   - URL schemes (scrying-test:// served 3 pages successfully)
2026-10-07T00:51:30.6444410Z   - find_in_page → Some(true), request_pdf → 12150 bytes
2026-10-07T00:51:30.6444670Z demo-mac: browser-test: PASS — items 1, 3, 4, 9 verified at runtime
2026-10-07T00:51:30.6444910Z   - history controls (go_back/go_forward observed via SourceChanged events)
2026-10-07T00:51:30.6445080Z   - settings (apply_settings returned Ok)
2026-10-07T00:51:30.6445220Z   - URL schemes (scrying-test:// served 3 pages successfully)
2026-10-07T00:51:30.6445400Z   - find_in_page → Some(true), request_pdf → 12150 bytes
2026-10-07T00:51:30.6445590Z demo-mac: browser-test: PASS — items 1, 3, 4, 9 verified at runtime
2026-10-07T00:51:30.6445840Z   - history controls (go_back/go_forward observed via SourceChanged events)
2026-10-07T00:51:30.6446010Z   - settings (apply_settings returned Ok)
2026-10-07T00:51:30.6446150Z   - URL schemes (scrying-test:// served 3 pages successfully)
2026-10-07T00:51:30.6446350Z   - find_in_page → Some(true), request_pdf → 12150 bytes
2026-10-07T00:51:30.6446560Z demo-mac: browser-test: PASS — items 1, 3, 4, 9 verified at runtime
2026-10-07T00:51:30.6446780Z   - history controls (go_back/go_forward observed via SourceChanged events)
2026-10-07T00:51:30.6446970Z   - settings (apply_settings returned Ok)
2026-10-07T00:51:30.6447130Z   - URL schemes (scrying-test:// served 3 pages successfully)
2026-10-07T00:51:30.6447330Z   - find_in_page → Some(true), request_pdf → 12150 bytes
2026-10-07T00:51:30.6447540Z demo-mac: browser-test: PASS — items 1, 3, 4, 9 verified at runtime
2026-10-07T00:51:30.6447760Z   - history controls (go_back/go_forward observed via SourceChanged events)
2026-10-07T00:51:30.6447950Z   - settings (apply_settings returned Ok)
2026-10-07T00:51:30.6448120Z   - URL schemes (scrying-test:// served 3 pages successfully)
2026-10-07T00:51:30.6448310Z   - find_in_page → Some(true), request_pdf → 12150 bytes
2026-10-07T00:51:30.6448520Z demo-mac: browser-test: PASS — items 1, 3, 4, 9 verified at runtime
2026-10-07T00:51:30.6448710Z   - history controls (go_back/go_forward observed via SourceChanged events)
2026-10-07T00:51:30.6448880Z   - settings (apply_settings returned Ok)
2026-10-07T00:51:30.6449020Z   - URL schemes (scrying-test:// served 3 pages successfully)
2026-10-07T00:51:30.6449200Z   - find_in_page → Some(true), request_pdf → 12150 bytes
2026-10-07T00:51:30.6449390Z demo-mac: browser-test: PASS — items 1, 3, 4, 9 verified at runtime
2026-10-07T00:51:30.6449590Z   - history controls (go_back/go_forward observed via SourceChanged events)
2026-10-07T00:51:30.6449830Z   - settings (apply_settings returned Ok)
2026-10-07T00:51:30.6449980Z   - URL schemes (scrying-test:// served 3 pages successfully)
2026-10-07T00:51:30.6450190Z   - find_in_page → Some(true), request_pdf → 12150 bytes
2026-10-07T00:51:30.6450400Z demo-mac: browser-test: PASS — items 1, 3, 4, 9 verified at runtime
2026-10-07T00:51:30.6450620Z   - history controls (go_back/go_forward observed via SourceChanged events)
2026-10-07T00:51:30.6450810Z   - settings (apply_settings returned Ok)
2026-10-07T00:51:30.6450970Z   - URL schemes (scrying-test:// served 3 pages successfully)
2026-10-07T00:51:30.6451160Z   - find_in_page → Some(true), request_pdf → 12150 bytes
2026-10-07T00:51:30.6451370Z demo-mac: browser-test: PASS — items 1, 3, 4, 9 verified at runtime
2026-10-07T00:51:30.6451590Z   - history controls (go_back/go_forward observed via SourceChanged events)
2026-10-07T00:51:30.6451780Z   - settings (apply_settings returned Ok)
2026-10-07T00:51:30.6451950Z   - URL schemes (scrying-test:// served 3 pages successfully)
2026-10-07T00:51:30.6452150Z   - find_in_page → Some(true), request_pdf → 12150 bytes
2026-10-07T00:51:30.6452350Z demo-mac: browser-test: PASS — items 1, 3, 4, 9 verified at runtime
2026-10-07T00:51:30.6452580Z   - history controls (go_back/go_forward observed via SourceChanged events)
2026-10-07T00:51:30.6452760Z   - settings (apply_settings returned Ok)
2026-10-07T00:51:30.6452930Z   - URL schemes (scrying-test:// served 3 pages successfully)
2026-10-07T00:51:30.6453120Z   - find_in_page → Some(true), request_pdf → 12150 bytes
2026-10-07T00:51:30.6453330Z demo-mac: browser-test: PASS — items 1, 3, 4, 9 verified at runtime
2026-10-07T00:51:30.6453540Z   - history controls (go_back/go_forward observed via SourceChanged events)
2026-10-07T00:51:30.6453710Z   - settings (apply_settings returned Ok)
2026-10-07T00:51:30.6453850Z   - URL schemes (scrying-test:// served 3 pages successfully)
2026-10-07T00:51:30.6454030Z   - find_in_page → Some(true), request_pdf → 12150 bytes
2026-10-07T00:51:30.6454220Z demo-mac: browser-test: PASS — items 1, 3, 4, 9 verified at runtime
2026-10-07T00:51:30.6454420Z   - history controls (go_back/go_forward observed via SourceChanged events)
2026-10-07T00:51:30.6454630Z   - settings (apply_settings returned Ok)
2026-10-07T00:51:30.6454780Z   - URL schemes (scrying-test:// served 3 pages successfully)
2026-10-07T00:51:30.6454960Z   - find_in_page → Some(true), request_pdf → 12150 bytes
2026-10-07T00:51:30.6455140Z demo-mac: browser-test: PASS — items 1, 3, 4, 9 verified at runtime
2026-10-07T00:51:30.6455340Z   - history controls (go_back/go_forward observed via SourceChanged events)
2026-10-07T00:51:30.6455510Z   - settings (apply_settings returned Ok)
2026-10-07T00:51:30.6455660Z   - URL schemes (scrying-test:// served 3 pages successfully)
2026-10-07T00:51:30.6455840Z   - find_in_page → Some(true), request_pdf → 12150 bytes
2026-10-07T00:51:30.6456050Z demo-mac: browser-test: PASS — items 1, 3, 4, 9 verified at runtime
2026-10-07T00:51:30.6456270Z   - history controls (go_back/go_forward observed via SourceChanged events)
2026-10-07T00:51:30.6456460Z   - settings (apply_settings returned Ok)
2026-10-07T00:51:30.6456620Z   - URL schemes (scrying-test:// served 3 pages successfully)
2026-10-07T00:51:30.6456820Z   - find_in_page → Some(true), request_pdf → 12150 bytes
2026-10-07T00:51:30.6457030Z demo-mac: browser-test: PASS — items 1, 3, 4, 9 verified at runtime
2026-10-07T00:51:30.6457250Z   - history controls (go_back/go_forward observed via SourceChanged events)
2026-10-07T00:51:30.6457430Z   - settings (apply_settings returned Ok)
2026-10-07T00:51:30.6457590Z   - URL schemes (scrying-test:// served 3 pages successfully)
2026-10-07T00:51:30.6457790Z   - find_in_page → Some(true), request_pdf → 12150 bytes
2026-10-07T00:51:30.6458000Z demo-mac: browser-test: PASS — items 1, 3, 4, 9 verified at runtime
2026-10-07T00:51:30.6458220Z   - history controls (go_back/go_forward observed via SourceChanged events)
2026-10-07T00:51:30.6458470Z   - settings (apply_settings returned Ok)
2026-10-07T00:51:30.6458630Z   - URL schemes (scrying-test:// served 3 pages successfully)
2026-10-07T00:51:30.6458810Z   - find_in_page → Some(true), request_pdf → 12150 bytes
2026-10-07T00:51:30.6459000Z demo-mac: browser-test: PASS — items 1, 3, 4, 9 verified at runtime
2026-10-07T00:51:30.6459190Z   - history controls (go_back/go_forward observed via SourceChanged events)
2026-10-07T00:51:30.6459360Z   - settings (apply_settings returned Ok)
2026-10-07T00:51:30.6459510Z   - URL schemes (scrying-test:// served 3 pages successfully)
2026-10-07T00:51:30.6459680Z   - find_in_page → Some(true), request_pdf → 12150 bytes
2026-10-07T00:51:30.6459870Z demo-mac: browser-test: PASS — items 1, 3, 4, 9 verified at runtime
2026-10-07T00:51:30.6460070Z   - history controls (go_back/go_forward observed via SourceChanged events)
2026-10-07T00:51:30.6460240Z   - settings (apply_settings returned Ok)
2026-10-07T00:51:30.6460380Z   - URL schemes (scrying-test:// served 3 pages successfully)
2026-10-07T00:51:30.6460570Z   - find_in_page → Some(true), request_pdf → 12150 bytes
2026-10-07T00:51:30.6460760Z demo-mac: browser-test: PASS — items 1, 3, 4, 9 verified at runtime
2026-10-07T00:51:30.6460980Z   - history controls (go_back/go_forward observed via SourceChanged events)
2026-10-07T00:51:30.6461160Z   - settings (apply_settings returned Ok)
2026-10-07T00:51:30.6461320Z   - URL schemes (scrying-test:// served 3 pages successfully)
2026-10-07T00:51:30.6461520Z   - find_in_page → Some(true), request_pdf → 12150 bytes
2026-10-07T00:51:30.6461720Z demo-mac: browser-test: PASS — items 1, 3, 4, 9 verified at runtime
2026-10-07T00:51:30.6461940Z   - history controls (go_back/go_forward observed via SourceChanged events)
2026-10-07T00:51:30.6462130Z   - settings (apply_settings returned Ok)
2026-10-07T00:51:30.6462290Z   - URL schemes (scrying-test:// served 3 pages successfully)
2026-10-07T00:51:30.6462480Z   - find_in_page → Some(true), request_pdf → 12150 bytes
2026-10-07T00:51:30.6462690Z demo-mac: browser-test: PASS — items 1, 3, 4, 9 verified at runtime
2026-10-07T00:51:30.6462910Z   - history controls (go_back/go_forward observed via SourceChanged events)
2026-10-07T00:51:30.6463140Z   - settings (apply_settings returned Ok)
2026-10-07T00:51:30.6463300Z   - URL schemes (scrying-test:// served 3 pages successfully)
2026-10-07T00:51:30.6463500Z   - find_in_page → Some(true), request_pdf → 12150 bytes
2026-10-07T00:51:30.6463690Z demo-mac: browser-test: PASS — items 1, 3, 4, 9 verified at runtime
2026-10-07T00:51:30.6463920Z   - history controls (go_back/go_forward observed via SourceChanged events)
2026-10-07T00:51:30.6464160Z   - settings (apply_settings returned Ok)
2026-10-07T00:51:30.6464350Z   - URL schemes (scrying-test:// served 3 pages successfully)
2026-10-07T00:51:30.6464520Z   - find_in_page → Some(true), request_pdf → 12150 bytes
2026-10-07T00:51:30.6464710Z demo-mac: browser-test: PASS — items 1, 3, 4, 9 verified at runtime
2026-10-07T00:51:30.6464910Z   - history controls (go_back/go_forward observed via SourceChanged events)
2026-10-07T00:51:30.6465080Z   - settings (apply_settings returned Ok)
2026-10-07T00:51:30.6465230Z   - URL schemes (scrying-test:// served 3 pages successfully)
2026-10-07T00:51:30.6465420Z   - find_in_page → Some(true), request_pdf → 12150 bytes
2026-10-07T00:51:30.6465630Z demo-mac: browser-test: PASS — items 1, 3, 4, 9 verified at runtime
2026-10-07T00:51:30.6465850Z   - history controls (go_back/go_forward observed via SourceChanged events)
2026-10-07T00:51:30.6466030Z   - settings (apply_settings returned Ok)
2026-10-07T00:51:30.6466190Z   - URL schemes (scrying-test:// served 3 pages successfully)
2026-10-07T00:51:30.6466390Z   - find_in_page → Some(true), request_pdf → 12150 bytes
2026-10-07T00:51:30.6466600Z demo-mac: browser-test: PASS — items 1, 3, 4, 9 verified at runtime
2026-10-07T00:51:30.6466810Z   - history controls (go_back/go_forward observed via SourceChanged events)
2026-10-07T00:51:30.6467000Z   - settings (apply_settings returned Ok)
2026-10-07T00:51:30.6467240Z   - URL schemes (scrying-test:// served 3 pages successfully)
2026-10-07T00:51:30.6467450Z   - find_in_page → Some(true), request_pdf → 12150 bytes
2026-10-07T00:51:30.6467660Z demo-mac: browser-test: PASS — items 1, 3, 4, 9 verified at runtime
2026-10-07T00:51:30.6467880Z   - history controls (go_back/go_forward observed via SourceChanged events)
2026-10-07T00:51:30.6468060Z   - settings (apply_settings returned Ok)
2026-10-07T00:51:30.6468220Z   - URL schemes (scrying-test:// served 3 pages successfully)
2026-10-07T00:51:30.6468420Z   - find_in_page → Some(true), request_pdf → 12150 bytes
2026-10-07T00:51:30.6468620Z demo-mac: browser-test: PASS — items 1, 3, 4, 9 verified at runtime
2026-10-07T00:51:30.6468820Z   - history controls (go_back/go_forward observed via SourceChanged events)
2026-10-07T00:51:30.6468990Z   - settings (apply_settings returned Ok)
2026-10-07T00:51:30.6469180Z   - URL schemes (scrying-test:// served 3 pages successfully)
2026-10-07T00:51:30.6469430Z   - find_in_page → Some(true), request_pdf → 12150 bytes
2026-10-07T00:51:30.6469640Z demo-mac: browser-test: PASS — items 1, 3, 4, 9 verified at runtime
2026-10-07T00:51:30.6469840Z   - history controls (go_back/go_forward observed via SourceChanged events)
2026-10-07T00:51:30.6470010Z   - settings (apply_settings returned Ok)
2026-10-07T00:51:30.6470150Z   - URL schemes (scrying-test:// served 3 pages successfully)
2026-10-07T00:51:30.6470330Z   - find_in_page → Some(true), request_pdf → 12150 bytes
2026-10-07T00:51:30.6470540Z demo-mac: browser-test: PASS — items 1, 3, 4, 9 verified at runtime
2026-10-07T00:51:30.6470750Z   - history controls (go_back/go_forward observed via SourceChanged events)
2026-10-07T00:51:30.6470940Z   - settings (apply_settings returned Ok)
2026-10-07T00:51:30.6471100Z   - URL schemes (scrying-test:// served 3 pages successfully)
2026-10-07T00:51:30.6471300Z   - find_in_page → Some(true), request_pdf → 12150 bytes
2026-10-07T00:51:30.6471510Z demo-mac: browser-test: PASS — items 1, 3, 4, 9 verified at runtime
2026-10-07T00:51:30.6471730Z   - history controls (go_back/go_forward observed via SourceChanged events)
2026-10-07T00:51:30.6471920Z   - settings (apply_settings returned Ok)
2026-10-07T00:51:30.6472110Z   - URL schemes (scrying-test:// served 3 pages successfully)
2026-10-07T00:51:30.6472310Z   - find_in_page → Some(true), request_pdf → 12150 bytes
2026-10-07T00:51:30.6472520Z demo-mac: browser-test: PASS — items 1, 3, 4, 9 verified at runtime
2026-10-07T00:51:30.6472740Z   - history controls (go_back/go_forward observed via SourceChanged events)
2026-10-07T00:51:30.6472930Z   - settings (apply_settings returned Ok)
2026-10-07T00:51:30.6473080Z   - URL schemes (scrying-test:// served 3 pages successfully)
2026-10-07T00:51:30.6473280Z   - find_in_page → Some(true), request_pdf → 12150 bytes
2026-10-07T00:51:30.6473490Z demo-mac: browser-test: PASS — items 1, 3, 4, 9 verified at runtime
2026-10-07T00:51:30.6473690Z   - history controls (go_back/go_forward observed via SourceChanged events)
2026-10-07T00:51:30.6473860Z   - settings (apply_settings returned Ok)
2026-10-07T00:51:30.6474000Z   - URL schemes (scrying-test:// served 3 pages successfully)
2026-10-07T00:51:30.6474190Z   - find_in_page → Some(true), request_pdf → 12150 bytes
2026-10-07T00:51:30.6474370Z demo-mac: browser-test: PASS — items 1, 3, 4, 9 verified at runtime
2026-10-07T00:51:30.6474570Z   - history controls (go_back/go_forward observed via SourceChanged events)
2026-10-07T00:51:30.6474740Z   - settings (apply_settings returned Ok)
2026-10-07T00:51:30.6474890Z   - URL schemes (scrying-test:// served 3 pages successfully)
2026-10-07T00:51:30.6475060Z   - find_in_page → Some(true), request_pdf → 12150 bytes
2026-10-07T00:51:30.6475250Z demo-mac: browser-test: PASS — items 1, 3, 4, 9 verified at runtime
2026-10-07T00:51:30.6475450Z   - history controls (go_back/go_forward observed via SourceChanged events)
2026-10-07T00:51:30.6475630Z   - settings (apply_settings returned Ok)
2026-10-07T00:51:30.6475820Z   - URL schemes (scrying-test:// served 3 pages successfully)
2026-10-07T00:51:30.6476020Z   - find_in_page → Some(true), request_pdf → 12150 bytes
2026-10-07T00:51:30.6476230Z demo-mac: browser-test: PASS — items 1, 3, 4, 9 verified at runtime
2026-10-07T00:51:30.6476450Z   - history controls (go_back/go_forward observed via SourceChanged events)
2026-10-07T00:51:30.6476640Z   - settings (apply_settings returned Ok)
2026-10-07T00:51:30.6476800Z   - URL schemes (scrying-test:// served 3 pages successfully)
2026-10-07T00:51:30.6476990Z   - find_in_page → Some(true), request_pdf → 12150 bytes
2026-10-07T00:51:30.6477210Z demo-mac: browser-test: PASS — items 1, 3, 4, 9 verified at runtime
2026-10-07T00:51:30.6477430Z   - history controls (go_back/go_forward observed via SourceChanged events)
2026-10-07T00:51:30.6477620Z   - settings (apply_settings returned Ok)
2026-10-07T00:51:30.6477780Z   - URL schemes (scrying-test:// served 3 pages successfully)
2026-10-07T00:51:30.6477970Z   - find_in_page → Some(true), request_pdf → 12150 bytes
2026-10-07T00:51:30.6478180Z demo-mac: browser-test: PASS — items 1, 3, 4, 9 verified at runtime
2026-10-07T00:51:30.6478400Z   - history controls (go_back/go_forward observed via SourceChanged events)
2026-10-07T00:51:30.6478580Z   - settings (apply_settings returned Ok)
2026-10-07T00:51:30.6478730Z   - URL schemes (scrying-test:// served 3 pages successfully)
2026-10-07T00:51:30.6478900Z   - find_in_page → Some(true), request_pdf → 12150 bytes
2026-10-07T00:51:30.6479090Z demo-mac: browser-test: PASS — items 1, 3, 4, 9 verified at runtime
2026-10-07T00:51:30.6479290Z   - history controls (go_back/go_forward observed via SourceChanged events)
2026-10-07T00:51:30.6479460Z   - settings (apply_settings returned Ok)
2026-10-07T00:51:30.6479600Z   - URL schemes (scrying-test:// served 3 pages successfully)
2026-10-07T00:51:30.6479780Z   - find_in_page → Some(true), request_pdf → 12150 bytes
2026-10-07T00:51:30.6479970Z demo-mac: browser-test: PASS — items 1, 3, 4, 9 verified at runtime
2026-10-07T00:51:30.6480200Z   - history controls (go_back/go_forward observed via SourceChanged events)
2026-10-07T00:51:30.6480380Z   - settings (apply_settings returned Ok)
2026-10-07T00:51:30.6480540Z   - URL schemes (scrying-test:// served 3 pages successfully)
2026-10-07T00:51:30.6480790Z   - find_in_page → Some(true), request_pdf → 12150 bytes
2026-10-07T00:51:30.6481000Z demo-mac: browser-test: PASS — items 1, 3, 4, 9 verified at runtime
2026-10-07T00:51:30.6481220Z   - history controls (go_back/go_forward observed via SourceChanged events)
2026-10-07T00:51:30.6481410Z   - settings (apply_settings returned Ok)
2026-10-07T00:51:30.6481570Z   - URL schemes (scrying-test:// served 3 pages successfully)
2026-10-07T00:51:30.6481760Z   - find_in_page → Some(true), request_pdf → 12150 bytes
2026-10-07T00:51:30.6481970Z demo-mac: browser-test: PASS — items 1, 3, 4, 9 verified at runtime
2026-10-07T00:51:30.6482200Z   - history controls (go_back/go_forward observed via SourceChanged events)
2026-10-07T00:51:30.6482380Z   - settings (apply_settings returned Ok)
2026-10-07T00:51:30.6482550Z   - URL schemes (scrying-test:// served 3 pages successfully)
2026-10-07T00:51:30.6482740Z   - find_in_page → Some(true), request_pdf → 12150 bytes
2026-10-07T00:51:30.6482960Z demo-mac: browser-test: PASS — items 1, 3, 4, 9 verified at runtime
2026-10-07T00:51:30.6483180Z   - history controls (go_back/go_forward observed via SourceChanged events)
2026-10-07T00:51:30.6483360Z   - settings (apply_settings returned Ok)
2026-10-07T00:51:30.6483520Z   - URL schemes (scrying-test:// served 3 pages successfully)
2026-10-07T00:51:30.6483700Z   - find_in_page → Some(true), request_pdf → 12150 bytes
2026-10-07T00:51:30.6483880Z demo-mac: browser-test: PASS — items 1, 3, 4, 9 verified at runtime
2026-10-07T00:51:30.6484080Z   - history controls (go_back/go_forward observed via SourceChanged events)
2026-10-07T00:51:30.6484260Z   - settings (apply_settings returned Ok)
2026-10-07T00:51:30.6484400Z   - URL schemes (scrying-test:// served 3 pages successfully)
2026-10-07T00:51:30.6484610Z   - find_in_page → Some(true), request_pdf → 12150 bytes
2026-10-07T00:51:30.6484800Z demo-mac: browser-test: PASS — items 1, 3, 4, 9 verified at runtime
2026-10-07T00:51:30.6485010Z   - history controls (go_back/go_forward observed via SourceChanged events)
2026-10-07T00:51:30.6485200Z   - settings (apply_settings returned Ok)
2026-10-07T00:51:30.6485360Z   - URL schemes (scrying-test:// served 3 pages successfully)
2026-10-07T00:51:30.6485550Z   - find_in_page → Some(true), request_pdf → 12150 bytes
2026-10-07T00:51:30.6485830Z demo-mac: browser-test: PASS — items 1, 3, 4, 9 verified at runtime
2026-10-07T00:51:30.6488790Z   - history controls (go_back/go_forward observed via SourceChanged events)
2026-10-07T00:51:30.6488970Z   - settings (apply_settings returned Ok)
2026-10-07T00:51:30.6489120Z   - URL schemes (scrying-test:// served 3 pages successfully)
2026-10-07T00:51:30.6489310Z   - find_in_page → Some(true), request_pdf → 12150 bytes
2026-10-07T00:51:30.6489500Z demo-mac: browser-test: PASS — items 1, 3, 4, 9 verified at runtime
2026-10-07T00:51:30.6489700Z   - history controls (go_back/go_forward observed via SourceChanged events)
2026-10-07T00:51:30.6489870Z   - settings (apply_settings returned Ok)
2026-10-07T00:51:30.6490020Z   - URL schemes (scrying-test:// served 3 pages successfully)
2026-10-07T00:51:30.6490190Z   - find_in_page → Some(true), request_pdf → 12150 bytes
2026-10-07T00:51:30.6490390Z demo-mac: browser-test: PASS — items 1, 3, 4, 9 verified at runtime
2026-10-07T00:51:30.6490580Z   - history controls (go_back/go_forward observed via SourceChanged events)
2026-10-07T00:51:30.6490760Z   - settings (apply_settings returned Ok)
2026-10-07T00:51:30.6490900Z   - URL schemes (scrying-test:// served 3 pages successfully)
2026-10-07T00:51:30.6491080Z   - find_in_page → Some(true), request_pdf → 12150 bytes
2026-10-07T00:51:30.6491270Z demo-mac: browser-test: PASS — items 1, 3, 4, 9 verified at runtime
2026-10-07T00:51:30.6491470Z   - history controls (go_back/go_forward observed via SourceChanged events)
2026-10-07T00:51:30.6491640Z   - settings (apply_settings returned Ok)
2026-10-07T00:51:30.6491780Z   - URL schemes (scrying-test:// served 3 pages successfully)
2026-10-07T00:51:30.6492060Z   - find_in_page → Some(true), request_pdf → 12150 bytes
2026-10-07T00:51:30.6492240Z demo-mac: browser-test: PASS — items 1, 3, 4, 9 verified at runtime
2026-10-07T00:51:30.6492440Z   - history controls (go_back/go_forward observed via SourceChanged events)
2026-10-07T00:51:30.6492610Z   - settings (apply_settings returned Ok)
2026-10-07T00:51:30.6492760Z   - URL schemes (scrying-test:// served 3 pages successfully)
2026-10-07T00:51:30.6492940Z   - find_in_page → Some(true), request_pdf → 12150 bytes
2026-10-07T00:51:30.6493130Z demo-mac: browser-test: PASS — items 1, 3, 4, 9 verified at runtime
2026-10-07T00:51:30.6493330Z   - history controls (go_back/go_forward observed via SourceChanged events)
2026-10-07T00:51:30.6493500Z   - settings (apply_settings returned Ok)
2026-10-07T00:51:30.6493640Z   - URL schemes (scrying-test:// served 3 pages successfully)
2026-10-07T00:51:30.6493820Z   - find_in_page → Some(true), request_pdf → 12150 bytes
2026-10-07T00:51:30.6494010Z demo-mac: browser-test: PASS — items 1, 3, 4, 9 verified at runtime
2026-10-07T00:51:30.6494220Z   - history controls (go_back/go_forward observed via SourceChanged events)
2026-10-07T00:51:30.6494410Z   - settings (apply_settings returned Ok)
2026-10-07T00:51:30.6494570Z   - URL schemes (scrying-test:// served 3 pages successfully)
2026-10-07T00:51:30.6494770Z   - find_in_page → Some(true), request_pdf → 12150 bytes
2026-10-07T00:51:30.6494970Z demo-mac: browser-test: PASS — items 1, 3, 4, 9 verified at runtime
2026-10-07T00:51:30.6495190Z   - history controls (go_back/go_forward observed via SourceChanged events)
2026-10-07T00:51:30.6495370Z   - settings (apply_settings returned Ok)
2026-10-07T00:51:30.6495540Z   - URL schemes (scrying-test:// served 3 pages successfully)
2026-10-07T00:51:30.6495770Z   - find_in_page → Some(true), request_pdf → 12150 bytes
2026-10-07T00:51:30.6495980Z demo-mac: browser-test: PASS — items 1, 3, 4, 9 verified at runtime
2026-10-07T00:51:30.6496200Z   - history controls (go_back/go_forward observed via SourceChanged events)
2026-10-07T00:51:30.6496390Z   - settings (apply_settings returned Ok)
2026-10-07T00:51:30.6496550Z   - URL schemes (scrying-test:// served 3 pages successfully)
2026-10-07T00:51:30.6496740Z   - find_in_page → Some(true), request_pdf → 12150 bytes
2026-10-07T00:51:30.6496950Z demo-mac: browser-test: PASS — items 1, 3, 4, 9 verified at runtime
2026-10-07T00:51:30.6497170Z   - history controls (go_back/go_forward observed via SourceChanged events)
2026-10-07T00:51:30.6497360Z   - settings (apply_settings returned Ok)
2026-10-07T00:51:30.6497520Z   - URL schemes (scrying-test:// served 3 pages successfully)
2026-10-07T00:51:30.6497720Z   - find_in_page → Some(true), request_pdf → 12150 bytes
2026-10-07T00:51:30.6497920Z demo-mac: browser-test: PASS — items 1, 3, 4, 9 verified at runtime
2026-10-07T00:51:30.6498150Z   - history controls (go_back/go_forward observed via SourceChanged events)
2026-10-07T00:51:30.6498330Z   - settings (apply_settings returned Ok)
2026-10-07T00:51:30.6498530Z   - URL schemes (scrying-test:// served 3 pages successfully)
2026-10-07T00:51:30.6498710Z   - find_in_page → Some(true), request_pdf → 12150 bytes
2026-10-07T00:51:30.6498900Z demo-mac: browser-test: PASS — items 1, 3, 4, 9 verified at runtime
2026-10-07T00:51:30.6499100Z   - history controls (go_back/go_forward observed via SourceChanged events)
2026-10-07T00:51:30.6499290Z   - settings (apply_settings returned Ok)
2026-10-07T00:51:30.6499440Z   - URL schemes (scrying-test:// served 3 pages successfully)
2026-10-07T00:51:30.6499620Z   - find_in_page → Some(true), request_pdf → 12150 bytes
2026-10-07T00:51:30.6499810Z demo-mac: browser-test: PASS — items 1, 3, 4, 9 verified at runtime
2026-10-07T00:51:30.6500010Z   - history controls (go_back/go_forward observed via SourceChanged events)
2026-10-07T00:51:30.6500200Z   - settings (apply_settings returned Ok)
2026-10-07T00:51:30.6500360Z   - URL schemes (scrying-test:// served 3 pages successfully)
2026-10-07T00:51:30.6500560Z   - find_in_page → Some(true), request_pdf → 12150 bytes
2026-10-07T00:51:30.6500770Z demo-mac: browser-test: PASS — items 1, 3, 4, 9 verified at runtime
2026-10-07T00:51:30.6500990Z   - history controls (go_back/go_forward observed via SourceChanged events)
2026-10-07T00:51:30.6501180Z   - settings (apply_settings returned Ok)
2026-10-07T00:51:30.6501340Z   - URL schemes (scrying-test:// served 3 pages successfully)
2026-10-07T00:51:30.6501530Z   - find_in_page → Some(true), request_pdf → 12150 bytes
2026-10-07T00:51:30.6501740Z demo-mac: browser-test: PASS — items 1, 3, 4, 9 verified at runtime
2026-10-07T00:51:30.6501960Z   - history controls (go_back/go_forward observed via SourceChanged events)
2026-10-07T00:51:30.6502150Z   - settings (apply_settings returned Ok)
2026-10-07T00:51:30.6502310Z   - URL schemes (scrying-test:// served 3 pages successfully)
2026-10-07T00:51:30.6502550Z   - find_in_page → Some(true), request_pdf → 12150 bytes
2026-10-07T00:51:30.6502760Z demo-mac: browser-test: PASS — items 1, 3, 4, 9 verified at runtime
2026-10-07T00:51:30.6502980Z   - history controls (go_back/go_forward observed via SourceChanged events)
2026-10-07T00:51:30.6503170Z   - settings (apply_settings returned Ok)
2026-10-07T00:51:30.6503330Z   - URL schemes (scrying-test:// served 3 pages successfully)
2026-10-07T00:51:30.6503530Z   - find_in_page → Some(true), request_pdf → 12150 bytes
2026-10-07T00:51:30.6503710Z demo-mac: browser-test: PASS — items 1, 3, 4, 9 verified at runtime
2026-10-07T00:51:30.6503910Z   - history controls (go_back/go_forward observed via SourceChanged events)
2026-10-07T00:51:30.6504080Z   - settings (apply_settings returned Ok)
2026-10-07T00:51:30.6504220Z   - URL schemes (scrying-test:// served 3 pages successfully)
2026-10-07T00:51:30.6504400Z   - find_in_page → Some(true), request_pdf → 12150 bytes
2026-10-07T00:51:30.6504590Z demo-mac: browser-test: PASS — items 1, 3, 4, 9 verified at runtime
2026-10-07T00:51:30.6504790Z   - history controls (go_back/go_forward observed via SourceChanged events)
2026-10-07T00:51:30.6504960Z   - settings (apply_settings returned Ok)
2026-10-07T00:51:30.6505120Z   - URL schemes (scrying-test:// served 3 pages successfully)
2026-10-07T00:51:30.6505320Z   - find_in_page → Some(true), request_pdf → 12150 bytes
2026-10-07T00:51:30.6505530Z demo-mac: browser-test: PASS — items 1, 3, 4, 9 verified at runtime
2026-10-07T00:51:30.6505740Z   - history controls (go_back/go_forward observed via SourceChanged events)
2026-10-07T00:51:30.6505930Z   - settings (apply_settings returned Ok)
2026-10-07T00:51:30.6506080Z   - URL schemes (scrying-test:// served 3 pages successfully)
2026-10-07T00:51:30.6506280Z   - find_in_page → Some(true), request_pdf → 12150 bytes
2026-10-07T00:51:30.6506490Z demo-mac: browser-test: PASS — items 1, 3, 4, 9 verified at runtime
2026-10-07T00:51:30.6506710Z   - history controls (go_back/go_forward observed via SourceChanged events)
2026-10-07T00:51:30.6506900Z   - settings (apply_settings returned Ok)
2026-10-07T00:51:30.6507060Z   - URL schemes (scrying-test:// served 3 pages successfully)
2026-10-07T00:51:30.6507290Z   - find_in_page → Some(true), request_pdf → 12150 bytes
2026-10-07T00:51:30.6507490Z demo-mac: browser-test: PASS — items 1, 3, 4, 9 verified at runtime
2026-10-07T00:51:30.6507710Z   - history controls (go_back/go_forward observed via SourceChanged events)
2026-10-07T00:51:30.6507900Z   - settings (apply_settings returned Ok)
2026-10-07T00:51:30.6508060Z   - URL schemes (scrying-test:// served 3 pages successfully)
2026-10-07T00:51:30.6508250Z   - find_in_page → Some(true), request_pdf → 12150 bytes
2026-10-07T00:51:30.6508460Z demo-mac: browser-test: PASS — items 1, 3, 4, 9 verified at runtime
2026-10-07T00:51:30.6508660Z   - history controls (go_back/go_forward observed via SourceChanged events)
2026-10-07T00:51:30.6508830Z   - settings (apply_settings returned Ok)
2026-10-07T00:51:30.6508970Z   - URL schemes (scrying-test:// served 3 pages successfully)
2026-10-07T00:51:30.6509150Z   - find_in_page → Some(true), request_pdf → 12150 bytes
2026-10-07T00:51:30.6509340Z demo-mac: browser-test: PASS — items 1, 3, 4, 9 verified at runtime
2026-10-07T00:51:30.6509540Z   - history controls (go_back/go_forward observed via SourceChanged events)
2026-10-07T00:51:30.6509710Z   - settings (apply_settings returned Ok)
2026-10-07T00:51:30.6509870Z   - URL schemes (scrying-test:// served 3 pages successfully)
2026-10-07T00:51:30.6510060Z   - find_in_page → Some(true), request_pdf → 12150 bytes
2026-10-07T00:51:30.6510270Z demo-mac: browser-test: PASS — items 1, 3, 4, 9 verified at runtime
2026-10-07T00:51:30.6510490Z   - history controls (go_back/go_forward observed via SourceChanged events)
2026-10-07T00:51:30.6510670Z   - settings (apply_settings returned Ok)
2026-10-07T00:51:30.6510830Z   - URL schemes (scrying-test:// served 3 pages successfully)
2026-10-07T00:51:30.6511060Z   - find_in_page → Some(true), request_pdf → 12150 bytes
2026-10-07T00:51:30.6511270Z demo-mac: browser-test: PASS — items 1, 3, 4, 9 verified at runtime
2026-10-07T00:51:30.6511500Z   - history controls (go_back/go_forward observed via SourceChanged events)
2026-10-07T00:51:30.6511680Z   - settings (apply_settings returned Ok)
2026-10-07T00:51:30.6511840Z   - URL schemes (scrying-test:// served 3 pages successfully)
2026-10-07T00:51:30.6512040Z   - find_in_page → Some(true), request_pdf → 12150 bytes
2026-10-07T00:51:30.6512240Z demo-mac: browser-test: PASS — items 1, 3, 4, 9 verified at runtime
2026-10-07T00:51:30.6512460Z   - history controls (go_back/go_forward observed via SourceChanged events)
2026-10-07T00:51:30.6512650Z   - settings (apply_settings returned Ok)
2026-10-07T00:51:30.6512810Z   - URL schemes (scrying-test:// served 3 pages successfully)
2026-10-07T00:51:30.6513000Z   - find_in_page → Some(true), request_pdf → 12150 bytes
2026-10-07T00:51:30.6513210Z demo-mac: browser-test: PASS — items 1, 3, 4, 9 verified at runtime
2026-10-07T00:51:30.6513440Z   - history controls (go_back/go_forward observed via SourceChanged events)
2026-10-07T00:51:30.6513610Z   - settings (apply_settings returned Ok)
2026-10-07T00:51:30.6513760Z   - URL schemes (scrying-test:// served 3 pages successfully)
2026-10-07T00:51:30.6513930Z   - find_in_page → Some(true), request_pdf → 12150 bytes
2026-10-07T00:51:30.6514120Z demo-mac: browser-test: PASS — items 1, 3, 4, 9 verified at runtime
2026-10-07T00:51:30.6514320Z   - history controls (go_back/go_forward observed via SourceChanged events)
2026-10-07T00:51:30.6514480Z   - settings (apply_settings returned Ok)
2026-10-07T00:51:30.6514630Z   - URL schemes (scrying-test:// served 3 pages successfully)
2026-10-07T00:51:30.6514800Z   - find_in_page → Some(true), request_pdf → 12150 bytes
2026-10-07T00:51:30.6514990Z demo-mac: browser-test: PASS — items 1, 3, 4, 9 verified at runtime
2026-10-07T00:51:30.6515220Z   - history controls (go_back/go_forward observed via SourceChanged events)
2026-10-07T00:51:30.6515410Z   - settings (apply_settings returned Ok)
2026-10-07T00:51:30.6515570Z   - URL schemes (scrying-test:// served 3 pages successfully)
2026-10-07T00:51:30.6515870Z   - find_in_page → Some(true), request_pdf → 12150 bytes
2026-10-07T00:51:30.6516070Z demo-mac: browser-test: PASS — items 1, 3, 4, 9 verified at runtime
2026-10-07T00:51:30.6516300Z   - history controls (go_back/go_forward observed via SourceChanged events)
2026-10-07T00:51:30.6516480Z   - settings (apply_settings returned Ok)
2026-10-07T00:51:30.6516650Z   - URL schemes (scrying-test:// served 3 pages successfully)
2026-10-07T00:51:30.6516840Z   - find_in_page → Some(true), request_pdf → 12150 bytes
2026-10-07T00:51:30.6517050Z demo-mac: browser-test: PASS — items 1, 3, 4, 9 verified at runtime
2026-10-07T00:51:30.6517270Z   - history controls (go_back/go_forward observed via SourceChanged events)
2026-10-07T00:51:30.6517460Z   - settings (apply_settings returned Ok)
2026-10-07T00:51:30.6517620Z   - URL schemes (scrying-test:// served 3 pages successfully)
2026-10-07T00:51:30.6517820Z   - find_in_page → Some(true), request_pdf → 12150 bytes
2026-10-07T00:51:30.6518030Z demo-mac: browser-test: PASS — items 1, 3, 4, 9 verified at runtime
2026-10-07T00:51:30.6518250Z   - history controls (go_back/go_forward observed via SourceChanged events)
2026-10-07T00:51:30.6518440Z   - settings (apply_settings returned Ok)
2026-10-07T00:51:30.6518590Z   - URL schemes (scrying-test:// served 3 pages successfully)
2026-10-07T00:51:30.6518770Z   - find_in_page → Some(true), request_pdf → 12150 bytes
2026-10-07T00:51:30.6518960Z demo-mac: browser-test: PASS — items 1, 3, 4, 9 verified at runtime
2026-10-07T00:51:30.6519150Z   - history controls (go_back/go_forward observed via SourceChanged events)
2026-10-07T00:51:30.6519320Z   - settings (apply_settings returned Ok)
2026-10-07T00:51:30.6519460Z   - URL schemes (scrying-test:// served 3 pages successfully)
2026-10-07T00:51:30.6519640Z   - find_in_page → Some(true), request_pdf → 12150 bytes
2026-10-07T00:51:30.6519860Z demo-mac: browser-test: PASS — items 1, 3, 4, 9 verified at runtime
2026-10-07T00:51:30.6520080Z   - history controls (go_back/go_forward observed via SourceChanged events)
2026-10-07T00:51:30.6520270Z   - settings (apply_settings returned Ok)
2026-10-07T00:51:30.6520430Z   - URL schemes (scrying-test:// served 3 pages successfully)
2026-10-07T00:51:30.6520630Z   - find_in_page → Some(true), request_pdf → 12150 bytes
2026-10-07T00:51:30.6520830Z demo-mac: browser-test: PASS — items 1, 3, 4, 9 verified at runtime
2026-10-07T00:51:30.6521050Z   - history controls (go_back/go_forward observed via SourceChanged events)
2026-10-07T00:51:30.6521240Z   - settings (apply_settings returned Ok)
2026-10-07T00:51:30.6521400Z   - URL schemes (scrying-test:// served 3 pages successfully)
2026-10-07T00:51:30.6521590Z   - find_in_page → Some(true), request_pdf → 12150 bytes
2026-10-07T00:51:30.6521800Z demo-mac: browser-test: PASS — items 1, 3, 4, 9 verified at runtime
2026-10-07T00:51:30.6522030Z   - history controls (go_back/go_forward observed via SourceChanged events)
2026-10-07T00:51:30.6522210Z   - settings (apply_settings returned Ok)
2026-10-07T00:51:30.6522380Z   - URL schemes (scrying-test:// served 3 pages successfully)
2026-10-07T00:51:30.6522570Z   - find_in_page → Some(true), request_pdf → 12150 bytes
2026-10-07T00:51:30.6522780Z demo-mac: browser-test: PASS — items 1, 3, 4, 9 verified at runtime
2026-10-07T00:51:30.6523000Z   - history controls (go_back/go_forward observed via SourceChanged events)
2026-10-07T00:51:30.6523190Z   - settings (apply_settings returned Ok)
2026-10-07T00:51:30.6523350Z   - URL schemes (scrying-test:// served 3 pages successfully)
2026-10-07T00:51:30.6523540Z   - find_in_page → Some(true), request_pdf → 12150 bytes
2026-10-07T00:51:30.6523640Z demo-mac: browser-test: PASS — items 1, 3, 4, 9 verified at runtime
2026-10-07T00:51:30.6523720Z   - history controls (go_back/go_forward observed via SourceChanged events)
2026-10-07T00:51:30.6523770Z   - settings (apply_settings returned Ok)
2026-10-07T00:51:30.6523830Z   - URL schemes (scrying-test:// served 3 pages successfully)
2026-10-07T00:51:30.6523900Z   - find_in_page → Some(true), request_pdf → 12150 bytes
2026-10-07T00:51:30.6524030Z demo-mac: browser-test: PASS — items 1, 3, 4, 9 verified at runtime
2026-10-07T00:51:30.6524110Z   - history controls (go_back/go_forward observed via SourceChanged events)
2026-10-07T00:51:30.6524150Z   - settings (apply_settings returned Ok)
2026-10-07T00:51:30.6524220Z   - URL schemes (scrying-test:// served 3 pages successfully)
2026-10-07T00:51:30.6524290Z   - find_in_page → Some(true), request_pdf → 12150 bytes
2026-10-07T00:51:30.6524390Z demo-mac: browser-test: PASS — items 1, 3, 4, 9 verified at runtime
2026-10-07T00:51:30.6524470Z   - history controls (go_back/go_forward observed via SourceChanged events)
2026-10-07T00:51:30.6524510Z   - settings (apply_settings returned Ok)
2026-10-07T00:51:30.6524570Z   - URL schemes (scrying-test:// served 3 pages successfully)
2026-10-07T00:51:30.6524650Z   - find_in_page → Some(true), request_pdf → 12150 bytes
2026-10-07T00:51:30.6524740Z demo-mac: browser-test: PASS — items 1, 3, 4, 9 verified at runtime
2026-10-07T00:51:30.6524820Z   - history controls (go_back/go_forward observed via SourceChanged events)
2026-10-07T00:51:30.6524860Z   - settings (apply_settings returned Ok)
2026-10-07T00:51:30.6524930Z   - URL schemes (scrying-test:// served 3 pages successfully)
2026-10-07T00:51:30.6525010Z   - find_in_page → Some(true), request_pdf → 12150 bytes
2026-10-07T00:51:30.6525110Z demo-mac: browser-test: PASS — items 1, 3, 4, 9 verified at runtime
2026-10-07T00:51:30.6525200Z   - history controls (go_back/go_forward observed via SourceChanged events)
2026-10-07T00:51:30.6525250Z   - settings (apply_settings returned Ok)
2026-10-07T00:51:30.6525320Z   - URL schemes (scrying-test:// served 3 pages successfully)
2026-10-07T00:51:30.6525390Z   - find_in_page → Some(true), request_pdf → 12150 bytes
2026-10-07T00:51:30.6525530Z demo-mac: browser-test: PASS — items 1, 3, 4, 9 verified at runtime
2026-10-07T00:51:30.6525630Z   - history controls (go_back/go_forward observed via SourceChanged events)
2026-10-07T00:51:30.6525680Z   - settings (apply_settings returned Ok)
2026-10-07T00:51:30.6525750Z   - URL schemes (scrying-test:// served 3 pages successfully)
2026-10-07T00:51:30.6525830Z   - find_in_page → Some(true), request_pdf → 12150 bytes
2026-10-07T00:51:30.6525930Z demo-mac: browser-test: PASS — items 1, 3, 4, 9 verified at runtime
2026-10-07T00:51:30.6526020Z   - history controls (go_back/go_forward observed via SourceChanged events)
2026-10-07T00:51:30.6526070Z   - settings (apply_settings returned Ok)
2026-10-07T00:51:30.6526140Z   - URL schemes (scrying-test:// served 3 pages successfully)
2026-10-07T00:51:30.6526220Z   - find_in_page → Some(true), request_pdf → 12150 bytes
2026-10-07T00:51:30.6526320Z demo-mac: browser-test: PASS — items 1, 3, 4, 9 verified at runtime
2026-10-07T00:51:30.6526410Z   - history controls (go_back/go_forward observed via SourceChanged events)
2026-10-07T00:51:30.6526460Z   - settings (apply_settings returned Ok)
2026-10-07T00:51:30.6526530Z   - URL schemes (scrying-test:// served 3 pages successfully)
2026-10-07T00:51:30.6526610Z   - find_in_page → Some(true), request_pdf → 12150 bytes
2026-10-07T00:51:30.6526710Z demo-mac: browser-test: PASS — items 1, 3, 4, 9 verified at runtime
2026-10-07T00:51:30.6526800Z   - history controls (go_back/go_forward observed via SourceChanged events)
2026-10-07T00:51:30.6526850Z   - settings (apply_settings returned Ok)
2026-10-07T00:51:30.6526920Z   - URL schemes (scrying-test:// served 3 pages successfully)
2026-10-07T00:51:30.6527000Z   - find_in_page → Some(true), request_pdf → 12150 bytes
2026-10-07T00:51:30.6527100Z demo-mac: browser-test: PASS — items 1, 3, 4, 9 verified at runtime
2026-10-07T00:51:30.6527190Z   - history controls (go_back/go_forward observed via SourceChanged events)
2026-10-07T00:51:30.6527240Z   - settings (apply_settings returned Ok)
2026-10-07T00:51:30.6527310Z   - URL schemes (scrying-test:// served 3 pages successfully)
2026-10-07T00:51:30.6527390Z   - find_in_page → Some(true), request_pdf → 12150 bytes
2026-10-07T00:51:30.6527530Z demo-mac: browser-test: PASS — items 1, 3, 4, 9 verified at runtime
2026-10-07T00:51:30.6527620Z   - history controls (go_back/go_forward observed via SourceChanged events)
2026-10-07T00:51:30.6527670Z   - settings (apply_settings returned Ok)
2026-10-07T00:51:30.6527740Z   - URL schemes (scrying-test:// served 3 pages successfully)
2026-10-07T00:51:30.6527820Z   - find_in_page → Some(true), request_pdf → 12150 bytes
2026-10-07T00:51:30.6527920Z demo-mac: browser-test: PASS — items 1, 3, 4, 9 verified at runtime
2026-10-07T00:51:30.6528010Z   - history controls (go_back/go_forward observed via SourceChanged events)
2026-10-07T00:51:30.6528050Z   - settings (apply_settings returned Ok)
2026-10-07T00:51:30.6528120Z   - URL schemes (scrying-test:// served 3 pages successfully)
2026-10-07T00:51:30.6528200Z   - find_in_page → Some(true), request_pdf → 12150 bytes
2026-10-07T00:51:30.6528310Z demo-mac: browser-test: PASS — items 1, 3, 4, 9 verified at runtime
2026-10-07T00:51:30.6528400Z   - history controls (go_back/go_forward observed via SourceChanged events)
2026-10-07T00:51:30.6528450Z   - settings (apply_settings returned Ok)
2026-10-07T00:51:30.6528520Z   - URL schemes (scrying-test:// served 3 pages successfully)
2026-10-07T00:51:30.6528590Z   - find_in_page → Some(true), request_pdf → 12150 bytes
2026-10-07T00:51:30.6528680Z demo-mac: browser-test: PASS — items 1, 3, 4, 9 verified at runtime
2026-10-07T00:51:30.6528760Z   - history controls (go_back/go_forward observed via SourceChanged events)
2026-10-07T00:51:30.6528800Z   - settings (apply_settings returned Ok)
2026-10-07T00:51:30.6528870Z   - URL schemes (scrying-test:// served 3 pages successfully)
2026-10-07T00:51:30.6528940Z   - find_in_page → Some(true), request_pdf → 12150 bytes
2026-10-07T00:51:30.6529030Z demo-mac: browser-test: PASS — items 1, 3, 4, 9 verified at runtime
2026-10-07T00:51:30.6529160Z   - history controls (go_back/go_forward observed via SourceChanged events)
2026-10-07T00:51:30.6529210Z   - settings (apply_settings returned Ok)
2026-10-07T00:51:30.6529270Z   - URL schemes (scrying-test:// served 3 pages successfully)
2026-10-07T00:51:30.6529340Z   - find_in_page → Some(true), request_pdf → 12150 bytes
2026-10-07T00:51:30.6529440Z demo-mac: browser-test: PASS — items 1, 3, 4, 9 verified at runtime
2026-10-07T00:51:30.6529520Z   - history controls (go_back/go_forward observed via SourceChanged events)
2026-10-07T00:51:30.6529560Z   - settings (apply_settings returned Ok)
2026-10-07T00:51:30.6529620Z   - URL schemes (scrying-test:// served 3 pages successfully)
2026-10-07T00:51:30.6529700Z   - find_in_page → Some(true), request_pdf → 12150 bytes
2026-10-07T00:51:30.6529780Z demo-mac: browser-test: PASS — items 1, 3, 4, 9 verified at runtime
2026-10-07T00:51:30.6529870Z   - history controls (go_back/go_forward observed via SourceChanged events)
2026-10-07T00:51:30.6529910Z   - settings (apply_settings returned Ok)
2026-10-07T00:51:30.6529980Z   - URL schemes (scrying-test:// served 3 pages successfully)
2026-10-07T00:51:30.6530060Z   - find_in_page → Some(true), request_pdf → 12150 bytes
2026-10-07T00:51:30.6530160Z demo-mac: browser-test: PASS — items 1, 3, 4, 9 verified at runtime
2026-10-07T00:51:30.6530250Z   - history controls (go_back/go_forward observed via SourceChanged events)
2026-10-07T00:51:30.6530290Z   - settings (apply_settings returned Ok)
2026-10-07T00:51:30.6530370Z   - URL schemes (scrying-test:// served 3 pages successfully)
2026-10-07T00:51:30.6530440Z   - find_in_page → Some(true), request_pdf → 12150 bytes
2026-10-07T00:51:30.6530550Z demo-mac: browser-test: PASS — items 1, 3, 4, 9 verified at runtime
2026-10-07T00:51:30.6530640Z   - history controls (go_back/go_forward observed via SourceChanged events)
2026-10-07T00:51:30.6530680Z   - settings (apply_settings returned Ok)
2026-10-07T00:51:30.6530760Z   - URL schemes (scrying-test:// served 3 pages successfully)
2026-10-07T00:51:30.6530830Z   - find_in_page → Some(true), request_pdf → 12150 bytes
2026-10-07T00:51:30.6530940Z demo-mac: browser-test: PASS — items 1, 3, 4, 9 verified at runtime
2026-10-07T00:51:30.6531060Z   - history controls (go_back/go_forward observed via SourceChanged events)
2026-10-07T00:51:30.6531110Z   - settings (apply_settings returned Ok)
2026-10-07T00:51:30.6531180Z   - URL schemes (scrying-test:// served 3 pages successfully)
2026-10-07T00:51:30.6531260Z   - find_in_page → Some(true), request_pdf → 12150 bytes
2026-10-07T00:51:30.6531360Z demo-mac: browser-test: PASS — items 1, 3, 4, 9 verified at runtime
2026-10-07T00:51:30.6531450Z   - history controls (go_back/go_forward observed via SourceChanged events)
2026-10-07T00:51:30.6531500Z   - settings (apply_settings returned Ok)
2026-10-07T00:51:30.6531560Z   - URL schemes (scrying-test:// served 3 pages successfully)
2026-10-07T00:51:30.6531640Z   - find_in_page → Some(true), request_pdf → 12150 bytes
2026-10-07T00:51:30.6531750Z demo-mac: browser-test: PASS — items 1, 3, 4, 9 verified at runtime
2026-10-07T00:51:30.6531840Z   - history controls (go_back/go_forward observed via SourceChanged events)
2026-10-07T00:51:30.6531890Z   - settings (apply_settings returned Ok)
2026-10-07T00:51:30.6531960Z   - URL schemes (scrying-test:// served 3 pages successfully)
2026-10-07T00:51:30.6532040Z   - find_in_page → Some(true), request_pdf → 12150 bytes
2026-10-07T00:51:30.6532140Z demo-mac: browser-test: PASS — items 1, 3, 4, 9 verified at runtime
2026-10-07T00:51:30.6532230Z   - history controls (go_back/go_forward observed via SourceChanged events)
2026-10-07T00:51:30.6532280Z   - settings (apply_settings returned Ok)
2026-10-07T00:51:30.6532350Z   - URL schemes (scrying-test:// served 3 pages successfully)
2026-10-07T00:51:30.6532420Z   - find_in_page → Some(true), request_pdf → 12150 bytes
2026-10-07T00:51:30.6532520Z demo-mac: browser-test: PASS — items 1, 3, 4, 9 verified at runtime
2026-10-07T00:51:30.6532650Z   - history controls (go_back/go_forward observed via SourceChanged events)
2026-10-07T00:51:30.6532690Z   - settings (apply_settings returned Ok)
2026-10-07T00:51:30.6532770Z   - URL schemes (scrying-test:// served 3 pages successfully)
2026-10-07T00:51:30.6532850Z   - find_in_page → Some(true), request_pdf → 12150 bytes
2026-10-07T00:51:30.6532950Z demo-mac: browser-test: PASS — items 1, 3, 4, 9 verified at runtime
2026-10-07T00:51:30.6533040Z   - history controls (go_back/go_forward observed via SourceChanged events)
2026-10-07T00:51:30.6533080Z   - settings (apply_settings returned Ok)
2026-10-07T00:51:30.6533160Z   - URL schemes (scrying-test:// served 3 pages successfully)
2026-10-07T00:51:30.6533230Z   - find_in_page → Some(true), request_pdf → 12150 bytes
2026-10-07T00:51:30.6533340Z demo-mac: browser-test: PASS — items 1, 3, 4, 9 verified at runtime
2026-10-07T00:51:30.6533430Z   - history controls (go_back/go_forward observed via SourceChanged events)
2026-10-07T00:51:30.6533470Z   - settings (apply_settings returned Ok)
2026-10-07T00:51:30.6533540Z   - URL schemes (scrying-test:// served 3 pages successfully)
2026-10-07T00:51:30.6533610Z   - find_in_page → Some(true), request_pdf → 12150 bytes
2026-10-07T00:51:30.6533700Z demo-mac: browser-test: PASS — items 1, 3, 4, 9 verified at runtime
2026-10-07T00:51:30.6533790Z   - history controls (go_back/go_forward observed via SourceChanged events)
2026-10-07T00:51:30.6533830Z   - settings (apply_settings returned Ok)
2026-10-07T00:51:30.6533890Z   - URL schemes (scrying-test:// served 3 pages successfully)
2026-10-07T00:51:30.6533960Z   - find_in_page → Some(true), request_pdf → 12150 bytes
2026-10-07T00:51:30.6534050Z demo-mac: browser-test: PASS — items 1, 3, 4, 9 verified at runtime
2026-10-07T00:51:30.6534130Z   - history controls (go_back/go_forward observed via SourceChanged events)
2026-10-07T00:51:30.6534180Z   - settings (apply_settings returned Ok)
2026-10-07T00:51:30.6534240Z   - URL schemes (scrying-test:// served 3 pages successfully)
2026-10-07T00:51:30.6534310Z   - find_in_page → Some(true), request_pdf → 12150 bytes
2026-10-07T00:51:30.6534340Z   -> PASS
2026-10-07T00:51:30.6534350Z 
2026-10-07T00:51:30.6534390Z ==> --interaction-state-test
2026-10-07T00:51:32.0732730Z demo-mac: nav event: Starting { url: "scrying-test://history-1" }
2026-10-07T00:51:32.0733000Z demo-mac: nav event: SourceChanged { url: "scrying-test://history-1" }
2026-10-07T00:51:32.0733210Z demo-mac: js->host: loaded:history-1
2026-10-07T00:51:32.0733410Z demo-mac: nav event: Completed { url: "scrying-test://history-1", success: true }
2026-10-07T00:51:32.0733660Z demo-mac: nav event: Starting { url: "scrying-test://history-2" }
2026-10-07T00:51:32.0733890Z demo-mac: nav event: SourceChanged { url: "scrying-test://history-2" }
2026-10-07T00:51:32.0734140Z demo-mac: nav event: Completed { url: "scrying-test://history-2", success: true }
2026-10-07T00:51:32.0734380Z demo-mac: js->host: loaded:history-2
2026-10-07T00:51:32.0734570Z demo-mac: nav event: Starting { url: "scrying-test://find-target" }
2026-10-07T00:51:32.0734870Z demo-mac: nav event: SourceChanged { url: "scrying-test://find-target" }
2026-10-07T00:51:32.0735040Z demo-mac: js->host: loaded:find-target
2026-10-07T00:51:32.0735250Z demo-mac: nav event: Completed { url: "scrying-test://find-target", success: true }
2026-10-07T00:51:32.0735530Z demo-mac: interaction-state-test: serialized 1024 bytes at C
2026-10-07T00:51:32.0735740Z demo-mac: nav event: Starting { url: "scrying-test://history-2" }
2026-10-07T00:51:32.0735970Z demo-mac: nav event: SourceChanged { url: "scrying-test://history-2" }
2026-10-07T00:51:32.0736190Z demo-mac: nav event: Completed { url: "scrying-test://history-2", success: true }
2026-10-07T00:51:32.0736410Z demo-mac: nav event: Starting { url: "scrying-test://history-1" }
2026-10-07T00:51:32.0736610Z demo-mac: nav event: SourceChanged { url: "scrying-test://history-1" }
2026-10-07T00:51:32.0736830Z demo-mac: nav event: Completed { url: "scrying-test://history-1", success: true }
2026-10-07T00:51:32.0737240Z demo-mac: interaction-state-test: restore_interaction_state ok
2026-10-07T00:51:32.0737450Z demo-mac: nav event: Starting { url: "scrying-test://find-target" }
2026-10-07T00:51:32.0737660Z demo-mac: nav event: SourceChanged { url: "scrying-test://find-target" }
2026-10-07T00:51:32.0737840Z demo-mac: js->host: loaded:find-target
2026-10-07T00:51:32.0738020Z demo-mac: nav event: Completed { url: "scrying-test://find-target", success: true }
2026-10-07T00:51:32.0738290Z demo-mac: interaction-state-test: restored to C
2026-10-07T00:51:32.0738640Z demo-mac: interaction-state-test: PASS — serialize/restore round-trip verified
2026-10-07T00:51:32.0738870Z   - serialized at C (1024 bytes), navigated back to A, restore landed on C
2026-10-07T00:51:32.0739070Z   - post-restore can_go_back == true, can_go_forward == false
2026-10-07T00:51:32.0747410Z   -> PASS
2026-10-07T00:51:32.0760780Z 
2026-10-07T00:51:32.0760910Z ==> --pointer-input-test
2026-10-07T00:51:33.1638270Z demo-mac: nav event: Starting { url: "scrying-test://pointer" }
2026-10-07T00:51:33.1638640Z demo-mac: nav event: SourceChanged { url: "scrying-test://pointer" }
2026-10-07T00:51:33.1638910Z demo-mac: js->host: ready
2026-10-07T00:51:33.1639080Z demo-mac: pointer-input-test: page ready
2026-10-07T00:51:33.1639310Z demo-mac: nav event: Completed { url: "scrying-test://pointer", success: true }
2026-10-07T00:51:33.1639550Z demo-mac: js->host: ptr:down:50,718:mouse
2026-10-07T00:51:33.1639690Z demo-mac: cursor change: Default
2026-10-07T00:51:33.1639830Z demo-mac: js->host: ptr:move:75,693:mouse
2026-10-07T00:51:33.1639960Z demo-mac: js->host: ptr:up:75,693:mouse
2026-10-07T00:51:33.1640280Z demo-mac: pointer-input-test: PASS — Down/Update/Up reached JS pointer listeners
2026-10-07T00:51:33.1640530Z   - JS observed: down=true move=true up=true leave=false
2026-10-07T00:51:33.1640770Z   - WebKit reported pointerType = Some("mouse") (macOS collapses every device to mouse)
2026-10-07T00:51:33.1656840Z   -> PASS
2026-10-07T00:51:33.1675080Z 
2026-10-07T00:51:33.1675190Z ==> --incognito-test
2026-10-07T00:51:33.8710650Z demo-mac: --incognito-test: spun up persistent comparison producer
2026-10-07T00:51:33.8710950Z demo-mac: incognito-test: set_cookie 'scrying-incognito-78470' on incognito producer
2026-10-07T00:51:33.8715780Z demo-mac: incognito-test: incognito store reports 1 cookie(s)
2026-10-07T00:51:33.8716080Z demo-mac: incognito-test: persistent store reports 0 cookie(s)
2026-10-07T00:51:33.8716460Z demo-mac: incognito-test: PASS — non_persistent stores stay isolated from persistent ones
2026-10-07T00:51:33.8716740Z   - set_cookie on incognito producer was visible to its own request_all_cookies
2026-10-07T00:51:33.8717000Z   - same cookie was absent from a separate persistent producer's store
2026-10-07T00:51:33.8726430Z   -> PASS
2026-10-07T00:51:33.8740810Z 
2026-10-07T00:51:33.8741030Z ==> --download-test
2026-10-07T00:51:41.0377810Z demo-mac: download-test: serving payload at http://127.0.0.1:56980/download
2026-10-07T00:51:41.0378140Z demo-mac: download-test: auth-required payload at http://127.0.0.1:56980/download-auth
2026-10-07T00:51:41.0378430Z demo-mac: nav event: Starting { url: "http://127.0.0.1:56980/download" }
2026-10-07T00:51:41.0379110Z demo-mac: nav event: DownloadStarted { id: DownloadId(1), url: "http://127.0.0.1:56980/download", suggested_filename: "scrying-download.bin", destination_path: "/Users/markik/Code/targets/wgpu-scry-hardware/demo-mac-download-test-78495/download-output/scrying-download.bin", total_bytes_expected: Some(262144) }
2026-10-07T00:51:41.0379800Z demo-mac: nav event: Completed { url: "", success: false }
2026-10-07T00:51:41.0380090Z demo-mac: nav event: DownloadProgress { id: DownloadId(1), bytes_written: 262144, total_bytes_expected: Some(262144) }
2026-10-07T00:51:41.0380640Z demo-mac: nav event: DownloadFinished { id: DownloadId(1), destination_path: "/Users/markik/Code/targets/wgpu-scry-hardware/demo-mac-download-test-78495/download-output/scrying-download.bin", error: None }
2026-10-07T00:51:41.0381510Z demo-mac: download-test: phase A: 262144 bytes landed at /Users/markik/Code/targets/wgpu-scry-hardware/demo-mac-download-test-78495/download-output/scrying-download.bin (matches served payload)
2026-10-07T00:51:41.0381960Z demo-mac: nav event: Starting { url: "http://127.0.0.1:56980/download" }
2026-10-07T00:51:41.0382140Z demo-mac: nav event: Completed { url: "", success: false }
2026-10-07T00:51:41.0382370Z demo-mac: nav event: DownloadCancelled { id: DownloadId(2), destination_path: "", resume_data: None }
2026-10-07T00:51:41.0382660Z demo-mac: download-test: phase B: DownloadCancelled fired for id 2 after host Cancel decision
2026-10-07T00:51:41.0382930Z demo-mac: download-test: phase C: cancel_download(unknown) returned Ok(false) as expected
2026-10-07T00:51:41.0383220Z demo-mac: download-test: auth challenge for host '127.0.0.1' method 'NSURLAuthenticationMethodHTTPBasic'
2026-10-07T00:51:41.0383730Z demo-mac: nav event: AuthChallenged { url: "http://127.0.0.1:56980/download-auth", host: "127.0.0.1", auth_method: "NSURLAuthenticationMethodHTTPBasic", source: Download }
2026-10-07T00:51:41.0384510Z demo-mac: nav event: DownloadStarted { id: DownloadId(3), url: "http://127.0.0.1:56980/download-auth", suggested_filename: "scrying-download.bin", destination_path: "/Users/markik/Code/targets/wgpu-scry-hardware/demo-mac-download-test-78495/download-output/scrying-download-1.bin", total_bytes_expected: Some(262144) }
2026-10-07T00:51:41.0385170Z demo-mac: nav event: DownloadProgress { id: DownloadId(3), bytes_written: 262144, total_bytes_expected: Some(262144) }
2026-10-07T00:51:41.0385660Z demo-mac: nav event: DownloadFinished { id: DownloadId(3), destination_path: "/Users/markik/Code/targets/wgpu-scry-hardware/demo-mac-download-test-78495/download-output/scrying-download-1.bin", error: None }
2026-10-07T00:51:41.0386150Z demo-mac: download-test: phase D: auth-protected download succeeded with 262144 bytes after credentials supplied
2026-10-07T00:51:41.0386420Z demo-mac: nav event: Starting { url: "http://127.0.0.1:56980/download-slow" }
2026-10-07T00:51:41.0386620Z demo-mac: nav event: Completed { url: "", success: false }
2026-10-07T00:51:41.0387210Z demo-mac: nav event: DownloadStarted { id: DownloadId(4), url: "http://127.0.0.1:56980/download-slow", suggested_filename: "scrying-download.bin", destination_path: "/Users/markik/Code/targets/wgpu-scry-hardware/demo-mac-download-test-78495/download-output/scrying-download-2.bin", total_bytes_expected: Some(262144) }
2026-10-07T00:51:41.0387960Z demo-mac: download-test: phase E: cancel_download(4) -> Ok(true), awaiting resume_data
2026-10-07T00:51:41.0419640Z demo-mac: nav event: DownloadCancelled { id: DownloadId(4), destination_path: "/Users/markik/Code/targets/wgpu-scry-hardware/demo-mac-download-test-78495/download-output/scrying-download-2.bin", resume_data: Some([98, 112, 108, 105, 115, 116, 48, 48, 212, 1, 2, 3, 4, 5, 6, 7, 10, 88, 36, 118, 101, 114, 115, 105, 111, 110, 89, 36, 97, 114, 99, 104, 105, 118, 101, 114, 84, 36, 116, 111, 112, 88, 36, 111, 98, 106, 101, 99, 116, 115, 18, 0, 1, 134, 160, 95, 16, 15, 78, 83, 75, 101, 121, 101, 100, 65, 114, 99, 104, 105, 118, 101, 114, 209, 8, 9, 95, 16, 27, 78, 83, 75, 101, 121, 101, 100, 65, 114, 99, 104, 105, 118, 101, 82, 111, 111, 116, 79, 98, 106, 101, 99, 116, 75, 101, 121, 128, 1, 167, 11, 12, 23, 24, 25, 26, 27, 85, 36, 110, 117, 108, 108, 211, 13, 14, 15, 16, 19, 22, 87, 78, 83, 46, 107, 101, 121, 115, 90, 78, 83, 46, 111, 98, 106, 101, 99, 116, 115, 86, 36, 99, 108, 97, 115, 115, 162, 17, 18, 128, 2, 128, 3, 162, 20, 21, 128, 4, 128, 5, 128, 6, 84, 100, 97, 116, 97, 95, 16, 31, 78, 83, 85, 82, 76, 83, 101, 115, 115, 105, 111, 110, 82, 101, 115, 117, 109, 101, 73, 110, 102, 111, 76, 111, 99, 97, 108, 80, 97, 116, 104, 79, 17, 28, 216, 54, 21, 8, 37, 18, 7, 67, 95, 212, 0, 1, 0, 2, 0, 3, 0, 4, 0, 5, 0, 6, 0, 7, 0, 10, 88, 36, 118, 101, 114, 115, 105, 111, 110, 89, 36, 97, 114, 99, 104, 105, 118, 101, 114, 84, 36, 116, 111, 112, 88, 36, 111, 98, 106, 101, 99, 116, 115, 18, 0, 1, 134, 160, 95, 16, 15, 78, 83, 75, 101, 121, 101, 100, 65, 114, 99, 104, 105, 118, 101, 114, 209, 0, 8, 0, 9, 84, 114, 111, 111, 116, 128, 1, 175, 16, 79, 0, 11, 0, 12, 0, 43, 0, 31, 0, 153, 0, 159, 0, 160, 0, 166, 0, 107, 0, 167, 0, 171, 0, 121, 0, 173, 0, 42, 0, 174, 0, 142, 0, 175, 0, 176, 0, 196, 0, 197, 0, 198, 0, 199, 0, 200, 0, 201, 0, 202, 0, 203, 0, 204, 0, 205, 0, 206, 0, 207, 0, 208, 0, 209, 0, 210, 0, 214, 0, 228, 0, 229, 0, 230, 0, 231, 0, 232, 0, 233, 0, 234, 0, 235, 0, 236, 0, 242, 0, 243, 0, 244, 0, 247, 0, 252, 1, 44, 1, 62, 1, 63, 1, 64, 1, 78, 1, 84, 1, 99, 0, 28, 1, 100, 1, 101, 1, 121, 1, 122, 1, 123, 1, 124, 1, 125, 1, 126, 1, 127, 1, 128, 1, 129, 1, 130, 1, 131, 1, 132, 1, 133, 1, 134, 1, 135, 1, 136, 1, 140, 1, 144, 1, 149, 1, 153, 1, 154, 85, 36, 110, 117, 108, 108, 223, 16, 15, 0, 13, 0, 14, 0, 15, 0, 16, 0, 17, 0, 18, 0, 19, 0, 20, 0, 21, 0, 22, 0, 23, 0, 24, 0, 25, 0, 26, 0, 27, 0, 28, 0, 29, 0, 30, 0, 31, 0, 32, 0, 33, 0, 34, 0, 35, 0, 36, 0, 37, 0, 29, 0, 31, 0, 40, 0, 29, 0, 42, 94, 116, 97, 115, 107, 73, 100, 101, 110, 116, 105, 102, 105, 101, 114, 95, 16, 15, 116, 97, 115, 107, 68, 101, 115, 99, 114, 105, 112, 116, 105, 111, 110, 95, 16, 31, 99, 111, 117, 110, 116, 79, 102, 66, 121, 116, 101, 115, 67, 108, 105, 101, 110, 116, 69, 120, 112, 101, 99, 116, 115, 84, 111, 83, 101, 110, 100, 95, 16, 21, 95, 107, 101, 101, 112, 68, 111, 119, 110, 108, 111, 97, 100, 84, 97, 115, 107, 70, 105, 108, 101, 88, 112, 114, 105, 111, 114, 105, 116, 121, 87, 102, 105, 108, 101, 85, 82, 76, 95, 16, 34, 99, 111, 117, 110, 116, 79, 102, 66, 121, 116, 101, 115, 67, 108, 105, 101, 110, 116, 69, 120, 112, 101, 99, 116, 115, 84, 111, 82, 101, 99, 101, 105, 118, 101, 95, 16, 15, 111, 114, 105, 103, 105, 110, 97, 108, 82, 101, 113, 117, 101, 115, 116, 86, 36, 99, 108, 97, 115, 115, 94, 99, 117, 114, 114, 101, 110, 116, 82, 101, 113, 117, 101, 115, 116, 95, 16, 17, 101, 97, 114, 108, 105, 101, 115, 116, 66, 101, 103, 105, 110, 68, 97, 116, 101, 95, 16, 26, 112, 114, 101, 102, 101, 114, 115, 73, 110, 99, 114, 101, 109, 101, 110, 116, 97, 108, 68, 101, 108, 105, 118, 101, 114, 121, 88, 114, 101, 115, 112, 111, 110, 115, 101, 92, 116, 101, 109, 112, 70, 105, 108, 101, 78, 97, 109, 101, 89, 115, 116, 97, 114, 116, 84, 105, 109, 101, 16, 0, 128, 0, 19, 255, 255, 255, 255, 255, 255, 255, 255, 8, 34, 63, 128, 0, 0, 128, 76, 18, 0, 4, 0, 0, 128, 2, 128, 78, 128, 47, 128, 0, 8, 128, 53, 128, 0, 35, 0, 0, 0, 0, 0, 0, 0, 0, 223, 16, 58, 0, 44, 0, 45, 0, 46, 0, 47, 0, 48, 0, 49, 0, 50, 0, 51, 0, 52, 0, 53, 0, 54, 0, 55, 0, 56, 0, 57, 0, 58, 0, 59, 0, 60, 0, 61, 0, 62, 0, 63, 0, 64, 0, 65, 0, 66, 0, 67, 0, 68, 0, 69, 0, 70, 0, 71, 0, 72, 0, 73, 0, 74, 0, 75, 0, 76, 0, 77, 0, 78, 0, 79, 0, 80, 0, 81, 0, 82, 0, 21, 0, 83, 0, 84, 0, 85, 0, 86, 0, 87, 0, 88, 0, 89, 0, 90, 0, 91, 0, 92, 0, 93, 0, 94, 0, 95, 0, 96, 0, 97, 0, 98, 0, 99, 0, 100, 0, 28, 0, 31, 0, 102, 0, 28, 0, 31, 0, 28, 0, 31, 0, 105, 0, 106, 0, 107, 0, 108, 0, 29, 0, 110, 0, 29, 0, 108, 0, 106, 0, 114, 0, 29, 0, 31, 0, 117, 0, 118, 0, 31, 0, 120, 0, 121, 0, 31, 0, 105, 0, 31, 0, 31, 0, 42, 0, 126, 0, 127, 0, 31, 0, 129, 0, 29, 0, 28, 0, 31, 0, 106, 0, 121, 0, 31, 0, 135, 0, 136, 0, 29, 0, 28, 0, 102, 0, 42, 0, 31, 0, 140, 0, 29, 0, 142, 0, 31, 0, 31, 0, 31, 0, 146, 0, 31, 0, 29, 0, 149, 0, 31, 0, 29, 95, 16, 24, 114, 101, 113, 117, 105, 114, 101, 115, 68, 78, 83, 83, 69, 67, 86, 97, 108, 105, 100, 97, 116, 105, 111, 110, 95, 16, 18, 105, 115, 87, 101, 98, 83, 101, 97, 114, 99, 104, 67, 111, 110, 116, 101, 110, 116, 95, 16, 31, 95, 95, 110, 115, 117, 114, 108, 114, 101, 113, 117, 101, 115, 116, 95, 112, 114, 111, 116, 111, 95, 112, 114, 111, 112, 95, 111, 98, 106, 95, 57, 95, 16, 20, 97, 108, 108, 111, 119, 101, 100, 80, 114, 111, 116, 111, 99, 111, 108, 84, 121, 112, 101, 115, 93, 98, 108, 111, 99, 107, 84, 114, 97, 99, 107, 101, 114, 115, 95, 16, 30, 97, 108, 108, 111, 119, 115, 67, 111, 110, 115, 116, 114, 97, 105, 110, 101, 100, 78, 101, 116, 119, 111, 114, 107, 65, 99, 99, 101, 115, 115, 95, 16, 19, 97, 115, 115, 117, 109, 101, 115, 72, 84, 84, 80, 51, 67, 97, 112, 97, 98, 108, 101, 95, 16, 32, 95, 95, 110, 115, 117, 114, 108, 114, 101, 113, 117, 101, 115, 116, 95, 112, 114, 111, 116, 111, 95, 112, 114, 111, 112, 95, 111, 98, 106, 95, 49, 48, 95, 16, 32, 95, 95, 110, 115, 117, 114, 108, 114, 101, 113, 117, 101, 115, 116, 95, 112, 114, 111, 116, 111, 95, 112, 114, 111, 112, 95, 111, 98, 106, 95, 49, 49, 91, 97, 116, 116, 114, 105, 98, 117, 116, 105, 111, 110, 95, 16, 32, 95, 95, 110, 115, 117, 114, 108, 114, 101, 113, 117, 101, 115, 116, 95, 112, 114, 111, 116, 111, 95, 112, 114, 111, 112, 95, 111, 98, 106, 95, 49, 50, 95, 16, 32, 95, 95, 110, 115, 117, 114, 108, 114, 101, 113, 117, 101, 115, 116, 95, 112, 114, 111, 116, 111, 95, 112, 114, 111, 112, 95, 111, 98, 106, 95, 50, 48, 95, 16, 26, 95, 95, 110, 115, 117, 114, 108, 114, 101, 113, 117, 101, 115, 116, 95, 112, 114, 111, 116, 111, 95, 112, 114, 111, 112, 115, 95, 16, 32, 95, 95, 110, 115, 117, 114, 108, 114, 101, 113, 117, 101, 115, 116, 95, 112, 114, 111, 116, 111, 95, 112, 114, 111, 112, 95, 111, 98, 106, 95, 50, 49, 95, 16, 32, 95, 95, 110, 115, 117, 114, 108, 114, 101, 113, 117, 101, 115, 116, 95, 112, 114, 111, 116, 111, 95, 112, 114, 111, 112, 95, 111, 98, 106, 95, 49, 51, 95, 16, 32, 95, 95, 110, 115, 117, 114, 108, 114, 101, 113, 117, 101, 115, 116, 95, 112, 114, 111, 116, 111, 95, 112, 114, 111, 112, 95, 111, 98, 106, 95, 49, 52, 95, 16, 32, 95, 95, 110, 115, 117, 114, 108, 114, 101, 113, 117, 101, 115, 116, 95, 112, 114, 111, 116, 111, 95, 112, 114, 111, 112, 95, 111, 98, 106, 95, 49, 53, 95, 16, 32, 95, 95, 110, 115, 117, 114, 108, 114, 101, 113, 117, 101, 115, 116, 95, 112, 114, 111, 116, 111, 95, 112, 114, 111, 112, 95, 111, 98, 106, 95, 49, 54, 95, 16, 24, 117, 110, 115, 97, 102, 101, 65, 108, 108, 111, 119, 101, 100, 73, 110, 69, 97, 114, 108, 121, 68, 97, 116, 97, 95, 16, 32, 95, 95, 110, 115, 117, 114, 108, 114, 101, 113, 117, 101, 115, 116, 95, 112, 114, 111, 116, 111, 95, 112, 114, 111, 112, 95, 111, 98, 106, 95, 49, 55, 95, 16, 32, 95, 95, 110, 115, 117, 114, 108, 114, 101, 113, 117, 101, 115, 116, 95, 112, 114, 111, 116, 111, 95, 112, 114, 111, 112, 95, 111, 98, 106, 95, 49, 56, 95, 16, 22, 117, 115, 101, 69, 110, 104, 97, 110, 99, 101, 100, 80, 114, 105, 118, 97, 99, 121, 77, 111, 100, 101, 95, 16, 32, 95, 95, 110, 115, 117, 114, 108, 114, 101, 113, 117, 101, 115, 116, 95, 112, 114, 111, 116, 111, 95, 112, 114, 111, 112, 95, 111, 98, 106, 95, 49, 57, 95, 16, 37, 97, 108, 108, 111, 119, 80, 114, 105, 118, 97, 116, 101, 65, 99, 99, 101, 115, 115, 84, 111, 107, 101, 110, 115, 70, 111, 114, 84, 104, 105, 114, 100, 80, 97, 114, 116, 121, 95, 16, 19, 97, 108, 108, 111, 119, 115, 80, 101, 114, 115, 105, 115, 116, 101, 110, 116, 68, 78, 83, 95, 16, 31, 95, 95, 110, 115, 117, 114, 108, 114, 101, 113, 117, 101, 115, 116, 95, 112, 114, 111, 116, 111, 95, 112, 114, 111, 112, 95, 111, 98, 106, 95, 48, 95, 16, 30, 114, 101, 113, 117, 105, 114, 101, 115, 83, 104, 111, 114, 116, 67, 111, 110, 110, 101, 99, 116, 105, 111, 110, 84, 105, 109, 101, 111, 117, 116, 95, 16, 22, 112, 114, 105, 118, 97, 99, 121, 80, 114, 111, 120, 121, 70, 97, 105, 108, 67, 108, 111, 115, 101, 100, 95, 16, 26, 112, 97, 121, 108, 111, 97, 100, 84, 114, 97, 110, 115, 109, 105, 115, 115, 105, 111, 110, 84, 105, 109, 101, 111, 117, 116, 95, 16, 31, 95, 95, 110, 115, 117, 114, 108, 114, 101, 113, 117, 101, 115, 116, 95, 112, 114, 111, 116, 111, 95, 112, 114, 111, 112, 95, 111, 98, 106, 95, 49, 95, 16, 39, 99, 111, 110, 116, 101, 110, 116, 68, 105, 115, 112, 111, 115, 105, 116, 105, 111, 110, 69, 110, 99, 111, 100, 105, 110, 103, 70, 97, 108, 108, 98, 97, 99, 107, 65, 114, 114, 97, 121, 95, 16, 28, 112, 114, 105, 118, 97, 99, 121, 80, 114, 111, 120, 121, 83, 116, 114, 105, 99, 116, 70, 97, 105, 108, 67, 108, 111, 115, 101, 100, 95, 16, 31, 95, 95, 110, 115, 117, 114, 108, 114, 101, 113, 117, 101, 115, 116, 95, 112, 114, 111, 116, 111, 95, 112, 114, 111, 112, 95, 111, 98, 106, 95, 50, 94, 116, 114, 97, 99, 107, 101, 114, 67, 111, 110, 116, 101, 120, 116, 89, 97, 108, 108, 111, 119, 115, 85, 67, 65, 95, 16, 20, 112, 114, 111, 104, 105, 98, 105, 116, 80, 114, 105, 118, 97, 99, 121, 80, 114, 111, 120, 121, 95, 16, 31, 95, 95, 110, 115, 117, 114, 108, 114, 101, 113, 117, 101, 115, 116, 95, 112, 114, 111, 116, 111, 95, 112, 114, 111, 112, 95, 111, 98, 106, 95, 51, 95, 16, 48, 112, 114, 105, 118, 97, 99, 121, 80, 114, 111, 120, 121, 70, 97, 105, 108, 67, 108, 111, 115, 101, 100, 70, 111, 114, 85, 110, 114, 101, 97, 99, 104, 97, 98, 108, 101, 78, 111, 110, 77, 97, 105, 110, 72, 111, 115, 116, 115, 95, 16, 41, 112, 114, 105, 118, 97, 99, 121, 80, 114, 111, 120, 121, 70, 97, 105, 108, 67, 108, 111, 115, 101, 100, 70, 111, 114, 85, 110, 114, 101, 97, 99, 104, 97, 98, 108, 101, 72, 111, 115, 116, 115, 95, 16, 31, 95, 95, 110, 115, 117, 114, 108, 114, 101, 113, 117, 101, 115, 116, 95, 112, 114, 111, 116, 111, 95, 112, 114, 111, 112, 95, 111, 98, 106, 95, 52, 95, 16, 24, 98, 111, 117, 110, 100, 73, 110, 116, 101, 114, 102, 97, 99, 101, 73, 100, 101, 110, 116, 105, 102, 105, 101, 114, 95, 16, 28, 97, 108, 108, 111, 119, 115, 69, 120, 112, 101, 110, 115, 105, 118, 101, 78, 101, 116, 119, 111, 114, 107, 65, 99, 99, 101, 115, 115, 95, 16, 31, 95, 95, 110, 115, 117, 114, 108, 114, 101, 113, 117, 101, 115, 116, 95, 112, 114, 111, 116, 111, 95, 112, 114, 111, 112, 95, 111, 98, 106, 95, 53, 95, 16, 16, 115, 116, 97, 114, 116, 84, 105, 109, 101, 111, 117, 116, 84, 105, 109, 101, 95, 16, 18, 112, 114, 101, 118, 101, 110, 116, 72, 83, 84, 83, 83, 116, 111, 114, 97, 103, 101, 95, 16, 31, 95, 95, 110, 115, 117, 114, 108, 114, 101, 113, 117, 101, 115, 116, 95, 112, 114, 111, 116, 111, 95, 112, 114, 111, 112, 95, 111, 98, 106, 95, 54, 95, 16, 25, 99, 111, 111, 107, 105, 101, 80, 97, 114, 116, 105, 116, 105, 111, 110, 73, 100, 101, 110, 116, 105, 102, 105, 101, 114, 82, 36, 48, 95, 16, 34, 102, 97, 105, 108, 73, 110, 115, 101, 99, 117, 114, 101, 76, 111, 97, 100, 87, 105, 116, 104, 72, 84, 84, 80, 83, 68, 78, 83, 82, 101, 99, 111, 114, 100, 92, 107, 110, 111, 119, 110, 84, 114, 97, 99, 107, 101, 114, 90, 105, 103, 110, 111, 114, 101, 72, 83, 84, 83, 82, 36, 49, 95, 16, 27, 97, 108, 108, 111, 119, 79, 110, 108, 121, 80, 97, 114, 116, 105, 116, 105, 111, 110, 101, 100, 67, 111, 111, 107, 105, 101, 115, 95, 16, 31, 95, 95, 110, 115, 117, 114, 108, 114, 101, 113, 117, 101, 115, 116, 95, 112, 114, 111, 116, 111, 95, 112, 114, 111, 112, 95, 111, 98, 106, 95, 55, 82, 36, 50, 95, 16, 33, 115, 99, 104, 101, 109, 101, 87, 97, 115, 85, 112, 103, 114, 97, 100, 101, 100, 68, 117, 101, 84, 111, 68, 121, 110, 97, 109, 105, 99, 72, 83, 84, 83, 95, 16, 31, 95, 95, 110, 115, 117, 114, 108, 114, 101, 113, 117, 101, 115, 116, 95, 112, 114, 111, 116, 111, 95, 112, 114, 111, 112, 95, 111, 98, 106, 95, 56, 8, 128, 11, 8, 8, 128, 3, 128, 8, 16, 0, 128, 13, 128, 0, 128, 33, 128, 0, 128, 13, 128, 8, 128, 14, 128, 0, 8, 128, 15, 128, 16, 8, 128, 17, 9, 8, 128, 3, 8, 8, 128, 4, 128, 42, 8, 128, 7, 128, 0, 8, 128, 8, 9, 8, 128, 46, 128, 9, 128, 0, 128, 11, 8, 128, 12, 128, 0, 16, 2, 8, 8, 8, 16, 9, 8, 128, 0, 16, 22, 8, 128, 0, 8, 211, 0, 154, 0, 21, 0, 155, 0, 29, 0, 157, 0, 158, 87, 78, 83, 46, 98, 97, 115, 101, 91, 78, 83, 46, 114, 101, 108, 97, 116, 105, 118, 101, 128, 0, 128, 6, 128, 5, 95, 16, 36, 104, 116, 116, 112, 58, 47, 47, 49, 50, 55, 46, 48, 46, 48, 46, 49, 58, 53, 54, 57, 56, 48, 47, 100, 111, 119, 110, 108, 111, 97, 100, 45, 115, 108, 111, 119, 210, 0, 161, 0, 162, 0, 163, 0, 164, 90, 36, 99, 108, 97, 115, 115, 110, 97, 109, 101, 88, 36, 99, 108, 97, 115, 115, 101, 115, 85, 78, 83, 85, 82, 76, 162, 0, 163, 0, 165, 88, 78, 83, 79, 98, 106, 101, 99, 116, 35, 64, 78, 0, 0, 0, 0, 0, 0, 211, 0, 154, 0, 21, 0, 155, 0, 29, 0, 157, 0, 170, 128, 0, 128, 6, 128, 10, 95, 16, 36, 104, 116, 116, 112, 58, 47, 47, 49, 50, 55, 46, 48, 46, 48, 46, 49, 58, 53, 54, 57, 56, 48, 47, 100, 111, 119, 110, 108, 111, 97, 100, 45, 115, 108, 111, 119, 9, 17, 1, 134, 16, 4, 83, 71, 69, 84, 211, 0, 177, 0, 178, 0, 21, 0, 179, 0, 187, 0, 195, 87, 78, 83, 46, 107, 101, 121, 115, 90, 78, 83, 46, 111, 98, 106, 101, 99, 116, 115, 167, 0, 180, 0, 181, 0, 182, 0, 183, 0, 184, 0, 185, 0, 186, 128, 18, 128, 19, 128, 20, 128, 21, 128, 22, 128, 23, 128, 24, 167, 0, 188, 0, 189, 0, 190, 0, 191, 0, 192, 0, 193, 0, 194, 128, 25, 128, 26, 128, 27, 128, 28, 128, 29, 128, 30, 128, 31, 128, 32, 86, 65, 99, 99, 101, 112, 116, 94, 83, 101, 99, 45, 70, 101, 116, 99, 104, 45, 83, 105, 116, 101, 88, 95, 95, 104, 104, 97, 97, 95, 95, 95, 16, 25, 85, 112, 103, 114, 97, 100, 101, 45, 73, 110, 115, 101, 99, 117, 114, 101, 45, 82, 101, 113, 117, 101, 115, 116, 115, 94, 83, 101, 99, 45, 70, 101, 116, 99, 104, 45, 77, 111, 100, 101, 90, 85, 115, 101, 114, 45, 65, 103, 101, 110, 116, 94, 83, 101, 99, 45, 70, 101, 116, 99, 104, 45, 68, 101, 115, 116, 95, 16, 63, 116, 101, 120, 116, 47, 104, 116, 109, 108, 44, 97, 112, 112, 108, 105, 99, 97, 116, 105, 111, 110, 47, 120, 104, 116, 109, 108, 43, 120, 109, 108, 44, 97, 112, 112, 108, 105, 99, 97, 116, 105, 111, 110, 47, 120, 109, 108, 59, 113, 61, 48, 46, 57, 44, 42, 47, 42, 59, 113, 61, 48, 46, 56, 84, 110, 111, 110, 101, 95, 17, 1, 252, 13, 10, 13, 10, 89, 110, 66, 115, 97, 88, 78, 48, 77, 68, 68, 87, 65, 81, 73, 68, 66, 65, 85, 71, 66, 119, 107, 76, 68, 81, 56, 82, 88, 108, 78, 108, 89, 121, 49, 71, 90, 88, 82, 106, 97, 67, 49, 69, 90, 88, 78, 48, 87, 108, 86, 122, 90, 88, 73, 116, 81, 87, 100, 108, 98, 110, 82, 102, 69, 66, 108, 86, 99, 71, 100, 121, 89, 87, 82, 108, 76, 85, 108, 117, 99, 50, 86, 106, 100, 88, 74, 108, 76, 86, 74, 108, 99, 88, 86, 108, 99, 51, 82, 122, 86, 107, 70, 106, 89, 50, 86, 119, 100, 70, 53, 84, 90, 87, 77, 116, 82, 109, 86, 48, 89, 50, 103, 116, 85, 50, 108, 48, 90, 86, 53, 84, 90, 87, 77, 116, 82, 109, 86, 48, 89, 50, 103, 116, 84, 87, 57, 107, 90, 97, 69, 73, 87, 71, 82, 118, 89, 51, 86, 116, 90, 87, 53, 48, 111, 81, 112, 102, 69, 70, 104, 78, 98, 51, 112, 112, 98, 71, 120, 104, 76, 122, 85, 117, 77, 67, 65, 111, 84, 87, 70, 106, 97, 87, 53, 48, 98, 51, 78, 111, 79, 121, 66, 74, 98, 110, 82, 108, 98, 67, 66, 78, 89, 87, 77, 103, 84, 49, 77, 103, 87, 67, 65, 120, 77, 70, 56, 120, 78, 86, 56, 51, 75, 83, 66, 66, 99, 72, 66, 115, 90, 86, 100, 108, 89, 107, 116, 112, 100, 67, 56, 50, 77, 68, 85, 117, 77, 83, 52, 120, 78, 83, 65, 111, 83, 48, 104, 85, 84, 85, 119, 115, 73, 71, 120, 112, 97, 50, 85, 103, 82, 50, 86, 106, 97, 50, 56, 112, 111, 81, 120, 82, 77, 97, 69, 79, 88, 120, 65, 47, 100, 71, 86, 52, 100, 67, 57, 111, 100, 71, 49, 115, 76, 71, 70, 119, 99, 71, 120, 112, 89, 50, 70, 48, 97, 87, 57, 117, 76, 51, 104, 111, 100, 71, 49, 115, 75, 51, 104, 116, 98, 67, 120, 104, 99, 72, 66, 115, 97, 87, 78, 104, 100, 71, 108, 118, 98, 105, 57, 52, 98, 87, 119, 55, 99, 84, 48, 119, 76, 106, 107, 115, 75, 105, 56, 113, 79, 51, 69, 57, 77, 67, 52, 52, 111, 82, 66, 85, 98, 109, 57, 117, 90, 97, 69, 83, 87, 71, 53, 104, 100, 109, 108, 110, 89, 88, 82, 108, 65, 65, 103, 65, 70, 81, 65, 107, 65, 67, 56, 65, 83, 119, 66, 83, 65, 71, 69, 65, 99, 65, 66, 121, 65, 72, 115, 65, 102, 81, 68, 89, 65, 78, 111, 65, 51, 65, 68, 101, 65, 83, 65, 66, 73, 103, 69, 110, 65, 83, 107, 65, 65, 65, 65, 65, 65, 65, 65, 67, 65, 81, 65, 65, 65, 65, 65, 65, 65, 65, 65, 84, 65, 65, 65, 65, 65, 65, 65, 65, 65, 65, 65, 65, 65, 65, 65, 65, 65, 65, 65, 66, 77, 103, 61, 61, 81, 49, 88, 110, 97, 118, 105, 103, 97, 116, 101, 95, 16, 88, 77, 111, 122, 105, 108, 108, 97, 47, 53, 46, 48, 32, 40, 77, 97, 99, 105, 110, 116, 111, 115, 104, 59, 32, 73, 110, 116, 101, 108, 32, 77, 97, 99, 32, 79, 83, 32, 88, 32, 49, 48, 95, 49, 53, 95, 55, 41, 32, 65, 112, 112, 108, 101, 87, 101, 98, 75, 105, 116, 47, 54, 48, 53, 46, 49, 46, 49, 53, 32, 40, 75, 72, 84, 77, 76, 44, 32, 108, 105, 107, 101, 32, 71, 101, 99, 107, 111, 41, 88, 100, 111, 99, 117, 109, 101, 110, 116, 210, 0, 161, 0, 162, 0, 211, 0, 212, 95, 16, 19, 78, 83, 77, 117, 116, 97, 98, 108, 101, 68, 105, 99, 116, 105, 111, 110, 97, 114, 121, 163, 0, 211, 0, 213, 0, 165, 92, 78, 83, 68, 105, 99, 116, 105, 111, 110, 97, 114, 121, 211, 0, 177, 0, 178, 0, 21, 0, 215, 0, 221, 0, 195, 165, 0, 216, 0, 217, 0, 218, 0, 219, 0, 220, 128, 34, 128, 35, 128, 36, 128, 37, 128, 38, 165, 0, 222, 0, 223, 0, 223, 0, 225, 0, 223, 128, 39, 128, 40, 128, 40, 128, 41, 128, 40, 128, 32, 95, 16, 42, 95, 107, 67, 70, 72, 84, 84, 80, 67, 111, 111, 107, 105, 101, 80, 111, 108, 105, 99, 121, 80, 114, 111, 112, 101, 114, 116, 121, 83, 105, 116, 101, 70, 111, 114, 67, 111, 111, 107, 105, 101, 115, 95, 16, 48, 95, 107, 67, 70, 72, 84, 84, 80, 67, 111, 111, 107, 105, 101, 80, 111, 108, 105, 99, 121, 80, 114, 111, 112, 101, 114, 116, 121, 73, 115, 84, 111, 112, 76, 101, 118, 101, 108, 78, 97, 118, 105, 103, 97, 116, 105, 111, 110, 95, 16, 21, 87, 75, 86, 101, 114, 121, 76, 111, 119, 76, 111, 97, 100, 80, 114, 105, 111, 114, 105, 116, 121, 95, 16, 24, 95, 107, 67, 70, 85, 82, 76, 67, 97, 99, 104, 101, 80, 97, 114, 116, 105, 116, 105, 111, 110, 75, 101, 121, 95, 16, 32, 107, 67, 70, 85, 82, 76, 82, 101, 113, 117, 101, 115, 116, 65, 108, 108, 111, 119, 65, 108, 108, 80, 79, 83, 84, 67, 97, 99, 104, 105, 110, 103, 95, 16, 36, 104, 116, 116, 112, 58, 47, 47, 49, 50, 55, 46, 48, 46, 48, 46, 49, 58, 53, 54, 57, 56, 48, 47, 100, 111, 119, 110, 108, 111, 97, 100, 45, 115, 108, 111, 119, 16, 1, 89, 49, 50, 55, 46, 48, 46, 48, 46, 49, 210, 0, 178, 0, 21, 0, 237, 0, 241, 163, 0, 114, 0, 239, 0, 240, 128, 14, 128, 43, 128, 44, 128, 45, 16, 12, 16, 5, 210, 0, 161, 0, 162, 0, 245, 0, 246, 87, 78, 83, 65, 114, 114, 97, 121, 162, 0, 245, 0, 165, 210, 0, 161, 0, 162, 0, 248, 0, 249, 95, 16, 19, 78, 83, 77, 117, 116, 97, 98, 108, 101, 85, 82, 76, 82, 101, 113, 117, 101, 115, 116, 163, 0, 250, 0, 251, 0, 165, 95, 16, 19, 78, 83, 77, 117, 116, 97, 98, 108, 101, 85, 82, 76, 82, 101, 113, 117, 101, 115, 116, 92, 78, 83, 85, 82, 76, 82, 101, 113, 117, 101, 115, 116, 223, 16, 58, 0, 44, 0, 45, 0, 46, 0, 47, 0, 48, 0, 49, 0, 50, 0, 51, 0, 52, 0, 53, 0, 54, 0, 55, 0, 56, 0, 57, 0, 58, 0, 59, 0, 60, 0, 61, 0, 62, 0, 63, 0, 64, 0, 65, 0, 66, 0, 67, 0, 68, 0, 69, 0, 70, 0, 71, 0, 72, 0, 73, 0, 74, 0, 75, 0, 76, 0, 77, 0, 78, 0, 79, 0, 80, 0, 81, 0, 82, 0, 21, 0, 83, 0, 84, 0, 85, 0, 86, 0, 87, 0, 88, 0, 89, 0, 90, 0, 91, 0, 92, 0, 93, 0, 94, 0, 95, 0, 96, 0, 97, 0, 98, 0, 99, 0, 100, 0, 28, 0, 31, 0, 102, 0, 28, 0, 31, 0, 28, 0, 31, 0, 105, 0, 106, 0, 107, 0, 108, 0, 29, 1, 5, 0, 29, 0, 108, 0, 106, 0, 114, 0, 29, 0, 31, 0, 117, 0, 118, 0, 31, 1, 15, 0, 121, 0, 31, 0, 105, 0, 31, 0, 31, 0, 42, 0, 126, 1, 22, 0, 31, 0, 129, 0, 29, 0, 28, 0, 31, 0, 106, 0, 121, 0, 31, 0, 135, 0, 136, 0, 29, 0, 28, 0, 102, 0, 42, 0, 31, 0, 140, 0, 29, 0, 142, 0, 31, 0, 31, 0, 31, 0, 146, 0, 31, 0, 29, 0, 149, 0, 31, 0, 29, 8, 128, 11, 8, 8, 128, 3, 128, 8, 128, 13, 128, 0, 128, 51, 128, 0, 128, 13, 128, 8, 128, 14, 128, 0, 8, 128, 15, 128, 16, 8, 128, 48, 9, 8, 128, 3, 8, 8, 128, 4, 128, 52, 8, 128, 7, 128, 0, 8, 128, 8, 9, 8, 128, 46, 128, 9, 128, 0, 128, 11, 8, 128, 12, 128, 0, 8, 8, 8, 8, 128, 0, 8, 128, 0, 211, 0, 177, 0, 178, 0, 21, 1, 45, 1, 53, 0, 195, 167, 0, 180, 0, 181, 0, 182, 0, 183, 0, 184, 0, 185, 0, 186, 128, 18, 128, 19, 128, 20, 128, 21, 128, 22, 128, 23, 128, 24, 167, 0, 188, 0, 189, 1, 56, 0, 191, 0, 192, 1, 59, 0, 194, 128, 25, 128, 26, 128, 49, 128, 28, 128, 29, 128, 50, 128, 31, 128, 32, 95, 17, 1, 252, 13, 10, 13, 10, 89, 110, 66, 115, 97, 88, 78, 48, 77, 68, 68, 87, 65, 81, 73, 68, 66, 65, 85, 71, 66, 119, 107, 76, 68, 81, 56, 82, 88, 108, 78, 108, 89, 121, 49, 71, 90, 88, 82, 106, 97, 67, 49, 69, 90, 88, 78, 48, 87, 108, 86, 122, 90, 88, 73, 116, 81, 87, 100, 108, 98, 110, 82, 102, 69, 66, 108, 86, 99, 71, 100, 121, 89, 87, 82, 108, 76, 85, 108, 117, 99, 50, 86, 106, 100, 88, 74, 108, 76, 86, 74, 108, 99, 88, 86, 108, 99, 51, 82, 122, 86, 107, 70, 106, 89, 50, 86, 119, 100, 70, 53, 84, 90, 87, 77, 116, 82, 109, 86, 48, 89, 50, 103, 116, 85, 50, 108, 48, 90, 86, 53, 84, 90, 87, 77, 116, 82, 109, 86, 48, 89, 50, 103, 116, 84, 87, 57, 107, 90, 97, 69, 73, 87, 71, 82, 118, 89, 51, 86, 116, 90, 87, 53, 48, 111, 81, 112, 102, 69, 70, 104, 78, 98, 51, 112, 112, 98, 71, 120, 104, 76, 122, 85, 117, 77, 67, 65, 111, 84, 87, 70, 106, 97, 87, 53, 48, 98, 51, 78, 111, 79, 121, 66, 74, 98, 110, 82, 108, 98, 67, 66, 78, 89, 87, 77, 103, 84, 49, 77, 103, 87, 67, 65, 120, 77, 70, 56, 120, 78, 86, 56, 51, 75, 83, 66, 66, 99, 72, 66, 115, 90, 86, 100, 108, 89, 107, 116, 112, 100, 67, 56, 50, 77, 68, 85, 117, 77, 83, 52, 120, 78, 83, 65, 111, 83, 48, 104, 85, 84, 85, 119, 115, 73, 71, 120, 112, 97, 50, 85, 103, 82, 50, 86, 106, 97, 50, 56, 112, 111, 81, 120, 82, 77, 97, 69, 79, 88, 120, 65, 47, 100, 71, 86, 52, 100, 67, 57, 111, 100, 71, 49, 115, 76, 71, 70, 119, 99, 71, 120, 112, 89, 50, 70, 48, 97, 87, 57, 117, 76, 51, 104, 111, 100, 71, 49, 115, 75, 51, 104, 116, 98, 67, 120, 104, 99, 72, 66, 115, 97, 87, 78, 104, 100, 71, 108, 118, 98, 105, 57, 52, 98, 87, 119, 55, 99, 84, 48, 119, 76, 106, 107, 115, 75, 105, 56, 113, 79, 51, 69, 57, 77, 67, 52, 52, 111, 82, 66, 85, 98, 109, 57, 117, 90, 97, 69, 83, 87, 71, 53, 104, 100, 109, 108, 110, 89, 88, 82, 108, 65, 65, 103, 65, 70, 81, 65, 107, 65, 67, 56, 65, 83, 119, 66, 83, 65, 71, 69, 65, 99, 65, 66, 121, 65, 72, 115, 65, 102, 81, 68, 89, 65, 78, 111, 65, 51, 65, 68, 101, 65, 83, 65, 66, 73, 103, 69, 110, 65, 83, 107, 65, 65, 65, 65, 65, 65, 65, 65, 67, 65, 81, 65, 65, 65, 65, 65, 65, 65, 65, 65, 84, 65, 65, 65, 65, 65, 65, 65, 65, 65, 65, 65, 65, 65, 65, 65, 65, 65, 65, 65, 66, 77, 103, 61, 61, 95, 16, 88, 77, 111, 122, 105, 108, 108, 97, 47, 53, 46, 48, 32, 40, 77, 97, 99, 105, 110, 116, 111, 115, 104, 59, 32, 73, 110, 116, 101, 108, 32, 77, 97, 99, 32, 79, 83, 32, 88, 32, 49, 48, 95, 49, 53, 95, 55, 41, 32, 65, 112, 112, 108, 101, 87, 101, 98, 75, 105, 116, 47, 54, 48, 53, 46, 49, 46, 49, 53, 32, 40, 75, 72, 84, 77, 76, 44, 32, 108, 105, 107, 101, 32, 71, 101, 99, 107, 111, 41, 211, 0, 177, 0, 178, 0, 21, 1, 65, 1, 71, 0, 195, 165, 0, 216, 0, 217, 0, 218, 0, 219, 0, 220, 128, 34, 128, 35, 128, 36, 128, 37, 128, 38, 165, 0, 222, 0, 223, 0, 223, 0, 225, 0, 223, 128, 39, 128, 40, 128, 40, 128, 41, 128, 40, 128, 32, 210, 0, 178, 0, 21, 1, 79, 0, 241, 163, 0, 114, 0, 239, 0, 240, 128, 14, 128, 43, 128, 44, 128, 45, 221, 0, 89, 0, 80, 0, 98, 0, 69, 1, 85, 0, 83, 0, 21, 0, 73, 1, 86, 0, 91, 0, 86, 0, 76, 0, 95, 1, 87, 1, 88, 1, 89, 0, 126, 0, 146, 1, 91, 1, 92, 1, 93, 0, 31, 1, 95, 0, 29, 1, 97, 1, 98, 82, 36, 51, 82, 36, 52, 128, 73, 128, 56, 16, 7, 128, 4, 128, 57, 128, 75, 128, 54, 8, 16, 8, 128, 0, 128, 55, 16, 1, 35, 65, 200, 58, 231, 139, 90, 174, 92, 16, 200, 211, 0, 177, 0, 178, 0, 21, 1, 102, 1, 111, 0, 195, 168, 1, 103, 1, 104, 0, 182, 1, 106, 1, 107, 1, 108, 1, 109, 1, 110, 128, 58, 128, 59, 128, 20, 128, 60, 128, 61, 128, 62, 128, 63, 128, 64, 168, 1, 112, 1, 113, 1, 114, 1, 115, 1, 116, 1, 117, 1, 118, 1, 119, 128, 65, 128, 66, 128, 67, 128, 68, 128, 69, 128, 70, 128, 71, 128, 72, 128, 32, 84, 69, 116, 97, 103, 92, 67, 111, 110, 116, 101, 110, 116, 45, 84, 121, 112, 101, 93, 76, 97, 115, 116, 45, 77, 111, 100, 105, 102, 105, 101, 100, 93, 65, 99, 99, 101, 112, 116, 45, 82, 97, 110, 103, 101, 115, 95, 16, 19, 67, 111, 110, 116, 101, 110, 116, 45, 68, 105, 115, 112, 111, 115, 105, 116, 105, 111, 110, 94, 67, 111, 110, 116, 101, 110, 116, 45, 76, 101, 110, 103, 116, 104, 90, 67, 111, 110, 110, 101, 99, 116, 105, 111, 110, 95, 16, 28, 34, 115, 99, 114, 121, 105, 110, 103, 45, 116, 101, 115, 116, 45, 101, 116, 97, 103, 45, 100, 101, 97, 100, 98, 101, 101, 102, 34, 95, 16, 24, 97, 112, 112, 108, 105, 99, 97, 116, 105, 111, 110, 47, 111, 99, 116, 101, 116, 45, 115, 116, 114, 101, 97, 109, 95, 17, 1, 232, 13, 10, 13, 10, 89, 110, 66, 115, 97, 88, 78, 48, 77, 68, 68, 88, 65, 81, 73, 68, 66, 65, 85, 71, 66, 119, 103, 75, 68, 65, 52, 81, 69, 104, 82, 97, 81, 50, 57, 117, 98, 109, 86, 106, 100, 71, 108, 118, 98, 108, 120, 68, 98, 50, 53, 48, 90, 87, 53, 48, 76, 86, 82, 53, 99, 71, 86, 100, 84, 71, 70, 122, 100, 67, 49, 78, 98, 50, 82, 112, 90, 109, 108, 108, 90, 70, 49, 66, 89, 50, 78, 108, 99, 72, 81, 116, 85, 109, 70, 117, 90, 50, 86, 122, 88, 120, 65, 84, 81, 50, 57, 117, 100, 71, 86, 117, 100, 67, 49, 69, 97, 88, 78, 119, 98, 51, 78, 112, 100, 71, 108, 118, 98, 108, 53, 68, 98, 50, 53, 48, 90, 87, 53, 48, 76, 85, 120, 108, 98, 109, 100, 48, 97, 70, 82, 70, 100, 71, 70, 110, 111, 81, 108, 86, 89, 50, 120, 118, 99, 50, 87, 104, 67, 49, 56, 81, 71, 71, 70, 119, 99, 71, 120, 112, 89, 50, 70, 48, 97, 87, 57, 117, 76, 50, 57, 106, 100, 71, 86, 48, 76, 88, 78, 48, 99, 109, 86, 104, 98, 97, 69, 78, 88, 120, 65, 100, 84, 87, 57, 117, 76, 67, 65, 119, 77, 83, 66, 75, 89, 87, 52, 103, 77, 106, 65, 121, 78, 67, 65, 119, 77, 68, 111, 119, 77, 68, 111, 119, 77, 67, 66, 72, 84, 86, 83, 104, 68, 49, 86, 105, 101, 88, 82, 108, 99, 54, 69, 82, 88, 120, 65, 114, 89, 88, 82, 48, 89, 87, 78, 111, 98, 87, 86, 117, 100, 68, 115, 103, 90, 109, 108, 115, 90, 87, 53, 104, 98, 87, 85, 57, 73, 110, 78, 106, 99, 110, 108, 112, 98, 109, 99, 116, 90, 71, 57, 51, 98, 109, 120, 118, 89, 87, 81, 117, 89, 109, 108, 117, 73, 113, 69, 84, 86, 106, 73, 50, 77, 106, 69, 48, 78, 75, 69, 86, 88, 120, 65, 99, 73, 110, 78, 106, 99, 110, 108, 112, 98, 109, 99, 116, 100, 71, 86, 122, 100, 67, 49, 108, 100, 71, 70, 110, 76, 87, 82, 108, 89, 87, 82, 105, 90, 87, 86, 109, 73, 103, 65, 73, 65, 66, 99, 65, 73, 103, 65, 118, 65, 68, 48, 65, 83, 119, 66, 104, 65, 72, 65, 65, 100, 81, 66, 51, 65, 72, 48, 65, 102, 119, 67, 97, 65, 74, 119, 65, 118, 65, 67, 43, 65, 77, 81, 65, 120, 103, 68, 48, 65, 80, 89, 65, 47, 81, 68, 47, 65, 65, 65, 65, 65, 65, 65, 65, 65, 103, 69, 65, 65, 65, 65, 65, 65, 65, 65, 65, 70, 103, 65, 65, 65, 65, 65, 65, 65, 65, 65, 65, 65, 65, 65, 65, 65, 65, 65, 65, 65, 82, 52, 61, 95, 16, 29, 77, 111, 110, 44, 32, 48, 49, 32, 74, 97, 110, 32, 50, 48, 50, 52, 32, 48, 48, 58, 48, 48, 58, 48, 48, 32, 71, 77, 84, 85, 98, 121, 116, 101, 115, 95, 16, 43, 97, 116, 116, 97, 99, 104, 109, 101, 110, 116, 59, 32, 102, 105, 108, 101, 110, 97, 109, 101, 61, 34, 115, 99, 114, 121, 105, 110, 103, 45, 100, 111, 119, 110, 108, 111, 97, 100, 46, 98, 105, 110, 34, 86, 50, 54, 50, 49, 52, 52, 85, 99, 108, 111, 115, 101, 210, 0, 21, 1, 137, 1, 138, 1, 139, 89, 78, 83, 46, 115, 116, 114, 105, 110, 103, 128, 74, 95, 16, 24, 97, 112, 112, 108, 105, 99, 97, 116, 105, 111, 110, 47, 111, 99, 116, 101, 116, 45, 115, 116, 114, 101, 97, 109, 210, 0, 161, 0, 162, 1, 141, 1, 142, 95, 16, 15, 78, 83, 77, 117, 116, 97, 98, 108, 101, 83, 116, 114, 105, 110, 103, 163, 1, 141, 1, 143, 0, 165, 88, 78, 83, 83, 116, 114, 105, 110, 103, 210, 0, 161, 0, 162, 1, 145, 1, 146, 95, 16, 17, 78, 83, 72, 84, 84, 80, 85, 82, 76, 82, 101, 115, 112, 111, 110, 115, 101, 163, 1, 147, 1, 148, 0, 165, 95, 16, 17, 78, 83, 72, 84, 84, 80, 85, 82, 76, 82, 101, 115, 112, 111, 110, 115, 101, 93, 78, 83, 85, 82, 76, 82, 101, 115, 112, 111, 110, 115, 101, 211, 0, 154, 0, 21, 0, 155, 0, 29, 0, 157, 1, 152, 128, 0, 128, 6, 128, 77, 95, 16, 120, 102, 105, 108, 101, 58, 47, 47, 47, 85, 115, 101, 114, 115, 47, 109, 97, 114, 107, 105, 107, 47, 67, 111, 100, 101, 47, 116, 97, 114, 103, 101, 116, 115, 47, 119, 103, 112, 117, 45, 115, 99, 114, 121, 45, 104, 97, 114, 100, 119, 97, 114, 101, 47, 100, 101, 109, 111, 45, 109, 97, 99, 45, 100, 111, 119, 110, 108, 111, 97, 100, 45, 116, 101, 115, 116, 45, 55, 56, 52, 57, 53, 47, 100, 111, 119, 110, 108, 111, 97, 100, 45, 111, 117, 116, 112, 117, 116, 47, 115, 99, 114, 121, 105, 110, 103, 45, 100, 111, 119, 110, 108, 111, 97, 100, 45, 50, 46, 98, 105, 110, 210, 0, 161, 0, 162, 1, 155, 1, 156, 95, 16, 30, 78, 87, 85, 82, 76, 83, 101, 115, 115, 105, 111, 110, 68, 111, 119, 110, 108, 111, 97, 100, 82, 101, 115, 117, 109, 101, 73, 110, 102, 111, 163, 1, 157, 1, 158, 0, 165, 95, 16, 30, 78, 87, 85, 82, 76, 83, 101, 115, 115, 105, 111, 110, 68, 111, 119, 110, 108, 111, 97, 100, 82, 101, 115, 117, 109, 101, 73, 110, 102, 111, 95, 16, 22, 78, 87, 85, 82, 76, 83, 101, 115, 115, 105, 111, 110, 82, 101, 115, 117, 109, 101, 73, 110, 102, 111, 0, 8, 0, 25, 0, 34, 0, 44, 0, 49, 0, 58, 0, 63, 0, 81, 0, 86, 0, 91, 0, 93, 0, 254, 1, 4, 1, 67, 1, 82, 1, 100, 1, 134, 1, 158, 1, 167, 1, 175, 1, 212, 1, 230, 1, 237, 1, 252, 2, 16, 2, 45, 2, 54, 2, 67, 2, 77, 2, 79, 2, 81, 2, 90, 2, 91, 2, 96, 2, 98, 2, 103, 2, 105, 2, 107, 2, 109, 2, 111, 2, 112, 2, 114, 2, 116, 2, 125, 3, 104, 3, 131, 3, 152, 3, 186, 3, 209, 3, 223, 4, 0, 4, 22, 4, 57, 4, 92, 4, 104, 4, 139, 4, 174, 4, 203, 4, 238, 5, 17, 5, 52, 5, 87, 5, 122, 5, 149, 5, 184, 5, 219, 5, 244, 6, 23, 6, 63, 6, 85, 6, 119, 6, 152, 6, 177, 6, 206, 6, 240, 7, 26, 7, 57, 7, 91, 7, 106, 7, 116, 7, 139, 7, 173, 7, 224, 8, 12, 8, 46, 8, 73, 8, 104, 8, 138, 8, 157, 8, 178, 8, 212, 8, 240, 8, 243, 9, 24, 9, 37, 9, 48, 9, 51, 9, 81, 9, 115, 9, 118, 9, 154, 9, 188, 9, 189, 9, 191, 9, 192, 9, 193, 9, 195, 9, 197, 9, 199, 9, 201, 9, 203, 9, 205, 9, 207, 9, 209, 9, 211, 9, 213, 9, 215, 9, 216, 9, 218, 9, 220, 9, 221, 9, 223, 9, 224, 9, 225, 9, 227, 9, 228, 9, 229, 9, 231, 9, 233, 9, 234, 9, 236, 9, 238, 9, 239, 9, 241, 9, 242, 9, 243, 9, 245, 9, 247, 9, 249, 9, 251, 9, 252, 9, 254, 10, 0, 10, 2, 10, 3, 10, 4, 10, 5, 10, 7, 10, 8, 10, 10, 10, 12, 10, 13, 10, 15, 10, 16, 10, 29, 10, 37, 10, 49, 10, 51, 10, 53, 10, 55, 10, 94, 10, 103, 10, 114, 10, 123, 10, 129, 10, 134, 10, 143, 10, 152, 10, 165, 10, 167, 10, 169, 10, 171, 10, 210, 10, 211, 10, 214, 10, 216, 10, 220, 10, 233, 10, 241, 10, 252, 11, 11, 11, 13, 11, 15, 11, 17, 11, 19, 11, 21, 11, 23, 11, 25, 11, 40, 11, 42, 11, 44, 11, 46, 11, 48, 11, 50, 11, 52, 11, 54, 11, 56, 11, 63, 11, 78, 11, 87, 11, 115, 11, 130, 11, 141, 11, 156, 11, 222, 11, 227, 13, 227, 13, 229, 13, 238, 14, 73, 14, 82, 14, 91, 14, 113, 14, 120, 14, 133, 14, 146, 14, 157, 14, 159, 14, 161, 14, 163, 14, 165, 14, 167, 14, 178, 14, 180, 14, 182, 14, 184, 14, 186, 14, 188, 14, 190, 14, 235, 15, 30, 15, 54, 15, 81, 15, 116, 15, 155, 15, 157, 15, 167, 15, 176, 15, 183, 15, 185, 15, 187, 15, 189, 15, 191, 15, 193, 15, 195, 15, 204, 15, 212, 15, 217, 15, 226, 15, 248, 15, 255, 16, 21, 16, 34, 17, 13, 17, 14, 17, 16, 17, 17, 17, 18, 17, 20, 17, 22, 17, 24, 17, 26, 17, 28, 17, 30, 17, 32, 17, 34, 17, 36, 17, 38, 17, 39, 17, 41, 17, 43, 17, 44, 17, 46, 17, 47, 17, 48, 17, 50, 17, 51, 17, 52, 17, 54, 17, 56, 17, 57, 17, 59, 17, 61, 17, 62, 17, 64, 17, 65, 17, 66, 17, 68, 17, 70, 17, 72, 17, 74, 17, 75, 17, 77, 17, 79, 17, 80, 17, 81, 17, 82, 17, 83, 17, 85, 17, 86, 17, 88, 17, 101, 17, 116, 17, 118, 17, 120, 17, 122, 17, 124, 17, 126, 17, 128, 17, 130, 17, 145, 17, 147, 17, 149, 17, 151, 17, 153, 17, 155, 17, 157, 17, 159, 17, 161, 19, 161, 19, 252, 20, 9, 20, 20, 20, 22, 20, 24, 20, 26, 20, 28, 20, 30, 20, 41, 20, 43, 20, 45, 20, 47, 20, 49, 20, 51, 20, 53, 20, 62, 20, 69, 20, 71, 20, 73, 20, 75, 20, 77, 20, 130, 20, 133, 20, 136, 20, 138, 20, 140, 20, 142, 20, 144, 20, 146, 20, 148, 20, 150, 20, 151, 20, 153, 20, 155, 20, 157, 20, 159, 20, 168, 20, 170, 20, 183, 20, 200, 20, 202, 20, 204, 20, 206, 20, 208, 20, 210, 20, 212, 20, 214, 20, 216, 20, 233, 20, 235, 20, 237, 20, 239, 20, 241, 20, 243, 20, 245, 20, 247, 20, 249, 20, 251, 21, 0, 21, 13, 21, 27, 21, 41, 21, 63, 21, 78, 21, 89, 21, 120, 21, 147, 23, 127, 23, 159, 23, 165, 23, 211, 23, 218, 23, 224, 23, 233, 23, 243, 23, 245, 24, 16, 24, 25, 24, 43, 24, 50, 24, 59, 24, 68, 24, 88, 24, 95, 24, 115, 24, 129, 24, 142, 24, 144, 24, 146, 24, 148, 25, 15, 25, 24, 25, 57, 25, 64, 25, 97, 0, 0, 0, 0, 0, 0, 2, 2, 0, 0, 0, 0, 0, 0, 1, 159, 0, 0, 0, 0, 0, 0, 0, 0, 0, 0, 0, 0, 0, 0, 25, 122, 95, 16, 113, 47, 85, 115, 101, 114, 115, 47, 109, 97, 114, 107, 105, 107, 47, 67, 111, 100, 101, 47, 116, 97, 114, 103, 101, 116, 115, 47, 119, 103, 112, 117, 45, 115, 99, 114, 121, 45, 104, 97, 114, 100, 119, 97, 114, 101, 47, 100, 101, 109, 111, 45, 109, 97, 99, 45, 100, 111, 119, 110, 108, 111, 97, 100, 45, 116, 101, 115, 116, 45, 55, 56, 52, 57, 53, 47, 100, 111, 119, 110, 108, 111, 97, 100, 45, 111, 117, 116, 112, 117, 116, 47, 115, 99, 114, 121, 105, 110, 103, 45, 100, 111, 119, 110, 108, 111, 97, 100, 45, 50, 46, 98, 105, 110, 210, 28, 29, 30, 31, 90, 36, 99, 108, 97, 115, 115, 110, 97, 109, 101, 88, 36, 99, 108, 97, 115, 115, 101, 115, 92, 78, 83, 68, 105, 99, 116, 105, 111, 110, 97, 114, 121, 162, 30, 32, 88, 78, 83, 79, 98, 106, 101, 99, 116, 0, 8, 0, 17, 0, 26, 0, 36, 0, 41, 0, 50, 0, 55, 0, 73, 0, 76, 0, 106, 0, 108, 0, 116, 0, 122, 0, 129, 0, 137, 0, 148, 0, 155, 0, 158, 0, 160, 0, 162, 0, 165, 0, 167, 0, 169, 0, 171, 0, 176, 0, 210, 29, 174, 30, 34, 30, 39, 30, 50, 30, 59, 30, 72, 30, 75, 0, 0, 0, 0, 0, 0, 2, 1, 0, 0, 0, 0, 0, 0, 0, 33, 0, 0, 0, 0, 0, 0, 0, 0, 0, 0, 0, 0, 0, 0, 30, 84]) }
2026-10-07T00:51:41.0452100Z demo-mac: download-test: phase E: DownloadCancelled with 7862 bytes of resume_data
2026-10-07T00:51:41.0452400Z demo-mac: download-test: phase E: resume_download issued, resumed id = 5
2026-10-07T00:51:41.0452940Z demo-mac: nav event: DownloadStarted { id: DownloadId(5), url: "", suggested_filename: "scrying-download-2.bin", destination_path: "/Users/markik/Code/targets/wgpu-scry-hardware/demo-mac-download-test-78495/download-output/scrying-download-2.bin", total_bytes_expected: None }
2026-10-07T00:51:41.0453530Z demo-mac: nav event: DownloadProgress { id: DownloadId(5), bytes_written: 262144, total_bytes_expected: None }
2026-10-07T00:51:41.0454020Z demo-mac: nav event: DownloadFinished { id: DownloadId(5), destination_path: "/Users/markik/Code/targets/wgpu-scry-hardware/demo-mac-download-test-78495/download-output/scrying-download-2.bin", error: None }
2026-10-07T00:51:41.0454540Z demo-mac: download-test: phase E: resumed download produced 262144 bytes matching the expected payload
2026-10-07T00:51:41.0454950Z demo-mac: download-test: PASS — item 8 download pipeline verified
2026-10-07T00:51:41.0455230Z   - basic: DownloadStarted/Progress/Finished events landed with id 1 and bytes match served payload
2026-10-07T00:51:41.0455540Z   - host Cancel decision: DownloadCancelled fired (no Started, no Finished) for id 2
2026-10-07T00:51:41.0455780Z   - cancel_download(unknown_id): returned Ok(false) as expected
2026-10-07T00:51:41.0456130Z   - basic-auth download via start_download: shared auth handler supplied credentials, download succeeded (download-level auth callback fired = true)
2026-10-07T00:51:41.0456530Z   - resume: cancelled mid-stream (id 4), resume_download produced complete bytes (resumed id 5)
2026-10-07T00:51:41.0456770Z   -> PASS
2026-10-07T00:51:41.0456820Z 
2026-10-07T00:51:41.0456860Z ==> --profile-test
2026-10-07T00:51:41.7442600Z demo-mac: --profile-test: spun up persistent counterpart at same data_dir
2026-10-07T00:51:41.7442900Z demo-mac: profile-test: set_cookie 'scrying-profile-78671' on producer #1
2026-10-07T00:51:41.7443130Z demo-mac: profile-test: producer #1 store reports 1 cookie(s)
2026-10-07T00:51:41.7443350Z demo-mac: profile-test: producer #2 store reports 1 cookie(s)
2026-10-07T00:51:41.7443700Z demo-mac: profile-test: PASS — persistent stores at the same data_dir share cookies
2026-10-07T00:51:41.7444130Z   - set_cookie on producer #1 was visible to its own request_all_cookies
2026-10-07T00:51:41.7444410Z   - same cookie was visible to a separate persistent producer at the same data_dir
2026-10-07T00:51:41.7458740Z   -> PASS
2026-10-07T00:51:41.7471980Z 
2026-10-07T00:51:41.7472190Z ==> --two-tabs
2026-10-07T00:51:50.0904990Z demo-mac: --two-tabs: spun up second producer
2026-10-07T00:51:50.0905250Z demo-mac: nav event: Starting { url: "scrying-test://history-1" }
2026-10-07T00:51:50.0905510Z demo-mac: [tab2] nav event: Starting { url: "scrying-test://history-2" }
2026-10-07T00:51:50.0905760Z demo-mac: nav event: SourceChanged { url: "scrying-test://history-1" }
2026-10-07T00:51:50.0906010Z demo-mac: [tab2] nav event: SourceChanged { url: "scrying-test://history-2" }
2026-10-07T00:51:50.0906230Z demo-mac: js->host: loaded:history-1
2026-10-07T00:51:50.0906370Z demo-mac: [tab2] js->host: loaded:history-2
2026-10-07T00:51:50.0906580Z demo-mac: nav event: Completed { url: "scrying-test://history-1", success: true }
2026-10-07T00:51:50.0906870Z demo-mac: [tab2] nav event: Completed { url: "scrying-test://history-2", success: true }
2026-10-07T00:51:50.0907370Z demo-mac: two-tabs: PASS — multi-instance independence verified (3 tab-1 urls, 3 tab-2 urls, no cross-talk)
2026-10-07T00:51:50.0920180Z   -> PASS
2026-10-07T00:51:50.0934840Z 
2026-10-07T00:51:50.0934990Z ==> --capture-test
2026-10-07T00:52:00.2565510Z demo-mac: started loading scrying-test://capture
2026-10-07T00:52:00.2565750Z demo-mac: nav event: Starting { url: "scrying-test://capture" }
2026-10-07T00:52:00.2565990Z demo-mac: nav event: SourceChanged { url: "scrying-test://capture" }
2026-10-07T00:52:00.2566250Z demo-mac: nav event: Completed { url: "scrying-test://capture", success: true }
2026-10-07T00:52:00.2566460Z demo-mac: start_capture_async kicked off
2026-10-07T00:52:00.2567050Z demo-mac: capture activity at 0.00s: frames=0, complete=1, idle=0, visible=Some(true), minimized=Some(false), focused=false
2026-10-07T00:52:00.2567520Z demo-mac: capture activity at 1.00s: frames=3, complete=3, idle=0, visible=Some(true), minimized=Some(false), focused=false
2026-10-07T00:52:00.2567940Z demo-mac: capture activity at 2.00s: frames=3, complete=3, idle=0, visible=Some(true), minimized=Some(false), focused=false
2026-10-07T00:52:00.2568360Z demo-mac: capture activity at 3.00s: frames=3, complete=3, idle=0, visible=Some(true), minimized=Some(false), focused=false
2026-10-07T00:52:00.2568780Z demo-mac: capture activity at 4.00s: frames=3, complete=3, idle=0, visible=Some(true), minimized=Some(false), focused=false
2026-10-07T00:52:00.2569220Z demo-mac: capture activity at 5.00s: frames=3, complete=3, idle=0, visible=Some(true), minimized=Some(false), focused=false
2026-10-07T00:52:00.2569600Z demo-mac: capture activity at 6.00s: frames=3, complete=3, idle=0, visible=Some(true), minimized=Some(false), focused=false
2026-10-07T00:52:00.2570010Z demo-mac: capture-test: PASS — SCK pipeline delivered 5 frames across [1024x1536]
2026-10-07T00:52:00.2581350Z   -> PASS
2026-10-07T00:52:00.2594780Z 
2026-10-07T00:52:00.2594980Z ==> --capture-test+resize
2026-10-07T00:52:33.6646380Z demo-mac: started loading scrying-test://capture
2026-10-07T00:52:33.6647560Z demo-mac: nav event: Starting { url: "scrying-test://capture" }
2026-10-07T00:52:33.6647800Z demo-mac: nav event: SourceChanged { url: "scrying-test://capture" }
2026-10-07T00:52:33.6648200Z demo-mac: nav event: Completed { url: "scrying-test://capture", success: true }
2026-10-07T00:52:33.6648440Z demo-mac: start_capture_async kicked off
2026-10-07T00:52:33.6648790Z demo-mac: capture activity at 0.00s: frames=0, complete=1, idle=0, visible=Some(true), minimized=Some(false), focused=false
2026-10-07T00:52:33.6649370Z demo-mac: capture activity at 1.00s: frames=2, complete=2, idle=0, visible=Some(true), minimized=Some(false), focused=false
2026-10-07T00:52:33.6649790Z demo-mac: capture activity at 2.00s: frames=2, complete=2, idle=0, visible=Some(true), minimized=Some(false), focused=false
2026-10-07T00:52:33.6650550Z demo-mac: capture activity at 3.00s: frames=2, complete=2, idle=0, visible=Some(true), minimized=Some(false), focused=false
2026-10-07T00:52:33.6650950Z demo-mac: capture activity at 4.00s: frames=2, complete=2, idle=0, visible=Some(true), minimized=Some(false), focused=false
2026-10-07T00:52:33.6651330Z demo-mac: capture activity at 5.00s: frames=2, complete=2, idle=0, visible=Some(true), minimized=Some(false), focused=false
2026-10-07T00:52:33.6651770Z demo-mac: resize-test step 0 → request logical inner_size = 1280x800
2026-10-07T00:52:33.6652090Z demo-mac: capture activity at 6.00s: frames=2, complete=2, idle=0, visible=Some(true), minimized=Some(false), focused=false
2026-10-07T00:52:33.6652480Z demo-mac: capture activity at 7.00s: frames=5, complete=5, idle=0, visible=Some(true), minimized=Some(false), focused=false
2026-10-07T00:52:33.6652860Z demo-mac: capture activity at 8.00s: frames=5, complete=5, idle=0, visible=Some(true), minimized=Some(false), focused=false
2026-10-07T00:52:33.6653250Z demo-mac: capture activity at 9.00s: frames=5, complete=5, idle=0, visible=Some(true), minimized=Some(false), focused=false
2026-10-07T00:52:33.6653590Z demo-mac: resize-test step 1 → request logical inner_size = 768x600
2026-10-07T00:52:33.6653900Z demo-mac: capture activity at 10.00s: frames=5, complete=5, idle=0, visible=Some(true), minimized=Some(false), focused=false
2026-10-07T00:52:33.6654290Z demo-mac: capture activity at 11.00s: frames=8, complete=8, idle=0, visible=Some(true), minimized=Some(false), focused=false
2026-10-07T00:52:33.6654680Z demo-mac: capture activity at 12.00s: frames=8, complete=8, idle=0, visible=Some(true), minimized=Some(false), focused=false
2026-10-07T00:52:33.6655060Z demo-mac: capture activity at 13.00s: frames=8, complete=8, idle=0, visible=Some(true), minimized=Some(false), focused=false
2026-10-07T00:52:33.6655570Z demo-mac: resize-test step 2 → request logical inner_size = 1024x700
2026-10-07T00:52:33.6655910Z demo-mac: capture activity at 14.00s: frames=8, complete=8, idle=0, visible=Some(true), minimized=Some(false), focused=false
2026-10-07T00:52:33.6656300Z demo-mac: capture activity at 15.00s: frames=11, complete=11, idle=0, visible=Some(true), minimized=Some(false), focused=false
2026-10-07T00:52:33.6656700Z demo-mac: capture activity at 16.00s: frames=11, complete=11, idle=0, visible=Some(true), minimized=Some(false), focused=false
2026-10-07T00:52:33.6657090Z demo-mac: capture activity at 17.00s: frames=11, complete=11, idle=0, visible=Some(true), minimized=Some(false), focused=false
2026-10-07T00:52:33.6657480Z demo-mac: capture activity at 18.00s: frames=11, complete=11, idle=0, visible=Some(true), minimized=Some(false), focused=false
2026-10-07T00:52:33.6657870Z demo-mac: capture activity at 19.00s: frames=11, complete=11, idle=0, visible=Some(true), minimized=Some(false), focused=false
2026-10-07T00:52:33.6658250Z demo-mac: capture activity at 20.00s: frames=11, complete=11, idle=0, visible=Some(true), minimized=Some(false), focused=false
2026-10-07T00:52:33.6658640Z demo-mac: capture activity at 21.00s: frames=11, complete=11, idle=0, visible=Some(true), minimized=Some(false), focused=false
2026-10-07T00:52:33.6659030Z demo-mac: capture activity at 22.00s: frames=11, complete=11, idle=0, visible=Some(true), minimized=Some(false), focused=false
2026-10-07T00:52:33.6659420Z demo-mac: capture activity at 23.00s: frames=11, complete=11, idle=0, visible=Some(true), minimized=Some(false), focused=false
2026-10-07T00:52:33.6659810Z demo-mac: capture activity at 24.00s: frames=11, complete=11, idle=0, visible=Some(true), minimized=Some(false), focused=false
2026-10-07T00:52:33.6660190Z demo-mac: capture activity at 25.00s: frames=11, complete=11, idle=0, visible=Some(true), minimized=Some(false), focused=false
2026-10-07T00:52:33.6660580Z demo-mac: capture activity at 26.00s: frames=11, complete=11, idle=0, visible=Some(true), minimized=Some(false), focused=false
2026-10-07T00:52:33.6660960Z demo-mac: capture activity at 27.00s: frames=11, complete=11, idle=0, visible=Some(true), minimized=Some(false), focused=false
2026-10-07T00:52:33.6661400Z demo-mac: capture activity at 28.00s: frames=11, complete=11, idle=0, visible=Some(true), minimized=Some(false), focused=false
2026-10-07T00:52:33.6661790Z demo-mac: capture activity at 29.00s: frames=11, complete=11, idle=0, visible=Some(true), minimized=Some(false), focused=false
2026-10-07T00:52:33.6662060Z demo-mac: capture-test: FAIL
2026-10-07T00:52:33.6662250Z   - captured 11 frame(s) within 30s without observing 3 frame(s) at every expected size
2026-10-07T00:52:33.6662480Z   - observed 2 frame(s) at 1024x1536, expected at least 3
2026-10-07T00:52:33.6662840Z   - pre-import frame diagnostics: no-latest-sample=1284093, no-image-payload=0, config-revision-pending=0, source-dimension-mismatch=0, empty-crop=0
2026-10-07T00:52:33.6663300Z   - SCK frame statuses: missing=0, complete=11, idle=0, blank=0, suspended=0, started=0, stopped=0, unknown=0, last=Some(0)
2026-10-07T00:52:33.6663820Z   - capture revisions: requested=3, applied=3; last source dimensions=Some(PhysicalSize { width: 2048, height: 1464 }), expected host dimensions=Some(PhysicalSize { width: 2048, height: 1464 })
2026-10-07T00:52:33.6665870Z   -> FAIL (PASS receipt absent)
2026-10-07T00:52:33.6684360Z 
2026-10-07T00:52:33.6684680Z ==> summary
2026-10-07T00:52:33.6685330Z   passed: 9 / 10
2026-10-07T00:52:33.6685460Z   failed: 1
2026-10-07T00:52:33.6685560Z     - --capture-test+resize
2026-10-07T00:52:33.7242950Z ##[error]Process completed with exit code 1.
2026-10-07T00:52:33.7272110Z ##[group]Run bash scripts/test-mac.sh
2026-10-07T00:52:33.7272270Z [36;1mbash scripts/test-mac.sh[0m
2026-10-07T00:52:33.7279630Z shell: /bin/bash -e {0}
2026-10-07T00:52:33.7279730Z env:
2026-10-07T00:52:33.7279820Z   CARGO_NET_GIT_FETCH_WITH_CLI: true
2026-10-07T00:52:33.7279950Z   RUSTFLAGS: -D warnings
2026-10-07T00:52:33.7280090Z   CARGO_TARGET_DIR: /Users/markik/Code/targets/wgpu-scry-hardware
2026-10-07T00:52:33.7280260Z   CAPTURE: 1
2026-10-07T00:52:33.7280350Z   TIMEOUT: 90
2026-10-07T00:52:33.7280430Z   VISIBLE: 1
2026-10-07T00:52:33.7280520Z   CARGO_HOME: /Users/markik/.cargo
2026-10-07T00:52:33.7280630Z   CARGO_INCREMENTAL: 0
2026-10-07T00:52:33.7280720Z   CARGO_TERM_COLOR: always
2026-10-07T00:52:33.7280820Z   CAPTURE_ACTIVITY: 1
2026-10-07T00:52:33.7280900Z ##[endgroup]
2026-10-07T00:52:35.7598540Z ==> ScreenCaptureKit display-awake hold active
2026-10-07T00:52:35.7599740Z ==> building demo-mac
2026-10-07T00:52:36.0602570Z /Users/markik/Code/targets/wgpu-scry-hardware/debug/scry-demo-mac-hardware.app: replacing existing signature
2026-10-07T00:52:36.2223760Z ==> code-signing identity: -
2026-10-07T00:52:36.2260240Z Executable=/Users/markik/Code/targets/wgpu-scry-hardware/debug/scry-demo-mac-hardware.app/Contents/MacOS/demo-mac
2026-10-07T00:52:36.2260590Z designated => identifier "org.merely.scry.hardware-demo"
2026-10-07T00:52:36.2262600Z ==> LaunchServices app: /Users/markik/Code/targets/wgpu-scry-hardware/debug/scry-demo-mac-hardware.app
2026-10-07T00:52:36.2263870Z 
2026-10-07T00:52:36.2263990Z ==> --capture-test
2026-10-07T00:53:00.2384810Z demo-mac: started loading scrying-test://capture?activity=1
2026-10-07T00:53:00.2385100Z demo-mac: nav event: Starting { url: "scrying-test://capture?activity=1" }
2026-10-07T00:53:00.2385410Z demo-mac: nav event: SourceChanged { url: "scrying-test://capture?activity=1" }
2026-10-07T00:53:00.2386010Z demo-mac: js->host: capture-activity:{"kind":"ready","elapsedMs":2,"visibility":"hidden","focused":false,"viewport":[512,768,2],"animationFrames":0,"timerTicks":0,"background":"rgb(23, 97, 181)","animations":[{"state":"running","currentTime":0}]}
2026-10-07T00:53:00.2386570Z demo-mac: nav event: Completed { url: "scrying-test://capture?activity=1", success: true }
2026-10-07T00:53:00.2387150Z demo-mac: js->host: capture-activity:{"kind":"timer","elapsedMs":1004,"visibility":"hidden","focused":false,"viewport":[512,768,2],"animationFrames":0,"timerTicks":1,"background":"rgb(23, 97, 181)","animations":[{"state":"running","currentTime":0}]}
2026-10-07T00:53:00.2388220Z demo-mac: js->host: capture-activity:{"kind":"timer","elapsedMs":2003,"visibility":"hidden","focused":false,"viewport":[512,768,2],"animationFrames":0,"timerTicks":2,"background":"rgb(23, 97, 181)","animations":[{"state":"running","currentTime":0}]}
2026-10-07T00:53:00.2388780Z demo-mac: start_capture_async kicked off
2026-10-07T00:53:00.2389150Z demo-mac: capture activity at 0.00s: frames=0, complete=1, idle=0, visible=Some(true), minimized=Some(false), focused=false
2026-10-07T00:53:00.2389790Z demo-mac: js->host: capture-activity:{"kind":"timer","elapsedMs":3102,"visibility":"hidden","focused":false,"viewport":[512,768,2],"animationFrames":0,"timerTicks":3,"background":"rgb(23, 97, 181)","animations":[{"state":"running","currentTime":0}]}
2026-10-07T00:53:00.2390420Z demo-mac: capture activity at 1.00s: frames=2, complete=2, idle=0, visible=Some(true), minimized=Some(false), focused=false
2026-10-07T00:53:00.2396980Z demo-mac: js->host: capture-activity:{"kind":"timer","elapsedMs":4201,"visibility":"hidden","focused":false,"viewport":[512,768,2],"animationFrames":0,"timerTicks":4,"background":"rgb(23, 97, 181)","animations":[{"state":"running","currentTime":0}]}
2026-10-07T00:53:00.2397600Z demo-mac: capture activity at 2.00s: frames=2, complete=2, idle=0, visible=Some(true), minimized=Some(false), focused=false
2026-10-07T00:53:00.2398390Z demo-mac: js->host: capture-activity:{"kind":"timer","elapsedMs":5301,"visibility":"hidden","focused":false,"viewport":[512,768,2],"animationFrames":0,"timerTicks":5,"background":"rgb(23, 97, 181)","animations":[{"state":"running","currentTime":0}]}
2026-10-07T00:53:00.2398960Z demo-mac: capture activity at 3.00s: frames=2, complete=2, idle=0, visible=Some(true), minimized=Some(false), focused=false
2026-10-07T00:53:00.2399480Z demo-mac: js->host: capture-activity:{"kind":"timer","elapsedMs":6401,"visibility":"hidden","focused":false,"viewport":[512,768,2],"animationFrames":0,"timerTicks":6,"background":"rgb(23, 97, 181)","animations":[{"state":"running","currentTime":0}]}
2026-10-07T00:53:00.2400100Z demo-mac: capture activity at 4.00s: frames=2, complete=2, idle=0, visible=Some(true), minimized=Some(false), focused=false
2026-10-07T00:53:00.2400500Z demo-mac: capture activity at 5.00s: frames=2, complete=2, idle=0, visible=Some(true), minimized=Some(false), focused=false
2026-10-07T00:53:00.2400870Z demo-mac: capture activity at 6.00s: frames=2, complete=2, idle=0, visible=Some(true), minimized=Some(false), focused=false
2026-10-07T00:53:00.2401220Z demo-mac: capture activity at 7.00s: frames=2, complete=2, idle=0, visible=Some(true), minimized=Some(false), focused=false
2026-10-07T00:53:00.2401590Z demo-mac: capture activity at 8.00s: frames=2, complete=2, idle=0, visible=Some(true), minimized=Some(false), focused=false
2026-10-07T00:53:00.2401980Z demo-mac: capture activity at 9.00s: frames=2, complete=2, idle=0, visible=Some(true), minimized=Some(false), focused=false
2026-10-07T00:53:00.2402370Z demo-mac: capture activity at 10.00s: frames=2, complete=2, idle=0, visible=Some(true), minimized=Some(false), focused=false
2026-10-07T00:53:00.2402770Z demo-mac: capture activity at 11.00s: frames=2, complete=2, idle=0, visible=Some(true), minimized=Some(false), focused=false
2026-10-07T00:53:00.2403150Z demo-mac: capture activity at 12.00s: frames=2, complete=2, idle=0, visible=Some(true), minimized=Some(false), focused=false
2026-10-07T00:53:00.2403500Z demo-mac: capture activity at 13.00s: frames=2, complete=2, idle=0, visible=Some(true), minimized=Some(false), focused=false
2026-10-07T00:53:00.2403860Z demo-mac: capture activity at 14.00s: frames=2, complete=2, idle=0, visible=Some(true), minimized=Some(false), focused=false
2026-10-07T00:53:00.2404240Z demo-mac: capture activity at 15.00s: frames=2, complete=2, idle=0, visible=Some(true), minimized=Some(false), focused=false
2026-10-07T00:53:00.2404660Z demo-mac: capture activity at 16.00s: frames=2, complete=2, idle=0, visible=Some(true), minimized=Some(false), focused=false
2026-10-07T00:53:00.2405120Z demo-mac: capture activity at 17.00s: frames=2, complete=2, idle=0, visible=Some(true), minimized=Some(false), focused=false
2026-10-07T00:53:00.2405530Z demo-mac: capture activity at 18.00s: frames=2, complete=2, idle=0, visible=Some(true), minimized=Some(false), focused=false
2026-10-07T00:53:00.2405990Z demo-mac: capture activity at 19.00s: frames=2, complete=2, idle=0, visible=Some(true), minimized=Some(false), focused=false
2026-10-07T00:53:00.2406390Z demo-mac: capture activity at 20.00s: frames=4, complete=4, idle=0, visible=Some(true), minimized=Some(false), focused=false
2026-10-07T00:53:00.2406900Z demo-mac: capture-test: PASS — SCK pipeline delivered 5 frames across [1024x1536]
2026-10-07T00:53:00.2407130Z   -> PASS
2026-10-07T00:53:00.2420830Z 
2026-10-07T00:53:00.2421010Z ==> --capture-test+resize
2026-10-07T00:53:33.6990570Z demo-mac: started loading scrying-test://capture?activity=1
2026-10-07T00:53:33.6990890Z demo-mac: nav event: Starting { url: "scrying-test://capture?activity=1" }
2026-10-07T00:53:33.6991220Z demo-mac: nav event: SourceChanged { url: "scrying-test://capture?activity=1" }
2026-10-07T00:53:33.6991800Z demo-mac: js->host: capture-activity:{"kind":"ready","elapsedMs":1,"visibility":"hidden","focused":false,"viewport":[512,768,2],"animationFrames":0,"timerTicks":0,"background":"rgb(23, 97, 181)","animations":[{"state":"running","currentTime":0}]}
2026-10-07T00:53:33.6992370Z demo-mac: nav event: Completed { url: "scrying-test://capture?activity=1", success: true }
2026-10-07T00:53:33.6993290Z demo-mac: js->host: capture-activity:{"kind":"timer","elapsedMs":1002,"visibility":"hidden","focused":false,"viewport":[512,768,2],"animationFrames":0,"timerTicks":1,"background":"rgb(23, 97, 181)","animations":[{"state":"running","currentTime":0}]}
2026-10-07T00:53:33.6994140Z demo-mac: js->host: capture-activity:{"kind":"timer","elapsedMs":2003,"visibility":"hidden","focused":false,"viewport":[512,768,2],"animationFrames":0,"timerTicks":2,"background":"rgb(23, 97, 181)","animations":[{"state":"running","currentTime":0}]}
2026-10-07T00:53:33.6994620Z demo-mac: start_capture_async kicked off
2026-10-07T00:53:33.6994920Z demo-mac: capture activity at 0.00s: frames=0, complete=1, idle=0, visible=Some(true), minimized=Some(false), focused=false
2026-10-07T00:53:33.6995530Z demo-mac: js->host: capture-activity:{"kind":"timer","elapsedMs":3101,"visibility":"hidden","focused":false,"viewport":[512,768,2],"animationFrames":0,"timerTicks":3,"background":"rgb(23, 97, 181)","animations":[{"state":"running","currentTime":0}]}
2026-10-07T00:53:33.6996140Z demo-mac: capture activity at 1.00s: frames=2, complete=2, idle=0, visible=Some(true), minimized=Some(false), focused=false
2026-10-07T00:53:33.6996760Z demo-mac: js->host: capture-activity:{"kind":"timer","elapsedMs":4200,"visibility":"hidden","focused":false,"viewport":[512,768,2],"animationFrames":0,"timerTicks":4,"background":"rgb(23, 97, 181)","animations":[{"state":"running","currentTime":0}]}
2026-10-07T00:53:33.6997360Z demo-mac: capture activity at 2.00s: frames=2, complete=2, idle=0, visible=Some(true), minimized=Some(false), focused=false
2026-10-07T00:53:33.6997960Z demo-mac: js->host: capture-activity:{"kind":"timer","elapsedMs":5300,"visibility":"hidden","focused":false,"viewport":[512,768,2],"animationFrames":0,"timerTicks":5,"background":"rgb(23, 97, 181)","animations":[{"state":"running","currentTime":0}]}
2026-10-07T00:53:33.6998550Z demo-mac: capture activity at 3.00s: frames=2, complete=2, idle=0, visible=Some(true), minimized=Some(false), focused=false
2026-10-07T00:53:33.6999140Z demo-mac: js->host: capture-activity:{"kind":"timer","elapsedMs":6334,"visibility":"hidden","focused":false,"viewport":[512,768,2],"animationFrames":0,"timerTicks":6,"background":"rgb(23, 97, 181)","animations":[{"state":"running","currentTime":0}]}
2026-10-07T00:53:33.6999920Z demo-mac: capture activity at 4.00s: frames=2, complete=2, idle=0, visible=Some(true), minimized=Some(false), focused=false
2026-10-07T00:53:33.7000350Z demo-mac: capture activity at 5.00s: frames=2, complete=2, idle=0, visible=Some(true), minimized=Some(false), focused=false
2026-10-07T00:53:33.7000970Z demo-mac: resize-test step 0 → request logical inner_size = 1280x800
2026-10-07T00:53:33.7001320Z demo-mac: capture activity at 6.00s: frames=2, complete=2, idle=0, visible=Some(true), minimized=Some(false), focused=false
2026-10-07T00:53:33.7001930Z demo-mac: js->host: capture-activity:{"kind":"timer","elapsedMs":9024,"visibility":"hidden","focused":false,"viewport":[512,768,2],"animationFrames":0,"timerTicks":7,"background":"rgb(23, 97, 181)","animations":[{"state":"running","currentTime":0}]}
2026-10-07T00:53:33.7002730Z demo-mac: js->host: capture-activity:{"kind":"resize","elapsedMs":9024,"visibility":"hidden","focused":false,"viewport":[640,800,2],"animationFrames":0,"timerTicks":7,"background":"rgb(23, 97, 181)","animations":[{"state":"running","currentTime":0}]}
2026-10-07T00:53:33.7003310Z demo-mac: capture activity at 7.00s: frames=5, complete=5, idle=0, visible=Some(true), minimized=Some(false), focused=false
2026-10-07T00:53:33.7003990Z demo-mac: js->host: capture-activity:{"kind":"timer","elapsedMs":10500,"visibility":"hidden","focused":false,"viewport":[640,800,2],"animationFrames":0,"timerTicks":8,"background":"rgb(23, 97, 181)","animations":[{"state":"running","currentTime":0}]}
2026-10-07T00:53:33.7004670Z demo-mac: capture activity at 8.00s: frames=5, complete=5, idle=0, visible=Some(true), minimized=Some(false), focused=false
2026-10-07T00:53:33.7005210Z demo-mac: capture activity at 9.00s: frames=5, complete=5, idle=0, visible=Some(true), minimized=Some(false), focused=false
2026-10-07T00:53:33.7005830Z demo-mac: js->host: capture-activity:{"kind":"timer","elapsedMs":12500,"visibility":"hidden","focused":false,"viewport":[640,800,2],"animationFrames":0,"timerTicks":9,"background":"rgb(23, 97, 181)","animations":[{"state":"running","currentTime":0}]}
2026-10-07T00:53:33.7006390Z demo-mac: resize-test step 1 → request logical inner_size = 768x600
2026-10-07T00:53:33.7006920Z demo-mac: js->host: capture-activity:{"kind":"resize","elapsedMs":13024,"visibility":"hidden","focused":false,"viewport":[384,600,2],"animationFrames":0,"timerTicks":9,"background":"rgb(23, 97, 181)","animations":[{"state":"running","currentTime":0}]}
2026-10-07T00:53:33.7007520Z demo-mac: capture activity at 10.00s: frames=5, complete=5, idle=0, visible=Some(true), minimized=Some(false), focused=false
2026-10-07T00:53:33.7007930Z demo-mac: capture activity at 11.00s: frames=8, complete=8, idle=0, visible=Some(true), minimized=Some(false), focused=false
2026-10-07T00:53:33.7008340Z demo-mac: capture activity at 12.00s: frames=8, complete=8, idle=0, visible=Some(true), minimized=Some(false), focused=false
2026-10-07T00:53:33.7008730Z demo-mac: capture activity at 13.00s: frames=8, complete=8, idle=0, visible=Some(true), minimized=Some(false), focused=false
2026-10-07T00:53:33.7009080Z demo-mac: resize-test step 2 → request logical inner_size = 1024x700
2026-10-07T00:53:33.7009590Z demo-mac: js->host: capture-activity:{"kind":"timer","elapsedMs":17023,"visibility":"hidden","focused":false,"viewport":[384,600,2],"animationFrames":0,"timerTicks":10,"background":"rgb(23, 97, 181)","animations":[{"state":"running","currentTime":0}]}
2026-10-07T00:53:33.7010190Z demo-mac: capture activity at 14.00s: frames=8, complete=8, idle=0, visible=Some(true), minimized=Some(false), focused=false
2026-10-07T00:53:33.7010800Z demo-mac: js->host: capture-activity:{"kind":"resize","elapsedMs":17024,"visibility":"hidden","focused":false,"viewport":[512,700,2],"animationFrames":0,"timerTicks":10,"background":"rgb(23, 97, 181)","animations":[{"state":"running","currentTime":0}]}
2026-10-07T00:53:33.7011580Z demo-mac: capture activity at 15.00s: frames=11, complete=11, idle=0, visible=Some(true), minimized=Some(false), focused=false
2026-10-07T00:53:33.7012020Z demo-mac: capture activity at 16.00s: frames=11, complete=11, idle=0, visible=Some(true), minimized=Some(false), focused=false
2026-10-07T00:53:33.7012440Z demo-mac: capture activity at 17.00s: frames=11, complete=11, idle=0, visible=Some(true), minimized=Some(false), focused=false
2026-10-07T00:53:33.7012990Z demo-mac: capture activity at 18.00s: frames=11, complete=11, idle=0, visible=Some(true), minimized=Some(false), focused=false
2026-10-07T00:53:33.7013400Z demo-mac: capture activity at 19.00s: frames=11, complete=11, idle=0, visible=Some(true), minimized=Some(false), focused=false
2026-10-07T00:53:33.7013820Z demo-mac: capture activity at 20.00s: frames=11, complete=11, idle=0, visible=Some(true), minimized=Some(false), focused=false
2026-10-07T00:53:33.7014240Z demo-mac: capture activity at 21.00s: frames=11, complete=11, idle=0, visible=Some(true), minimized=Some(false), focused=false
2026-10-07T00:53:33.7014650Z demo-mac: capture activity at 22.00s: frames=11, complete=11, idle=0, visible=Some(true), minimized=Some(false), focused=false
2026-10-07T00:53:33.7015070Z demo-mac: capture activity at 23.00s: frames=11, complete=11, idle=0, visible=Some(true), minimized=Some(false), focused=false
2026-10-07T00:53:33.7015480Z demo-mac: capture activity at 24.00s: frames=11, complete=11, idle=0, visible=Some(true), minimized=Some(false), focused=false
2026-10-07T00:53:33.7015890Z demo-mac: capture activity at 25.00s: frames=11, complete=11, idle=0, visible=Some(true), minimized=Some(false), focused=false
2026-10-07T00:53:33.7016290Z demo-mac: capture activity at 26.00s: frames=11, complete=11, idle=0, visible=Some(true), minimized=Some(false), focused=false
2026-10-07T00:53:33.7016820Z demo-mac: capture activity at 27.00s: frames=11, complete=11, idle=0, visible=Some(true), minimized=Some(false), focused=false
2026-10-07T00:53:33.7017240Z demo-mac: capture activity at 28.00s: frames=11, complete=11, idle=0, visible=Some(true), minimized=Some(false), focused=false
2026-10-07T00:53:33.7017640Z demo-mac: capture activity at 29.00s: frames=11, complete=11, idle=0, visible=Some(true), minimized=Some(false), focused=false
2026-10-07T00:53:33.7017960Z demo-mac: capture-test: FAIL
2026-10-07T00:53:33.7018180Z   - captured 11 frame(s) within 30s without observing 3 frame(s) at every expected size
2026-10-07T00:53:33.7018490Z   - observed 2 frame(s) at 1024x1536, expected at least 3
2026-10-07T00:53:33.7018920Z   - pre-import frame diagnostics: no-latest-sample=1296312, no-image-payload=0, config-revision-pending=0, source-dimension-mismatch=0, empty-crop=0
2026-10-07T00:53:33.7019410Z   - SCK frame statuses: missing=0, complete=11, idle=0, blank=0, suspended=0, started=0, stopped=0, unknown=0, last=Some(0)
2026-10-07T00:53:33.7019940Z   - capture revisions: requested=3, applied=3; last source dimensions=Some(PhysicalSize { width: 2048, height: 1464 }), expected host dimensions=Some(PhysicalSize { width: 2048, height: 1464 })
2026-10-07T00:53:33.7020340Z   -> FAIL (PASS receipt absent)
2026-10-07T00:53:33.7031420Z 
2026-10-07T00:53:33.7031460Z ==> summary
2026-10-07T00:53:33.7031810Z   passed: 1 / 2
2026-10-07T00:53:33.7031940Z   failed: 1
2026-10-07T00:53:33.7032060Z     - --capture-test+resize
2026-10-07T00:53:33.7644200Z ##[error]Process completed with exit code 1.
2026-10-07T00:53:33.7679110Z Post job cleanup.
2026-10-07T00:53:33.8092200Z Released host hardware lock at /var/folders/96/dck6q6xj3490x43zr8fb8pbm0000gp/T/merely-wgpu-hardware-lock/host.lock
2026-10-07T00:53:33.8141800Z Post job cleanup.
2026-10-07T00:53:33.8742890Z [command]/usr/bin/git version
2026-10-07T00:53:33.8856200Z git version 2.50.1 (Apple Git-155)
2026-10-07T00:53:33.8867680Z Copying '/Users/markik/.gitconfig' to '/Users/markik/actions-runner-wgpu/_work/_temp/44c7823e-e3cf-4740-9035-cb78f22b4ab8/.gitconfig'
2026-10-07T00:53:33.8871510Z Temporarily overriding HOME='/Users/markik/actions-runner-wgpu/_work/_temp/44c7823e-e3cf-4740-9035-cb78f22b4ab8' before making global git config changes
2026-10-07T00:53:33.8871950Z Adding repository directory to the temporary git global config as a safe directory
2026-10-07T00:53:33.8873780Z [command]/usr/bin/git config --global --add safe.directory /Users/markik/actions-runner-wgpu/_work/wgpu-scry/wgpu-scry/.host-hardware-lock
2026-10-07T00:53:33.9548350Z Removing SSH command configuration
2026-10-07T00:53:33.9550960Z [command]/usr/bin/git config --local --name-only --get-regexp core\.sshCommand
2026-10-07T00:53:33.9635400Z [command]/usr/bin/git submodule foreach --recursive sh -c "git config --local --name-only --get-regexp 'core\.sshCommand' && git config --local --unset-all 'core.sshCommand' || :"
2026-10-07T00:53:34.0199710Z Removing HTTP extra header
2026-10-07T00:53:34.0201880Z [command]/usr/bin/git config --local --name-only --get-regexp http\.https\:\/\/github\.com\/\.extraheader
2026-10-07T00:53:34.0274690Z [command]/usr/bin/git submodule foreach --recursive sh -c "git config --local --name-only --get-regexp 'http\.https\:\/\/github\.com\/\.extraheader' && git config --local --unset-all 'http.https://github.com/.extraheader' || :"
2026-10-07T00:53:34.0767130Z Removing includeIf entries pointing to credentials config files
2026-10-07T00:53:34.0767440Z [command]/usr/bin/git config --local --name-only --get-regexp ^includeIf\.gitdir:
2026-10-07T00:53:34.0838560Z includeif.gitdir:/Users/markik/actions-runner-wgpu/_work/wgpu-scry/wgpu-scry/.host-hardware-lock/.git.path
2026-10-07T00:53:34.0839030Z includeif.gitdir:/Users/markik/actions-runner-wgpu/_work/wgpu-scry/wgpu-scry/.host-hardware-lock/.git/worktrees/*.path
2026-10-07T00:53:34.0839380Z includeif.gitdir:/github/workspace/.host-hardware-lock/.git.path
2026-10-07T00:53:34.0839630Z includeif.gitdir:/github/workspace/.host-hardware-lock/.git/worktrees/*.path
2026-10-07T00:53:34.0842520Z [command]/usr/bin/git config --local --get-all includeif.gitdir:/Users/markik/actions-runner-wgpu/_work/wgpu-scry/wgpu-scry/.host-hardware-lock/.git.path
2026-10-07T00:53:34.0911410Z /Users/markik/actions-runner-wgpu/_work/_temp/git-credentials-647c66c5-7252-4a37-9b96-45b13f5b2511.config
2026-10-07T00:53:34.0916450Z [command]/usr/bin/git config --local --unset includeif.gitdir:/Users/markik/actions-runner-wgpu/_work/wgpu-scry/wgpu-scry/.host-hardware-lock/.git.path \/Users\/markik\/actions\-runner\-wgpu\/_work\/_temp\/git\-credentials\-647c66c5\-7252\-4a37\-9b96\-45b13f5b2511\.config
2026-10-07T00:53:34.0987290Z [command]/usr/bin/git config --local --get-all includeif.gitdir:/Users/markik/actions-runner-wgpu/_work/wgpu-scry/wgpu-scry/.host-hardware-lock/.git/worktrees/*.path
2026-10-07T00:53:34.1052770Z /Users/markik/actions-runner-wgpu/_work/_temp/git-credentials-647c66c5-7252-4a37-9b96-45b13f5b2511.config
2026-10-07T00:53:34.1056760Z [command]/usr/bin/git config --local --unset includeif.gitdir:/Users/markik/actions-runner-wgpu/_work/wgpu-scry/wgpu-scry/.host-hardware-lock/.git/worktrees/*.path \/Users\/markik\/actions\-runner\-wgpu\/_work\/_temp\/git\-credentials\-647c66c5\-7252\-4a37\-9b96\-45b13f5b2511\.config
2026-10-07T00:53:34.1125520Z [command]/usr/bin/git config --local --get-all includeif.gitdir:/github/workspace/.host-hardware-lock/.git.path
2026-10-07T00:53:34.1187540Z /github/runner_temp/git-credentials-647c66c5-7252-4a37-9b96-45b13f5b2511.config
2026-10-07T00:53:34.1190960Z [command]/usr/bin/git config --local --unset includeif.gitdir:/github/workspace/.host-hardware-lock/.git.path \/github\/runner_temp\/git\-credentials\-647c66c5\-7252\-4a37\-9b96\-45b13f5b2511\.config
2026-10-07T00:53:34.1253920Z [command]/usr/bin/git config --local --get-all includeif.gitdir:/github/workspace/.host-hardware-lock/.git/worktrees/*.path
2026-10-07T00:53:34.1326230Z /github/runner_temp/git-credentials-647c66c5-7252-4a37-9b96-45b13f5b2511.config
2026-10-07T00:53:34.1329980Z [command]/usr/bin/git config --local --unset includeif.gitdir:/github/workspace/.host-hardware-lock/.git/worktrees/*.path \/github\/runner_temp\/git\-credentials\-647c66c5\-7252\-4a37\-9b96\-45b13f5b2511\.config
2026-10-07T00:53:34.1398390Z [command]/usr/bin/git submodule foreach --recursive git config --local --show-origin --name-only --get-regexp remote.origin.url
2026-10-07T00:53:34.1888920Z Removing credentials config '/Users/markik/actions-runner-wgpu/_work/_temp/git-credentials-647c66c5-7252-4a37-9b96-45b13f5b2511.config'
2026-10-07T00:53:34.1952620Z Post job cleanup.
2026-10-07T00:53:34.2556030Z [command]/usr/bin/git version
2026-10-07T00:53:34.2635480Z git version 2.50.1 (Apple Git-155)
2026-10-07T00:53:34.2646060Z Copying '/Users/markik/.gitconfig' to '/Users/markik/actions-runner-wgpu/_work/_temp/4b87a7ce-f720-4bae-a2fd-a4c82c5db9f8/.gitconfig'
2026-10-07T00:53:34.2650320Z Temporarily overriding HOME='/Users/markik/actions-runner-wgpu/_work/_temp/4b87a7ce-f720-4bae-a2fd-a4c82c5db9f8' before making global git config changes
2026-10-07T00:53:34.2650770Z Adding repository directory to the temporary git global config as a safe directory
2026-10-07T00:53:34.2655070Z [command]/usr/bin/git config --global --add safe.directory /Users/markik/actions-runner-wgpu/_work/wgpu-scry/wgpu-scry
2026-10-07T00:53:34.3140610Z Removing SSH command configuration
2026-10-07T00:53:34.3143180Z [command]/usr/bin/git config --local --name-only --get-regexp core\.sshCommand
2026-10-07T00:53:34.3218100Z [command]/usr/bin/git submodule foreach --recursive sh -c "git config --local --name-only --get-regexp 'core\.sshCommand' && git config --local --unset-all 'core.sshCommand' || :"
2026-10-07T00:53:34.3719300Z Removing HTTP extra header
2026-10-07T00:53:34.3721390Z [command]/usr/bin/git config --local --name-only --get-regexp http\.https\:\/\/github\.com\/\.extraheader
2026-10-07T00:53:34.3795860Z [command]/usr/bin/git submodule foreach --recursive sh -c "git config --local --name-only --get-regexp 'http\.https\:\/\/github\.com\/\.extraheader' && git config --local --unset-all 'http.https://github.com/.extraheader' || :"
2026-10-07T00:53:34.4286160Z Removing includeIf entries pointing to credentials config files
2026-10-07T00:53:34.4288680Z [command]/usr/bin/git config --local --name-only --get-regexp ^includeIf\.gitdir:
2026-10-07T00:53:34.4356840Z includeif.gitdir:/Users/markik/actions-runner-wgpu/_work/wgpu-scry/wgpu-scry/.git.path
2026-10-07T00:53:34.4357230Z includeif.gitdir:/Users/markik/actions-runner-wgpu/_work/wgpu-scry/wgpu-scry/.git/worktrees/*.path
2026-10-07T00:53:34.4357560Z includeif.gitdir:/github/workspace/.git.path
2026-10-07T00:53:34.4357810Z includeif.gitdir:/github/workspace/.git/worktrees/*.path
2026-10-07T00:53:34.4360990Z [command]/usr/bin/git config --local --get-all includeif.gitdir:/Users/markik/actions-runner-wgpu/_work/wgpu-scry/wgpu-scry/.git.path
2026-10-07T00:53:34.4421380Z /Users/markik/actions-runner-wgpu/_work/_temp/git-credentials-570c4334-b923-446c-bac5-df87f1c7eb04.config
2026-10-07T00:53:34.4426360Z [command]/usr/bin/git config --local --unset includeif.gitdir:/Users/markik/actions-runner-wgpu/_work/wgpu-scry/wgpu-scry/.git.path \/Users\/markik\/actions\-runner\-wgpu\/_work\/_temp\/git\-credentials\-570c4334\-b923\-446c\-bac5\-df87f1c7eb04\.config
2026-10-07T00:53:34.4490310Z [command]/usr/bin/git config --local --get-all includeif.gitdir:/Users/markik/actions-runner-wgpu/_work/wgpu-scry/wgpu-scry/.git/worktrees/*.path
2026-10-07T00:53:34.4546720Z /Users/markik/actions-runner-wgpu/_work/_temp/git-credentials-570c4334-b923-446c-bac5-df87f1c7eb04.config
2026-10-07T00:53:34.4550970Z [command]/usr/bin/git config --local --unset includeif.gitdir:/Users/markik/actions-runner-wgpu/_work/wgpu-scry/wgpu-scry/.git/worktrees/*.path \/Users\/markik\/actions\-runner\-wgpu\/_work\/_temp\/git\-credentials\-570c4334\-b923\-446c\-bac5\-df87f1c7eb04\.config
2026-10-07T00:53:34.4613010Z [command]/usr/bin/git config --local --get-all includeif.gitdir:/github/workspace/.git.path
2026-10-07T00:53:34.4670590Z /github/runner_temp/git-credentials-570c4334-b923-446c-bac5-df87f1c7eb04.config
2026-10-07T00:53:34.4674250Z [command]/usr/bin/git config --local --unset includeif.gitdir:/github/workspace/.git.path \/github\/runner_temp\/git\-credentials\-570c4334\-b923\-446c\-bac5\-df87f1c7eb04\.config
2026-10-07T00:53:34.4736820Z [command]/usr/bin/git config --local --get-all includeif.gitdir:/github/workspace/.git/worktrees/*.path
2026-10-07T00:53:34.4795410Z /github/runner_temp/git-credentials-570c4334-b923-446c-bac5-df87f1c7eb04.config
2026-10-07T00:53:34.4799130Z [command]/usr/bin/git config --local --unset includeif.gitdir:/github/workspace/.git/worktrees/*.path \/github\/runner_temp\/git\-credentials\-570c4334\-b923\-446c\-bac5\-df87f1c7eb04\.config
2026-10-07T00:53:34.4864400Z [command]/usr/bin/git submodule foreach --recursive git config --local --show-origin --name-only --get-regexp remote.origin.url
2026-10-07T00:53:34.5374940Z Removing credentials config '/Users/markik/actions-runner-wgpu/_work/_temp/git-credentials-570c4334-b923-446c-bac5-df87f1c7eb04.config'
2026-10-07T00:53:34.5432010Z Cleaning up orphan processes
